date,XLE,XLF,XLK,XLV,XLI,XLP,XLY,XLU,XLB,XLRE
1998-12-22,11.6328125,18.91764840301777,16.0234375,25.03125,23.28125,26.5,12.734375,14.9140625,10.4140625,
1998-12-23,11.875,19.19659496123921,16.40625,25.59375,23.6875,27.140625,12.7890625,14.8515625,10.5234375,
1998-12-24,11.8125,19.323388851339864,16.34375,25.75,24.0,27.09375,13.0234375,15.125,10.765625,
1998-12-28,11.75,19.069801071138553,16.390625,25.375,24.125,26.9375,12.90625,15.046875,10.671875,
1998-12-29,11.8671875,19.272671295299602,16.4375,25.9375,24.46875,27.53125,13.1875,15.296875,10.8671875,
1998-12-30,11.6875,19.19659496123921,16.375,25.71875,24.359375,27.359375,13.078125,15.171875,10.8359375,
1998-12-31,11.671875,19.01908351509829,16.3125,26.0,24.5625,27.15625,13.0625,15.1171875,10.9609375,
1999-01-04,11.6640625,19.01908351509829,16.5,25.9375,24.21875,26.9375,12.984375,14.875,10.828125,
1999-01-05,11.6015625,19.19659496123921,16.921875,26.34375,24.71875,27.140625,13.203125,15.0546875,11.09375,
1999-01-06,11.984375,19.805205633722355,17.421875,26.78125,25.25,27.46875,13.578125,15.2109375,11.2890625,
1999-01-07,11.9296875,20.109510969963928,17.3671875,26.65625,25.03125,27.15625,13.5625,15.15625,11.203125,
1999-01-08,11.984375,20.236304860064582,17.4375,26.984375,25.21875,27.046875,13.578125,15.2421875,11.5859375,
1999-01-11,11.7578125,19.93199952382301,17.609375,27.046875,24.984375,26.5,13.5078125,14.8359375,11.609375,
1999-01-12,11.578125,19.374106407380125,17.1328125,26.9375,24.6875,26.296875,13.15625,14.84375,11.3125,
1999-01-13,11.40625,19.120518627178818,17.125,26.6875,24.0625,26.34375,13.21875,14.9453125,11.0625,
1999-01-14,11.1875,18.638701844796326,16.890625,26.46875,23.953125,25.84375,12.921875,14.6953125,10.875,
1999-01-15,11.359375,19.17123618321908,17.390625,26.828125,24.359375,26.125,13.0859375,14.765625,11.0390625,
1999-01-19,11.359375,19.069801071138553,17.9921875,27.59375,24.3125,25.828125,13.078125,15.265625,10.8359375,
1999-01-20,11.265625,19.209274350249274,18.15625,27.75,24.203125,25.90625,13.296875,15.203125,10.796875,
1999-01-21,11.359375,18.866930846977507,17.6875,26.78125,24.0,25.515625,13.171875,15.1484375,10.75,
1999-01-22,11.296875,18.74013695687685,17.375,26.671875,23.53125,25.390625,13.234375,15.25,10.5390625,
1999-01-25,11.28125,18.892289624997638,17.6796875,26.890625,23.921875,25.328125,13.203125,14.6796875,10.75,
1999-01-26,11.171875,18.9049690140077,18.390625,27.015625,24.125,25.921875,13.515625,14.96875,10.71875,
1999-01-27,10.96875,18.664060622816457,18.0,26.75,24.109375,26.265625,13.5,14.7421875,10.6328125,
1999-01-28,10.90625,18.9430071810379,18.6328125,27.25,24.140625,26.734375,13.640625,14.765625,10.5,
1999-01-29,10.90625,19.348747629359995,18.90625,27.25,24.296875,26.796875,13.734375,14.7421875,10.5546875,
1999-02-01,10.796875,19.01908351509829,18.921875,27.40625,24.328125,26.6875,13.765625,14.7109375,10.640625,
1999-02-02,10.8125,18.816213290937245,18.6015625,27.0,24.140625,26.90625,13.59375,14.515625,10.6484375,
1999-02-03,11.0625,18.955686570047963,18.734375,27.515625,24.375,26.8125,13.8125,14.59375,10.65625,
1999-02-04,11.125,18.511907954695673,18.09375,27.3125,24.40625,26.6875,13.734375,14.375,10.96875,
1999-02-05,11.4375,18.359755286574885,17.65625,27.0,24.328125,26.28125,13.390625,14.3828125,11.1171875,
1999-02-08,11.59375,18.309037730534623,17.953125,26.984375,24.40625,26.234375,13.609375,14.3828125,11.0625,
1999-02-09,11.375,18.055449950333312,17.25,26.5,24.078125,25.765625,13.1875,14.4453125,10.8515625,
1999-02-10,11.40625,18.207602618454096,17.375,26.5625,24.171875,25.953125,13.1875,14.34375,10.875,
1999-02-11,11.3125,18.9430071810379,18.109375,27.28125,24.5,26.390625,13.6171875,14.40625,10.765625,
1999-02-12,11.078125,18.664060622816457,17.390625,26.875,24.359375,26.171875,13.375,14.171875,10.7109375,
1999-02-16,11.0,18.9430071810379,17.3125,27.125,24.484375,26.484375,13.546875,14.4296875,10.609375,
1999-02-17,10.890625,19.01908351509829,16.921875,26.84375,24.484375,26.21875,13.5,14.328125,10.5,
1999-02-18,10.921875,19.209274350249274,17.015625,27.1875,24.484375,26.5,13.515625,14.5859375,10.578125,
1999-02-19,10.859375,19.272671295299602,17.171875,27.265625,24.640625,26.390625,13.5859375,14.4296875,10.6640625,
1999-02-22,10.96875,19.830564411742486,17.78125,27.84375,25.015625,26.953125,13.9296875,14.8984375,10.84375,
1999-02-23,10.875,20.084152191943797,18.015625,27.796875,25.0,26.90625,13.859375,14.4296875,10.75,
1999-02-24,10.828125,19.42482396342039,17.515625,27.46875,24.9375,26.75,13.6875,14.5625,10.71875,
1999-02-25,10.8828125,19.298030073319733,17.5625,27.203125,24.4375,26.4375,13.53125,14.25,10.71875,
1999-02-26,10.8125,19.653052965601567,17.03125,27.28125,24.515625,26.515625,13.6484375,14.3359375,10.71875,
1999-03-01,10.703125,19.729129299661963,16.953125,27.234375,24.5,26.390625,13.65625,14.125,10.59375,
1999-03-02,10.59375,19.779846855702225,16.5,27.21875,24.296875,26.3125,13.6875,13.9140625,10.5,
1999-03-03,10.828125,19.589656020551242,16.78125,27.046875,24.15625,26.3125,13.6171875,13.921875,10.4296875,
1999-03-04,11.21875,20.033434635903536,16.953125,27.53125,24.625,26.671875,13.90625,14.140625,10.4609375,
1999-03-05,11.4296875,20.540610196306154,17.34375,28.15625,25.171875,27.078125,14.328125,14.3828125,10.8125,
1999-03-08,11.59375,20.401136917195434,17.84375,28.1875,25.3125,27.203125,14.390625,14.21875,10.8828125,
1999-03-09,11.46875,20.565968974326285,17.65625,27.96875,25.4375,27.234375,14.4296875,14.1796875,10.7890625,
1999-03-10,12.125,20.946350644628254,17.65625,28.21875,25.390625,26.9375,14.390625,14.1328125,10.9375,
1999-03-11,12.296875,21.047785756708777,17.625,28.40625,25.421875,27.203125,14.546875,14.2421875,11.0546875,
1999-03-12,12.25,21.085823923738975,17.46875,28.25,25.5,27.4375,14.609375,14.3984375,11.0078125,
1999-03-15,12.15625,21.1492208687893,17.75,28.34375,25.4375,27.671875,14.640625,14.4375,11.03125,
1999-03-16,12.09375,20.844915532547727,18.0546875,28.28125,25.265625,27.796875,14.5625,14.3828125,10.984375,
1999-03-17,12.40625,20.667404086406812,17.9375,28.125,25.21875,27.328125,14.5,14.25,10.953125,
1999-03-18,12.5625,21.1492208687893,18.1875,28.515625,25.28125,27.796875,14.75,14.4609375,11.1875,
1999-03-19,12.390625,20.692762864426943,17.75,28.390625,25.34375,27.625,14.53125,14.1015625,11.1640625,
1999-03-22,12.46875,20.743480420467204,17.75,28.3125,25.15625,27.609375,14.375,14.1484375,11.1953125,
1999-03-23,12.25,20.033434635903536,17.234375,27.53125,24.5625,26.828125,13.9375,13.703125,10.9140625,
1999-03-24,12.1875,19.98271707986327,17.5703125,27.65625,24.5,26.8125,13.828125,13.890625,10.921875,
1999-03-25,12.21875,20.43917508422563,17.984375,28.125,24.765625,27.015625,14.25,13.84375,10.9609375,
1999-03-26,12.375,20.261663638084713,17.890625,27.90625,24.828125,26.921875,14.15625,13.6640625,10.875,
1999-03-29,12.71875,20.718121642447073,18.5625,28.25,25.234375,27.265625,14.5,13.59375,11.0546875,
1999-03-30,12.484375,20.47721325125583,18.53125,28.15625,25.21875,27.03125,14.515625,13.375,11.03125,
1999-03-31,12.296875,20.236304860064582,18.296875,28.0,24.9375,26.4375,14.296875,13.34375,10.875,
1999-04-01,12.28125,20.287022416104843,18.5859375,28.0,25.203125,26.484375,14.28125,13.625,11.0,
1999-04-05,12.578125,20.692762864426943,19.2265625,28.625,25.75,26.625,14.46875,13.734375,11.1328125,
1999-04-06,12.453125,20.540610196306154,19.390625,28.65625,25.609375,26.328125,14.546875,13.6640625,10.9375,
1999-04-07,12.328125,21.09850331274904,19.34375,29.203125,25.65625,26.296875,14.671875,13.84375,11.0546875,
1999-04-08,12.453125,21.478884983051003,19.53125,29.5,25.796875,26.90625,15.0,14.2109375,11.2109375,
1999-04-09,12.6875,21.42816742701074,19.5,29.59375,25.8125,26.96875,15.140625,14.109375,11.15625,
1999-04-12,12.78125,21.808549097312707,19.203125,30.34375,26.4375,27.421875,15.265625,14.3125,11.484375,
1999-04-13,12.765625,21.783190319292576,18.90625,30.03125,26.640625,27.515625,15.1875,14.078125,11.625,
1999-04-14,12.609375,21.504243761071134,18.4375,29.75,27.21875,26.6875,14.84375,13.875,12.1875,
1999-04-15,13.15625,21.301373536910088,18.59375,29.0,27.921875,26.03125,14.8125,14.015625,12.65625,
1999-04-16,13.5703125,21.19993842482956,18.09375,28.71875,28.078125,26.140625,14.859375,14.171875,12.796875,
1999-04-19,13.734375,21.19993842482956,17.21875,27.9375,28.3125,25.046875,14.53125,14.3125,12.9296875,
1999-04-20,13.515625,21.478884983051003,17.65625,28.46875,28.125,25.515625,14.71875,14.46875,12.7734375,
1999-04-21,13.3125,21.808549097312707,18.125,29.125,28.21875,26.328125,14.96875,14.7265625,12.828125,
1999-04-22,13.546875,22.036778099493887,18.9609375,29.71875,28.234375,26.65625,15.0078125,14.6796875,12.625,
1999-04-23,13.375,21.960701765433495,19.0,30.390625,28.453125,26.609375,15.171875,14.671875,12.8125,
1999-04-26,13.078125,21.63103765117179,19.484375,30.34375,28.421875,26.421875,15.078125,14.59375,12.6875,
1999-04-27,13.4921875,22.011419321473756,19.0,30.375,28.5625,26.453125,15.1171875,14.6796875,12.9375,
1999-04-28,13.9375,21.884625431373102,18.75,29.5625,28.921875,26.0625,15.0625,14.6171875,13.625,
1999-04-29,14.359375,21.960701765433495,18.5546875,29.21875,29.03125,25.859375,14.71875,14.828125,13.7265625,
1999-04-30,14.1171875,21.656396429191922,18.40625,29.0,28.6875,25.515625,14.671875,14.6328125,13.5625,
1999-05-03,14.46875,21.909984209393233,18.5625,29.5625,29.25,26.109375,15.03125,14.8515625,13.875,
1999-05-04,14.484375,21.225297202849696,18.28125,29.0,29.375,25.890625,14.859375,14.7265625,13.7890625,
1999-05-05,14.2734375,21.35209109295035,18.65625,29.25,29.375,26.140625,14.734375,14.84375,13.953125,
1999-05-06,14.234375,20.997068200668515,18.1875,29.375,29.4375,25.796875,14.40625,14.53125,14.0703125,
1999-05-07,14.3203125,21.40280864899061,18.5,29.28125,30.0,26.015625,14.734375,14.7109375,14.1015625,
1999-05-10,14.15625,21.32673231493022,18.65625,29.21875,29.59375,25.609375,14.71875,14.671875,14.0234375,
1999-05-11,14.203125,21.58032009513153,18.9375,29.6875,30.09375,25.71875,15.015625,14.7265625,14.0,
1999-05-12,13.9375,21.884625431373102,19.3125,29.96875,29.796875,26.09375,15.109375,14.765625,13.6484375,
1999-05-13,14.0078125,22.08749565553415,19.2578125,29.78125,29.5,26.21875,15.03125,14.9609375,13.59375,
1999-05-14,13.90625,21.40280864899061,18.75,29.25,29.125,25.75,14.734375,14.6796875,13.5546875,
1999-05-17,13.8515625,20.997068200668515,19.015625,29.0625,29.0625,25.921875,14.4375,14.984375,13.5390625,
1999-05-18,13.53125,21.047785756708777,19.1875,28.75,28.6875,25.578125,14.53125,14.65625,13.2109375,
1999-05-19,13.71875,21.19993842482956,19.25,29.09375,29.125,25.9375,14.359375,14.9609375,13.34375,
1999-05-20,13.875,20.920991866608123,19.0,29.484375,29.203125,26.0,14.484375,14.9296875,13.1875,
1999-05-21,14.09375,20.870274310567858,18.78125,29.15625,28.859375,25.921875,14.390625,14.7890625,13.1796875,
1999-05-24,13.7578125,20.4138163062055,18.375,28.46875,28.609375,25.25,14.078125,14.9375,13.125,
1999-05-25,13.703125,19.881281967782748,17.9921875,28.1875,28.515625,25.0,13.9375,14.953125,13.0,
1999-05-26,14.09375,20.52793080729609,18.3671875,28.21875,28.3125,25.0,14.09375,15.03125,12.875,
1999-05-27,13.671875,20.033434635903536,18.234375,27.90625,27.84375,24.875,13.8125,14.7734375,12.578125,
1999-05-28,13.8125,20.350419361155172,18.46875,28.109375,28.125,25.25,14.0078125,14.8046875,12.328125,
1999-06-01,13.734375,20.058793413923667,18.0546875,28.1875,28.140625,25.34375,14.09375,14.796875,12.859375,
1999-06-02,13.890625,19.93199952382301,18.25,28.09375,28.515625,24.953125,14.0625,14.796875,12.84375,
1999-06-03,13.9375,19.919320134812946,18.125,28.3125,28.8125,25.1875,14.390625,14.65625,12.8828125,
1999-06-04,14.15625,20.287022416104843,18.6640625,29.0,29.109375,26.0625,14.5,14.875,13.125,
1999-06-07,14.3203125,20.667404086406812,19.0,28.75,29.390625,25.84375,14.5390625,15.0,13.1640625,
1999-06-08,14.09375,20.29970180511491,18.5625,28.515625,29.125,25.484375,14.3203125,15.0,13.0,
1999-06-09,14.125,20.24898424907465,18.84375,28.53125,29.15625,25.34375,14.1796875,15.1171875,12.875,
1999-06-10,14.203125,19.868602578772684,18.5625,28.296875,28.8125,24.875,13.9765625,14.9921875,13.09375,
1999-06-11,14.3125,19.90664074580288,18.3125,27.96875,28.765625,24.625,13.90625,14.890625,12.9765625,
1999-06-14,14.4375,19.805205633722355,18.2265625,28.125,29.109375,24.703125,13.921875,15.3046875,13.2890625,
1999-06-15,14.6171875,19.90664074580288,18.390625,28.4375,29.203125,24.765625,13.828125,15.3203125,13.40625,
1999-06-16,14.46875,20.426495695215564,19.1484375,29.0,29.609375,24.953125,14.203125,15.46875,13.4609375,
1999-06-17,14.484375,20.819556754527596,19.359375,29.140625,29.84375,25.15625,14.1328125,15.3359375,13.5078125,
1999-06-18,14.4375,20.794197976507466,19.53125,29.0,30.03125,25.046875,14.21875,15.296875,13.5,
1999-06-21,14.1015625,20.920991866608123,20.0234375,28.859375,29.625,24.765625,14.46875,15.1796875,13.171875,
1999-06-22,13.953125,20.692762864426943,19.6015625,28.8125,29.484375,24.90625,14.375,15.125,13.0,
1999-06-23,14.0625,20.489892640265893,19.75,28.875,29.578125,24.640625,14.171875,15.078125,13.0625,
1999-06-24,13.828125,20.16022852600419,19.34375,28.34375,29.265625,24.5625,14.140625,14.9140625,12.765625,
1999-06-25,13.71875,20.21094608204445,19.3671875,28.375,29.09375,24.546875,14.09375,14.8359375,12.84375,
1999-06-28,13.6328125,20.680083475416875,19.6875,28.6875,29.140625,24.5625,14.3671875,14.9921875,13.0859375,
1999-06-29,13.8203125,20.743480420467204,19.9375,28.96875,29.296875,25.0,14.609375,15.0,13.0078125,
1999-06-30,14.0234375,21.17457964680943,20.2421875,29.34375,29.8125,25.59375,14.890625,15.3203125,13.0,
1999-07-01,14.1328125,21.40280864899061,20.46875,29.4375,29.828125,25.78125,14.96875,15.265625,13.125,
1999-07-02,14.1796875,21.40280864899061,20.734375,29.4375,29.96875,25.875,15.046875,15.2734375,13.390625,
1999-07-06,14.4453125,21.58032009513153,20.6171875,29.375,30.0,25.859375,15.171875,15.2265625,13.328125,
1999-07-07,14.40625,21.504243761071134,20.859375,29.5625,29.78125,25.75,15.03125,15.3671875,13.25,
1999-07-08,14.5,21.42816742701074,21.140625,29.5,29.890625,25.546875,14.90625,15.2421875,13.15625,
1999-07-09,14.4921875,21.453526205030872,21.3671875,29.625,29.921875,25.671875,14.90625,15.2421875,13.3671875,
1999-07-12,14.640625,21.276014758889957,21.3984375,29.6875,29.65625,25.625,14.8125,15.1796875,13.28125,
1999-07-13,14.5,21.047785756708777,21.3046875,29.625,29.546875,25.71875,14.703125,15.109375,13.2734375,
1999-07-14,14.5234375,21.09850331274904,21.5703125,29.6875,29.703125,25.640625,14.734375,15.203125,13.203125,
1999-07-15,14.65625,21.28869414790002,21.7265625,29.828125,29.90625,25.921875,14.9296875,15.4375,13.0,
1999-07-16,14.5625,21.40280864899061,21.921875,29.84375,29.953125,25.875,15.015625,15.6171875,13.1171875,
1999-07-19,14.5078125,21.250655980869826,21.65625,29.71875,29.984375,25.65625,14.984375,15.46875,12.9921875,
1999-07-20,14.125,20.984388811658448,20.7578125,29.59375,29.953125,25.4375,14.59375,15.5390625,12.96875,
1999-07-21,14.28125,20.743480420467204,20.9375,29.53125,29.921875,25.546875,14.453125,15.6328125,12.9375,
1999-07-22,14.0703125,20.768839198487335,20.2890625,29.0625,29.8125,25.265625,14.265625,15.609375,13.0,
1999-07-23,14.140625,20.540610196306154,20.34375,28.8125,29.65625,25.078125,14.15625,15.5078125,13.0,
1999-07-26,13.875,20.616686530366547,19.8828125,28.84375,29.4375,25.3125,14.234375,15.53125,12.8359375,
1999-07-27,13.875,20.89563308858799,20.375,29.375,29.828125,25.390625,14.3125,15.625,13.015625,
1999-07-28,14.078125,20.64204530838668,20.5625,29.15625,29.65625,25.15625,14.265625,15.59375,13.0859375,
1999-07-29,13.9921875,20.33773997214511,20.21875,28.65625,29.0625,24.78125,14.046875,15.3359375,12.84375,
1999-07-30,14.2890625,19.881281967782748,20.0078125,28.46875,28.71875,24.640625,13.78125,15.3671875,12.8515625,
1999-08-02,13.9765625,19.779846855702225,19.96875,28.28125,28.796875,24.640625,13.6796875,15.6015625,12.890625,
1999-08-03,14.15625,19.526259075500914,19.890625,28.15625,28.8125,24.828125,13.5078125,15.5,12.8828125,
1999-08-04,14.3515625,19.272671295299602,19.6484375,27.75,28.59375,24.375,13.234375,15.265625,13.1953125,
1999-08-05,14.6015625,19.348747629359995,19.8046875,27.671875,28.75,24.4375,13.1171875,15.40625,13.2890625,
1999-08-06,14.578125,18.841572068957376,19.8125,27.375,28.484375,24.03125,13.015625,15.34375,13.09375,
1999-08-09,14.9296875,18.892289624997638,19.5859375,27.40625,28.390625,23.96875,12.84375,15.40625,12.96875,
1999-08-10,14.84375,18.562625510735934,19.2578125,26.859375,28.125,23.890625,12.84375,15.125,12.921875,
1999-08-11,14.9375,18.91764840301777,19.875,27.125,28.625,23.640625,13.125,15.046875,13.25,
1999-08-12,14.96875,19.006404126088228,19.625,27.125,28.515625,24.078125,13.28125,14.96875,13.3671875,
1999-08-13,14.921875,19.627694187581437,20.25,27.59375,29.015625,24.25,13.546875,15.1640625,13.359375,
1999-08-16,14.7734375,19.551617853521044,20.3125,27.59375,29.125,24.390625,13.734375,15.046875,13.1640625,
1999-08-17,14.8828125,20.261663638084713,20.40625,27.9375,29.53125,24.515625,13.703125,15.2109375,13.328125,
1999-08-18,14.7734375,20.0461140249136,20.171875,28.125,29.25,24.171875,13.65625,15.1171875,13.1015625,
1999-08-19,14.875,19.779846855702225,19.96875,28.0,28.875,24.328125,13.5390625,14.9453125,13.2109375,
1999-08-20,14.921875,20.058793413923667,20.03125,27.9375,29.171875,24.8125,13.6875,14.90625,13.328125,
1999-08-23,15.0,20.591327752346416,20.4921875,28.203125,29.796875,25.359375,13.90625,14.9765625,13.34375,
1999-08-24,14.90625,20.64204530838668,20.8125,27.8125,29.8125,25.25,13.890625,14.9375,13.2890625,
1999-08-25,14.8359375,20.47721325125583,21.25,28.375,30.140625,26.0,14.03125,15.1484375,12.96875,
1999-08-26,14.453125,20.0080758578834,20.9921875,28.15625,29.984375,25.578125,13.7578125,15.15625,12.8203125,
1999-08-27,14.4453125,19.678411743621698,20.875,27.953125,29.640625,25.25,13.703125,14.953125,12.828125,
1999-08-30,14.25,19.03176290410836,20.53125,27.28125,28.890625,25.28125,13.40625,14.75,12.578125,
1999-08-31,14.4453125,19.006404126088228,20.7109375,27.1875,28.953125,25.0625,13.25,14.6328125,12.2734375,
1999-09-01,14.40625,19.095159849158684,20.8203125,27.21875,29.03125,24.96875,13.265625,14.6875,12.4375,
1999-09-02,14.25,18.727457567866786,20.7421875,26.9375,28.78125,24.9375,13.109375,14.484375,12.3125,
1999-09-03,14.421875,19.678411743621698,21.5,27.796875,29.484375,25.375,13.46875,14.7578125,12.59375,
1999-09-07,14.6875,19.14587740519895,21.5078125,28.125,29.8125,25.1875,13.2578125,14.65625,12.40625,
1999-09-08,14.734375,19.01908351509829,21.359375,28.0,29.90625,25.203125,13.1875,14.4453125,12.40625,
1999-09-09,15.0625,18.79085451291711,21.546875,27.8125,29.6875,24.84375,13.234375,14.5,12.4140625,
1999-09-10,15.015625,18.930327792027832,21.78125,27.96875,29.609375,24.875,13.484375,14.5546875,12.671875,
1999-09-13,14.78125,18.752816345886917,21.484375,27.921875,29.390625,24.84375,13.4453125,14.6875,12.765625,
1999-09-14,14.6171875,18.410472842615146,21.71875,27.640625,29.125,24.4375,13.375,14.6953125,12.5625,
1999-09-15,14.40625,18.321717119544687,21.265625,27.375,29.171875,24.25,13.2578125,14.7109375,12.4453125,
1999-09-16,14.3984375,18.25832017449436,21.171875,27.390625,28.90625,24.3125,12.9765625,14.6328125,12.0625,
1999-09-17,14.46875,18.587984288756065,21.59375,28.171875,29.328125,24.296875,13.140625,14.7109375,12.2734375,
1999-09-20,14.25,18.37243467558495,21.6875,27.828125,29.359375,24.390625,13.125,14.6328125,12.1015625,
1999-09-21,13.78125,18.080808728353443,21.2421875,27.328125,28.984375,23.96875,12.828125,14.4375,11.953125,
1999-09-22,13.796875,18.06812933934338,21.28125,27.265625,28.890625,23.953125,12.96875,14.7109375,11.8671875,
1999-09-23,13.640625,17.928656060232658,20.5,26.96875,28.65625,23.390625,13.03125,14.578125,11.671875,
1999-09-24,13.5,18.055449950333312,20.546875,26.546875,28.046875,23.265625,12.765625,14.3671875,11.4296875,
1999-09-27,13.625,17.75114461409174,20.7578125,26.75,28.40625,23.1875,12.984375,14.578125,11.71875,
1999-09-28,13.40625,17.72578583607161,20.8515625,26.5,28.0625,22.84375,12.9453125,14.4140625,11.5546875,
1999-09-29,13.5859375,17.59899194597095,20.46875,26.578125,28.21875,22.25,12.8515625,14.6015625,11.6796875,
1999-09-30,13.71875,17.95401483825279,20.625,26.8125,28.75,22.75,13.0390625,14.890625,11.8515625,
1999-10-01,13.671875,17.649709502011216,20.5,26.71875,28.359375,23.125,13.109375,14.7890625,11.90625,
1999-10-04,13.515625,18.321717119544687,21.0,27.125,28.859375,23.390625,13.53125,15.03125,11.921875,
1999-10-05,13.21875,18.397793453605082,21.125,26.765625,28.5625,23.109375,13.5546875,14.6328125,11.84375,
1999-10-06,13.453125,18.71477817885672,21.3828125,27.4375,28.96875,24.015625,13.703125,14.8515625,11.9921875,
1999-10-07,13.203125,18.537266732715803,21.2734375,27.1875,29.0,23.828125,13.6640625,14.640625,12.0703125,
1999-10-08,13.0546875,18.866930846977507,21.2578125,27.484375,29.390625,24.46875,14.0546875,14.75,12.1484375,
1999-10-11,13.25,18.664060622816457,21.46875,27.40625,29.4375,24.5,14.15625,14.65625,12.171875,
1999-10-12,13.3203125,18.309037730534623,21.0859375,26.9375,28.828125,24.03125,13.8671875,14.3671875,12.0,
1999-10-13,13.40625,17.763824003101806,20.53125,26.34375,28.015625,23.5625,13.703125,14.5,11.8515625,
1999-10-14,13.359375,17.738465225081672,20.4140625,26.25,27.734375,23.625,13.5078125,14.59375,12.03125,
1999-10-15,13.1640625,16.939663717447544,19.9296875,25.796875,27.34375,22.765625,13.1640625,14.25,11.71875,
1999-10-18,13.1875,17.484877444880365,19.75,25.671875,26.8125,23.1875,13.25,14.359375,11.78125,
1999-10-19,13.2265625,17.852579726172262,19.4375,25.6875,26.828125,24.171875,13.3828125,14.1875,11.8046875,
1999-10-20,13.5,18.169564451423902,20.21875,26.3125,27.0625,24.265625,13.6171875,14.2109375,11.703125,
1999-10-21,13.5625,18.25832017449436,19.890625,26.359375,26.765625,24.4375,13.5,13.9921875,11.875,
1999-10-22,13.7890625,19.01908351509829,19.9375,26.6875,27.484375,24.59375,13.8515625,14.1640625,12.03125,
1999-10-25,13.5625,18.85425145796744,19.9921875,26.6875,27.4375,24.3125,13.609375,14.0078125,12.03125,
1999-10-26,13.25,18.562625510735934,20.0,26.5,27.265625,24.0,13.2734375,14.09375,11.8515625,
1999-10-27,13.359375,19.475541519460652,19.9765625,26.5,27.359375,24.296875,13.3125,14.4609375,11.828125,
1999-10-28,13.421875,20.857594921557794,20.4921875,27.640625,27.984375,24.734375,13.8125,15.0,11.796875,
1999-10-29,13.515625,20.743480420467204,21.25,28.171875,28.125,24.828125,14.1953125,14.96875,12.1328125,
1999-11-01,13.5078125,20.489892640265893,21.21875,28.1875,27.40625,24.875,14.09375,15.109375,12.015625,
1999-11-02,13.3828125,20.464533862245762,21.125,27.828125,27.75,24.390625,13.9921875,14.96875,12.125,
1999-11-03,13.3125,20.375778139175303,21.4375,27.953125,27.5625,25.015625,13.875,14.796875,12.109375,
1999-11-04,13.1015625,20.616686530366547,21.6015625,28.265625,27.484375,24.90625,14.046875,14.71875,12.265625,
1999-11-05,12.78125,21.12386209076917,21.8359375,28.140625,27.625,25.09375,14.140625,14.84375,12.2421875,
1999-11-08,13.265625,21.00974758967858,22.0546875,28.1875,27.671875,25.0625,14.09375,14.9375,12.125,
1999-11-09,13.546875,20.604007141356483,21.8125,28.0,27.6875,24.625,13.9453125,14.71875,12.171875,
1999-11-10,13.84375,20.287022416104843,22.1953125,28.171875,27.578125,24.640625,14.0,14.78125,12.203125,
1999-11-11,13.84375,20.172907915014257,22.5,28.5,27.6875,24.640625,14.03125,14.734375,12.1328125,
1999-11-12,13.9375,21.047785756708777,22.625,29.0625,27.875,24.8125,14.359375,14.78125,12.171875,
1999-11-15,14.015625,21.03510636769871,22.5234375,29.1875,28.03125,24.703125,14.3828125,14.7109375,12.484375,
1999-11-16,14.25,21.60567887315166,23.0,29.5625,28.6875,25.171875,14.4453125,14.6796875,12.53125,
1999-11-17,14.5,21.1492208687893,22.78125,29.265625,28.875,25.046875,14.3203125,14.7890625,12.484375,
1999-11-18,14.5,21.085823923738975,23.5546875,29.453125,28.96875,25.171875,14.3828125,14.6796875,12.40625,
1999-11-19,14.171875,20.768839198487335,23.7734375,29.3125,28.625,25.0,14.25,14.6875,12.3515625,
1999-11-22,13.9453125,20.692762864426943,23.921875,29.0,28.5,25.265625,14.0859375,14.5234375,12.2109375,
1999-11-23,13.65625,20.36309875016524,23.7109375,28.515625,28.21875,25.203125,14.03125,14.375,12.1015625,
1999-11-24,13.828125,20.12219035897399,24.078125,28.921875,28.234375,25.5,14.109375,14.296875,12.1171875,
1999-11-26,13.625,19.98271707986327,24.265625,28.6875,28.09375,25.25,14.28125,14.4609375,12.0859375,
1999-11-29,13.515625,19.500900297480783,24.0546875,28.515625,27.625,25.234375,14.40625,14.296875,11.8125,
1999-11-30,13.4921875,19.830564411742486,23.3359375,28.5,27.5,24.90625,14.203125,14.4765625,11.9609375,
1999-12-01,13.7578125,19.678411743621698,23.5625,28.4375,27.71875,24.8125,14.375,14.546875,11.9921875,
1999-12-02,13.625,19.767167466692158,24.125,28.6875,27.65625,24.9375,14.3125,14.4609375,12.2421875,
1999-12-03,13.5625,20.236304860064582,24.8125,29.25,28.109375,25.109375,14.4765625,14.7421875,12.3203125,
1999-12-06,13.5546875,19.691091132631765,24.984375,29.421875,28.03125,24.390625,14.5,14.640625,12.328125,
1999-12-07,13.296875,19.653052965601567,25.046875,29.34375,27.5,24.0,14.2578125,14.75,12.1875,
1999-12-08,13.4375,19.183915572229143,24.78125,29.625,27.984375,23.625,14.1796875,14.6328125,12.2890625,
1999-12-09,13.546875,19.462862130450585,24.71875,30.078125,27.234375,23.59375,14.15625,14.6484375,12.2421875,
1999-12-10,13.15625,19.805205633722355,24.84375,29.890625,27.734375,23.71875,14.546875,14.5390625,12.390625,
1999-12-13,13.234375,19.576976631541175,25.0078125,29.6875,27.890625,23.21875,14.984375,14.53125,12.40625,
1999-12-14,13.203125,19.10783923816875,24.53125,29.75,27.890625,23.1875,14.7890625,14.5234375,12.53125,
1999-12-15,13.46875,19.05712168212849,25.03125,29.5,27.625,23.59375,14.859375,14.5859375,12.8828125,
1999-12-16,13.6015625,18.638701844796326,25.5,29.734375,27.875,23.0,15.1875,14.4375,12.65625,
1999-12-17,13.5,18.71477817885672,25.78125,30.25,28.53125,23.0,15.09375,14.53125,13.1015625,
1999-12-20,13.203125,18.562625510735934,26.03125,29.96875,27.671875,22.703125,14.65625,14.1953125,12.5078125,
1999-12-21,13.2421875,18.91764840301777,26.53125,29.78125,28.0625,22.484375,14.71875,14.3828125,12.5,
1999-12-22,13.171875,18.91764840301777,26.53125,29.8125,27.9375,22.921875,14.75,14.34375,12.515625,
1999-12-23,13.546875,19.22195373925934,26.671875,30.4375,28.3125,23.3125,15.0390625,14.4140625,12.6953125,
1999-12-27,13.453125,19.069801071138553,26.875,30.4375,28.59375,23.46875,15.1875,14.03125,12.75,
1999-12-28,13.46875,18.99372473707816,26.625,30.5,28.890625,23.28125,15.34375,14.15625,13.0078125,
1999-12-29,13.609375,19.183915572229143,27.0546875,30.484375,29.109375,23.0,15.40625,13.9453125,13.265625,
1999-12-30,13.5,19.272671295299602,27.03125,30.71875,29.171875,23.015625,15.359375,13.9453125,13.0390625,
1999-12-31,13.546875,19.28535068430967,26.9375,30.890625,29.609375,23.03125,15.53125,14.0703125,13.2890625,
2000-01-03,13.28125,18.562625510735934,27.71875,30.29688,28.84375,22.75,15.0625,13.726565,12.984375,
2000-01-04,13.03125,17.75114461409174,26.3125,29.60938,28.04688,22.10938,14.609375,13.3125,12.859375,
2000-01-05,13.375,17.611675392385504,25.921875,29.34375,27.92188,22.5,14.42969,13.64844,13.390625,
2000-01-06,13.890625,18.385114064595015,25.0625,29.4375,28.29688,22.92188,14.59375,13.625,13.734375,
2000-01-07,14.039065,18.689419400836588,25.5,29.79688,29.375,24.375,15.28125,13.74219,13.726565,
2000-01-10,13.921875,18.359755286574885,26.46875,32.84375,29.375,23.82813,15.203125,13.789065,13.67969,
2000-01-11,13.9375,18.055449950333312,25.71875,31.96875,29.0,23.82813,15.11719,13.640625,13.515625,
2000-01-12,13.875,18.410472842615146,25.609375,31.4375,28.65625,23.95313,15.03125,13.5,13.320315,
2000-01-13,14.11719,18.96836595905803,25.84375,32.375,29.20313,24.07813,15.109375,13.375,13.375,
2000-01-14,14.03125,19.41214863181481,26.4375,32.09375,29.0,24.15625,15.070315,13.484375,13.28125,
2000-01-18,14.203125,18.76549573489698,26.578125,31.5,28.96875,23.75,14.984375,13.42969,12.96094,
2000-01-19,14.15625,18.702102847251137,26.625,32.25,28.875,23.92188,14.953125,13.4375,12.71094,
2000-01-20,14.15625,18.359755286574885,26.78125,32.0,28.6875,23.59375,14.75,13.5,12.375,
2000-01-21,14.546875,18.131526284393704,26.8125,31.9375,28.32813,23.32813,14.445315,13.9375,12.42969,
2000-01-24,14.03125,17.801862170132,25.9375,30.98438,27.51563,22.65625,13.90625,13.75,12.101565,
2000-01-25,14.0,17.99205706268747,26.49219,31.20313,27.35938,22.375,13.99219,13.42969,11.875,
2000-01-26,13.78125,18.664060622816457,25.625,31.0625,27.57813,22.57813,14.09375,13.36719,11.875,
2000-01-27,13.5,18.866930846977507,25.375,30.875,27.73438,23.0,14.05469,13.28125,11.9375,
2000-01-28,13.34375,18.207602618454096,24.46875,30.25,27.0,22.8125,13.5,13.21094,11.734375,
2000-01-31,13.65625,18.71477817885672,25.28125,30.10938,27.1875,23.23438,13.601565,13.820315,11.664065,
2000-02-01,13.625,18.816213290937245,25.8125,30.5,27.0,23.0,14.09375,13.71875,11.875,
2000-02-02,13.71094,18.626026513190745,26.0,31.25,27.01563,23.04688,14.0,13.64844,11.92969,
2000-02-03,13.546875,18.511907954695673,26.75,31.53125,27.0,22.73438,14.05469,13.625,11.726565,
2000-02-04,13.15625,18.321721176949172,27.0625,31.64063,27.10938,22.71875,14.03125,13.55469,11.71094,
2000-02-07,13.30469,18.131526284393704,27.375,31.125,26.64063,22.6875,13.734375,13.515625,11.484375,
2000-02-08,13.1875,18.334396508554754,27.625,31.46875,26.75,22.96875,14.046875,13.546875,11.453125,
2000-02-09,12.75,17.903297282212524,27.28125,30.90625,26.46875,22.76563,13.8125,13.546875,11.226565,
2000-02-10,13.015625,17.408805168224454,27.92969,30.64063,26.01563,22.0,13.6875,13.351565,11.132815,
2000-02-11,12.859375,17.446839277850167,27.1875,30.65625,25.46875,21.57813,13.49219,13.11719,10.859375,
2000-02-14,13.0625,17.59899194597095,27.203125,30.09375,25.875,21.6875,13.5625,13.132815,11.039065,
2000-02-15,13.609375,17.624350723991085,27.28125,29.85938,26.32813,22.17188,13.59375,13.101565,11.515625,
2000-02-16,13.671875,17.25665250010367,27.140625,29.01563,26.26563,21.85938,13.0625,13.046875,11.25,
2000-02-17,13.65625,17.04109882952807,27.75,29.0,26.375,21.53125,12.6875,12.96875,11.226565,
2000-02-18,13.257815,16.432488157044926,26.8125,28.20313,25.79688,21.28125,12.5,12.49219,10.882815,
2000-02-22,13.140625,16.58464082516571,26.75,28.0,26.21875,21.625,12.53125,12.445315,11.226565,
2000-02-23,12.796875,16.521247937519867,27.5625,28.4375,26.01563,21.15625,12.49219,12.1875,11.101565,
2000-02-24,12.65625,16.178900376843615,27.90625,28.21875,25.78125,20.71875,12.09375,11.78125,10.703125,
2000-02-25,12.40625,16.077465264763088,27.640625,27.34375,25.32813,20.20313,12.140625,11.71875,10.53125,
2000-02-28,12.78125,16.59732427158026,27.3125,27.82813,25.40625,20.59375,12.578125,12.05469,10.5625,
2000-02-29,13.078125,16.711434715266368,27.9375,28.14063,25.6875,20.51563,12.84375,12.140625,10.49219,
2000-03-01,13.40625,16.939663717447544,28.21875,28.375,25.54688,20.32813,12.695315,12.671875,10.382815,
2000-03-02,13.65625,16.83822860536702,28.5,28.25,25.64063,20.375,12.67969,13.0,10.15625,
2000-03-03,13.4375,16.990381273487806,29.289065,28.64063,26.34375,20.26563,12.914065,13.11719,10.484375,
2000-03-06,13.359375,16.82555327376144,29.24219,28.07813,26.23438,19.78125,12.609375,12.75,10.234375,
2000-03-07,14.28125,16.318377713358817,28.4375,27.5625,25.1875,18.71875,12.257815,12.601565,9.90625,
2000-03-08,14.046875,16.128182820803353,28.9375,27.42188,25.45313,19.29688,12.40625,12.6875,10.11719,
2000-03-09,14.0625,16.216942601278294,29.8125,28.0625,25.71875,19.8125,12.65625,12.789065,10.101565,
2000-03-10,13.875,16.267660157318556,29.875,27.82813,25.78125,19.57813,12.484375,12.789065,10.1875,
2000-03-13,13.671875,16.432488157044926,29.4375,27.625,25.39063,19.26563,12.382815,12.828125,10.34375,
2000-03-14,13.84375,16.369095269399082,28.765625,27.70313,25.25,19.15625,12.40625,12.74219,10.164065,
2000-03-15,13.78125,17.370762943789774,28.265625,27.84375,26.26563,20.375,13.15625,12.8125,10.77344,
2000-03-16,14.375,18.854255515371925,29.25,29.28125,27.73438,21.5,14.140625,13.421875,11.453125,
2000-03-17,13.890625,18.803537959331663,29.9375,29.3125,27.59375,21.09375,14.132815,13.320315,11.0,
2000-03-20,13.671875,18.44851506704983,29.8125,29.875,27.75,20.90625,14.0,13.265625,11.132815,
2000-03-21,14.109375,19.120518627178818,30.59375,30.0625,28.34375,21.29688,14.15625,13.17969,11.265625,
2000-03-22,14.0,19.28535474171415,31.125,30.82813,28.21875,21.125,14.09375,12.875,10.976565,
2000-03-23,13.984375,19.95735830184314,31.71875,30.95313,28.875,20.95313,14.132815,13.09375,11.3125,
2000-03-24,14.015625,20.18558730402432,31.99219,31.21875,29.04688,20.57813,14.17969,12.96875,11.257815,
2000-03-27,14.0625,19.526259075500914,32.25,31.0,28.6875,20.3125,14.140625,13.14844,11.21094,
2000-03-28,14.0,19.678411743621698,31.46875,31.03125,28.60938,20.54688,14.1875,13.08594,11.0,
2000-03-29,14.734375,19.526259075500914,30.546875,30.5625,28.96875,21.04688,14.46875,13.320315,11.226565,
2000-03-30,14.734375,19.564301299935593,29.71875,30.125,29.15625,21.32813,14.789065,13.289065,11.53125,
2000-03-31,14.65625,19.69109519003625,30.28125,30.67188,29.20313,21.21875,14.632815,13.36719,11.52344,
2000-04-03,14.90625,20.64204530838668,29.0,30.65625,29.32813,22.1875,15.070315,13.453125,11.89844,
2000-04-04,14.71875,19.817889080136904,28.71875,30.3125,29.0,22.8125,14.882815,13.640625,11.789065,
2000-04-05,14.28125,19.66573641201612,28.90625,30.10938,28.89063,22.5,14.90625,13.820315,11.695315,
2000-04-06,14.65625,19.881281967782748,29.28125,30.6875,29.14063,22.09375,15.0625,13.90625,11.625,
2000-04-07,14.42969,19.475541519460652,30.28125,30.76563,29.57813,21.8125,15.0625,13.86719,11.4375,
2000-04-10,14.21875,20.033434635903536,29.1875,30.5625,29.625,22.35938,15.414065,13.83594,11.71875,
2000-04-11,14.46875,20.16022852600419,28.46875,30.82813,29.98438,22.75,15.52344,14.195315,12.0,
2000-04-12,14.59375,20.375782196579788,26.625,30.26563,29.45313,23.01563,15.49219,14.320315,12.3125,
2000-04-13,14.5625,19.843247858157035,26.11719,29.5,29.53125,22.85938,15.203125,14.33594,11.96875,
2000-04-14,14.25,18.23296139647423,24.75,27.71875,27.59375,21.73438,14.0,13.8125,11.3125,
2000-04-17,13.90625,18.385114064595015,26.09375,27.95313,28.26563,22.35938,14.015625,13.601565,11.328125,
2000-04-18,13.976565,19.120518627178818,27.390625,28.71875,28.375,22.5,14.3125,13.640625,11.11719,
2000-04-19,14.28125,18.866930846977507,26.671875,29.46875,28.48438,22.76563,14.421875,13.765625,10.976565,
2000-04-20,14.30469,19.22195373925934,26.4375,29.59375,28.71875,22.75,14.609375,13.8125,11.25,
2000-04-24,14.46094,19.678411743621698,25.625,29.17188,28.75,23.375,14.765625,14.1875,11.27344,
2000-04-25,14.484375,20.287022416104843,27.109375,29.90625,30.25,23.26563,15.03125,14.609375,11.289065,
2000-04-26,14.671875,19.881281967782748,26.59375,30.21875,29.79688,23.0,15.015625,14.578125,11.09375,
2000-04-27,14.875,19.475541519460652,27.421875,30.03125,29.82813,23.0,14.703125,14.25,11.05469,
2000-04-28,14.4375,19.881281967782748,27.5,30.3125,29.625,22.34375,14.328125,14.24219,11.140625,
2000-05-01,14.671875,19.43750740983494,27.890625,30.40625,30.3125,22.625,14.765625,14.24219,11.125,
2000-05-02,14.882815,19.24731251727947,27.375,29.79688,30.0,22.6875,14.664065,13.726565,11.46875,
2000-05-03,14.5,18.904973071412186,26.1875,28.96875,29.0,22.6875,13.96875,13.77344,11.28125,
2000-05-04,14.875,18.613343066776196,26.0,28.875,29.04688,22.6875,13.74219,13.75,11.39844,
2000-05-05,15.03125,18.74013695687685,26.71094,28.84375,29.5625,23.21875,13.914065,13.78125,11.390625,
2000-05-08,15.21875,19.107843295573236,25.765625,28.90625,29.54688,23.70313,13.875,13.875,11.328125,
2000-05-09,15.226565,19.057125739532975,25.289065,28.70313,29.3125,23.8125,14.015625,13.828125,11.53125,
2000-05-10,15.27344,18.549950179130352,24.0625,28.65625,29.01563,23.65625,14.015625,14.09375,11.390625,
2000-05-11,15.75,19.107843295573236,24.74219,28.625,29.73438,23.625,14.140625,14.30469,11.539065,
2000-05-12,15.80469,19.323388851339864,25.0625,29.125,30.09375,23.3125,14.34375,14.078125,11.578125,
2000-05-15,16.132815,20.18558730402432,25.53125,29.60938,30.59375,23.89063,14.390625,14.351565,11.78125,
2000-05-16,15.820315,20.071476860338215,26.296875,30.0,30.875,23.78125,14.5,14.289065,11.65625,
2000-05-17,15.89844,19.729129299661963,25.921875,29.65625,30.67188,23.85938,14.15625,14.070315,11.6875,
2000-05-18,15.875,19.98271707986327,25.265625,29.625,30.53125,23.8125,14.4375,14.1875,11.59375,
2000-05-19,15.90625,19.627694187581437,24.28125,28.84375,29.6875,23.98438,14.070315,13.921875,11.625,
2000-05-22,15.77344,19.881281967782748,24.171875,28.51563,29.17188,23.90625,13.859375,14.015625,11.5625,
2000-05-23,15.71094,20.0080758578834,23.0,28.28125,29.04688,23.78125,13.796875,13.757815,11.39844,
2000-05-24,15.726565,20.261663638084713,23.90625,28.46875,29.46875,24.29688,13.546875,13.99219,11.351565,
2000-05-25,15.4375,19.754488077682094,23.515625,28.25,28.9375,24.23438,13.421875,13.757815,10.9375,
2000-05-26,15.445315,19.678411743621698,23.59375,28.03125,28.78125,24.3125,13.140625,14.03125,10.765625,
2000-05-30,15.664065,20.084152191943797,25.125,29.1875,29.29688,24.17188,13.24219,14.132815,10.882815,
2000-05-31,16.132815,20.325064640539527,24.640625,29.5,29.5,23.9375,13.55469,14.21094,10.789065,
2000-06-01,15.984375,20.997068200668515,25.75,29.3125,29.73438,24.0,13.65625,14.3125,10.820315,
2000-06-02,15.4375,21.85926665335297,26.921875,30.03125,29.95313,23.17188,14.03125,14.265625,11.0,
2000-06-05,15.21875,21.3647745393649,27.0,29.9375,29.90625,23.14063,13.953125,13.9375,10.90625,
2000-06-06,15.8125,20.89563308858799,26.625,29.6875,29.6875,23.21875,13.507815,14.265625,10.921875,
2000-06-07,15.609375,21.19993842482956,27.125,29.60938,29.54688,23.46875,13.507815,14.320315,10.6875,
2000-06-08,15.6875,20.844915532547727,27.0,29.375,29.07813,23.46875,13.375,14.40625,10.671875,
2000-06-09,15.58594,20.489892640265893,27.0625,29.8125,29.1875,23.73438,13.15625,14.58594,10.65625,
2000-06-12,15.9375,20.667404086406812,26.578125,29.53125,29.21875,23.70313,12.828125,14.52344,10.71875,
2000-06-13,15.9375,20.64204530838668,27.0625,29.125,29.34375,23.96875,13.078125,14.83594,10.414065,
2000-06-14,15.914065,20.997068200668515,26.5625,29.625,29.28125,24.28125,13.125,14.77344,10.6875,
2000-06-15,15.6875,20.502576086680442,27.09375,30.46875,29.5625,24.73438,13.09375,14.695315,10.6875,
2000-06-16,15.875,19.475541519460652,27.1875,30.125,28.98438,24.21875,12.921875,14.421875,10.6875,
2000-06-19,15.74219,19.98271707986327,28.046875,30.3125,28.6875,24.26563,12.90625,14.65625,10.34375,
2000-06-20,15.65625,19.729129299661963,28.125,30.26563,27.79688,23.84375,12.625,14.5,10.15625,
2000-06-21,15.9375,19.576976631541175,28.375,30.125,27.90625,24.3125,12.539065,14.546875,10.109375,
2000-06-22,15.515625,19.564301299935593,27.46875,30.0625,27.29688,23.78125,12.484375,14.453125,10.109375,
2000-06-23,15.71094,19.42482396342039,26.914065,29.5,27.59375,24.0625,12.5625,14.5,10.11719,
2000-06-26,15.58594,19.729129299661963,27.15625,29.21875,28.25,24.375,12.5625,14.453125,9.882815,
2000-06-27,15.476565,19.919324192217427,26.828125,29.15625,28.375,24.75,12.921875,14.0625,10.28125,
2000-06-28,15.34375,19.767171524096643,27.05469,29.03125,28.73438,24.75,12.875,14.17969,10.257815,
2000-06-29,15.375,19.754488077682094,26.5625,29.46875,28.23438,24.96875,12.65625,13.953125,10.070315,
2000-06-30,15.171875,19.272671295299602,27.09375,29.5625,28.28125,25.23438,12.796875,13.625,9.820315,
2000-07-03,15.265625,19.627694187581437,27.28125,29.5,28.65625,25.28125,12.96875,14.03125,10.09375,
2000-07-05,14.632815,19.843247858157035,26.40625,29.6875,28.40625,25.34375,13.125,14.15625,10.140625,
2000-07-06,14.78125,19.995400526277823,26.80469,29.625,28.32813,25.375,13.21875,14.171875,9.875,
2000-07-07,14.851565,20.33773997214511,27.25,29.875,28.46875,25.20313,13.859375,14.320315,9.828125,
2000-07-10,14.921875,20.38845752818537,26.875,29.625,28.5,25.4375,14.0625,14.320315,9.96875,
2000-07-11,15.453125,20.489892640265893,26.734375,29.29688,29.04688,25.45313,14.164065,14.1875,10.5,
2000-07-12,15.25,20.781522644901884,27.4375,29.84375,29.15625,24.9375,14.203125,14.25,10.445315,
2000-07-13,15.015625,20.578652420740838,27.953125,29.9375,29.39063,24.5625,13.9375,14.3125,10.625,
2000-07-14,15.0,20.920991866608123,28.453125,30.40625,29.6875,24.28125,14.109375,14.11719,10.351565,
2000-07-17,14.80469,20.527934864700573,28.671875,30.03125,29.85938,24.40625,14.03125,14.0,10.1875,
2000-07-18,14.9375,20.565968974326285,28.0625,29.5625,29.9375,24.4375,14.0625,13.945315,10.03125,
2000-07-19,14.89844,20.489892640265893,27.640625,29.75,29.6875,24.46875,13.882815,14.08594,10.05469,
2000-07-20,14.75,21.009751647083064,28.078125,30.21875,30.04688,24.0625,13.84375,13.859375,9.953125,
2000-07-21,14.46875,20.997068200668515,27.46875,29.46875,30.0,24.125,13.8125,14.0,10.0,
2000-07-24,14.320315,21.073144534728907,26.796875,29.1875,29.78125,24.625,13.59375,13.953125,10.015625,
2000-07-25,14.1875,21.111186759163587,27.25,29.20313,29.84375,24.1875,13.625,14.070315,9.890625,
2000-07-26,14.30469,21.009751647083064,26.890625,28.96875,29.46875,24.20313,13.578125,13.9375,9.828125,
2000-07-27,14.796875,21.09850331274904,26.11719,29.15625,29.26563,24.375,13.6875,13.882815,9.9375,
2000-07-28,14.6875,20.616686530366547,25.140625,28.84375,28.28125,24.57813,13.265625,13.796875,9.859375,
2000-07-31,14.59375,21.085827981143456,25.734375,29.125,28.71875,24.3125,13.0,13.83594,9.90625,
2000-08-01,14.86719,21.111186759163587,25.296875,29.375,28.9375,25.125,13.1875,14.140625,9.914065,
2000-08-02,15.14844,21.085827981143456,25.25,29.5,28.8125,25.10938,13.1875,14.375,9.976565,
2000-08-03,14.9375,21.64372109758634,25.734375,29.65625,28.85938,25.10938,13.125,14.39844,10.08594,
2000-08-04,15.0,22.429843216210404,25.734375,30.26563,29.21875,25.0625,13.070315,14.320315,9.99219,
2000-08-07,15.195315,22.54395365989651,26.25,30.03125,30.07813,24.75,13.421875,14.601565,10.1875,
2000-08-08,15.226565,22.54395365989651,26.3125,30.125,30.34375,24.85938,13.820315,14.21875,10.4375,
2000-08-09,15.5,22.39180099177572,26.359375,29.84375,30.60938,23.84375,13.578125,13.99219,10.445315,
2000-08-10,15.640625,22.277690548089616,25.78125,29.90625,30.53125,24.26563,13.1875,13.99219,10.289065,
2000-08-11,15.625,22.60735466235132,25.9375,30.09375,30.875,24.4375,13.375,14.14844,10.5,
2000-08-14,15.84375,22.898976552178343,26.46875,30.4375,31.1875,24.51563,13.546875,14.234375,10.5,
2000-08-15,15.78125,22.480560772250666,26.53125,30.28125,30.79688,24.46875,13.15625,14.328125,10.5625,
2000-08-16,16.0,22.214289545634806,26.507815,29.84375,30.65625,24.71875,12.89844,14.125,10.5625,
2000-08-17,16.375,22.505919550270796,26.99219,30.125,30.8125,24.57813,12.90625,13.9375,10.58594,
2000-08-18,16.1875,22.252331770069485,27.03125,30.125,30.71875,24.28125,13.078125,14.015625,10.39844,
2000-08-21,16.25,22.51859488187638,27.15625,30.21875,31.15625,24.53125,12.765625,14.109375,10.34375,
2000-08-22,16.203125,22.759507330472108,27.21094,29.84375,31.09375,24.4375,13.015625,13.9375,10.24219,
2000-08-23,16.625,22.467877325836117,27.42969,29.875,30.9375,24.59375,12.9375,14.046875,10.195315,
2000-08-24,16.265625,22.429843216210404,27.6875,29.79688,31.26563,24.4375,12.9375,14.015625,10.21094,
2000-08-25,16.3125,22.12553787996883,27.578125,30.29688,31.40625,24.53125,13.05469,14.0,10.15625,
2000-08-28,16.375,22.54395365989651,27.796875,30.0,31.82813,24.45313,12.84375,14.25,10.140625,
2000-08-29,16.390625,22.31572465771533,27.84375,30.14063,31.625,24.07813,12.789065,14.125,10.0,
2000-08-30,16.25,22.51859488187638,27.71875,30.34375,31.32813,23.96875,12.640625,14.265625,10.02344,
2000-08-31,16.1875,23.101846776339393,28.257815,30.15625,31.5625,24.01563,12.46094,14.375,10.132815,
2000-09-01,16.351565,22.721465106037424,28.234375,30.125,31.84375,23.875,12.71094,14.546875,10.03125,
2000-09-05,16.351565,23.000411664258866,27.625,29.53125,31.84375,23.79688,12.84375,14.601565,10.234375,
2000-09-06,16.71094,23.177923110399785,26.875,29.40625,32.0,23.5,13.03125,14.78125,10.40625,
2000-09-07,16.632815,22.987736332653288,27.36719,29.17188,31.8125,23.71875,12.921875,14.78125,9.90625,
2000-09-08,16.4375,23.50758722466149,26.46875,29.1875,31.4375,23.70313,13.164065,15.25,9.734375,
2000-09-11,16.96094,23.976728675438398,25.8125,29.29688,31.28125,23.8125,13.40625,15.601565,9.671875,
2000-09-12,16.9375,23.93868645100372,25.4375,29.28125,31.1875,24.0,13.40625,15.5625,9.609375,
2000-09-13,16.65625,23.78653378288293,25.6875,29.59375,31.28125,24.0,13.40625,15.453125,9.5625,
2000-09-14,16.609375,23.710457448822538,25.78125,29.28125,31.25,23.75,13.328125,15.25,9.390625,
2000-09-15,16.96875,23.241324112854596,25.382815,29.15625,30.375,23.625,13.17969,15.265625,9.1875,
2000-09-18,17.0,22.467877325836117,24.8125,29.10938,30.03125,23.65625,12.914065,15.171875,9.15625,
2000-09-19,16.546875,22.949694108218605,25.78125,28.92188,29.6875,23.6875,12.695315,14.921875,8.90625,
2000-09-20,16.21875,22.6200299939569,25.74219,28.35938,29.84375,23.5,12.445315,14.65625,8.796875,
2000-09-21,16.09375,22.36644221375559,25.359375,28.625,29.9375,24.125,12.90625,14.765625,8.765625,
2000-09-22,15.99219,22.79754144009782,24.625,28.375,29.71875,24.9375,12.820315,15.140625,8.75,
2000-09-25,15.75,23.165247778794203,24.109375,28.79688,30.59375,24.71875,12.625,15.25,8.726565,
2000-09-26,16.125,23.01309511067342,23.601565,28.79688,30.625,24.5,12.34375,15.46875,8.640625,
2000-09-27,16.42969,23.025770442278997,23.453125,28.3125,30.375,24.51563,12.46094,15.40625,8.601565,
2000-09-28,16.36719,23.60902233674201,24.234375,29.14063,30.78125,24.89063,12.65625,15.90625,8.859375,
2000-09-29,16.382815,23.53294600268162,23.1875,29.0625,30.5625,24.98438,12.445315,16.140625,9.078125,
2000-10-02,16.71875,23.862610116943323,23.015625,29.4375,30.25,24.9375,12.25,16.234375,8.875,
2000-10-03,16.71094,23.837251338923192,22.40625,29.54688,30.84375,24.9375,12.34375,16.03125,9.36719,
2000-10-04,16.21875,23.53294600268162,23.007815,29.78125,31.0625,24.73438,12.5625,16.03125,9.453125,
2000-10-05,16.195315,23.7611750048628,22.67969,30.04688,31.09375,25.3125,12.39844,16.171875,9.359375,
2000-10-06,16.125,22.77218266207769,22.21094,29.34375,30.25,25.17188,12.007815,16.09375,9.28125,
2000-10-09,16.375,22.417159769795852,22.08594,29.15625,30.4375,25.0625,12.08594,16.09375,9.30469,
2000-10-10,16.74219,21.770514987686997,21.4375,29.1875,30.03125,25.42188,12.09375,16.0625,9.351565,
2000-10-11,16.89844,21.808549097312707,20.75,28.45313,29.5,25.39063,11.75,15.8125,9.101565,
2000-10-12,17.15625,20.540610196306154,20.03125,27.5,28.82813,25.54688,10.92969,15.59375,8.9375,
2000-10-13,16.5,21.60567887315166,21.71875,28.01563,29.71875,25.23438,11.15625,15.828125,8.734375,
2000-10-16,16.34375,21.795873765707128,21.375,27.75,30.125,25.59375,11.351565,15.921875,8.726565,
2000-10-17,16.351565,21.19993842482956,20.8125,26.375,29.3125,25.8125,11.039065,16.132815,8.64844,
2000-10-18,16.132815,20.959034091042803,20.484375,26.8125,28.78125,25.79688,11.25,16.0,8.75,
2000-10-19,16.21094,21.948026433827913,22.30469,27.125,29.28125,25.32813,11.71094,15.921875,8.734375,
2000-10-20,16.53125,22.036778099493887,22.640625,27.6875,29.4375,25.5,11.5,15.83594,8.61719,
2000-10-23,16.265625,21.66907987560647,22.5,28.09375,29.78125,25.76563,11.570315,16.171875,8.67969,
2000-10-24,15.99219,22.214289545634806,22.0625,28.15625,30.25,25.84375,11.578125,16.101565,9.03125,
2000-10-25,15.601565,22.34108343573546,20.507815,27.65625,29.6875,26.45313,11.40625,16.0,8.96875,
2000-10-26,15.671875,21.61836231956621,21.0,28.04688,29.84375,26.5,11.36719,15.945315,9.125,
2000-10-27,15.5625,22.328408104129878,21.17969,28.29688,29.82813,26.20313,11.476565,16.3125,9.09375,
2000-10-30,15.828125,23.139889000774073,20.890625,28.84375,30.15625,26.8125,11.765625,16.945315,9.8125,
2000-10-31,15.9375,23.330075778520573,21.859375,29.5,31.25,26.71875,12.289065,17.078125,9.882815,
2000-11-01,16.453125,23.228640666440047,21.4375,29.70313,31.28125,26.6875,12.390625,16.976565,9.80469,
2000-11-02,15.875,23.342759224935122,21.99219,29.96875,31.21875,26.48438,12.5,16.984375,9.734375,
2000-11-03,15.8125,23.279358222480308,22.15625,29.85938,30.96875,26.34375,12.320315,16.90625,9.75,
2000-11-06,15.875,23.596347005136433,21.8125,30.0625,31.25,26.84375,12.484375,16.828125,9.757815,
2000-11-07,16.0,23.520270671076037,21.96875,30.1875,31.375,26.57813,12.359375,16.851565,9.875,
2000-11-08,16.15625,23.101846776339393,20.8125,29.9375,31.17188,27.1875,12.5,16.9375,9.984375,
2000-11-09,15.984375,23.26668289087473,20.507815,28.5625,31.375,27.21875,12.015625,17.03125,9.84375,
2000-11-10,16.03125,23.01309511067342,19.375,28.45313,30.65625,27.35938,11.46094,17.0625,9.703125,
2000-11-13,15.90625,22.467877325836117,19.3125,27.84375,30.09375,26.54688,11.78125,17.140625,9.74219,
2000-11-14,16.0,22.59467121593677,20.359375,28.51563,30.6875,26.875,12.132815,16.84375,9.820315,
2000-11-15,16.3125,22.417159769795852,20.5,28.65625,30.75,26.9375,12.25,16.828125,9.875,
2000-11-16,16.375,22.34108343573546,19.84375,28.3125,30.90625,27.0,12.11719,17.02344,9.578125,
2000-11-17,16.24219,22.163571989594544,20.0,28.125,30.78125,27.0,12.109375,16.765625,9.570315,
2000-11-20,16.164065,21.504243761071134,19.1875,27.96875,30.34375,26.92188,11.8125,16.92969,9.46094,
2000-11-21,16.53125,21.5549613171114,19.28125,27.3125,30.71875,27.375,11.71875,16.765625,9.382815,
2000-11-22,16.265625,21.035110425103195,18.578125,27.04688,30.21875,27.28125,11.59375,16.890625,9.375,
2000-11-24,16.5,21.187263093223983,19.3125,27.17188,30.71875,27.0,11.671875,16.859375,9.5,
2000-11-27,16.36719,21.478884983051003,19.203125,27.34375,30.78125,27.54688,12.09375,16.74219,9.5,
2000-11-28,16.351565,21.707113985232183,18.42969,27.0,30.39063,27.84375,12.046875,16.984375,9.515625,
2000-11-29,15.632815,22.239648323654936,18.34375,27.0625,30.64063,28.125,12.21875,17.09375,9.734375,
2000-11-30,15.101565,22.138213211574413,17.375,26.8125,30.1875,27.64063,11.984375,17.070315,9.632815,
2000-12-01,15.4375,22.011419321473756,17.601565,27.0,30.45313,27.23438,12.0,16.74219,9.953125,
2000-12-04,15.703125,21.909984209393233,17.5,27.01563,31.28125,27.75,12.453125,16.921875,10.484375,
2000-12-05,15.375,22.82290021811795,19.15625,27.71875,32.42188,27.53125,12.75,17.03125,10.5625,
2000-12-06,15.25,22.721465106037424,18.625,28.01563,31.78125,27.0,12.671875,17.09375,10.328125,
2000-12-07,15.5,22.77218266207769,18.007815,27.54688,31.6875,27.39063,12.5,17.08594,10.015625,
2000-12-08,15.49219,23.431510890601096,18.84375,28.14063,32.23438,27.28125,12.632815,16.671875,10.1875,
2000-12-11,15.539065,23.621705783156564,19.55469,28.4375,32.59375,26.90625,12.476565,16.71875,10.1875,
2000-12-12,15.71875,23.342759224935122,19.15625,28.5,32.10938,27.01563,12.5,16.765625,10.140625,
2000-12-13,15.75,23.355434556540704,18.34375,28.65625,31.54688,27.625,12.25,17.17969,10.21875,
2000-12-14,15.265625,22.683430996411715,18.0625,28.40625,30.875,27.42188,12.21094,17.078125,10.125,
2000-12-15,15.39844,22.505919550270796,17.34375,27.6875,30.25,27.21875,11.859375,16.8125,9.984375,
2000-12-18,15.875,23.165247778794203,17.0,27.53125,30.8125,27.375,12.11719,16.65625,9.875,
2000-12-19,16.14844,22.911659998592892,16.5,27.5625,30.28125,27.64063,11.828125,16.078125,10.1875,
2000-12-20,15.671875,22.696106328017294,15.265625,26.3125,29.28125,27.70313,11.6875,15.92969,9.80469,
2000-12-21,15.789065,23.228640666440047,15.3125,26.5,29.45313,27.60938,12.046875,15.83594,10.15625,
2000-12-22,16.0,23.418835558995514,16.36719,26.95313,30.15625,27.5,12.25,16.08594,10.67969,
2000-12-26,16.671875,23.837251338923192,16.09375,27.0,30.5,28.04688,12.015625,16.539065,10.64844,
2000-12-27,16.65625,23.98940400704398,16.25,27.09375,31.0,28.23438,12.59375,16.539065,10.820315,
2000-12-28,16.92969,24.23031645563971,16.171875,27.5625,31.45313,28.65625,12.75,16.40625,10.921875,
2000-12-29,16.59375,23.93868645100372,15.65625,27.25,31.25,28.5625,12.796875,16.59375,10.71094,
2001-01-02,16.632815,23.26668289087473,14.75,26.14063,29.85938,28.1875,12.77344,16.34375,10.5,
2001-01-03,16.125,24.52193834546673,17.125,28.20313,31.15625,26.89063,13.78125,16.0,10.5625,
2001-01-04,15.625,24.090839119124503,17.296875,29.03125,31.40625,25.82813,13.976565,15.75,10.914065,
2001-01-05,15.96094,23.58366355872188,16.25,28.25,30.5,26.0,13.515625,15.59375,10.6875,
2001-01-08,15.90625,23.342759224935122,16.203125,27.84375,30.25,26.17188,13.33594,15.828125,10.71875,
2001-01-09,15.58594,22.949694108218605,16.5625,28.1875,30.34375,26.45313,13.226565,15.89844,10.28125,
2001-01-10,15.6875,23.330075778520573,17.0625,28.40625,30.625,26.29688,13.3125,15.859375,10.375,
2001-01-11,15.859375,23.380793334560835,17.78125,29.04688,31.0,25.78125,13.42969,15.49219,10.09375,
2001-01-12,15.757815,22.937018776613023,17.515625,29.4375,30.90625,25.75,13.421875,15.609375,9.859375,
2001-01-16,15.75,23.342759224935122,17.3125,29.75,31.20313,26.10938,13.734375,15.359375,10.1875,
2001-01-17,15.671875,23.380793334560835,17.84375,29.96875,31.15625,25.8125,13.546875,15.39844,10.132815,
2001-01-18,15.375,23.03845388869355,18.78125,29.875,31.35938,26.01563,13.34375,15.671875,10.078125,
2001-01-19,15.30469,22.873617774158213,19.039065,29.14063,31.03125,25.8125,12.8125,15.625,9.796875,
2001-01-22,15.46875,23.279358222480308,18.6875,28.9375,30.96875,25.96875,13.296875,15.59375,9.875,
2001-01-23,15.71094,23.50758722466149,19.0,29.60938,31.375,26.14063,13.453125,15.578125,9.90625,
2001-01-24,15.695315,23.647064561176695,19.234375,29.32813,31.20313,26.04688,13.46875,15.601565,9.945315,
2001-01-25,16.164065,23.862610116943323,18.5625,29.28125,31.1875,26.59375,13.67969,15.71094,10.078125,
2001-01-26,15.890625,23.951369897418267,18.6875,28.98438,30.67188,26.32813,13.53125,15.5625,9.976565,
2001-01-29,15.76,23.971145686869484,19.08,29.46,30.8,26.11,13.8,15.805,9.945,
2001-01-30,15.895,24.182130719996977,19.125,29.4,31.3,26.41,13.84,15.805,10.32,
2001-01-31,16.065,23.881882788238624,18.65,29.22,31.37,26.48,14.285,15.66,10.425,
2001-02-01,15.86,23.91434202410439,18.64,29.61,30.96,26.71,14.265,15.85,10.48,
2001-02-02,16.125,23.979260495835927,17.82,29.26,30.86,26.88,13.995,15.675,10.445,
2001-02-05,16.45,24.141556675164765,17.71,29.24,31.01,26.86,13.915,15.79,10.54,
2001-02-06,16.555,23.670897755111135,17.815,29.27,31.16,26.98,13.93,15.885,10.45,
2001-02-07,16.6,23.61409409234604,17.355,29.55,30.89,27.03,13.96,15.89,10.45,
2001-02-08,16.69,23.549175620614502,17.1,29.73,30.85,26.95,13.55,16.03,10.31,
2001-02-09,16.96,23.64655332821181,16.31,29.25,30.12,27.17,13.375,16.01,10.3,
2001-02-12,16.735,23.979260495835927,16.45,29.49,30.47,27.4,13.75,16.025,10.3,
2001-02-13,16.7,23.84130874340641,16.17,29.52,30.79,27.03,13.935,16.16,10.27,
2001-02-14,16.58,23.565405238547388,16.55,29.2,30.47,26.78,13.8,15.89,10.155,
2001-02-15,16.365,23.565405238547388,17.05,29.32,30.99,26.54,13.795,15.915,10.545,
2001-02-16,16.51,23.57352004751383,15.995,29.19,30.08,26.63,13.62,16.005,10.31,
2001-02-20,16.415,22.70523548810454,15.135,29.16,30.19,26.76,13.8,16.08,10.275,
2001-02-21,16.305,22.03170634388986,14.75,29.01,29.82,26.68,13.205,15.89,10.1,
2001-02-22,16.225,22.185887714252257,14.775,28.46,29.54,26.48,13.0,16.06,10.175,
2001-02-23,16.02,22.080395197688514,14.665,28.38,29.5,26.28,13.215,15.97,10.125,
2001-02-26,16.195,22.56728373567503,14.9,28.53,30.09,26.53,13.62,16.15,10.5,
2001-02-27,16.095,22.810728004668288,14.33,29.04,30.02,26.55,13.55,16.17,10.515,
2001-02-28,15.87,22.27515061288312,14.005,28.66,29.49,26.64,13.265,15.985,10.56,
2001-03-01,16.05,22.299495039782446,14.4,28.56,29.28,26.39,13.05,15.81,10.57,
2001-03-02,16.415,22.33195427564821,13.9,28.61,29.45,26.64,13.15,15.85,10.82,
2001-03-05,16.505,22.218346950118026,14.2,28.45,29.82,26.54,13.01,15.82,11.015,
2001-03-06,16.59,22.283265421849563,14.8,28.55,30.25,26.0,13.34,15.8,10.99,
2001-03-07,16.945,22.753924341903193,14.82,28.68,30.61,25.83,13.67,15.725,11.315,
2001-03-08,17.115,22.843187240534053,14.525,28.84,30.8,26.05,13.89,16.02,11.355,
2001-03-09,17.035,22.31572465771533,13.575,28.59,30.15,26.21,13.75,15.74,11.26,
2001-03-12,16.47,21.220225447245667,12.85,27.16,28.5,25.4,13.24,15.92,10.81,
2001-03-13,16.275,21.788262074896604,13.49,27.17,28.54,25.27,13.18,15.55,10.72,
2001-03-14,16.03,20.782025763057803,13.16,26.65,27.94,24.65,12.895,15.015,10.445,
2001-03-15,16.04,21.40686605347383,13.005,27.44,27.81,24.68,13.04,15.28,10.215,
2001-03-16,15.725,21.05792926791683,12.72,27.07,27.01,24.31,12.75,15.05,10.125,
2001-03-19,15.925,21.301373536910088,13.115,27.07,27.55,24.59,12.9,15.24,10.365,
2001-03-20,16.065,20.708992482359825,12.485,26.5,26.99,24.0,12.93,15.02,10.425,
2001-03-21,15.605,20.108496618843123,12.545,25.8,26.29,23.4,12.85,14.685,10.1,
2001-03-22,15.145,19.589148844990838,13.12,25.23,25.58,23.16,12.45,14.5,9.78,
2001-03-23,15.265,20.416859359567916,13.4,25.8,26.09,23.71,12.59,14.475,9.875,
2001-03-26,15.465,20.74145171822559,13.225,26.25,26.56,24.03,12.81,14.955,9.975,
2001-03-27,15.55,21.325717963809414,13.65,27.03,26.99,24.57,13.09,15.505,10.225,
2001-03-28,15.325,21.212110638279228,12.64,26.47,26.5,24.64,12.875,15.175,10.195,
2001-03-29,15.0,21.163421784480573,12.475,26.8,26.5,24.7,13.0,15.53,10.07,
2001-03-30,15.35,21.536702996936903,12.4,26.82,26.59,24.72,13.045,15.645,9.985,
2001-04-02,15.065,21.634080704534206,12.1,26.49,26.4,24.39,13.05,15.695,10.04,
2001-04-03,14.65,20.90374789755443,11.29,25.9,25.3,23.94,12.61,15.62,9.835,
2001-04-04,14.91,20.39251493266859,11.075,26.06,25.42,24.25,12.745,15.68,10.025,
2001-04-05,15.3,21.13907735758125,12.245,26.71,26.9,24.5,13.03,15.575,10.355,
2001-04-06,15.32,20.668418437527613,11.675,26.59,26.36,24.42,12.99,15.285,10.235,
2001-04-09,15.68,20.660303628561174,11.705,26.92,26.83,24.63,12.87,15.62,10.405,
2001-04-10,15.95,21.260799492077876,12.49,27.45,27.62,24.6,13.0,15.945,10.86,
2001-04-11,15.665,21.4393252893396,12.945,27.12,27.31,24.13,12.855,15.73,10.725,
2001-04-12,15.83,21.60162146866844,13.27,27.1,27.85,24.45,12.635,15.72,10.675,
2001-04-16,16.14,21.447440098306043,12.95,27.29,27.8,24.45,12.695,15.97,10.695,
2001-04-17,16.225,21.625965895567763,13.085,27.76,28.15,24.99,12.87,16.34,10.68,
2001-04-18,16.14,22.53482449980926,14.275,28.87,29.36,24.75,13.66,16.0,11.125,
2001-04-19,15.86,22.656546634305894,15.175,28.9,29.46,24.65,13.7,16.03,10.945,
2001-04-20,16.03,22.267035803916677,15.0,28.98,29.38,24.38,13.555,15.84,10.915,
2001-04-23,16.455,21.991132299057654,14.17,28.31,28.93,24.5,13.465,15.875,10.84,
2001-04-24,16.485,21.877524973527464,13.95,28.39,28.64,24.05,13.23,15.95,10.89,
2001-04-25,16.72,22.11285443355428,14.195,28.72,29.31,24.69,13.24,16.23,10.85,
2001-04-26,17.05,22.202117332185143,13.995,29.08,29.72,24.92,13.57,16.375,11.2,
2001-04-27,16.935,22.680891061205216,14.185,28.8,29.94,25.06,13.895,16.385,11.21,
2001-04-30,16.935,22.31572465771533,14.405,28.8,29.63,25.2,13.65,16.4,11.05,
2001-05-01,16.825,22.502365263943496,14.75,29.25,29.9,25.48,13.8,16.555,11.175,
2001-05-02,16.17,22.680891061205216,15.045,29.34,29.91,25.33,13.91,16.345,11.175,
2001-05-03,16.09,22.68900587017166,14.565,28.77,29.47,25.2,13.75,16.135,11.155,
2001-05-04,16.345,22.964909375030686,14.775,28.86,29.92,25.42,13.875,16.3,11.345,
2001-05-07,16.39,22.81884281363473,14.76,28.93,30.03,25.41,13.77,16.385,11.21,
2001-05-08,16.375,22.583513353607913,14.825,28.45,30.08,25.32,13.76,16.15,11.24,
2001-05-09,16.665,22.559168926708587,14.62,28.63,29.91,25.45,13.55,16.175,11.35,
2001-05-10,16.545,22.56728373567503,14.405,28.82,30.24,25.32,13.94,16.185,11.59,
2001-05-11,16.385,22.35629870254754,14.25,28.96,30.09,25.18,14.0,16.195,11.36,
2001-05-14,16.64,22.542939308775704,14.05,28.83,30.23,25.4,13.965,16.41,11.44,
2001-05-15,16.79,22.680891061205216,14.025,28.96,30.35,25.25,13.915,16.3,11.525,
2001-05-16,16.93,23.28950173368836,14.595,29.76,31.33,26.02,14.085,16.65,12.125,
2001-05-17,16.985,23.167779599191732,14.68,30.02,31.85,26.15,14.3,16.55,12.25,
2001-05-18,17.34,23.037942655728664,14.745,30.1,31.95,26.01,14.29,16.65,12.19,
2001-05-21,17.3,23.36253501438634,15.4,30.56,32.26,25.99,14.45,16.71,12.295,
2001-05-22,17.125,23.597864474413154,15.37,30.6,32.16,25.73,14.5,16.65,12.06,
2001-05-23,16.865,23.500486766815854,14.995,30.09,31.67,25.5,14.24,16.645,11.855,
2001-05-24,16.835,23.589749665446714,15.11,30.46,31.63,25.61,14.19,16.6,11.53,
2001-05-25,16.69,23.27327211575548,14.825,30.24,31.16,25.4,14.12,16.34,11.545,
2001-05-29,16.665,23.28950173368836,14.27,30.01,31.08,25.61,14.01,16.33,11.7,
2001-05-30,16.6,23.094746318493755,13.69,29.91,30.45,25.75,13.755,16.26,11.46,
2001-05-31,16.775,23.297616542654804,13.815,29.9,30.87,25.57,13.975,16.515,11.475,
2001-06-01,16.7,23.257042497822596,14.05,29.81,30.78,25.91,13.925,16.375,11.57,
2001-06-04,16.925,23.44368310405076,14.02,29.85,30.98,25.95,13.88,16.385,11.7,
2001-06-05,16.975,23.549175620614502,14.575,30.13,31.31,26.22,14.045,16.145,11.835,
2001-06-06,16.545,23.37064982335278,14.435,29.89,30.95,25.8,13.9,16.015,11.625,
2001-06-07,16.35,23.216468452990384,14.845,30.06,31.09,25.98,14.005,15.88,11.76,
2001-06-08,16.395,23.078516700560872,14.515,29.9,30.71,25.83,14.055,15.94,11.715,
2001-06-11,16.44,22.85941685846694,14.275,29.75,30.18,25.47,13.845,16.09,11.55,
2001-06-12,16.565,22.932450139164917,14.165,29.68,30.38,25.77,13.95,16.23,11.45,
2001-06-13,16.485,22.745809532936754,13.845,29.54,30.27,25.57,13.8,15.895,11.49,
2001-06-14,16.15,22.348183893581098,13.35,28.99,30.07,25.55,13.655,15.425,11.2,
2001-06-15,16.195,22.380643129446863,13.225,28.9,29.85,25.32,13.49,15.41,11.115,
2001-06-18,16.015,22.437446792211958,12.895,28.46,29.81,25.4,13.635,15.43,11.005,
2001-06-19,16.0,22.640317016373004,12.945,28.54,29.5,25.48,13.68,15.49,11.03,
2001-06-20,15.7,22.762039150869636,13.08,29.16,29.63,25.62,13.88,15.53,11.13,
2001-06-21,15.465,23.679012564077574,13.325,29.49,29.76,25.84,14.13,15.125,11.075,
2001-06-22,15.765,23.37064982335278,13.2,29.11,29.5,25.12,13.99,15.295,10.9,
2001-06-25,15.58,23.18400921712462,13.39,29.18,29.11,24.99,13.81,15.115,10.775,
2001-06-26,15.675,22.89187609433271,13.465,28.73,29.19,24.99,13.625,15.34,10.875,
2001-06-27,15.3,22.899990903299148,13.495,29.2,29.13,24.8,13.56,15.375,10.975,
2001-06-28,14.975,23.2002388350575,13.76,29.42,29.23,24.96,13.775,15.41,10.985,
2001-06-29,15.175,23.046057464695103,14.085,29.55,28.9,24.31,13.835,15.575,11.03,
2001-07-02,15.135,23.330075778520573,14.075,29.76,29.32,24.87,13.97,15.62,11.145,
2001-07-03,15.115,23.313846160587687,14.025,29.76,29.5,24.67,13.945,15.66,11.11,
2001-07-05,15.25,23.167779599191732,13.575,29.41,29.27,24.52,13.66,15.79,11.065,
2001-07-06,15.195,22.6971206791381,12.95,28.86,28.73,24.23,13.335,15.775,10.935,
2001-07-09,14.98,22.770153959836076,13.115,28.7,28.82,24.6,13.43,15.92,11.035,
2001-07-10,15.0,22.218346950118026,12.715,28.7,28.38,24.4,13.37,15.945,10.915,
2001-07-11,14.8,22.177772905285813,12.78,28.68,28.09,24.27,13.515,16.02,10.95,
2001-07-12,14.78,22.56728373567503,13.63,28.96,28.77,24.12,14.1,15.855,11.185,
2001-07-13,14.835,22.835072431567614,13.67,29.16,29.0,24.3,14.33,15.815,11.195,
2001-07-16,14.59,22.510480072909935,13.34,29.02,28.51,24.12,14.37,15.925,11.015,
2001-07-17,14.525,22.973024183997126,13.5,29.22,29.09,24.48,14.45,15.95,10.97,
2001-07-18,14.37,22.843187240534053,12.985,28.93,29.18,25.18,14.46,15.785,11.24,
2001-07-19,14.52,22.68900587017166,13.225,28.76,29.1,24.94,14.56,15.885,11.265,
2001-07-20,14.83,22.583513353607913,13.15,28.83,29.25,25.28,14.575,15.55,11.19,
2001-07-23,14.66,22.461791219111284,12.83,28.27,28.93,24.69,14.305,15.125,10.97,
2001-07-24,14.135,22.169658096319374,12.66,28.14,28.16,24.5,14.1,14.69,10.64,
2001-07-25,14.79,22.340069084614655,12.93,28.3,28.35,24.68,14.375,15.34,10.865,
2001-07-26,15.09,22.51859488187638,13.175,29.13,28.63,24.69,14.39,15.395,10.805,
2001-07-27,15.16,22.64843182533945,13.155,29.17,28.9,24.69,14.35,15.385,10.835,
2001-07-30,15.175,22.575398544641473,13.115,29.17,28.84,25.0,14.445,15.56,10.76,
2001-07-31,15.0,22.82695762260117,13.11,28.96,28.84,25.05,14.45,15.435,11.0,
2001-08-01,14.945,22.924335330198474,13.46,28.93,29.0,25.05,14.435,15.615,10.95,
2001-08-02,14.935,22.89187609433271,13.645,29.23,29.04,24.9,14.525,15.59,10.875,
2001-08-03,14.71,22.98925380193001,13.45,28.99,29.18,25.08,14.43,15.545,10.85,
2001-08-06,14.69,22.656546634305894,13.285,28.8,28.55,24.95,14.17,15.245,10.865,
2001-08-07,14.69,22.899990903299148,13.21,28.88,28.76,25.0,14.33,15.365,10.785,
2001-08-08,14.39,22.437446792211958,12.785,28.68,28.5,24.9,14.15,15.06,10.69,
2001-08-09,14.475,22.542939308775704,12.79,28.55,28.51,24.98,14.1,15.085,10.595,
2001-08-10,14.49,22.559168926708587,12.77,28.6,29.04,25.07,14.09,15.38,10.865,
2001-08-13,14.56,22.53482449980926,12.82,28.82,28.77,25.29,13.93,15.21,10.9,
2001-08-14,14.64,22.542939308775704,12.655,28.45,28.79,25.25,13.97,15.21,10.85,
2001-08-15,14.86,22.453676410144844,12.37,28.06,28.73,25.2,13.85,15.02,10.91,
2001-08-16,14.775,22.388757938413306,12.435,28.2,28.72,25.45,13.955,15.185,10.79,
2001-08-17,14.665,22.056050770789188,12.065,27.89,28.37,25.46,13.59,15.0,10.855,
2001-08-20,14.56,22.27515061288312,12.145,28.1,28.35,25.43,13.76,15.12,10.865,
2001-08-21,14.55,21.999247108024093,11.79,28.26,28.31,25.66,13.42,15.125,10.915,
2001-08-22,14.56,22.096624815621396,11.91,28.15,28.26,25.77,13.455,15.1,10.89,
2001-08-23,14.69,22.104739624587836,11.9,28.3,28.35,25.69,13.385,15.065,10.975,
2001-08-24,14.81,22.16154328735293,12.48,28.81,28.87,26.0,13.64,15.17,11.125,
2001-08-27,14.79,21.942443445259,12.45,28.45,28.86,25.95,13.625,15.21,11.145,
2001-08-28,14.635,21.593506659701998,12.105,28.05,28.31,25.64,13.51,15.14,11.04,
2001-08-29,14.575,21.39875124450739,11.875,27.8,28.12,25.25,13.26,15.05,10.9,
2001-08-30,14.365,21.252684683111436,11.415,27.23,27.6,25.36,12.99,14.875,10.86,
2001-08-31,14.365,21.31760315484297,11.51,27.49,27.85,25.17,13.185,14.885,10.955,
2001-09-04,14.45,21.22834025621211,11.26,27.37,27.59,25.2,13.255,15.04,10.955,
2001-09-05,14.5,21.09850331274904,11.165,27.39,27.66,26.1,13.26,14.95,11.095,
2001-09-06,14.4,20.611614774762522,10.635,26.59,27.18,25.3,12.78,14.835,10.82,
2001-09-07,14.39,20.205874326440423,10.51,26.07,26.5,24.9,12.315,14.815,10.48,
2001-09-10,14.435,20.246448371272635,10.735,25.73,26.45,25.45,12.21,15.06,10.275,
2001-09-17,14.14,19.353819384964023,10.05,23.58,24.0,25.43,11.075,14.925,9.515,
2001-09-18,13.455,19.110375115970765,9.96,23.15,23.66,25.12,11.14,15.03,9.5,
2001-09-19,12.97,18.97242336354125,9.87,22.77,23.07,24.8,10.885,14.915,9.35,
2001-09-20,12.605,18.136598039997732,9.44,21.9,21.75,24.3,10.51,15.105,8.995,
2001-09-21,12.54,17.77143163650784,9.17,21.96,21.68,23.51,10.525,14.565,8.825,
2001-09-24,12.21,18.696519858682223,9.685,22.64,23.13,23.83,11.105,14.615,9.245,
2001-09-25,12.075,18.996767790440575,9.775,22.48,23.28,23.95,11.135,14.835,9.27,
2001-09-26,11.99,19.183408396668742,9.445,22.69,22.87,24.36,11.17,14.48,9.195,
2001-09-27,12.465,19.499885946359978,9.37,23.04,23.12,24.84,11.2,14.3,9.295,
2001-09-28,12.91,20.027348529178703,9.625,23.5,23.67,25.06,11.485,14.63,9.6,
2001-10-01,12.73,19.970544866413608,9.5,23.06,23.46,25.27,11.475,14.755,9.63,
2001-10-02,13.01,20.246448371272635,9.49,23.36,23.92,25.45,11.795,14.915,9.67,
2001-10-03,13.19,20.571040729930314,10.125,24.23,24.5,25.24,12.21,15.075,9.79,
2001-10-04,13.5,20.408744550601472,10.34,24.16,24.53,25.15,11.95,14.925,9.62,
2001-10-05,13.6,19.848822731916982,10.335,23.9,24.51,25.42,12.05,14.955,9.79,
2001-10-08,13.625,19.402508238762675,10.405,23.72,24.22,25.37,11.805,15.095,9.585,
2001-10-09,13.65,19.564804418091512,10.165,23.5,24.13,25.24,11.815,15.02,9.675,
2001-10-10,14.255,19.873167158816305,10.48,24.01,24.57,25.55,12.305,15.05,9.94,
2001-10-11,14.25,20.18964470850754,10.985,24.58,25.3,25.37,12.7,14.83,10.265,
2001-10-12,14.155,19.873167158816305,10.96,24.36,25.06,25.35,12.425,14.74,10.1,
2001-10-15,13.895,19.96243005744717,10.885,24.45,25.23,25.46,12.39,14.705,10.105,
2001-10-16,14.06,20.287022416104843,11.0,24.69,25.17,25.32,12.515,14.815,10.19,
2001-10-17,13.99,20.084152191943797,10.5,23.95,24.58,25.11,12.2,14.8,9.995,
2001-10-18,13.425,20.059807765044468,10.475,23.57,24.48,25.3,12.2,14.515,9.98,
2001-10-19,13.475,19.735215406386793,10.615,23.49,24.34,25.6,12.03,14.765,9.855,
2001-10-22,13.64,20.213989135406866,10.865,24.15,24.85,25.85,12.3,14.485,10.085,
2001-10-23,13.59,20.262677989205518,10.875,24.3,24.72,25.52,12.325,14.115,10.215,
2001-10-24,13.4,20.18964470850754,11.01,23.91,24.84,25.47,12.275,13.99,10.185,
2001-10-25,13.74,20.457433404400128,11.275,24.05,25.23,25.71,12.39,14.085,10.165,
2001-10-26,14.005,20.692762864426943,11.29,24.26,25.7,25.62,12.52,14.13,10.34,
2001-10-29,13.875,19.96243005744717,10.75,23.64,24.75,25.46,12.085,14.105,10.09,
2001-10-30,13.41,19.92185601261496,10.53,23.31,24.21,25.19,11.855,13.895,10.015,
2001-10-31,13.43,19.743330215353232,10.675,23.62,24.09,24.9,12.09,13.86,9.86,
2001-11-01,13.635,20.06792257401091,11.045,23.95,24.59,25.48,12.315,13.975,10.075,
2001-11-02,13.265,20.173415090574657,11.06,24.08,24.97,25.44,12.5,14.03,10.23,
2001-11-05,13.185,20.611614774762522,11.4,24.45,25.34,25.49,12.795,14.165,10.27,
2001-11-06,13.105,20.863173852722223,11.8,24.75,25.7,25.54,12.95,14.225,10.485,
2001-11-07,13.16,20.94432194238664,11.75,24.61,25.64,25.57,12.86,14.04,10.48,
2001-11-08,13.415,21.009240414118178,11.81,24.82,25.91,25.33,12.97,14.23,10.49,
2001-11-09,13.675,20.871288661688663,11.765,24.67,25.82,25.39,12.9,14.32,10.52,
2001-11-12,13.64,20.773910954091363,11.855,24.73,25.52,25.43,12.945,14.27,10.375,
2001-11-13,13.75,21.333832772775853,12.275,25.45,26.15,25.43,13.275,14.26,10.655,
2001-11-14,13.08,21.293258727943645,12.34,25.75,26.28,25.3,13.575,14.11,10.83,
2001-11-15,12.42,21.163421784480573,12.265,26.05,26.41,25.45,13.575,14.085,10.875,
2001-11-16,12.65,21.05792926791683,12.225,26.05,26.62,25.68,13.425,14.235,10.93,
2001-11-19,12.62,21.48801414313825,12.48,26.5,26.86,25.75,13.87,14.2,11.045,
2001-11-20,13.085,21.366292008641622,12.13,26.5,26.5,25.72,13.7,14.23,11.0,
2001-11-21,12.915,21.17965140241346,12.01,26.24,26.55,26.05,13.57,14.125,10.925,
2001-11-23,13.035,21.504243761071134,12.195,26.35,26.87,26.13,13.725,14.11,11.135,
2001-11-26,12.82,21.617851086601323,12.405,26.69,27.0,26.15,13.835,14.125,11.0,
2001-11-27,12.83,21.666539940399975,12.365,26.6,26.82,25.86,13.585,13.935,11.085,
2001-11-28,12.53,21.017355223084618,11.975,26.19,26.4,25.55,13.5,13.75,10.975,
2001-11-29,12.745,21.244569874144993,12.295,26.25,26.55,26.04,13.595,13.745,10.97,
2001-11-30,12.68,21.02547003205106,12.27,26.36,26.5,26.0,13.7,13.685,11.11,
2001-12-03,12.85,20.73333690925915,12.095,26.38,26.27,25.99,13.5,13.71,10.84,
2001-12-04,13.03,21.017355223084618,12.4725,26.72,26.59,26.0,13.8,13.865,11.05,
2001-12-05,13.3,21.30948834587653,13.075,27.65,27.16,25.76,14.21,13.965,11.3,
2001-12-06,12.905,21.585391850735554,13.04,27.75,27.49,25.7,14.05,13.835,11.325,
2001-12-07,12.99,21.4393252893396,12.8,27.59,27.19,25.82,14.055,13.85,11.085,
2001-12-10,12.81,21.09850331274904,12.52,26.96,26.77,25.32,13.87,13.755,10.895,
2001-12-11,12.6,21.220225447245667,12.61,27.15,26.65,25.05,13.775,13.535,10.98,
2001-12-12,12.63,21.13907735758125,12.66,27.03,26.78,25.1,13.8,13.685,10.895,
2001-12-13,12.425,20.80637018995713,12.21,26.45,26.59,24.85,13.645,13.67,10.635,
2001-12-14,12.55,20.692762864426943,12.26,26.4,26.32,24.75,13.755,13.575,10.6,
2001-12-17,12.52,20.97678117825241,12.495,26.65,26.72,25.38,13.905,13.635,10.78,
2001-12-18,12.685,21.171536593447016,12.545,27.04,27.36,25.24,14.05,13.76,11.12,
2001-12-19,12.975,21.585391850735554,12.365,26.9,27.62,25.55,14.12,14.055,10.92,
2001-12-20,12.915,21.49612895210469,11.94,26.57,27.46,25.59,14.035,13.985,10.815,
2001-12-21,12.95,21.252684683111436,12.1,26.48,27.77,25.76,14.215,13.78,10.715,
2001-12-24,13.165,21.236455065178554,12.055,26.6,27.8,25.757,14.265,13.89,10.735,
2001-12-26,13.395,21.333832772775853,12.15,26.8,27.9,25.82,14.4,13.875,10.655,
2001-12-27,13.44,21.31760315484297,12.255,27.1,27.89,25.66,14.415,14.06,10.765,
2001-12-28,13.5,21.544817805903346,12.28,27.37,28.05,25.55,14.52,14.01,10.845,
2001-12-31,13.35,21.341947581742296,12.0,26.95,27.7,25.4,14.3,14.015,10.71,
2002-01-02,13.25,21.31760315484297,12.3,27.18,27.7,25.31,14.345,14.215,10.79,
2002-01-03,13.17,21.463669716238925,12.84,27.3,27.69,25.23,14.3,14.29,10.99,
2002-01-04,13.23,21.747688030064396,12.92,27.62,27.7,25.16,14.535,14.225,11.2,
2002-01-07,13.225,21.6908843672993,12.78,27.65,27.51,24.97,14.45,14.24,11.2,
2002-01-08,13.11,21.390636435540948,12.875,27.8,27.43,24.84,14.5,14.065,11.01,
2002-01-09,13.125,21.504243761071134,12.775,27.65,27.28,24.93,14.3,13.94,10.945,
2002-01-10,13.025,21.423095671406713,12.67,27.73,27.0,24.97,14.4,14.05,10.755,
2002-01-11,12.775,21.301373536910088,12.55,27.55,26.56,25.03,14.13,13.915,10.625,
2002-01-14,12.62,21.13907735758125,12.355,27.35,26.26,25.23,14.025,14.045,10.275,
2002-01-15,12.825,21.60162146866844,12.435,27.69,26.29,25.26,14.115,14.05,10.325,
2002-01-16,12.56,21.333832772775853,12.13,27.01,25.4,25.02,13.875,13.99,10.08,
2002-01-17,12.555,21.536702996936903,12.43,27.18,25.51,25.25,14.04,13.85,10.125,
2002-01-18,12.45,21.455554907272486,12.015,26.97,25.68,25.15,14.0,13.825,10.035,
2002-01-22,12.36,21.38252162657451,11.585,26.9,25.83,25.43,14.09,13.525,10.11,
2002-01-23,12.71,21.479899334171808,11.76,26.8,25.7,25.52,14.395,13.725,10.275,
2002-01-24,12.885,21.504243761071134,11.935,27.02,25.93,25.15,14.4,13.695,10.485,
2002-01-25,13.025,21.64219551350065,11.89,27.05,26.29,25.1,14.25,13.61,10.795,
2002-01-28,12.825,21.423095671406713,11.975,27.1,26.27,25.1,14.495,13.61,10.785,
2002-01-29,12.475,20.489892640265893,11.55,26.59,25.27,24.79,14.19,13.435,10.645,
2002-01-30,12.575,20.749566527192034,11.7,26.48,25.55,25.09,14.55,13.42,10.73,
2002-01-31,12.875,21.09850331274904,11.87,26.75,25.95,25.23,14.77,13.51,10.96,
2002-02-01,12.945,20.838829425822897,11.65,26.7,25.75,25.25,14.62,13.54,10.91,
2002-02-04,12.6,20.084152191943797,11.32,26.19,24.61,24.98,14.375,13.4,10.81,
2002-02-05,12.515,20.084152191943797,11.145,26.33,24.27,25.27,14.36,13.22,10.67,
2002-02-06,12.6,19.800133878118327,11.08,26.19,24.45,25.15,14.245,12.955,10.7,
2002-02-07,12.455,19.98677448434649,10.915,26.7,24.74,24.88,14.075,13.14,10.675,
2002-02-08,12.595,20.51423706716522,11.125,27.25,24.89,24.94,14.2,13.21,10.89,
2002-02-11,12.76,20.692762864426943,11.375,27.5,25.43,25.34,14.625,13.3,11.185,
2002-02-12,12.7,20.457433404400128,11.19,27.25,25.21,25.33,14.5,13.3,11.11,
2002-02-13,12.775,20.871288661688663,11.37,27.7,25.48,25.49,14.715,13.38,11.23,
2002-02-14,12.88,20.830714616856454,11.25,27.78,25.57,25.49,14.77,13.41,11.205,
2002-02-15,12.89,20.506122258198776,10.925,27.35,25.39,25.5,14.6,13.385,11.25,
2002-02-19,12.775,19.946200439514282,10.54,26.9,25.32,25.18,14.43,13.155,11.035,
2002-02-20,12.735,20.319481651970612,10.67,27.55,25.69,25.69,14.715,13.32,11.195,
2002-02-21,12.885,20.084152191943797,10.175,27.35,25.59,25.37,14.575,13.055,11.3,
2002-02-22,13.24,19.96243005744717,10.24,27.6,25.84,25.79,14.595,13.235,11.4,
2002-02-25,13.43,20.47366302233301,10.585,28.08,26.52,25.83,14.84,13.385,11.46,
2002-02-26,13.36,20.457433404400128,10.52,28.0,26.62,25.82,15.0,13.37,11.48,
2002-02-27,13.35,20.668418437527613,10.445,27.9,26.94,25.85,14.975,13.46,11.545,
2002-02-28,13.315,20.73333690925915,10.328,27.98,26.6,25.76,14.85,13.485,11.54,
2002-03-01,13.505,21.017355223084618,10.845,28.51,27.22,26.25,14.99,13.775,11.71,
2002-03-04,13.8,21.73145841213151,11.24,28.8,28.15,26.26,15.215,13.94,12.03,
2002-03-05,13.805,21.747688030064396,11.275,28.76,27.8,25.8,14.77,13.93,11.685,
2002-03-06,14.07,22.11285443355428,11.385,29.16,28.64,26.01,14.975,14.225,11.9,
2002-03-07,14.175,21.918099018359676,11.345,28.94,28.3,26.0,15.09,14.14,11.82,
2002-03-08,14.11,22.015476725956976,11.645,29.24,28.49,25.91,15.175,14.1,11.77,
2002-03-11,14.26,22.145313669420048,11.68,29.1,28.55,25.91,15.105,14.145,11.755,
2002-03-12,14.385,22.15342847838649,11.43,29.0,28.49,25.9,15.135,14.0,11.775,
2002-03-13,14.29,21.95055825422544,11.13,28.9,28.1,26.1,15.1,14.0,11.625,
2002-03-14,14.285,22.007361916990536,11.0,29.1,28.13,26.03,15.1,13.95,11.785,
2002-03-15,14.34,22.39687274737975,11.08,29.62,28.07,26.43,15.275,13.955,11.855,
2002-03-18,14.45,22.348183893581098,11.115,29.88,27.96,26.35,15.28,14.02,11.9,
2002-03-19,14.625,22.340069084614655,11.16,29.85,28.26,26.45,15.345,14.085,12.01,
2002-03-20,14.47,21.991132299057654,10.82,29.86,27.95,25.93,15.285,14.0,11.955,
2002-03-21,14.55,21.999247108024093,11.035,29.67,27.39,26.13,15.095,14.15,11.76,
2002-03-22,14.21,21.991132299057654,10.875,29.51,27.23,26.16,15.025,13.985,11.665,
2002-03-25,14.08,21.64219551350065,10.63,29.07,26.8,25.9,14.75,14.005,11.515,
2002-03-26,14.195,21.909984209393233,10.71,28.9,26.97,26.1,14.95,13.93,11.73,
2002-03-27,14.525,22.1940025232187,10.705,29.33,27.15,26.02,15.05,13.965,11.975,
2002-03-28,14.445,22.03170634388986,10.835,29.59,27.24,26.1,15.02,14.09,11.855,
2002-04-01,14.545,21.991132299057654,10.955,29.32,27.23,26.05,14.74,13.945,11.79,
2002-04-02,14.725,22.07228038872207,10.635,29.15,26.97,25.87,14.475,14.025,11.74,
2002-04-03,14.405,21.747688030064396,10.47,28.77,26.6,25.89,14.365,14.025,11.575,
2002-04-04,14.145,21.942443445259,10.515,29.18,26.81,25.59,14.56,14.045,11.43,
2002-04-05,13.985,22.04793596182275,10.35,29.53,26.93,25.38,14.65,13.97,11.585,
2002-04-08,14.2,22.11285443355428,10.3,29.65,27.14,25.46,14.87,13.87,11.635,
2002-04-09,13.995,22.250806185983794,10.04,29.69,27.12,25.44,14.975,13.575,11.625,
2002-04-10,14.155,22.33195427564821,10.07,29.96,27.75,25.86,15.15,13.86,11.875,
2002-04-11,14.01,21.78014726593016,9.735,29.46,26.86,25.51,14.92,13.445,11.74,
2002-04-12,13.55,22.056050770789188,9.9,29.56,26.82,25.65,15.225,13.535,11.68,
2002-04-15,13.815,21.772032456963718,9.925,29.54,26.54,25.63,14.995,13.325,11.65,
2002-04-16,14.075,22.218346950118026,10.375,29.74,27.01,25.9,15.215,13.65,11.855,
2002-04-17,14.25,22.27515061288312,10.415,29.81,26.82,25.52,15.06,13.72,11.91,
2002-04-18,14.32,22.1940025232187,10.305,30.12,26.62,25.78,14.96,13.685,11.78,
2002-04-19,14.385,22.234576568050908,10.275,30.36,26.47,25.83,15.025,13.565,11.8,
2002-04-22,14.245,21.93432863629256,10.02,30.22,26.05,25.68,14.88,13.36,11.505,
2002-04-23,14.21,21.828836119728813,9.815,30.0,26.0,25.47,14.905,13.425,11.365,
2002-04-24,13.955,21.6908843672993,9.665,30.2,25.78,25.36,14.775,13.46,11.295,
2002-04-25,14.055,21.48801414313825,9.73,30.29,25.47,25.44,14.815,13.37,11.27,
2002-04-26,13.9,21.40686605347383,9.4,29.8,25.21,25.28,14.725,13.155,11.305,
2002-04-29,13.81,21.220225447245667,9.34,29.12,24.66,25.02,14.565,12.96,11.115,
2002-04-30,13.925,21.47178452520537,9.525,29.41,25.36,25.13,14.6,13.235,11.295,
2002-05-01,14.01,21.617851086601323,9.445,29.94,25.44,25.49,14.68,13.36,11.31,
2002-05-02,14.115,21.828836119728813,9.205,29.84,25.53,25.49,14.815,13.275,11.555,
2002-05-03,14.165,21.723343603165066,8.985,29.65,25.54,25.25,14.615,13.2,11.63,
2002-05-06,13.68,21.220225447245667,8.73,29.09,24.82,25.07,14.35,13.13,11.56,
2002-05-07,13.615,21.122847739648364,8.73,29.15,24.84,24.72,14.56,13.0,11.65,
2002-05-08,13.9,21.747688030064396,9.635,29.8,25.87,25.17,14.775,13.185,11.775,
2002-05-09,13.775,21.48801414313825,9.32,29.46,25.43,24.91,14.55,13.075,11.785,
2002-05-10,13.765,21.212110638279228,9.0,29.07,25.05,24.86,14.31,12.775,11.745,
2002-05-13,14.03,21.593506659701998,9.355,29.41,25.21,25.11,14.465,12.93,11.83,
2002-05-14,14.07,21.926213827326116,9.805,29.94,25.77,25.21,14.98,13.125,12.01,
2002-05-15,13.835,21.820721310762373,9.775,30.2,25.87,24.84,14.89,13.055,12.04,
2002-05-16,13.995,22.080395197688514,9.92,30.28,26.03,24.87,15.0,13.105,12.0,
2002-05-17,13.88,22.177772905285813,9.97,30.27,26.26,25.16,15.125,12.98,12.055,
2002-05-20,13.785,21.796376883863044,9.71,30.0,26.05,25.04,15.075,13.05,11.995,
2002-05-21,13.795,21.593506659701998,9.47,29.74,25.65,24.83,14.7,13.145,11.975,
2002-05-22,14.025,21.634080704534206,9.585,29.56,25.76,25.05,14.635,13.38,12.015,
2002-05-23,14.145,21.86941016456102,9.66,29.83,26.24,25.13,14.775,13.62,12.21,
2002-05-24,13.99,21.723343603165066,9.45,29.71,25.95,24.84,14.66,13.48,12.045,
2002-05-28,13.88,21.49612895210469,9.365,29.68,25.66,24.75,14.43,13.575,11.975,
2002-05-29,13.75,21.48801414313825,9.19,29.66,25.37,24.83,14.4,13.35,11.895,
2002-05-30,13.485,21.39875124450739,9.235,29.6,25.26,24.72,14.275,13.225,11.79,
2002-05-31,13.68,21.40686605347383,9.13,29.82,25.47,24.85,14.525,13.125,11.855,
2002-06-03,13.25,20.984895987218852,8.86,29.31,24.51,24.28,14.14,12.825,11.67,
2002-06-04,13.25,20.84694423478934,8.985,29.24,24.31,24.25,14.06,12.87,11.61,
2002-06-05,13.2,21.049814458950387,9.095,29.49,24.72,24.53,14.35,12.82,11.7,
2002-06-06,13.06,20.59538515682964,8.875,29.09,24.13,23.98,14.125,12.445,11.52,
2002-06-07,13.195,20.660303628561174,8.68,29.3,24.13,23.98,14.14,12.59,11.525,
2002-06-10,12.95,20.773910954091363,8.6,29.36,24.32,24.25,14.375,12.635,11.55,
2002-06-11,12.755,20.408744550601472,8.41,29.14,24.03,23.6,14.3,12.425,11.42,
2002-06-12,12.935,20.522351876131662,8.58,28.54,24.02,23.58,14.42,12.68,11.515,
2002-06-13,12.92,20.043578147111585,8.435,28.02,23.96,23.51,14.09,12.665,11.31,
2002-06-14,12.905,20.230218753339752,8.42,27.81,23.84,23.61,14.0,12.505,11.315,
2002-06-17,13.24,21.13907735758125,8.705,28.59,24.51,24.06,14.37,12.785,11.5,
2002-06-18,13.175,21.17965140241346,8.61,28.72,24.74,24.0,14.325,12.88,11.55,
2002-06-19,13.045,20.97678117825241,8.27,28.62,24.55,23.91,14.265,12.525,11.525,
2002-06-20,13.02,20.554811111997427,8.08,27.86,24.36,23.7,14.055,12.375,11.535,
2002-06-21,12.86,20.238333562306195,7.85,27.27,23.69,22.99,13.81,12.3,11.335,
2002-06-24,12.975,20.295137225071286,7.985,27.48,24.02,22.76,13.96,12.095,11.345,
2002-06-25,12.92,20.10038180987668,7.71,27.05,23.51,22.29,13.725,12.015,11.42,
2002-06-26,12.925,19.71898578845391,7.715,27.5,23.5,22.25,13.6,11.89,11.32,
2002-06-27,12.99,20.14095585470889,7.92,28.2,23.87,22.42,13.68,11.88,11.41,
2002-06-28,13.1,20.400629741635033,7.91,27.68,23.85,22.25,13.735,12.125,11.595,
2002-07-01,12.975,19.97865967538005,7.575,26.52,23.32,22.47,13.32,11.875,11.525,
2002-07-02,12.72,19.702756170521027,7.35,25.92,22.96,22.32,13.135,11.625,11.295,
2002-07-03,12.8,19.483656328427095,7.62,25.96,22.99,22.17,13.305,11.555,11.185,
2002-07-05,13.1,20.230218753339752,8.03,26.83,23.94,22.46,13.83,11.69,11.47,
2002-07-08,12.94,20.124726236776006,7.79,26.5,23.54,22.42,13.64,11.54,11.5,
2002-07-09,12.78,19.597263653957278,7.675,25.29,22.95,22.05,13.33,11.235,11.38,
2002-07-10,12.235,18.97242336354125,7.47,24.12,22.39,21.6,12.895,10.6,11.045,
2002-07-11,12.0,19.232097250467394,7.745,24.58,22.42,21.24,12.885,10.97,10.88,
2002-07-12,11.785,18.948078936641927,7.71,24.9,22.35,20.79,12.72,10.56,10.77,
2002-07-15,11.525,18.948078936641927,7.86,24.45,22.18,20.49,12.525,10.725,10.525,
2002-07-16,11.35,18.566682915219154,7.77,24.28,21.72,20.17,12.185,10.41,10.335,
2002-07-17,11.475,18.453075589688964,7.825,24.81,21.98,20.26,12.12,10.215,10.41,
2002-07-18,11.4,17.812005681340054,7.66,23.64,21.34,19.8,11.92,9.975,10.255,
2002-07-19,10.7,17.430609659917284,7.42,22.67,20.68,18.88,11.34,9.415,9.8,
2002-07-22,10.045,16.83822860536702,7.03,22.48,20.02,19.04,11.155,9.185,9.345,
2002-07-23,9.9,15.880681147326873,6.68,22.06,19.57,19.13,10.975,8.47,9.285,
2002-07-24,10.555,16.83822860536702,7.025,23.49,20.62,20.11,11.62,9.225,9.84,
2002-07-25,10.51,16.716506470870392,6.605,24.29,20.64,20.36,11.43,9.5,10.11,
2002-07-26,10.65,17.227739435756234,6.695,24.83,20.97,20.45,11.565,9.375,10.155,
2002-07-29,11.265,18.380042308990987,7.09,25.94,22.28,21.04,12.2,9.525,10.66,
2002-07-30,11.09,18.4206163538232,7.2,26.13,22.54,20.83,12.155,10.3,10.26,
2002-07-31,11.285,18.70463466764867,7.16,26.88,22.5,21.3,12.095,10.34,10.28,
2002-08-01,10.62,18.242090556561475,6.845,26.13,22.0,21.1,11.725,10.19,10.215,
2002-08-02,10.5,17.779546445474285,6.7,25.92,21.2,21.06,11.205,9.99,9.785,
2002-08-05,10.11,17.08167287436028,6.41,24.81,20.5,20.77,10.945,9.815,9.45,
2002-08-06,10.475,17.641594693044773,6.68,25.42,21.2,20.79,11.27,10.22,9.85,
2002-08-07,10.625,17.86880934410515,6.8,26.27,21.73,21.27,11.43,10.295,10.095,
2002-08-08,11.075,18.802012375245972,7.05,27.25,22.36,21.76,11.58,10.485,10.3,
2002-08-09,11.275,18.96430855457481,7.025,27.21,22.53,21.86,11.625,10.51,10.42,
2002-08-12,11.25,18.753323521447317,6.96,27.25,22.27,21.79,11.46,10.69,10.37,
2002-08-13,11.08,18.30700902829301,6.805,26.6,21.75,21.58,11.33,10.395,10.2,
2002-08-14,11.515,19.037341835272787,7.225,27.27,22.22,22.29,11.95,10.71,10.33,
2002-08-15,11.84,19.272671295299602,7.325,27.46,22.4,22.09,12.44,10.73,10.325,
2002-08-16,11.65,19.134719542870087,7.5,27.24,22.38,21.99,12.425,10.56,10.14,
2002-08-19,11.745,19.621608080856607,7.775,27.62,22.91,22.16,12.715,10.725,10.35,
2002-08-20,11.45,19.353819384964023,7.555,27.27,22.8,22.06,12.625,10.695,10.18,
2002-08-21,11.475,19.39439342979623,7.79,27.73,22.87,22.03,12.835,11.025,10.305,
2002-08-22,11.8,19.621608080856607,7.88,28.6,23.2,22.14,13.03,11.25,10.41,
2002-08-23,11.61,19.207752823568068,7.595,27.86,22.66,21.79,12.67,11.075,10.265,
2002-08-26,11.765,19.491771137393535,7.645,28.17,22.94,21.84,12.745,11.25,10.38,
2002-08-27,11.76,19.313245340131814,7.39,27.37,22.74,21.78,12.485,11.14,10.425,
2002-08-28,11.48,18.996767790440575,7.185,27.15,22.3,21.55,12.34,11.07,10.14,
2002-08-29,11.38,19.01299740837346,7.285,27.22,22.13,21.31,12.455,10.915,10.11,
2002-08-30,11.455,19.05357145320567,7.1,27.14,22.15,21.47,12.46,10.75,10.225,
2002-09-03,11.0,18.120368422064846,6.75,26.01,21.38,21.0,12.015,10.455,9.925,
2002-09-04,10.975,18.461190398655408,6.96,26.81,21.59,21.17,12.24,10.39,9.965,
2002-09-05,10.995,18.185286893796384,6.725,26.5,21.21,21.16,12.015,10.36,9.695,
2002-09-06,11.175,18.461190398655408,6.95,26.5,21.48,21.16,12.39,10.36,9.89,
2002-09-09,11.16,18.753323521447317,7.025,26.8,21.66,21.58,12.555,10.34,10.035,
2002-09-10,11.4,18.63971619591713,7.145,26.9,21.9,21.57,12.71,10.105,10.09,
2002-09-11,11.34,18.534223679353385,7.185,26.95,21.9,21.53,12.715,10.115,10.15,
2002-09-12,11.06,18.0148759055011,6.92,26.44,21.6,21.25,12.4,9.855,9.955,
2002-09-13,11.18,18.152827657930615,6.95,26.64,21.08,21.37,12.525,10.0,9.895,
2002-09-16,11.26,18.112253613098407,6.835,26.64,21.29,21.68,12.56,9.885,9.815,
2002-09-17,10.895,17.722742782709194,6.75,26.24,20.85,21.13,12.42,9.525,9.63,
2002-09-18,10.925,17.57667622131324,6.68,26.39,20.82,21.14,12.435,9.84,9.55,
2002-09-19,10.615,16.968065548830094,6.38,25.5,20.41,20.53,12.0,9.635,9.34,
2002-09-20,10.635,16.79765456053481,6.415,25.62,20.41,20.4,12.165,9.295,9.465,
2002-09-23,10.575,16.805769369501252,6.215,25.32,20.15,20.32,11.785,9.05,9.29,
2002-09-24,10.27,16.481177010843574,6.115,25.3,19.72,19.99,11.6,8.755,8.9,
2002-09-25,10.55,16.805769369501252,6.35,26.02,20.1,20.15,11.83,9.015,9.12,
2002-09-26,10.995,17.29265790748777,6.275,26.48,20.49,20.61,12.115,9.37,9.25,
2002-09-27,10.79,16.7570805157026,6.12,25.5,19.71,20.0,11.76,9.21,8.985,
2002-09-30,10.58,16.773310133635487,5.915,25.38,19.52,19.79,11.335,9.335,8.845,
2002-10-01,10.915,17.487413322682375,6.235,26.17,20.37,20.38,11.65,9.485,9.395,
2002-10-02,10.795,16.78953975156837,6.095,26.19,19.67,20.27,11.39,9.2,8.965,
2002-10-03,10.865,16.116010607353687,6.08,26.09,19.51,20.22,11.335,9.15,8.885,
2002-10-04,10.68,15.66969611419938,5.95,25.27,19.0,20.0,11.19,8.73,8.775,
2002-10-07,10.545,15.174692767246423,5.845,25.21,18.49,19.96,10.755,8.65,8.515,
2002-10-08,10.43,15.758959012830244,5.845,25.95,18.63,20.38,11.075,8.325,8.65,
2002-10-09,10.225,15.093544677582006,5.79,25.68,18.0,20.12,10.675,7.615,8.315,
2002-10-10,10.465,15.888795956293313,6.095,26.0,18.62,20.21,10.865,8.13,8.695,
2002-10-11,10.64,16.724621279836832,6.48,26.31,19.48,20.44,11.39,8.24,9.045,
2002-10-14,10.935,16.846343414333464,6.49,27.0,19.37,20.78,11.48,8.225,9.03,
2002-10-15,11.265,18.055449950333312,6.9,27.48,20.31,20.96,12.05,8.25,9.505,
2002-10-16,11.09,17.730857591675637,6.525,27.56,19.81,20.52,11.835,7.965,9.27,
2002-10-17,11.325,18.25832017449436,6.8,27.9,20.43,20.61,11.965,8.1,9.535,
2002-10-18,11.315,18.242090556561475,6.89,27.91,20.4,20.85,12.13,8.17,9.475,
2002-10-21,11.37,18.542338488319828,7.03,28.0,21.02,21.37,12.4,8.65,9.8,
2002-10-22,11.05,18.371927500024547,7.0,27.48,20.73,21.0,12.33,8.54,9.57,
2002-10-23,11.23,18.380042308990987,7.19,27.3,20.94,21.0,12.47,8.695,9.555,
2002-10-24,11.045,18.04733514136687,7.075,26.85,20.5,20.69,12.315,8.7,9.24,
2002-10-25,10.875,18.50176444348762,7.265,27.34,20.76,20.83,12.565,8.825,9.51,
2002-10-28,10.855,18.453075589688964,7.25,27.22,20.47,20.37,12.365,9.0,9.365,
2002-10-29,10.54,18.25020536552792,7.13,26.88,20.3,20.66,12.35,8.94,9.32,
2002-10-30,10.89,18.453075589688964,7.375,27.06,20.32,20.75,12.135,9.14,9.315,
2002-10-31,10.775,18.30700902829301,7.38,26.86,20.48,20.56,12.1,9.12,9.35,
2002-11-01,11.06,18.566682915219154,7.6,27.13,20.75,20.82,12.28,9.165,9.55,
2002-11-04,10.875,18.720864285581552,7.895,27.17,20.77,20.35,12.225,9.495,9.52,
2002-11-05,11.1,18.785782757313086,7.845,27.51,20.97,20.55,12.39,9.495,9.6,
2002-11-06,11.2,18.826356802145295,7.97,28.07,21.36,20.47,12.53,9.695,9.85,
2002-11-07,10.99,18.144712848964172,7.655,27.95,20.9,20.42,12.225,9.245,9.645,
2002-11-08,10.925,18.04733514136687,7.6,27.77,20.59,20.29,12.065,8.96,9.5,
2002-11-11,10.79,17.852579726172262,7.335,27.39,20.2,20.23,11.87,8.86,9.225,
2002-11-12,10.755,18.03922033240043,7.54,27.41,20.21,19.63,12.05,8.695,9.35,
2002-11-13,10.515,17.94995743376957,7.575,27.09,20.17,19.92,12.085,8.75,9.34,
2002-11-14,10.855,18.493649634521176,7.88,27.52,20.45,20.19,12.425,8.945,9.625,
2002-11-15,10.94,18.664060622816457,7.895,27.78,20.45,20.33,12.525,9.075,9.65,
2002-11-18,10.95,18.339468264158782,7.805,27.63,20.3,20.24,12.32,9.05,9.54,
2002-11-19,10.95,18.34758307312522,7.68,27.6,20.33,20.36,12.065,9.1,9.54,
2002-11-20,11.165,18.810127184212412,8.0,27.85,20.63,20.34,12.18,9.095,9.645,
2002-11-21,11.25,19.25644167736672,8.415,28.0,21.48,20.09,12.5,9.25,10.035,
2002-11-22,11.01,19.126604733903648,8.385,27.8,21.38,20.09,12.535,9.51,9.915,
2002-11-25,11.1,19.094145498037882,8.51,27.72,21.34,19.96,12.615,9.53,10.01,
2002-11-26,10.89,18.574797724185597,8.265,27.28,21.04,19.83,12.27,9.29,9.915,
2002-11-27,11.085,19.150949160802973,8.6,27.8,21.6,20.11,12.78,9.345,10.245,
2002-11-29,11.22,18.988652981474132,8.55,27.69,21.55,19.99,12.66,9.385,10.475,
2002-12-02,11.255,18.988652981474132,8.575,27.44,21.69,19.83,12.75,9.245,10.28,
2002-12-03,11.365,18.71274947661511,8.275,27.26,21.33,19.95,12.35,9.345,10.16,
2002-12-04,11.265,18.71274947661511,8.15,27.51,21.26,20.25,12.35,9.135,10.105,
2002-12-05,11.34,18.38815711795743,7.97,27.35,21.04,20.05,12.265,9.105,10.025,
2002-12-06,11.45,18.534223679353385,8.045,27.47,21.03,20.21,12.25,9.095,10.085,
2002-12-09,11.25,18.17717208482994,7.665,27.35,20.7,20.15,11.85,9.22,9.855,
2002-12-10,11.425,18.453075589688964,7.79,27.45,20.87,20.42,12.065,9.29,9.925,
2002-12-11,11.365,18.46930520762185,7.85,27.41,20.98,20.3,12.05,9.375,10.035,
2002-12-12,11.465,18.38815711795743,7.815,27.13,20.9,20.17,11.975,9.405,9.94,
2002-12-13,11.435,18.17717208482994,7.64,26.98,20.54,20.18,11.76,9.5,9.88,
2002-12-16,11.63,18.696519858682223,7.9,27.25,21.05,20.28,12.05,9.65,10.205,
2002-12-17,11.51,18.607256960051362,7.86,26.89,20.79,20.07,11.875,9.66,10.13,
2002-12-18,11.415,18.25832017449436,7.645,26.81,20.76,20.04,11.725,9.63,10.025,
2002-12-19,11.3,18.09602399516552,7.615,26.55,20.61,19.78,11.62,9.64,9.9,
2002-12-20,11.47,18.380042308990987,7.675,26.68,20.82,20.01,11.74,9.625,9.995,
2002-12-23,11.52,18.339468264158782,7.77,26.85,20.72,20.07,11.575,9.585,9.945,
2002-12-24,11.465,18.17717208482994,7.69,27.0,20.62,20.07,11.515,9.545,9.95,
2002-12-26,11.335,18.120368422064846,7.65,26.54,20.69,20.06,11.645,9.605,9.96,
2002-12-27,11.09,17.787661254440728,7.515,26.19,20.29,19.9,11.375,9.57,9.85,
2002-12-30,11.145,17.917498197903797,7.44,26.43,20.4,20.02,11.485,9.595,9.88,
2002-12-31,11.165,17.852579726172262,7.4,26.55,20.59,19.94,11.555,9.575,9.92,
2003-01-02,11.4,18.50176444348762,7.8,27.27,21.12,20.32,11.99,9.8,10.18,
2003-01-03,11.38,18.485534825554737,7.83,27.55,21.19,20.3,11.715,9.9,10.125,
2003-01-06,11.475,19.110375115970765,8.175,27.85,21.38,20.45,11.93,10.345,10.32,
2003-01-07,11.1,18.899390082843272,8.26,27.45,21.26,20.27,11.865,10.12,10.285,
2003-01-08,10.995,18.70463466764867,7.99,27.24,21.0,20.15,11.755,10.19,10.02,
2003-01-09,11.135,19.077915880104996,8.225,27.52,21.27,20.35,12.08,10.14,10.175,
2003-01-10,11.045,19.069801071138553,8.27,27.51,21.23,20.41,12.11,10.14,10.285,
2003-01-13,11.005,19.126604733903648,8.225,27.53,21.19,20.46,12.17,9.925,10.24,
2003-01-14,11.05,19.272671295299602,8.34,27.51,21.23,20.52,12.185,9.945,10.29,
2003-01-15,11.085,18.988652981474132,8.175,27.2,20.93,20.32,12.04,9.915,10.12,
2003-01-16,11.195,18.802012375245972,8.0,27.12,20.81,20.62,11.995,9.9,10.175,
2003-01-17,11.11,18.745208712480878,7.61,27.1,20.66,20.5,11.875,9.855,10.095,
2003-01-21,10.85,18.43684597175608,7.56,26.9,20.15,20.35,11.54,9.65,9.875,
2003-01-22,10.82,18.144712848964172,7.51,26.83,19.77,20.11,11.375,9.565,9.755,
2003-01-23,10.85,18.4206163538232,7.64,26.91,20.13,19.97,11.64,9.74,9.9,
2003-01-24,10.66,17.71462797374275,7.34,26.32,19.51,19.53,11.315,9.49,9.68,
2003-01-27,10.325,17.446839277850167,7.26,25.74,19.36,19.27,11.135,9.125,9.38,
2003-01-28,10.5,17.698398355809864,7.36,26.18,19.48,19.33,11.3,9.4,9.46,
2003-01-29,10.84,17.730857591675637,7.465,26.43,19.5,19.12,11.4,9.395,9.535,
2003-01-30,10.67,17.28454309852133,7.235,25.94,19.16,18.77,11.075,9.245,9.325,
2003-01-31,10.885,17.625365075111887,7.225,26.46,19.48,19.26,11.17,9.35,9.425,
2003-02-03,10.97,17.6659391199441,7.29,26.35,19.65,19.33,11.21,9.38,9.45,
2003-02-04,11.045,17.243969053689117,7.165,26.04,19.48,19.34,10.98,9.335,9.41,
2003-02-05,10.965,17.08167287436028,7.14,25.85,19.5,19.2,10.95,9.195,9.385,
2003-02-06,10.92,16.87880265019923,7.1,25.8,19.34,19.05,10.91,9.11,9.275,
2003-02-07,10.82,16.765195324669044,7.02,25.75,19.15,18.92,10.825,8.95,9.23,
2003-02-10,10.96,16.87880265019923,7.095,25.94,19.17,19.05,10.83,8.98,9.275,
2003-02-11,10.89,16.643473190172415,7.07,25.64,18.97,18.69,10.87,8.83,9.17,
2003-02-12,10.7,16.432488157044926,6.975,25.35,18.81,18.69,10.78,8.525,9.15,
2003-02-13,10.65,16.55421029154155,6.995,25.05,18.57,18.71,10.645,8.645,9.175,
2003-02-14,10.735,16.92749150399788,7.215,25.32,19.0,19.05,10.875,8.79,9.18,
2003-02-18,10.91,17.19528019989047,7.45,25.94,19.21,19.18,11.175,8.885,9.385,
2003-02-19,10.9,17.154706155058257,7.4,25.82,19.3,19.03,11.02,8.89,9.3,
2003-02-20,10.875,16.99240997572942,7.285,25.53,19.2,18.84,10.915,8.885,9.205,
2003-02-21,11.115,17.243969053689117,7.375,25.79,19.5,18.95,11.08,9.0,9.355,
2003-02-24,11.21,16.78953975156837,7.25,25.45,18.85,18.69,10.77,8.94,9.125,
2003-02-25,11.15,16.951835930897207,7.27,25.62,19.15,18.83,10.99,9.0,9.105,
2003-02-26,11.18,16.7570805157026,7.08,25.48,19.0,18.73,10.84,8.845,9.145,
2003-02-27,11.115,17.00052478469586,7.15,25.8,19.13,18.75,10.99,8.86,9.155,
2003-02-28,11.205,17.08167287436028,7.26,25.87,19.18,18.67,11.12,8.85,9.175,
2003-03-03,11.245,16.895032268132116,7.135,25.74,19.1,18.52,10.95,8.91,9.14,
2003-03-04,11.19,16.651587999138858,7.055,25.46,18.75,18.36,10.645,8.855,8.92,
2003-03-05,11.29,16.886917459165673,7.125,25.7,18.9,18.22,10.78,8.945,8.955,
2003-03-06,11.3,16.651587999138858,7.035,25.75,18.76,18.1,10.655,8.945,8.8,
2003-03-07,11.3,16.79765456053481,7.0,26.0,18.83,18.12,10.815,8.975,8.85,
2003-03-10,11.185,16.189043888051664,6.855,25.56,18.35,17.82,10.56,8.765,8.68,
2003-03-11,11.075,15.921255192159084,6.82,25.22,18.01,18.0,10.47,8.75,8.615,
2003-03-12,10.9,15.945599619058408,6.91,25.3,18.22,18.14,10.45,8.765,8.625,
2003-03-13,10.945,16.62724357223953,7.28,25.66,18.75,18.54,11.005,8.92,9.01,
2003-03-14,10.9,16.700276852937506,7.305,25.45,19.05,18.51,11.025,8.955,9.06,
2003-03-17,11.04,17.21150981782335,7.64,26.17,19.59,19.04,11.555,9.155,9.365,
2003-03-18,11.25,17.30888752542065,7.675,26.45,19.85,18.9,11.48,9.26,9.55,
2003-03-19,11.265,17.560446603380353,7.66,26.75,19.97,19.22,11.7,9.21,9.515,
2003-03-20,11.375,17.584791030279682,7.65,26.72,19.96,19.18,11.79,9.315,9.53,
2003-03-21,11.19,17.94995743376957,7.765,27.34,20.58,19.49,12.14,9.37,9.83,
2003-03-24,11.025,17.325117143353538,7.45,26.57,19.85,18.97,11.585,9.14,9.445,
2003-03-25,11.125,17.45495408681661,7.555,27.1,19.89,18.98,11.755,9.265,9.455,
2003-03-26,11.15,17.37380599715219,7.53,26.89,19.89,18.91,11.77,9.185,9.43,
2003-03-27,11.24,17.268313480588446,7.445,26.99,19.84,18.95,11.725,9.23,9.32,
2003-03-28,11.34,17.25208386265556,7.35,27.03,19.62,18.75,11.605,9.245,9.34,
2003-03-31,11.16,16.846343414333464,7.15,26.72,19.31,18.57,11.365,9.2,9.19,
2003-04-01,11.37,17.29265790748777,7.235,27.09,19.58,18.51,11.5,9.265,9.29,
2003-04-02,11.345,17.74708720960852,7.545,27.49,20.02,18.9,11.8,9.27,9.48,
2003-04-03,11.135,17.6659391199441,7.525,27.42,20.0,18.77,11.86,9.235,9.385,
2003-04-04,11.195,17.84446491720582,7.44,27.53,20.05,18.85,11.945,9.35,9.44,
2003-04-07,11.11,17.909383388937357,7.46,27.29,20.2,18.75,12.05,9.35,9.515,
2003-04-08,10.975,17.909383388937357,7.385,27.32,20.12,18.97,12.06,9.29,9.455,
2003-04-09,10.97,17.65782431097766,7.225,26.96,19.88,18.82,11.9,9.27,9.29,
2003-04-10,11.12,17.803890872373614,7.27,26.91,19.91,18.88,12.035,9.35,9.325,
2003-04-11,11.055,17.79577606340717,7.205,26.78,19.94,18.92,11.91,9.32,9.305,
2003-04-14,11.11,18.152827657930615,7.38,27.22,20.28,19.25,12.215,9.44,9.49,
2003-04-15,11.08,18.461190398655408,7.395,27.05,20.45,19.32,12.305,9.56,9.655,
2003-04-16,10.93,18.20963132069571,7.45,26.41,20.17,18.77,12.135,9.55,9.525,
2003-04-17,11.15,18.534223679353385,7.605,26.67,20.5,19.1,12.365,9.57,9.66,
2003-04-21,11.145,18.46930520762185,7.575,26.74,20.32,18.96,12.37,9.66,9.645,
2003-04-22,11.3,19.037341835272787,7.74,27.19,20.93,19.3,12.62,9.795,9.845,
2003-04-23,11.3,19.1752935877023,7.87,27.42,21.1,19.26,12.75,9.795,9.92,
2003-04-24,11.26,18.777667948346643,7.8,27.59,20.9,19.13,12.55,9.885,9.865,
2003-04-25,11.12,18.574797724185597,7.655,27.21,20.74,18.84,12.36,9.86,9.715,
2003-04-28,11.17,18.899390082843272,7.815,27.43,21.11,19.11,12.645,9.995,9.885,
2003-04-29,11.015,18.923734509742598,7.895,27.6,21.17,19.28,12.75,10.01,9.97,
2003-04-30,11.065,18.96430855457481,7.805,27.6,21.4,19.12,12.695,9.995,10.02,
2003-05-01,11.12,18.956193745608367,7.88,27.68,21.08,19.1,12.58,9.86,9.95,
2003-05-02,11.295,19.25644167736672,8.045,28.1,21.37,19.25,12.7,9.94,10.08,
2003-05-05,11.365,19.1752935877023,8.025,28.14,21.3,19.13,12.655,9.98,10.055,
2003-05-06,11.35,19.321360149098254,8.17,28.19,21.36,19.23,12.82,9.965,10.12,
2003-05-07,11.425,19.199638014601625,8.07,27.95,21.33,19.28,12.81,9.95,10.05,
2003-05-08,11.44,18.980538172507693,7.94,27.85,21.13,19.19,12.69,9.935,9.95,
2003-05-09,11.515,19.10226030700432,8.16,28.16,21.45,19.43,12.835,10.0,10.135,
2003-05-12,11.57,19.321360149098254,8.285,28.44,21.61,19.6,13.03,10.075,10.28,
2003-05-13,11.7,19.26455648633316,8.27,28.5,21.54,19.51,13.015,10.095,10.21,
2003-05-14,11.75,19.25644167736672,8.24,28.45,21.47,19.36,12.915,10.14,10.15,
2003-05-15,11.755,19.451197092561323,8.325,28.72,21.7,19.51,12.945,10.295,10.21,
2003-05-16,11.795,19.499885946359978,8.25,28.65,21.6,19.4,12.965,10.51,10.165,
2003-05-19,11.675,18.97242336354125,7.95,27.68,21.04,19.21,12.575,10.345,9.975,
2003-05-20,11.63,18.988652981474132,7.965,27.34,21.16,19.33,12.58,10.39,9.945,
2003-05-21,11.975,19.029227026306344,7.975,27.54,21.04,19.48,12.635,10.365,10.01,
2003-05-22,11.95,19.08603068907144,8.06,27.85,21.2,19.74,12.85,10.55,10.095,
2003-05-23,12.06,19.159063969769417,8.07,27.74,21.28,19.64,12.805,10.95,10.11,
2003-05-27,12.3,19.508000755326417,8.28,28.14,21.8,19.83,13.1,11.11,10.29,
2003-05-28,12.155,19.743330215353232,8.335,28.09,21.72,19.95,13.105,11.06,10.26,
2003-05-29,12.04,19.532345182225743,8.355,27.86,21.48,19.85,13.09,10.895,10.175,
2003-05-30,12.24,19.9299708215814,8.475,28.17,21.98,20.06,13.37,11.005,10.33,
2003-06-02,12.305,20.108496618843123,8.43,27.95,22.2,20.02,13.495,11.1,10.43,
2003-06-03,12.395,20.22210394437331,8.505,28.17,22.23,20.22,13.475,11.145,10.435,
2003-06-04,12.475,20.51423706716522,8.685,28.66,22.52,20.37,13.685,11.3,10.61,
2003-06-05,12.41,20.64407401062829,8.685,28.93,22.58,20.39,13.76,11.17,10.635,
2003-06-06,12.385,20.62784439269541,8.6,29.19,22.77,20.32,13.69,11.05,10.615,
2003-06-09,12.365,20.197759517473983,8.475,28.89,22.47,20.28,13.495,11.04,10.435,
2003-06-10,12.44,20.368170505769264,8.595,29.11,22.59,20.34,13.645,11.09,10.51,
2003-06-11,12.8,20.67653324649406,8.65,29.44,23.04,20.49,13.795,11.175,10.61,
2003-06-12,12.685,20.635959201661848,8.69,29.5,23.1,20.56,13.88,11.31,10.7,
2003-06-13,12.47,20.56292592096387,8.5,29.32,22.85,20.36,13.73,11.16,10.56,
2003-06-16,12.46,21.066044076883273,8.71,30.21,23.4,20.77,14.05,11.375,10.775,
2003-06-17,12.34,21.05792926791683,8.75,30.81,23.41,20.64,14.05,11.32,10.815,
2003-06-18,12.265,20.85505904375578,8.835,30.73,23.29,20.61,13.92,11.375,10.705,
2003-06-19,12.33,20.36005569680282,8.77,30.07,22.86,20.38,13.69,11.41,10.655,
2003-06-20,12.225,20.327596460937055,8.76,30.2,22.92,20.29,13.69,11.26,10.545,
2003-06-23,12.19,20.01111891124582,8.585,29.7,22.64,20.18,13.52,11.14,10.35,
2003-06-24,12.18,20.124726236776006,8.55,29.72,22.65,20.4,13.52,11.07,10.375,
2003-06-25,12.2,19.994889293312937,8.465,29.56,22.3,20.11,13.44,11.05,10.305,
2003-06-26,12.145,20.165300281608218,8.625,29.98,22.57,20.24,13.54,11.155,10.46,
2003-06-27,12.1,19.994889293312937,8.56,29.52,22.35,20.13,13.46,11.01,10.37,
2003-06-30,12.025,19.92185601261496,8.535,29.33,22.39,20.16,13.545,11.06,10.365,
2003-07-01,12.015,20.157185472641775,8.655,29.49,22.44,20.33,13.515,10.985,10.34,
2003-07-02,12.0,20.408744550601472,8.835,29.77,22.5,20.46,13.64,11.065,10.47,
2003-07-03,11.98,20.311366843004173,8.73,29.59,22.48,20.34,13.625,11.0,10.395,
2003-07-07,11.9,20.660303628561174,9.03,29.8,22.78,20.49,13.9,11.02,10.535,
2003-07-08,11.88,20.798255380990685,9.1,29.81,22.95,20.51,14.095,10.935,10.52,
2003-07-09,12.0,20.76579614512492,9.09,29.63,22.7,20.24,13.92,10.855,10.485,
2003-07-10,11.82,20.465548213366567,8.88,29.31,22.4,20.16,13.74,10.66,10.305,
2003-07-11,11.855,20.749566527192034,9.005,29.65,22.63,20.3,13.945,10.725,10.37,
2003-07-14,11.75,21.13907735758125,9.045,29.62,22.55,20.25,14.02,10.71,10.41,
2003-07-15,11.65,21.02547003205106,9.06,29.51,22.41,20.36,13.935,10.5,10.335,
2003-07-16,11.54,20.919977515487318,9.03,29.34,22.36,20.15,13.895,10.325,10.29,
2003-07-17,11.615,20.571040729930314,8.755,29.15,22.3,20.08,13.735,10.3,10.27,
2003-07-18,11.88,20.82259980789001,8.775,29.42,22.6,20.26,13.825,10.46,10.5,
2003-07-21,11.815,20.579155538896753,8.58,28.96,22.5,20.09,13.67,10.31,10.46,
2003-07-22,11.785,20.782025763057803,8.765,28.91,22.78,20.3,13.77,10.485,10.675,
2003-07-23,11.72,20.71710729132627,8.815,29.12,22.71,20.21,13.71,10.42,10.7,
2003-07-24,11.61,20.62784439269541,8.69,28.89,22.71,20.07,13.695,10.415,10.825,
2003-07-25,11.715,21.11473293068192,8.875,29.12,23.22,20.23,13.875,10.5,11.075,
2003-07-28,11.665,21.033584841017504,8.89,29.05,23.24,20.11,13.945,10.425,11.075,
2003-07-29,11.5,20.80637018995713,8.805,28.92,22.92,20.0,13.855,10.38,11.045,
2003-07-30,11.515,20.814484998923568,8.74,29.04,22.92,20.13,13.765,10.305,11.05,
2003-07-31,11.6,20.790140572024246,8.8,28.89,23.13,20.13,13.795,10.32,11.18,
2003-08-01,11.57,20.38440012370215,8.755,28.45,22.95,19.93,13.78,10.275,11.065,
2003-08-04,11.45,20.408744550601472,8.83,28.5,23.0,20.01,13.675,10.275,11.09,
2003-08-05,11.4,20.076037382977354,8.61,28.03,22.61,19.77,13.45,10.115,10.885,
2003-08-06,11.6,20.351940887836378,8.53,28.01,22.57,19.89,13.495,10.175,10.865,
2003-08-07,11.89,20.449318595433684,8.505,28.46,22.71,20.06,13.61,10.27,10.875,
2003-08-08,11.925,20.546696303030988,8.495,28.57,22.74,20.18,13.74,10.32,10.985,
2003-08-11,11.98,20.506122258198776,8.535,28.51,22.92,20.15,13.8,10.32,11.04,
2003-08-12,12.065,20.749566527192034,8.665,28.59,23.14,20.31,13.985,10.46,11.1,
2003-08-13,12.055,20.59538515682964,8.65,28.18,23.06,20.24,13.935,10.36,11.09,
2003-08-14,12.1,20.790140572024246,8.725,28.16,23.33,20.35,14.0,10.4,11.27,
2003-08-15,12.14,20.773910954091363,8.685,28.1,23.55,20.42,14.1,10.38,11.225,
2003-08-18,12.14,20.798255380990685,8.94,28.29,23.9,20.46,14.18,10.355,11.375,
2003-08-19,12.085,20.773910954091363,9.06,28.14,24.04,20.35,14.195,10.365,11.495,
2003-08-20,12.14,20.725222100292708,9.01,28.06,23.9,20.28,14.28,10.465,11.475,
2003-08-21,12.255,20.725222100292708,9.095,27.9,24.18,20.35,14.39,10.505,11.545,
2003-08-22,12.065,20.327596460937055,9.08,27.48,23.95,20.17,14.195,10.36,11.355,
2003-08-25,12.065,20.400629741635033,9.025,27.68,23.73,20.29,14.15,10.41,11.3,
2003-08-26,12.075,20.44120378646724,9.075,27.7,23.87,20.32,14.245,10.44,11.315,
2003-08-27,12.125,20.36005569680282,9.135,27.72,23.85,20.4,14.265,10.475,11.355,
2003-08-28,12.325,20.449318595433684,9.19,27.74,24.04,20.46,14.365,10.5,11.475,
2003-08-29,12.34,20.546696303030988,9.22,27.82,24.03,20.47,14.5,10.525,11.49,
2003-09-02,12.42,20.911862706520875,9.42,28.24,24.38,20.7,14.7,10.72,11.625,
2003-09-03,12.425,20.952436751353083,9.52,28.13,24.58,20.75,14.695,10.755,11.63,
2003-09-04,12.405,20.863173852722223,9.61,28.2,24.56,20.85,14.74,10.76,11.525,
2003-09-05,12.35,20.76579614512492,9.56,28.13,24.29,20.63,14.595,10.74,11.48,
2003-09-08,12.52,20.968666369285966,9.735,28.63,24.41,20.69,14.6,10.82,11.58,
2003-09-09,12.385,20.863173852722223,9.63,28.72,24.15,20.46,14.315,10.795,11.535,
2003-09-10,12.255,20.522351876131662,9.345,28.76,23.87,20.45,14.135,10.78,11.315,
2003-09-11,12.23,20.611614774762522,9.455,28.92,24.07,20.56,14.25,10.75,11.35,
2003-09-12,12.245,20.64407401062829,9.465,28.98,24.06,20.61,14.2,10.83,11.53,
2003-09-15,12.165,20.64407401062829,9.41,28.9,24.09,20.59,14.25,10.77,11.485,
2003-09-16,12.185,20.887518279621546,9.65,29.08,24.4,20.6,14.46,10.865,11.545,
2003-09-17,12.025,20.919977515487318,9.635,29.01,24.3,20.7,14.455,10.835,11.375,
2003-09-18,12.075,21.423095671406713,9.77,29.11,24.59,20.83,14.55,10.955,11.46,
2003-09-19,12.125,21.277029110010762,9.78,28.79,24.4,20.71,14.445,10.875,11.45,
2003-09-22,12.055,20.968666369285966,9.595,28.4,24.08,20.54,14.225,10.815,11.265,
2003-09-23,12.125,21.11473293068192,9.65,28.64,24.17,20.66,14.355,10.865,11.3,
2003-09-24,12.185,20.749566527192034,9.32,28.13,23.7,20.48,14.075,10.735,11.125,
2003-09-25,12.075,20.65218881959473,9.25,27.94,23.52,20.46,14.02,10.755,10.945,
2003-09-26,11.965,20.538581494064545,9.2,27.81,23.27,20.41,13.865,10.855,10.915,
2003-09-29,12.025,20.757681336158477,9.35,27.94,23.51,20.41,13.845,10.97,11.085,
2003-09-30,12.025,20.619729583728965,9.14,27.81,23.29,20.32,13.79,10.95,10.915,
2003-10-01,12.2,21.13907735758125,9.34,28.31,23.75,20.69,14.17,10.965,11.1,
2003-10-02,12.28,21.17965140241346,9.32,28.5,23.86,20.69,14.245,11.07,11.18,
2003-10-03,12.35,21.341947581742296,9.605,28.37,24.1,20.85,14.405,11.095,11.315,
2003-10-06,12.425,21.4393252893396,9.655,28.26,24.11,20.92,14.51,11.08,11.31,
2003-10-07,12.485,21.569162232802668,9.72,28.24,24.23,21.03,14.57,11.045,11.36,
2003-10-08,12.4,21.536702996936903,9.65,28.09,24.12,20.97,14.465,11.005,11.4,
2003-10-09,12.36,21.593506659701998,9.69,28.13,24.28,21.0,14.65,11.025,11.445,
2003-10-10,12.45,21.593506659701998,9.77,28.06,24.14,20.99,14.68,10.99,11.41,
2003-10-13,12.5,21.93432863629256,9.8,28.14,24.24,21.07,14.83,11.06,11.53,
2003-10-14,12.45,22.06416557975563,9.775,28.18,24.36,21.18,14.91,11.09,11.605,
2003-10-15,12.27,22.007361916990536,9.835,28.12,24.4,21.15,14.85,10.95,11.595,
2003-10-16,12.4,22.03170634388986,9.87,28.27,24.41,21.18,14.915,11.0,11.635,
2003-10-17,12.315,21.836950928695256,9.71,27.95,24.24,21.05,14.705,10.93,11.525,
2003-10-20,12.31,21.8450657376617,9.825,28.09,24.3,21.06,14.69,10.985,11.57,
2003-10-21,12.35,21.836950928695256,9.88,28.35,24.26,21.03,14.735,10.97,11.6,
2003-10-22,12.185,21.528588187970463,9.735,27.59,23.98,20.93,14.53,10.965,11.405,
2003-10-23,12.165,21.674654749366418,9.66,27.87,24.04,20.93,14.53,10.985,11.455,
2003-10-24,12.16,21.65031032246709,9.515,27.95,24.05,20.91,14.545,10.95,11.435,
2003-10-27,12.11,21.65031032246709,9.565,27.88,24.06,20.9,14.705,10.995,11.515,
2003-10-28,12.145,21.926213827326116,9.795,28.1,24.34,21.13,15.035,10.965,11.615,
2003-10-29,12.12,21.958673063191885,9.81,28.02,24.5,21.23,15.005,10.955,11.77,
2003-10-30,11.955,21.991132299057654,9.8,27.76,24.69,21.2,15.055,11.045,11.975,
2003-10-31,12.14,22.04793596182275,9.81,28.0,24.73,21.24,15.045,11.025,11.955,
2003-11-03,12.065,22.283265421849563,10.04,27.92,24.85,21.43,15.16,11.08,11.98,
2003-11-04,12.025,22.169658096319374,9.955,27.74,24.92,21.3,15.07,11.025,11.96,
2003-11-05,12.06,22.120969242520722,9.985,27.71,24.9,21.27,15.055,11.02,11.915,
2003-11-06,12.075,22.22646175908447,10.065,27.85,25.03,21.4,15.165,10.975,11.95,
2003-11-07,12.105,21.991132299057654,10.025,27.6,24.94,21.4,15.205,10.905,11.995,
2003-11-10,12.085,22.015476725956976,9.895,27.39,24.71,21.34,15.025,10.88,11.825,
2003-11-11,12.08,21.942443445259,9.87,27.45,24.62,21.36,15.0,10.89,11.795,
2003-11-12,12.15,22.11285443355428,10.08,27.96,25.02,21.52,15.15,10.915,11.98,
2003-11-13,12.26,22.0398211528563,9.995,28.61,25.01,21.27,15.095,10.93,11.97,
2003-11-14,12.285,21.755802839030835,9.86,29.03,24.82,21.15,14.93,10.915,11.9,
2003-11-17,12.16,21.69899917626574,9.725,28.94,24.75,21.17,14.795,10.825,11.82,
2003-11-18,12.075,21.447440098306043,9.605,28.77,24.63,21.09,14.605,10.63,11.785,
2003-11-19,12.105,21.60973627763488,9.71,29.07,24.85,21.2,14.7,10.765,11.79,
2003-11-20,12.075,21.423095671406713,9.56,28.69,24.67,21.05,14.685,10.74,11.7,
2003-11-21,11.985,21.544817805903346,9.64,28.34,24.69,21.1,14.75,10.72,11.73,
2003-11-24,12.05,21.747688030064396,9.885,28.8,24.99,21.39,15.045,10.885,11.885,
2003-11-25,12.12,21.86941016456102,9.875,28.66,25.19,21.44,15.19,10.945,12.055,
2003-11-26,12.235,21.999247108024093,9.915,28.66,25.19,21.41,15.185,11.025,12.2,
2003-11-28,12.235,21.966787872158328,9.95,28.6,25.22,21.49,15.18,11.05,12.225,
2003-12-01,12.36,22.218346950118026,10.05,29.06,25.59,21.45,15.325,11.08,12.59,
2003-12-02,12.445,22.15342847838649,10.005,29.08,25.54,21.26,15.21,11.1,12.575,
2003-12-03,12.375,22.11285443355428,9.97,29.15,25.56,21.27,15.15,11.08,12.68,
2003-12-04,12.675,22.169658096319374,10.095,29.2,25.64,21.36,15.115,11.105,12.765,
2003-12-05,12.765,21.991132299057654,9.915,28.98,25.45,21.29,14.96,11.165,12.65,
2003-12-08,12.905,22.1940025232187,9.94,29.2,25.68,21.34,15.025,11.195,12.86,
2003-12-09,12.915,21.999247108024093,9.725,29.08,25.68,21.26,14.95,11.1,12.84,
2003-12-10,12.925,21.877524973527464,9.78,28.88,25.63,21.28,14.88,11.15,12.69,
2003-12-11,12.99,22.129084051487165,9.965,29.24,26.03,21.27,15.11,11.2,12.815,
2003-12-12,13.135,22.1940025232187,9.975,29.33,26.07,21.41,15.19,11.225,12.925,
2003-12-15,12.97,22.13719886045361,9.85,29.28,26.1,21.27,15.125,11.185,12.91,
2003-12-16,13.165,22.33195427564821,9.9,29.39,26.26,21.48,15.09,11.255,12.91,
2003-12-17,13.29,22.250806185983794,9.885,29.45,26.29,21.46,15.23,11.305,12.985,
2003-12-18,13.645,22.4455616011784,10.05,29.67,26.59,21.57,15.425,11.45,13.095,
2003-12-19,13.56,22.380643129446863,9.945,29.52,26.48,21.4,15.43,11.37,13.025,
2003-12-22,13.575,22.502365263943496,9.96,29.51,26.64,21.52,15.48,11.475,13.155,
2003-12-23,13.48,22.53482449980926,10.04,29.53,26.7,21.53,15.53,11.535,13.185,
2003-12-24,13.625,22.53482449980926,10.02,29.62,26.6,21.46,15.47,11.555,13.135,
2003-12-26,13.68,22.52670969084282,10.04,29.7,26.55,21.48,15.54,11.57,13.24,
2003-12-29,13.84,22.835072431567614,10.22,29.94,26.89,21.62,15.68,11.655,13.45,
2003-12-30,13.87,22.883761285366266,10.205,30.02,26.73,21.65,15.63,11.685,13.37,
2003-12-31,13.775,22.82695762260117,10.19,30.15,26.76,21.78,15.745,11.665,13.345,
2004-01-02,13.77,22.794498386735402,10.24,30.22,26.74,21.52,15.61,11.635,13.28,
2004-01-05,14.035,22.98113899296357,10.49,30.36,27.0,21.66,15.745,11.655,13.55,
2004-01-06,14.02,22.973024183997126,10.585,30.45,26.96,21.71,15.805,11.63,13.43,
2004-01-07,13.875,22.98925380193001,10.635,30.64,27.0,21.62,15.875,11.69,13.36,
2004-01-08,13.915,23.07040189159443,10.845,30.51,27.17,21.59,15.825,11.685,13.51,
2004-01-09,13.985,22.98925380193001,10.7,30.32,26.9,21.43,15.76,11.645,13.275,
2004-01-12,14.025,23.08663150952731,10.865,30.27,26.99,21.53,15.725,11.64,13.25,
2004-01-13,14.03,22.973024183997126,10.71,30.14,26.88,21.5,15.7,11.585,13.08,
2004-01-14,13.995,23.15154998125885,10.84,30.31,27.25,21.58,15.825,11.725,13.135,
2004-01-15,13.76,23.346305396453456,10.885,30.39,27.29,21.6,15.87,11.685,13.035,
2004-01-16,13.89,23.419338677151433,11.025,30.46,27.8,21.59,15.87,11.665,13.03,
2004-01-20,14.24,23.386879441285664,11.05,30.36,27.46,21.52,15.755,11.75,13.08,
2004-01-21,14.325,23.73581622684267,10.965,30.87,27.65,21.61,15.95,11.955,13.09,
2004-01-22,14.255,23.73581622684267,10.86,30.93,27.52,21.54,16.075,12.0,12.955,
2004-01-23,14.38,23.62220890131248,10.825,30.78,27.42,21.72,16.025,11.895,12.705,
2004-01-26,14.465,23.94680125997016,11.025,31.17,27.77,21.93,16.055,11.825,12.825,
2004-01-27,14.435,23.78450508064132,10.855,30.97,27.5,21.82,15.945,11.785,12.79,
2004-01-28,14.23,23.36253501438634,10.675,30.7,27.07,21.6,15.565,11.83,12.685,
2004-01-29,14.22,23.557290429580945,10.62,31.15,27.08,21.9,15.665,11.925,12.605,
2004-01-30,14.085,23.57352004751383,10.625,30.98,27.03,21.78,15.655,11.905,12.755,
2004-02-02,14.165,23.711471799943343,10.625,31.38,26.98,21.87,15.61,11.835,12.695,
2004-02-03,14.11,23.73581622684267,10.64,31.58,26.88,21.98,15.525,11.94,12.625,
2004-02-04,14.01,23.541060811648062,10.38,31.68,26.75,22.11,15.505,11.745,12.54,
2004-02-05,13.885,23.53294600268162,10.395,31.52,27.0,22.25,15.625,11.675,12.695,
2004-02-06,13.98,23.930571642037275,10.615,31.76,27.12,22.42,15.79,11.775,12.955,
2004-02-09,14.15,23.833193934439972,10.535,31.45,27.05,22.45,15.81,11.845,12.965,
2004-02-10,14.34,23.90622721513795,10.62,31.59,27.03,22.54,15.945,11.945,13.035,
2004-02-11,14.535,24.271393618627837,10.705,31.88,27.33,22.51,16.105,11.935,13.355,
2004-02-12,14.58,24.230819573795625,10.605,31.68,27.31,22.55,16.025,11.9,13.315,
2004-02-13,14.545,24.182130719996977,10.54,31.54,27.18,22.41,15.865,11.885,13.21,
2004-02-17,14.67,24.360656517258697,10.695,31.74,27.39,22.61,16.07,11.975,13.35,
2004-02-18,14.515,24.230819573795625,10.645,31.6,27.25,22.58,15.975,12.015,13.295,
2004-02-19,14.5,24.222704764829185,10.485,31.49,27.04,22.69,15.99,11.935,13.38,
2004-02-20,14.495,24.157786293097647,10.435,31.32,26.99,22.87,15.87,11.82,13.265,
2004-02-23,14.61,24.157786293097647,10.295,31.26,26.89,23.0,15.755,11.865,13.27,
2004-02-24,14.635,24.060408585500344,10.305,31.4,26.89,22.86,15.785,11.8,13.33,
2004-02-25,14.705,24.16590110206409,10.385,31.44,26.82,22.93,15.87,11.92,13.35,
2004-02-26,14.755,24.190245528963416,10.41,31.4,26.84,22.93,15.97,12.0,13.35,
2004-02-27,14.825,24.24704919172851,10.355,31.31,26.83,23.02,15.995,12.13,13.42,
2004-03-01,15.11,24.41746018002379,10.48,31.4,26.97,23.28,16.095,12.19,13.64,
2004-03-02,14.98,24.295738045527163,10.44,31.2,26.88,23.05,16.05,12.135,13.47,
2004-03-03,14.96,24.441804606923117,10.39,31.33,26.87,23.17,16.065,12.13,13.39,
2004-03-04,14.915,24.50672307865465,10.48,31.47,26.97,23.12,16.13,12.215,13.465,
2004-03-05,15.045,24.717708111782144,10.4,31.63,27.03,23.13,16.245,12.31,13.46,
2004-03-08,15.11,24.587871168319072,10.175,31.6,26.57,23.12,16.02,12.275,13.315,
2004-03-09,15.01,24.425574988990235,10.175,31.24,26.39,23.12,15.915,12.205,13.115,
2004-03-10,14.75,24.03606415860102,9.995,30.76,25.9,23.06,15.72,12.065,12.75,
2004-03-11,14.42,23.64655332821181,9.885,30.17,25.51,22.62,15.43,11.89,12.635,
2004-03-12,14.63,23.99549011376881,10.08,30.25,25.95,22.62,15.675,12.005,12.84,
2004-03-15,14.66,23.64655332821181,9.89,29.98,25.63,22.4,15.365,11.97,12.53,
2004-03-16,14.655,23.86565317030574,9.95,30.19,25.92,22.44,15.5,12.085,12.65,
2004-03-17,14.86,24.141556675164765,10.075,30.16,26.24,22.71,15.72,12.275,12.81,
2004-03-18,15.01,24.149671484131208,10.01,30.13,26.27,22.7,15.68,12.22,12.805,
2004-03-19,14.64,23.776390271674877,9.875,29.58,25.85,22.57,15.57,12.05,12.76,
2004-03-22,14.5,23.468027530950085,9.715,29.21,25.5,22.27,15.33,11.91,12.48,
2004-03-23,14.4,23.459912721983642,9.7,29.31,25.43,22.23,15.3,11.905,12.545,
2004-03-24,14.095,23.28138692472192,9.75,29.15,25.43,22.29,15.375,11.93,12.49,
2004-03-25,14.04,23.524831193715176,10.06,29.31,25.85,22.6,15.645,11.95,12.815,
2004-03-26,14.2,23.508601575782293,10.0,29.43,25.99,22.47,15.63,11.99,12.85,
2004-03-29,14.275,23.808849507540646,10.13,29.83,26.3,22.74,15.775,12.065,13.035,
2004-03-30,14.535,23.971145686869484,10.145,29.76,26.46,22.88,15.895,12.11,13.13,
2004-03-31,14.67,23.857538361339298,10.08,29.93,26.41,22.88,15.875,12.16,13.065,
2004-04-01,14.5,24.109097439299,10.185,30.14,26.56,22.79,15.945,12.195,13.16,
2004-04-02,14.565,24.01983454066814,10.44,30.5,26.86,22.82,16.09,12.135,13.38,
2004-04-05,14.64,24.08475301239967,10.53,30.85,27.18,22.9,16.255,12.17,13.335,
2004-04-06,14.64,24.068523394466787,10.42,30.75,27.16,23.01,16.22,12.175,13.4,
2004-04-07,14.64,24.00360492273525,10.355,30.61,27.1,22.95,16.1,12.05,13.245,
2004-04-08,14.77,23.963030877903044,10.375,30.4,26.95,22.83,16.0,12.04,13.17,
2004-04-12,15.05,24.109097439299,10.4,30.65,27.22,22.92,16.135,11.85,13.32,
2004-04-13,14.92,23.597864474413154,10.27,30.38,26.8,22.69,15.835,11.635,13.03,
2004-04-14,14.95,23.313846160587687,10.26,30.69,26.78,22.85,15.81,11.65,13.075,
2004-04-15,15.15,23.175894408158175,10.14,31.25,26.86,22.92,15.795,11.715,13.15,
2004-04-16,15.27,23.427453486117876,10.045,31.48,27.1,23.08,15.945,11.755,13.265,
2004-04-19,15.235,23.386879441285664,10.16,31.35,26.95,23.15,15.955,11.68,13.245,
2004-04-20,14.925,22.956794566064243,9.94,30.83,26.68,22.97,15.855,11.55,12.97,
2004-04-21,14.875,22.9486797570978,10.09,31.19,26.85,23.02,15.875,11.64,12.845,
2004-04-22,15.17,23.346305396453456,10.245,31.44,27.44,23.25,16.195,11.77,13.275,
2004-04-23,15.05,23.224583261956827,10.38,31.35,27.32,23.27,16.13,11.775,13.175,
2004-04-26,15.135,23.175894408158175,10.255,31.18,27.18,23.22,16.0,11.81,13.11,
2004-04-27,15.45,23.232698070923266,10.225,31.3,27.2,23.28,16.11,11.83,13.135,
2004-04-28,15.23,22.899990903299148,10.05,31.02,26.84,23.01,15.92,11.84,12.69,
2004-04-29,14.865,22.82695762260117,9.9,30.83,26.6,23.13,15.815,11.655,12.535,
2004-04-30,14.92,22.81884281363473,9.695,30.86,26.4,23.18,15.695,11.64,12.46,
2004-05-03,15.265,22.973024183997126,9.75,31.26,26.7,23.32,15.775,11.72,12.5,
2004-05-04,15.275,23.046057464695103,9.845,31.21,26.81,23.22,15.745,11.765,12.62,
2004-05-05,15.325,23.021713037795777,9.895,31.39,26.83,23.26,15.78,11.685,12.575,
2004-05-06,15.25,22.770153959836076,9.85,31.27,26.69,23.16,15.545,11.725,12.45,
2004-05-07,14.88,22.283265421849563,9.8,31.06,26.22,22.94,15.17,11.37,12.005,
2004-05-10,14.45,22.096624815621396,9.76,30.66,25.84,22.83,14.98,11.21,11.985,
2004-05-11,14.7,22.210232141151586,9.89,30.69,26.0,22.79,15.2,11.18,12.135,
2004-05-12,14.79,22.461791219111284,9.86,30.8,26.22,22.67,15.25,11.17,12.115,
2004-05-13,14.75,22.502365263943496,9.86,30.76,26.22,22.63,15.2,11.215,12.21,
2004-05-14,14.925,22.51859488187638,9.725,30.7,26.17,22.72,15.205,11.275,12.165,
2004-05-17,14.925,22.22646175908447,9.62,30.61,25.88,22.57,14.965,11.155,11.935,
2004-05-18,14.705,22.40498755634619,9.715,30.6,26.14,22.7,15.2,11.25,12.155,
2004-05-19,14.64,22.421217174279075,9.76,30.3,26.1,22.58,15.135,11.17,12.18,
2004-05-20,14.625,22.502365263943496,9.755,30.1,26.04,22.66,15.17,11.285,12.15,
2004-05-21,14.555,22.640317016373004,9.785,30.16,26.22,22.67,15.245,11.27,12.28,
2004-05-24,14.885,22.672776252238776,9.8,30.01,26.42,22.58,15.405,11.425,12.4,
2004-05-25,15.135,22.99736861089645,9.985,30.3,26.8,22.85,15.715,11.63,12.645,
2004-05-26,15.01,23.135320363325967,9.965,30.46,26.86,22.87,15.725,11.635,12.68,
2004-05-27,14.8,23.192124026091058,10.025,30.77,27.05,23.14,15.795,11.755,12.8,
2004-05-28,14.875,23.208353644023944,10.075,30.76,27.05,23.05,15.795,11.78,12.81,
2004-06-01,15.08,23.11909074539308,10.005,30.92,27.05,23.05,15.78,11.765,12.78,
2004-06-02,15.05,23.232698070923266,10.005,31.11,27.3,23.24,15.84,11.785,12.805,
2004-06-03,14.915,23.046057464695103,9.875,31.03,27.1,23.19,15.74,11.66,12.565,
2004-06-04,14.84,23.24081287988971,9.97,31.09,27.25,23.23,15.805,11.7,12.68,
2004-06-07,15.115,23.57352004751383,10.2,31.4,27.72,23.43,16.025,11.8,12.94,
2004-06-08,15.05,23.541060811648062,10.255,31.44,27.78,23.54,16.08,11.69,12.95,
2004-06-09,14.93,23.297616542654804,10.14,31.07,27.54,23.45,15.96,11.615,12.8,
2004-06-10,15.12,23.411223868184994,10.195,31.08,27.73,23.45,16.025,11.695,12.86,
2004-06-14,15.005,23.08663150952731,10.055,30.86,27.58,23.33,15.82,11.615,12.68,
2004-06-15,15.22,23.175894408158175,10.205,30.9,27.83,23.44,15.915,11.695,12.81,
2004-06-16,15.515,23.216468452990384,10.16,30.91,27.9,23.41,15.93,11.73,12.8165,
2004-06-17,15.63,23.232698070923266,10.045,30.96,27.92,23.32,15.97,11.81,12.865,
2004-06-18,15.61,23.143435172292406,10.065,30.86,28.02,23.23,15.945,11.77,12.98,
2004-06-21,15.575,23.07040189159443,10.02,30.65,27.91,23.2,15.89,11.85,12.93,
2004-06-22,15.68,23.18400921712462,10.125,30.52,28.17,23.21,15.82,11.805,12.975,
2004-06-23,15.945,23.24081287988971,10.265,30.7,28.57,23.24,15.945,11.895,13.135,
2004-06-24,15.85,23.28950173368836,10.215,30.71,28.51,23.15,15.95,11.935,13.125,
2004-06-25,15.76,23.208353644023944,10.255,30.44,28.47,22.93,15.935,11.865,13.16,
2004-06-28,15.535,23.192124026091058,10.175,30.29,28.26,22.93,15.905,11.92,13.115,
2004-06-29,15.62,23.094746318493755,10.28,30.45,28.48,22.95,15.785,11.83,13.295,
2004-06-30,15.74,23.192124026091058,10.35,30.56,28.66,23.09,15.815,11.88,13.39,
2004-07-01,15.76,23.02982784676222,10.16,30.13,28.23,22.86,15.72,11.74,13.12,
2004-07-02,15.82,23.094746318493755,10.05,30.11,27.99,22.86,15.635,11.86,13.07,
2004-07-06,15.86,22.932450139164917,9.835,29.89,27.93,22.87,15.535,11.84,12.97,
2004-07-07,15.955,22.883761285366266,9.9,29.82,27.98,22.89,15.49,11.865,13.12,
2004-07-08,15.875,22.71335029707098,9.735,29.75,27.82,22.86,15.28,11.82,13.01,
2004-07-09,15.965,22.71335029707098,9.815,29.68,28.05,22.92,15.365,11.795,13.06,
2004-07-12,15.875,22.81884281363473,9.8,29.55,28.09,22.95,15.405,11.82,13.07,
2004-07-13,15.835,22.843187240534053,9.755,29.79,28.15,22.98,15.465,11.795,13.115,
2004-07-14,16.025,22.73769472397031,9.6,29.9,28.1,22.97,15.4,11.9,13.115,
2004-07-15,16.13,22.52670969084282,9.55,29.57,28.24,22.82,15.325,11.955,13.14,
2004-07-16,16.325,22.53482449980926,9.45,29.31,28.13,22.81,15.155,12.04,13.17,
2004-07-19,16.27,22.56728373567503,9.48,29.17,28.01,22.82,15.095,12.095,13.11,
2004-07-20,16.22,22.680891061205216,9.635,29.29,28.18,22.83,15.265,12.12,13.09,
2004-07-21,15.93,22.453676410144844,9.49,28.96,27.81,22.52,15.13,11.93,12.84,
2004-07-22,15.98,22.478020837044166,9.59,29.1,27.64,22.45,15.155,11.85,12.785,
2004-07-23,15.92,22.36441351151398,9.425,28.92,27.51,22.12,15.065,11.78,12.72,
2004-07-26,15.78,22.372528320480424,9.48,28.63,27.42,22.04,14.935,11.75,12.61,
2004-07-27,15.94,22.559168926708587,9.57,28.75,27.7,22.27,15.19,11.735,12.825,
2004-07-28,16.05,22.632202207406564,9.565,28.68,27.87,22.21,15.125,11.89,12.94,
2004-07-29,16.165,22.72957991500387,9.7,28.81,27.9,21.95,15.2,11.975,13.11,
2004-07-30,16.225,22.6971206791381,9.72,28.92,27.86,21.95,15.215,12.06,13.085,
2004-08-02,16.205,22.835072431567614,9.745,28.89,27.99,22.17,15.305,12.15,13.165,
2004-08-03,16.4,22.6971206791381,9.585,28.86,27.84,22.08,15.15,12.125,13.035,
2004-08-04,16.02,22.753924341903193,9.6,28.8,27.84,22.13,15.07,12.23,13.055,
2004-08-05,15.78,22.380643129446863,9.455,28.27,27.27,21.87,14.805,12.085,12.775,
2004-08-06,15.465,22.185887714252257,9.17,27.88,26.71,21.6,14.59,12.175,12.545,
2004-08-09,15.715,22.16154328735293,9.23,27.75,26.77,21.68,14.57,12.145,12.625,
2004-08-10,15.655,22.469906028077727,9.39,28.16,27.22,21.85,14.785,12.235,12.83,
2004-08-11,15.575,22.51859488187638,9.155,28.63,27.19,22.02,14.68,12.285,12.785,
2004-08-12,15.375,22.299495039782446,8.975,28.47,26.79,21.97,14.48,12.28,12.61,
2004-08-13,15.565,22.323839466681772,9.025,28.25,26.74,22.07,14.515,12.235,12.565,
2004-08-16,15.66,22.664661443272333,9.105,28.63,27.24,22.21,14.86,12.29,12.915,
2004-08-17,15.3,22.794498386735402,9.165,28.67,27.22,22.23,15.05,12.285,12.985,
2004-08-18,15.5,23.07040189159443,9.315,29.05,27.65,22.38,15.18,12.365,13.1,
2004-08-19,15.55,22.973024183997126,9.285,28.95,27.32,22.27,15.11,12.305,13.12,
2004-08-20,15.71,23.208353644023944,9.33,29.19,27.59,22.37,15.245,12.355,13.225,
2004-08-23,15.515,23.127205554359524,9.375,29.13,27.58,22.29,15.165,12.33,13.115,
2004-08-24,15.475,23.167779599191732,9.325,29.15,27.6,22.3,15.205,12.355,13.15,
2004-08-25,15.575,23.37064982335278,9.43,29.43,27.9,22.43,15.32,12.405,13.295,
2004-08-26,15.685,23.427453486117876,9.38,29.39,27.91,22.47,15.315,12.405,13.365,
2004-08-27,15.785,23.4517979130172,9.42,29.6,27.9,22.43,15.315,12.4,13.38,
2004-08-30,15.715,23.313846160587687,9.325,29.23,27.75,22.32,15.195,12.43,13.265,
2004-08-31,15.975,23.435568295084316,9.29,29.39,27.88,22.34,15.185,12.55,13.305,
2004-09-01,16.255,23.346305396453456,9.36,29.51,27.89,22.34,15.235,12.51,13.36,
2004-09-02,16.385,23.605979283379597,9.47,29.81,28.27,22.6,15.475,12.625,13.545,
2004-09-03,16.42,23.597864474413154,9.265,29.79,28.19,22.7,15.46,12.58,13.515,
2004-09-07,16.4,23.881882788238624,9.305,29.95,28.4,22.7,15.565,12.67,13.635,
2004-09-08,16.415,23.7033569909769,9.315,29.88,28.35,22.46,15.515,12.55,13.48,
2004-09-09,16.65,23.679012564077574,9.455,29.76,28.28,22.37,15.435,12.605,13.525,
2004-09-10,16.56,23.792619889607764,9.615,29.72,28.36,22.39,15.575,12.63,13.395,
2004-09-13,16.675,23.727701417876226,9.66,29.75,28.39,22.41,15.625,12.53,13.38,
2004-09-14,16.75,23.760160653741995,9.7,29.98,28.46,22.42,15.695,12.51,13.365,
2004-09-15,16.695,23.670897755111135,9.545,29.86,28.2,22.2,15.605,12.535,13.31,
2004-09-16,16.745,23.792619889607764,9.565,29.85,28.38,22.08,15.7,12.61,13.365,
2004-09-17,16.96,23.719586608909786,9.61,29.85,28.59,22.09,15.71,12.58,13.245,
2004-09-20,16.965,23.476142339916525,9.665,29.52,28.44,21.72,15.59,12.535,13.26,
2004-09-21,17.385,23.670897755111135,9.7,29.67,28.55,21.64,15.71,12.605,13.32,
2004-09-22,17.275,23.24081287988971,9.54,29.3,28.15,21.43,15.5,12.55,13.205,
2004-09-23,17.115,23.005483419862895,9.565,29.09,27.88,21.55,15.555,12.425,13.09,
2004-09-24,17.31,23.094746318493755,9.485,29.17,27.98,21.53,15.6,12.43,13.205,
2004-09-27,17.3,22.98113899296357,9.4,29.0,27.76,21.44,15.49,12.445,13.19,
2004-09-28,17.595,23.07040189159443,9.425,29.22,28.04,21.55,15.48,12.525,13.515,
2004-09-29,17.36,23.15154998125885,9.525,29.35,28.14,21.61,15.535,12.5,13.58,
2004-09-30,17.465,23.094746318493755,9.56,28.79,28.38,21.66,15.6,12.525,13.775,
2004-10-01,17.715,23.484257148882968,9.8,29.06,28.78,21.88,15.795,12.625,13.85,
2004-10-04,17.695,23.516716384748737,9.88,29.19,28.75,21.83,15.945,12.675,13.88,
2004-10-05,17.885,23.386879441285664,9.95,29.1,28.63,21.83,15.925,12.73,13.86,
2004-10-06,18.215,23.557290429580945,10.015,29.07,28.93,21.93,16.01,12.78,14.085,
2004-10-07,18.075,23.49237195784941,9.91,28.41,28.6,21.76,15.895,12.71,13.905,
2004-10-08,18.095,23.411223868184994,9.77,28.02,28.37,21.61,15.77,12.765,13.825,
2004-10-11,17.94,23.476142339916525,9.8,28.21,28.4,21.6,15.83,12.73,13.825,
2004-10-12,17.735,23.459912721983642,9.775,28.16,28.39,21.54,15.79,12.835,13.675,
2004-10-13,17.365,23.305731351621244,9.74,27.86,28.06,21.45,15.74,12.665,13.365,
2004-10-14,17.505,22.73769472397031,9.665,27.67,27.94,21.37,15.605,12.69,13.34,
2004-10-15,17.58,22.770153959836076,9.725,27.71,28.14,21.51,15.715,12.79,13.465,
2004-10-18,17.345,22.86753166743338,9.825,27.97,28.22,21.59,15.825,12.7,13.43,
2004-10-19,17.295,22.48613564601061,9.825,27.51,27.97,21.46,15.725,12.68,13.11,
2004-10-20,17.675,22.372528320480424,9.84,27.5,27.89,21.52,15.64,12.695,13.2,
2004-10-21,17.775,22.35629870254754,9.925,27.24,28.03,21.52,15.78,12.75,13.295,
2004-10-22,17.74,22.234576568050908,9.71,27.04,27.78,21.38,15.645,12.83,13.21,
2004-10-25,17.755,22.22646175908447,9.695,26.89,27.78,21.26,15.63,13.025,13.34,
2004-10-26,17.95,22.721465106037424,9.715,27.4,28.2,21.49,15.89,13.155,13.47,
2004-10-27,17.64,23.06228708262799,9.95,28.12,28.6,21.72,16.16,13.14,13.625,
2004-10-28,17.33,23.18400921712462,9.975,28.07,28.54,21.82,16.25,13.065,13.45,
2004-10-29,17.57,23.216468452990384,9.98,28.15,28.67,21.8,16.23,13.135,13.645,
2004-11-01,17.465,23.28950173368836,10.06,27.89,28.76,21.75,16.295,13.24,13.66,
2004-11-02,17.205,23.386879441285664,10.075,27.68,28.79,21.89,16.355,12.98,13.595,
2004-11-03,17.55,23.524831193715176,10.13,28.5,29.11,22.06,16.395,13.255,13.795,
2004-11-04,17.76,23.922456833070832,10.245,28.56,29.59,22.65,16.755,13.52,14.125,
2004-11-05,17.865,23.873767979272184,10.335,28.73,29.82,22.75,16.815,13.47,14.185,
2004-11-08,17.57,23.84130874340641,10.35,28.72,29.9,22.71,16.825,13.6,14.19,
2004-11-09,17.41,23.81696431650709,10.345,28.73,30.01,22.7,16.84,13.605,14.335,
2004-11-10,17.615,23.881882788238624,10.255,28.65,30.1,22.73,16.84,13.6,14.33,
2004-11-11,17.58,24.109097439299,10.385,28.8,30.45,22.9,16.995,13.745,14.44,
2004-11-12,17.95,24.2064751468963,10.53,28.84,30.56,22.97,17.105,13.91,14.59,
2004-11-15,17.56,24.27950842759428,10.59,28.99,30.54,23.04,17.155,13.84,14.5,
2004-11-16,17.56,24.07663820343323,10.51,28.85,30.34,22.89,16.995,13.815,14.415,
2004-11-17,17.835,24.13344186619832,10.63,28.84,30.56,22.91,17.01,13.7,14.525,
2004-11-18,17.975,24.07663820343323,10.67,28.76,30.73,22.9,17.09,13.7,14.57,
2004-11-19,18.19,23.768275462708434,10.505,28.41,30.36,22.65,16.875,13.65,14.47,
2004-11-22,18.48,23.90622721513795,10.52,28.46,30.43,22.8,16.98,13.865,14.64,
2004-11-23,18.595,23.963030877903044,10.475,28.37,30.38,22.75,17.075,13.95,14.57,
2004-11-24,18.75,24.060408585500344,10.56,28.44,30.52,22.74,17.19,14.0,14.71,
2004-11-26,18.83,24.07663820343323,10.545,28.61,30.52,22.74,17.21,14.055,14.855,
2004-11-29,18.73,23.963030877903044,10.55,28.6,30.4,22.51,17.095,13.87,14.815,
2004-11-30,18.755,23.93868645100372,10.49,28.7,30.47,22.34,16.91,13.72,14.755,
2004-12-01,18.305,24.40934537105735,10.705,29.18,30.98,22.64,17.175,13.6,14.89,
2004-12-02,17.82,24.36877132622514,10.735,29.46,30.88,22.85,17.195,13.43,14.705,
2004-12-03,17.995,24.360656517258697,10.81,29.26,30.89,22.81,17.14,13.53,14.695,
2004-12-06,18.005,24.344426899325814,10.855,29.2,30.72,22.66,17.11,13.655,14.655,
2004-12-07,17.63,24.141556675164765,10.71,28.9,30.47,22.6,16.99,13.55,14.345,
2004-12-08,17.75,24.2064751468963,10.7,29.32,30.55,22.61,17.09,13.48,14.405,
2004-12-09,17.9,24.33631209035937,10.695,29.51,30.74,22.87,17.22,13.485,14.5,
2004-12-10,17.775,24.37688613519158,10.64,29.49,30.85,22.91,17.2,13.535,14.495,
2004-12-13,18.09,24.53918231452042,10.765,29.63,31.19,22.96,17.26,13.735,14.705,
2004-12-14,18.145,24.62033040418484,10.785,29.89,31.25,23.17,17.35,13.785,14.69,
2004-12-15,18.28,24.75016734764791,10.785,29.98,31.29,23.16,17.425,13.85,14.845,
2004-12-16,18.095,24.57975635935263,10.74,30.4,31.11,23.1,17.395,13.855,14.73,
2004-12-17,18.025,24.352541708292257,10.48,29.7,30.92,22.83,17.265,13.76,14.625,
2004-12-20,18.245,24.311967663460045,10.42,29.34,30.94,22.84,17.245,13.835,14.685,
2004-12-21,18.4,24.628445213151284,10.535,29.62,31.11,23.0,17.34,13.98,14.87,
2004-12-22,18.15,24.766396965580793,10.555,29.84,31.21,23.09,17.46,14.01,14.875,
2004-12-23,18.255,24.815085819379444,10.58,29.96,31.25,23.04,17.43,14.005,14.91,
2004-12-27,17.935,24.685248875916376,10.515,29.92,31.07,23.02,17.44,13.915,14.875,
2004-12-28,18.06,24.79885620144656,10.57,30.23,31.24,23.16,17.645,13.95,14.96,
2004-12-29,18.195,24.742052538681467,10.57,30.29,31.16,23.11,17.66,13.99,14.965,
2004-12-30,18.115,24.774511774547236,10.575,30.31,31.18,23.16,17.71,13.995,14.895,
2004-12-31,18.16,24.774511774547236,10.555,30.19,31.07,23.08,17.645,13.925,14.865,
2005-01-03,17.49,24.685248875916376,10.465,29.84,30.8,23.08,17.53,13.765,14.715,
2005-01-04,17.4,24.449919415889557,10.27,29.6,30.42,23.0,17.325,13.67,14.45,
2005-01-05,17.325,24.40934537105735,10.235,29.55,30.21,22.88,17.26,13.455,14.25,
2005-01-06,17.625,24.531067505553978,10.205,29.77,30.31,22.99,17.17,13.525,14.345,
2005-01-07,17.485,24.40123056209091,10.225,29.75,30.17,23.1,17.165,13.525,14.37,
2005-01-10,17.615,24.425574988990235,10.225,30.01,30.28,23.24,17.23,13.595,14.435,
2005-01-11,17.64,24.32008247242649,10.125,29.8,30.14,23.14,17.12,13.555,14.285,
2005-01-12,17.95,24.28762323656072,10.1815,30.0,30.18,23.21,17.22,13.595,14.38,
2005-01-13,18.07,24.052293776533904,10.08,29.55,29.89,23.06,17.095,13.66,14.325,
2005-01-14,18.23,24.13344186619832,10.11,29.67,30.09,23.19,17.255,13.775,14.46,
2005-01-18,18.41,24.514837887621095,10.22,29.91,30.21,23.43,17.4,13.895,14.515,
2005-01-19,18.345,24.271393618627837,10.005,29.72,29.97,23.39,17.225,13.835,14.415,
2005-01-20,18.16,24.092867821366113,9.935,29.57,29.7,23.37,16.915,13.79,14.335,
2005-01-21,18.2,23.971145686869484,9.865,29.37,29.51,23.17,16.855,13.735,14.275,
2005-01-24,18.36,23.979260495835927,9.785,29.12,29.42,23.08,16.69,13.855,14.075,
2005-01-25,18.435,23.99549011376881,9.8,29.32,29.7,23.17,16.735,13.775,14.15,
2005-01-26,18.615,24.109097439299,9.9,29.5,29.76,23.15,16.825,13.975,14.175,
2005-01-27,18.78,23.987375304802367,9.89,29.44,29.84,23.28,16.79,14.045,14.25,
2005-01-28,18.55,23.9549160689366,9.89,29.2,29.81,23.29,16.71,14.06,14.235,
2005-01-31,18.775,24.238934382762068,9.96,29.25,30.2,23.35,16.89,14.22,14.41,
2005-02-01,19.095,24.498608269688212,10.02,29.53,30.29,23.36,16.905,14.315,14.53,
2005-02-02,19.36,24.498608269688212,10.025,29.65,30.29,23.55,16.955,14.37,14.68,
2005-02-03,19.44,24.385000944158023,9.96,29.56,30.2,23.51,16.92,14.41,14.595,
2005-02-04,19.525,24.677134066949932,10.13,29.83,30.45,23.64,17.075,14.55,14.76,
2005-02-07,19.395,24.70147849384926,10.1,29.85,30.43,23.59,17.12,14.52,14.755,
2005-02-08,19.535,24.604100786251955,10.15,29.92,30.6,23.62,17.08,14.605,14.755,
2005-02-09,19.5,24.53918231452042,9.975,29.6,30.28,23.41,16.89,14.52,14.55,
2005-02-10,20.035,24.612215595218398,9.995,29.65,30.42,23.4,16.96,14.535,14.745,
2005-02-11,20.21,24.806971010413005,10.09,29.95,30.62,23.54,17.045,14.545,14.89,
2005-02-14,20.235,24.766396965580793,10.11,29.97,30.59,23.55,17.02,14.675,14.905,
2005-02-15,20.28,24.823200628345887,10.16,29.96,30.69,23.59,17.155,14.65,14.985,
2005-02-16,20.85,24.652789640050607,10.125,29.92,30.78,23.65,17.125,14.69,15.175,
2005-02-17,20.57,24.433689797956674,9.96,29.88,30.5,23.5,17.04,14.66,15.12,
2005-02-18,21.025,24.174015911030533,9.94,30.33,30.5,23.47,17.005,14.505,15.29,
2005-02-22,20.875,23.81696431650709,9.885,29.97,30.01,23.12,16.67,14.16,15.06,
2005-02-23,21.14,24.03606415860102,9.855,30.11,30.05,23.18,16.775,14.235,15.29,
2005-02-24,21.555,24.066088951776855,9.94,30.34,30.48,23.29,16.79,14.345,15.455,
2005-02-25,22.085,24.311967663460045,10.005,30.59,30.73,23.37,16.87,14.625,15.695,
2005-02-28,21.925,24.07663820343323,9.975,30.13,30.55,23.32,16.8,14.525,15.545,
2005-03-01,21.5,24.311967663460045,10.095,30.37,30.65,23.51,16.99,14.565,15.565,
2005-03-02,21.815,24.238934382762068,10.07,30.4,30.74,23.45,17.0,14.55,15.52,
2005-03-03,22.175,24.19836033792986,9.995,30.37,30.81,23.61,16.98,14.625,15.505,
2005-03-04,22.46,24.50672307865465,10.06,30.65,31.24,23.73,17.125,14.855,15.99,
2005-03-07,22.305,24.50672307865465,10.135,30.72,31.39,23.66,17.14,14.96,15.815,
2005-03-08,22.28,24.466149033822443,10.05,30.52,31.37,23.55,17.05,14.86,15.775,
2005-03-09,21.665,24.16590110206409,10.03,30.33,31.03,23.38,16.86,14.595,15.81,
2005-03-10,21.225,24.303852854493602,10.075,30.44,31.1,23.43,16.89,14.69,15.61,
2005-03-11,21.4,24.092867821366113,9.945,30.2,31.02,23.25,16.87,14.625,15.705,
2005-03-14,21.555,24.222704764829185,9.985,30.25,31.19,23.32,16.895,14.85,15.7,
2005-03-15,21.255,24.060408585500344,9.885,29.9,31.02,23.18,16.915,14.785,15.625,
2005-03-16,21.325,23.81696431650709,9.785,29.61,30.66,23.12,16.815,14.65,15.29,
2005-03-17,21.695,23.75204584477555,9.78,29.71,30.65,23.2,16.83,14.735,15.47,
2005-03-18,21.89,23.508601575782293,9.725,29.58,30.58,23.03,16.71,14.58,15.415,
2005-03-21,21.7,23.297616542654804,9.725,29.46,30.68,22.9,16.63,14.575,15.325,
2005-03-22,21.44,22.86753166743338,9.64,29.47,30.51,22.77,16.49,14.28,15.275,
2005-03-23,21.03,22.91622052123203,9.68,29.79,30.32,22.92,16.435,14.21,15.125,
2005-03-24,21.015,22.802613195701845,9.685,29.8,30.47,22.91,16.46,14.36,15.125,
2005-03-28,21.04,22.964909375030686,9.695,29.78,30.44,22.93,16.575,14.385,15.04,
2005-03-29,20.7,22.883761285366266,9.62,29.68,29.94,22.88,16.365,14.205,14.705,
2005-03-30,21.01,23.167779599191732,9.765,30.15,30.51,23.18,16.63,14.435,14.955,
2005-03-31,21.435,23.037942655728664,9.78,29.86,30.43,23.02,16.58,14.575,15.08,
2005-04-01,21.965,22.721465106037424,9.695,29.6,30.14,22.8,16.45,14.625,15.035,
2005-04-04,21.775,22.883761285366266,9.73,29.75,30.11,22.93,16.495,14.665,14.945,
2005-04-05,21.5,22.9486797570978,9.75,30.35,30.26,23.1,16.595,14.75,14.975,
2005-04-06,21.84,23.102861127460198,9.735,30.37,30.27,23.04,16.525,14.705,15.05,
2005-04-07,21.755,23.192124026091058,9.865,30.68,30.52,23.2,16.6,14.84,15.215,
2005-04-08,21.36,22.98113899296357,9.795,30.46,30.21,23.09,16.47,14.725,14.995,
2005-04-11,21.52,23.02982784676222,9.74,30.43,30.27,23.15,16.38,14.87,14.945,
2005-04-12,21.18,23.346305396453456,9.8,30.63,30.51,23.24,16.535,15.01,14.93,
2005-04-13,20.66,23.005483419862895,9.66,30.77,29.98,23.13,16.285,14.905,14.515,
2005-04-14,20.65,22.745809532936754,9.525,30.65,29.53,23.08,16.06,14.765,14.11,
2005-04-15,19.865,22.502365263943496,9.235,30.8,28.95,22.86,15.735,14.505,13.76,
2005-04-18,20.225,22.68900587017166,9.245,30.59,29.04,22.71,15.7665,14.56,13.98,
2005-04-19,20.7,22.721465106037424,9.36,30.57,29.17,22.77,15.785,14.765,14.15,
2005-04-20,20.275,22.437446792211958,9.275,30.19,28.87,22.48,15.525,14.635,13.915,
2005-04-21,20.975,22.56728373567503,9.525,30.6,29.64,22.86,15.91,14.765,14.175,
2005-04-22,21.02,22.510480072909935,9.41,30.49,29.29,22.62,15.67,14.86,14.04,
2005-04-25,21.315,22.794498386735402,9.475,30.56,29.64,22.86,15.81,14.96,14.18,
2005-04-26,20.965,22.664661443272333,9.41,30.37,29.26,22.69,15.7,14.77,13.91,
2005-04-27,20.425,22.98113899296357,9.445,30.6,29.3,22.77,15.72,14.88,13.775,
2005-04-28,20.015,22.72957991500387,9.35,30.45,28.98,22.72,15.49,14.815,13.665,
2005-04-29,20.275,23.078516700560872,9.435,30.9,29.32,22.78,15.525,15.025,14.005,
2005-05-02,20.64,23.135320363325967,9.425,31.03,29.48,22.95,15.605,15.065,14.12,
2005-05-03,20.155,23.15966479022529,9.49,31.01,29.27,23.05,15.665,14.99,14.21,
2005-05-04,20.39,23.605979283379597,9.555,31.32,29.61,23.2,16.0,15.005,14.43,
2005-05-05,20.61,23.500486766815854,9.54,31.31,29.46,23.16,15.905,14.945,14.345,
2005-05-06,20.55,23.330075778520573,9.565,31.17,29.58,23.07,15.905,14.91,14.38,
2005-05-09,20.825,23.53294600268162,9.605,31.4,29.78,23.214,15.995,15.035,14.36,
2005-05-10,20.475,23.224583261956827,9.505,31.2,29.43,23.08,15.8,14.925,14.145,
2005-05-11,20.6,23.330075778520573,9.55,31.33,29.64,23.16,15.795,14.995,14.16,
2005-05-12,19.7,23.11097593642664,9.56,31.29,29.32,23.05,15.715,14.825,13.775,
2005-05-13,19.4,22.90810571226559,9.68,31.08,29.17,22.85,15.705,14.585,13.505,
2005-05-16,19.315,23.313846160587687,9.77,31.45,29.58,23.07,15.9,14.68,13.565,
2005-05-17,19.66,23.459912721983642,9.805,31.43,29.78,23.19,16.035,14.85,13.755,
2005-05-18,19.62,23.73581622684267,9.945,31.5,30.23,23.41,16.35,14.855,14.105,
2005-05-19,19.975,23.760160653741995,10.0,31.49,30.27,23.55,16.48,14.94,14.035,
2005-05-20,19.825,23.73581622684267,10.015,31.47,30.26,23.52,16.435,14.935,13.945,
2005-05-23,20.155,23.768275462708434,10.05,31.53,30.47,23.56,16.54,14.88,14.055,
2005-05-24,20.24,23.687127373044017,10.1,31.57,30.39,23.52,16.51,14.88,14.01,
2005-05-25,20.55,23.605979283379597,10.055,31.37,30.13,23.44,16.46,14.92,13.865,
2005-05-26,20.655,23.760160653741995,10.17,31.49,30.35,23.46,16.545,14.96,13.97,
2005-05-27,21.0,23.800734698574203,10.155,31.39,30.33,23.39,16.545,15.02,14.015,
2005-05-31,20.84,23.760160653741995,10.09,31.29,30.25,23.31,16.485,15.015,13.915,
2005-06-01,21.235,23.946882408059825,10.1896,31.37,30.36,23.47,16.55515,15.21,14.125,
2005-06-02,21.195,23.881882788238624,10.235,31.37,30.36,23.53,16.64,15.19,14.08,
2005-06-03,21.315,23.760160653741995,10.125,31.26,30.22,23.34,16.52,15.24,14.05,
2005-06-06,21.38,23.81696431650709,10.11,31.27,30.24,23.35,16.545,15.225,14.01,
2005-06-07,21.175,23.800734698574203,10.071,31.28,30.37,23.44,16.57,15.26,14.095,
2005-06-08,21.235,23.81696431650709,10.09,31.06,30.18,23.38,16.5,15.29,14.0,
2005-06-09,21.85,23.889997597205067,10.14,31.19,30.19,23.39,16.565,15.305,13.94,
2005-06-10,21.825,23.81696431650709,10.085,31.12,30.15,23.37,16.565,15.36,14.065,
2005-06-13,21.91,23.81696431650709,10.125,31.25,30.2,23.45,16.59,15.425,14.155,
2005-06-14,22.045,23.881882788238624,10.065,31.52,30.13,23.41,16.765,15.465,14.18,
2005-06-15,22.31,23.93868645100372,10.125,31.4,30.16,23.42,16.765,15.39,14.315,
2005-06-16,22.625,24.060408585500344,10.145,31.6,30.19,23.35,16.8,15.365,14.465,
2005-06-17,22.92,24.04417896756746,10.15,31.66,30.36,23.3,16.845,15.435,14.4,
2005-06-20,22.945,23.987375304802367,10.135,31.62,30.25,23.29,16.855,15.465,14.25,
2005-06-21,22.46,24.07663820343323,10.18,31.57,30.24,23.24,16.865,15.485,14.175,
2005-06-22,22.59,24.04417896756746,10.2,31.46,30.09,23.26,16.86,15.625,14.16,
2005-06-23,22.61,23.82507912547353,10.12,31.25,29.48,22.97,16.565,15.67,13.825,
2005-06-24,22.47,23.78450508064132,9.995,31.1,29.29,22.74,16.42,15.56,13.67,
2005-06-27,22.815,23.776390271674877,9.915,30.97,29.25,22.72,16.345,15.655,13.635,
2005-06-28,22.39,23.9549160689366,10.04,31.28,29.76,23.01,16.575,15.81,13.85,
2005-06-29,22.37,24.068523394466787,10.055,31.24,29.57,22.95,16.475,15.765,13.79,
2005-06-30,22.225,23.91434202410439,9.96,31.03,29.38,22.75,16.39,15.78,13.57,
2005-07-01,22.72,23.93868645100372,9.985,30.99,29.48,22.83,16.43,15.925,13.56,
2005-07-05,23.4,24.13344186619832,10.05,31.1,29.57,22.96,16.585,15.955,13.595,
2005-07-06,22.98,23.9549160689366,10.025,30.9,29.24,22.74,16.435,15.685,13.55,
2005-07-07,23.275,24.00360492273525,10.045,30.89,29.31,22.7,16.485,15.81,13.58,
2005-07-08,23.12,24.24704919172851,10.225,31.26,29.82,23.0,16.74,15.995,13.845,
2005-07-11,23.29,24.352541708292257,10.33,31.36,29.87,23.13,16.83,16.085,14.035,
2005-07-12,23.5,24.352541708292257,10.385,31.34,29.71,23.15,16.94,16.13,14.0,
2005-07-13,23.365,24.458034224856,10.43,31.17,29.8,23.24,16.895,16.175,13.955,
2005-07-14,22.805,24.57975635935263,10.52,31.36,30.07,23.37,16.985,16.015,13.975,
2005-07-15,22.685,24.644674831084167,10.515,31.51,30.03,23.36,17.055,16.01,13.95,
2005-07-18,22.59,24.385000944158023,10.455,31.32,29.97,23.25,17.07,16.0,13.92,
2005-07-19,23.075,24.37688613519158,10.61,31.33,30.22,23.21,17.175,16.015,14.145,
2005-07-20,23.1,24.466149033822443,10.575,31.78,30.57,23.3,17.24,16.1,14.365,
2005-07-21,22.875,24.33631209035937,10.505,31.44,30.41,23.21,17.2,15.81,14.295,
2005-07-22,23.695,24.466149033822443,10.48,31.4,30.5,23.28,17.285,15.9,14.385,
2005-07-25,23.915,24.36877132622514,10.425,31.21,30.28,23.2,17.15,15.905,14.265,
2005-07-26,23.86,24.40123056209091,10.505,31.36,30.43,23.32,17.29,15.96,14.065,
2005-07-27,23.98,24.433689797956674,10.575,31.65,30.55,23.38,17.335,16.03,14.215,
2005-07-28,24.05,24.50672307865465,10.58,31.95,30.72,23.58,17.51,16.13,14.375,
2005-07-29,23.8,24.28762323656072,10.525,31.73,30.5,23.48,17.32,16.135,14.32,
2005-08-01,24.05,24.28762323656072,10.53,31.89,30.48,23.36,17.325,15.925,14.25,
2005-08-02,24.45,24.466149033822443,10.635,32.01,30.44,23.44,17.41,16.295,14.465,
2005-08-03,24.33,24.498608269688212,10.705,32.09,30.38,23.49,17.335,16.34,14.525,
2005-08-04,24.38,24.32819728139293,10.605,31.77,30.18,23.29,17.185,16.235,14.37,
2005-08-05,24.195,24.052293776533904,10.58,31.55,30.02,23.14,17.055,15.955,14.295,
2005-08-08,24.545,23.9549160689366,10.495,31.43,29.95,23.1,17.015,15.63,14.295,
2005-08-09,24.49,24.109097439299,10.575,31.79,30.17,23.14,17.205,15.795,14.385,
2005-08-10,24.89,24.08475301239967,10.455,31.74,30.15,23.1,17.195,15.79,14.43,
2005-08-11,25.13,24.174015911030533,10.535,31.93,30.4,23.16,17.27,15.885,14.55,
2005-08-12,25.085,24.109097439299,10.395,31.75,30.27,23.08,17.225,15.87,14.445,
2005-08-15,24.84,24.222704764829185,10.45,31.77,30.33,23.19,17.35,15.93,14.435,
2005-08-16,24.295,24.060408585500344,10.35,31.55,29.98,22.96,16.99,15.68,14.155,
2005-08-17,23.735,24.11721224826544,10.44,31.61,30.06,22.95,17.09,15.665,14.14,
2005-08-18,23.685,24.100982630332556,10.37,31.62,29.93,23.21,17.02,15.725,14.02,
2005-08-19,24.09,24.141556675164765,10.38,31.4,30.05,23.18,16.935,15.82,14.05,
2005-08-22,24.15,24.2064751468963,10.4,31.4,30.11,23.25,16.925,15.925,14.055,
2005-08-23,24.105,24.052293776533904,10.395,31.2,29.97,23.19,16.87,16.055,13.825,
2005-08-24,24.335,23.776390271674877,10.33,31.1,29.73,22.98,16.75,15.98,13.695,
2005-08-25,24.27,23.898112406171506,10.335,31.14,29.78,23.01,16.795,16.1,13.705,
2005-08-26,23.995,23.64655332821181,10.3,31.03,29.62,22.95,16.725,16.075,13.635,
2005-08-29,24.19,23.833193934439972,10.37,31.34,29.8,23.11,16.775,16.14,13.72,
2005-08-30,24.64,23.62220890131248,10.37,31.3,29.56,22.99,16.605,16.115,13.59,
2005-08-31,25.32,23.889997597205067,10.425,31.62,29.78,23.07,16.75,16.24,13.72,
2005-09-01,25.98,23.94680125997016,10.4,31.63,29.66,23.04,16.585,16.495,13.76,
2005-09-02,25.475,23.930571642037275,10.37,31.61,29.76,23.08,16.525,16.5,13.75,
2005-09-06,25.655,24.222704764829185,10.49,32.11,30.11,23.33,16.81,16.655,13.845,
2005-09-07,25.695,24.16590110206409,10.49,32.32,30.23,23.35,16.93,16.665,13.93,
2005-09-08,25.73,24.02794934963458,10.515,32.3,30.06,23.26,16.77,16.52,13.855,
2005-09-09,26.4,24.238934382762068,10.525,32.41,30.23,23.36,16.91,16.715,14.0,
2005-09-12,25.86,24.311967663460045,10.55,32.3,30.42,23.41,16.955,16.7,14.035,
2005-09-13,25.64,24.109097439299,10.56,31.96,30.29,23.19,16.71,16.555,13.885,
2005-09-14,25.96,24.08475301239967,10.45,31.87,30.06,23.04,16.555,16.615,13.935,
2005-09-15,25.96,24.100982630332556,10.425,31.85,30.02,23.13,16.585,16.77,13.895,
2005-09-16,26.14,24.303852854493602,10.49,32.0,30.11,23.08,16.57,16.795,13.915,
2005-09-19,26.83,24.08475301239967,10.405,31.77,29.71,22.94,16.37,16.745,13.815,
2005-09-20,26.575,23.9549160689366,10.365,31.53,29.51,22.8,16.085,16.68,13.605,
2005-09-21,26.95,23.557290429580945,10.24,31.38,29.41,22.52,15.83,16.39,13.45,
2005-09-22,26.75,23.73581622684267,10.28,31.45,29.53,22.69,16.085,16.3,13.53,
2005-09-23,26.28,23.81696431650709,10.285,31.47,29.75,22.73,16.145,16.34,13.54,
2005-09-26,26.76,23.687127373044017,10.27,31.42,29.71,22.65,16.125,16.475,13.525,
2005-09-27,26.78,23.768275462708434,10.235,31.24,29.87,22.89,16.12,16.48,13.525,
2005-09-28,27.0,23.57352004751383,10.3,31.26,29.88,22.92,15.975,16.65,13.565,
2005-09-29,27.26,24.011719731701696,10.38,31.33,30.02,23.12,16.135,16.815,13.645,
2005-09-30,26.835,23.9549160689366,10.45,31.35,30.16,23.28,16.245,16.8,13.75,
2005-10-03,26.765,23.898112406171506,10.435,31.38,29.98,23.25,16.2,16.99,13.695,
2005-10-04,25.8,23.597864474413154,10.34,31.51,29.71,23.15,16.09,16.695,13.545,
2005-10-05,24.81,23.500486766815854,10.195,30.99,29.34,22.99,15.82,16.21,13.235,
2005-10-06,24.22,23.565405238547388,10.08,30.78,29.54,22.86,15.835,15.995,13.165,
2005-10-07,24.765,23.64655332821181,10.105,30.75,29.8,22.84,15.85,16.135,13.295,
2005-10-10,24.39,23.394994250252104,10.035,30.71,29.57,22.76,15.73,15.85,13.225,
2005-10-11,24.975,23.321960969554127,9.96,30.45,29.41,22.76,15.67,15.885,13.24,
2005-10-12,24.495,23.216468452990384,9.895,30.52,29.41,22.68,15.495,15.585,13.135,
2005-10-13,23.83,23.330075778520573,9.965,30.67,29.37,22.62,15.54,15.255,13.115,
2005-10-14,24.17,23.589749665446714,10.005,30.81,29.63,22.75,15.695,15.43,13.16,
2005-10-17,24.47,23.61409409234604,9.995,30.8,29.69,23.0,15.725,15.6,13.26,
2005-10-18,23.335,23.427453486117876,9.975,30.76,29.48,22.83,15.56,15.34,13.12,
2005-10-19,23.86,23.898112406171506,10.1,31.06,29.87,23.07,15.855,15.38,13.23,
2005-10-20,22.775,23.687127373044017,10.025,30.42,29.49,22.89,15.66,14.975,13.14,
2005-10-21,23.01,23.82507912547353,10.085,30.23,29.29,22.87,15.64,15.175,13.26,
2005-10-24,23.83,24.295738045527163,10.215,30.48,29.74,23.07,15.91,15.565,13.565,
2005-10-25,24.325,24.157786293097647,10.145,30.29,29.7,22.99,15.795,15.585,13.555,
2005-10-26,24.18,24.32008247242649,10.12,29.91,29.44,22.92,15.7,15.395,13.665,
2005-10-27,23.495,24.182130719996977,10.01,29.8,29.18,22.7,15.385,15.22,13.525,
2005-10-28,24.135,24.595985977285512,10.105,30.25,29.65,23.08,15.655,15.525,13.74,
2005-10-31,24.41,24.685248875916376,10.21,30.39,29.73,23.17,15.915,15.725,13.78,
2005-11-01,24.56,24.595985977285512,10.19,30.3,29.64,23.04,15.925,15.415,13.825,
2005-11-02,25.04,24.79885620144656,10.305,30.3,29.94,23.1,16.205,15.475,13.98995,
2005-11-03,25.515,24.815085819379444,10.4,30.49,30.07,23.19,16.21,15.465,13.945,
2005-11-04,24.75,24.855659864211656,10.445,30.65,30.09,23.18,16.27,15.445,13.925,
2005-11-07,24.32,25.066644897339145,10.465,30.71,30.2,23.23,16.4,15.405,14.0,
2005-11-08,24.525,24.993611616641168,10.47,30.64,30.01,23.16,16.215,15.4,13.93,
2005-11-09,24.3,25.058530088372702,10.46,30.67,30.08,23.2,16.21,15.535,13.915,
2005-11-10,23.545,25.561648244292105,10.55,31.07,30.47,23.47,16.455,15.46,14.11,
2005-11-11,23.735,25.650911142922965,10.575,31.08,30.53,23.5,16.505,15.32,14.305,
2005-11-14,23.86,25.667140760855848,10.585,30.87,30.59,23.41,16.515,15.22,14.445,
2005-11-15,23.9,25.431811300829033,10.55,31.03,30.58,23.29,16.27,15.25,14.407,
2005-11-16,24.52,25.29385954839952,10.59,30.97,30.69,23.35,16.26,15.39,14.43,
2005-11-17,24.51,25.59410748015787,10.715,31.13,30.98,23.34,16.475,15.615,14.61,
2005-11-18,24.52,25.723944423620942,10.775,31.26,31.3,23.4,16.585,15.585,14.65,
2005-11-21,25.13,25.845666558117575,10.77,31.32,31.48,23.43,16.645,15.62,14.745,
2005-11-22,25.53,26.07288120917795,10.84,31.14,31.56,23.59,16.72,15.62,14.79,
2005-11-23,25.435,26.275751433338996,10.9,31.22,31.6,23.68,16.84,15.815,14.765,
2005-11-25,25.5,26.33255509610409,10.93,31.26,31.61,23.7,16.84,15.875,14.85,
2005-11-28,24.64,26.21083296160746,10.89,30.93,31.44,23.59,16.685,15.815,14.81,
2005-11-29,24.68,26.194603343674576,10.89,30.96,31.51,23.57,16.66,15.855,14.945,
2005-11-30,24.775,25.861896176050458,10.855,30.76,31.46,23.38,16.55,15.7,14.835,
2005-12-01,25.56,25.99984792847997,11.02,31.07,31.81,23.54,16.74,15.76,15.125,
2005-12-02,25.585,26.05665159124506,11.01,31.18,31.69,23.53,16.795,15.785,15.06,
2005-12-05,25.765,26.00796273744641,10.955,31.24,31.52,23.44,16.695,15.775,15.1,
2005-12-06,25.875,25.926814647781992,10.97,31.18,31.65,23.42,16.745,15.73,15.21,
2005-12-07,25.78,25.715829614654503,10.95,31.05,31.42,23.36,16.73,15.655,15.17,
2005-12-08,26.235,25.69959999672162,10.87,31.16,31.28,23.32,16.66,15.82,15.145,
2005-12-09,25.91,25.88624060294978,10.91,31.2,31.45,23.36,16.685,16.0,15.105,
2005-12-12,26.245,25.772633277419597,10.94,31.21,31.46,23.41,16.705,15.85,15.105,
2005-12-13,26.135,26.105340445043716,10.905,31.55,31.49,23.7,16.78,16.085,15.24,
2005-12-14,26.45,26.202718152641015,10.92,31.64,31.76,23.9,16.865,16.265,15.155,
2005-12-15,26.24,26.05665159124506,10.875,31.73,31.81,23.94,16.83,16.3,15.075,
2005-12-16,25.535,25.951159074681318,10.785,31.7,31.67,23.8,16.705,16.155,14.9,
2005-12-19,25.325,25.723944423620942,10.655,31.98,31.36,23.76,16.525,15.94,14.83,
2005-12-20,25.67,25.83755174915113,10.615,31.94,31.38,23.62,16.49,15.965,14.775,
2005-12-21,25.725,25.91058502984911,10.625,32.04,31.54,23.69,16.505,15.82,15.06,
2005-12-22,25.695,26.08911082711083,10.675,32.25,31.78,23.71,16.51,15.89,15.215,
2005-12-23,25.625,26.121570062976595,10.695,32.29,31.84,23.67,16.54,15.92,15.26,
2005-12-27,24.87,25.918699838815552,10.605,32.03,31.56,23.51,16.4,15.89,15.165,
2005-12-28,25.245,25.861896176050458,10.58,32.03,31.61,23.54,16.43,15.81,15.295,
2005-12-29,25.05,25.83755174915113,10.52,31.92,31.6,23.48,16.425,15.78,15.27,
2005-12-30,25.155,25.69959999672162,10.45,31.72,31.42,23.29,16.325,15.695,15.14,
2006-01-03,26.35,26.12968487194304,10.655,32.11,31.63,23.44,16.5,16.0,15.46,
2006-01-04,26.425,26.105340445043716,10.78,32.43,31.71,23.52,16.515,16.025,15.555,
2006-01-05,26.09,26.194603343674576,10.83,32.35,31.66,23.4,16.53,15.92,15.53,
2006-01-06,26.73,26.34878471403697,11.0,32.56,31.78,23.5,16.665,16.09,15.695,
2006-01-09,26.7,26.42181799473495,11.035,32.71,32.04,23.61,16.835,15.99,15.69,
2006-01-10,26.99,26.446162421634277,11.025,32.59,31.95,23.55,16.84,16.015,15.59,
2006-01-11,27.105,26.592228983030232,11.13,32.51,31.97,23.57,16.925,15.99,15.47,
2006-01-12,26.91,26.405588376802065,11.07,32.48,31.73,23.51,16.775,15.99,15.255,
2006-01-13,27.23,26.389358758869186,11.065,32.46,31.62,23.48,16.78,16.1,15.29,
2006-01-17,27.83,26.113455254010155,10.955,32.37,31.46,23.39,16.69,16.27,15.305,
2006-01-18,27.48,26.04042197331218,10.825,32.42,31.5,23.49,16.635,16.305,15.155,
2006-01-19,28.08,25.959273883647757,10.92,32.59,31.65,23.51,16.76,16.45,15.315,
2006-01-20,28.205,25.41558168289615,10.635,31.97,30.96,23.17,16.475,16.355,15.055,
2006-01-23,28.515,25.480500154627684,10.595,31.95,30.98,23.19,16.465,16.33,15.26,
2006-01-24,28.345,25.59410748015787,10.63,31.8,31.21,23.27,16.63,16.475,15.43,
2006-01-25,27.75,25.642796333956525,10.665,31.76,31.2,23.29,16.57,16.25,15.505,
2006-01-26,27.84,26.08099601814439,10.735,31.92,31.55,23.34,16.64,16.105,15.69,
2006-01-27,28.325,26.105340445043716,10.855,32.29,31.62,23.53,16.715,16.195,15.8,
2006-01-30,28.975,26.024192355379295,10.89,32.14,31.69,23.44,16.675,16.085,15.845,
2006-01-31,28.83,25.926814647781992,10.8,32.13,31.51,23.33,16.615,16.075,15.87,
2006-02-01,28.145,25.91058502984911,10.865,32.33,31.78,23.39,16.67,16.12,15.915,
2006-02-02,27.865,25.732059232587385,10.715,32.07,31.51,23.38,16.65,15.91,15.68,
2006-02-03,27.61,25.62656671602364,10.64,32.01,31.44,23.23,16.57,15.83,15.54,
2006-02-06,28.15,25.69959999672162,10.61,31.72,31.55,23.18,16.565,15.925,15.82,
2006-02-07,26.975,25.529189008426336,10.58,31.67,31.32,23.07,16.465,15.83,15.405,
2006-02-08,26.98,25.691485187755177,10.785,32.08,31.47,23.17,16.58,15.825,15.43,
2006-02-09,26.365,25.75640365948671,10.735,32.11,31.65,23.24,16.575,15.88,15.48,
2006-02-10,26.27,25.902470220882666,10.82,32.04,31.86,23.21,16.635,15.89,15.45,
2006-02-13,26.165,25.805092513285363,10.72,32.0,31.9,23.18,16.595,15.87,15.295,
2006-02-14,25.87,26.113455254010155,10.865,32.31,32.28,23.47,16.78,15.855,15.705,
2006-02-15,25.73,26.26763662437255,10.925,32.5,32.37,23.62,16.855,15.88,15.635,
2006-02-16,26.32,26.42181799473495,11.025,32.71,32.46,23.73,16.91,16.005,15.84,
2006-02-17,26.505,26.316325478171205,10.965,32.69,32.54,23.63,16.81,16.15,15.825,
2006-02-21,27.025,26.235177388506784,10.845,32.52,32.41,23.6,16.72,16.175,15.83,
2006-02-22,26.52,26.73018073545974,10.9,32.8,32.75,23.79,16.845,16.235,15.895,
2006-02-23,26.49,26.63280302786244,10.845,32.68,32.64,23.8,16.755,16.215,15.815,
2006-02-24,26.815,26.689606690627535,10.85,32.68,32.66,23.68,16.725,16.265,15.86,
2006-02-27,26.35,26.738295544426187,10.95,32.93,32.87,23.85,16.875,16.395,15.73,
2006-02-28,26.17,26.478621657500046,10.825,32.5,32.49,23.53,16.735,16.285,15.53,
2006-03-01,26.615,26.616573409929554,11.04,32.53,32.75,23.62,16.86,16.24,15.77,
2006-03-02,27.06,26.45427723060072,11.065,32.47,32.66,23.49,16.75,16.23,15.865,
2006-03-03,27.065,26.389358758869186,11.0,32.36,32.74,23.55,16.74,16.15,15.87,
2006-03-06,26.125,26.308210669204765,10.955,32.19,32.57,23.47,16.635,15.89,15.655,
2006-03-07,25.74,26.397473567835625,10.885,32.2,32.59,23.63,16.56,15.815,15.505,
2006-03-08,25.74,26.413703185768505,10.875,32.42,32.55,23.89,16.59,15.8,15.41,
2006-03-09,25.555,26.25140700643967,10.81,32.31,32.51,23.93,16.525,15.755,15.38,
2006-03-10,25.695,26.486736466466485,10.86,32.43,32.85,24.15,16.68,15.855,15.655,
2006-03-13,26.2,26.494851275432925,10.9,32.41,32.83,24.17,16.675,15.875,15.69,
2006-03-14,26.685,26.80321401615772,11.025,32.64,33.14,24.11,16.855,16.045,15.98,
2006-03-15,26.825,26.83567325202349,11.09,32.75,33.64,24.02,16.95,16.15,16.17,
2006-03-16,27.25,26.92493615065435,11.02,32.75,33.66,24.1,16.985,16.235,16.195,
2006-03-17,26.825,26.860017678922816,11.055,32.72,33.79,23.96,17.01,16.075,16.095,
2006-03-20,26.23,26.876247296855695,11.075,32.78,33.73,24.1,16.97,15.84,16.06,
2006-03-21,26.185,26.608458600963115,11.03,32.58,33.6,23.94,16.875,15.72,15.825,
2006-03-22,26.36,26.819443634090604,11.035,32.91,33.85,24.16,16.93,15.795,15.99,
2006-03-23,26.75,26.689606690627535,11.01,32.73,33.71,23.98,16.92,15.775,16.035,
2006-03-24,26.93,26.681491881661096,11.045,32.68,33.68,23.98,16.895,15.745,16.025,
2006-03-27,27.07,26.66526226372821,11.06,32.43,33.71,23.9,16.89,15.64,16.135,
2006-03-28,27.28,26.446162421634277,10.935,32.13,33.47,23.71,16.8,15.575,16.0,
2006-03-29,27.6,26.567884556130906,11.1,32.22,33.81,23.88,16.95,15.67,16.27,
2006-03-30,27.585,26.405588376802065,11.135,32.16,33.81,23.69,16.88,15.53,16.33,
2006-03-31,27.2,26.413703185768505,11.07,31.98,33.8,23.6,16.83,15.415,16.175,
2006-04-03,27.35,26.45427723060072,11.135,31.96,33.92,23.68,16.77,15.435,16.375,
2006-04-04,27.71,26.738295544426187,11.175,32.0,34.15,23.66,16.865,15.6,16.4,
2006-04-05,28.165,26.786984398224835,11.27,31.9,34.17,23.71,16.975,15.75,16.625,
2006-04-06,28.225,26.689606690627535,11.26,31.66,34.12,23.62,17.01,15.555,16.66,
2006-04-07,27.675,26.438047612667834,11.13,31.28,33.95,23.41,16.935,15.335,16.405,
2006-04-10,28.2,26.486736466466485,11.115,31.22,33.83,23.44,16.91,15.33,16.4,
2006-04-11,28.0,26.25952181540611,11.015,30.88,33.77,23.22,16.775,15.155,16.28,
2006-04-12,27.815,26.316325478171205,11.035,31.09,34.0,23.3,16.76,15.19,16.39,
2006-04-13,27.905,26.356899523003413,11.05,31.02,33.86,23.26,16.8,15.12,16.475,
2006-04-17,28.42,26.33255509610409,10.93,30.84,33.6901,23.13,16.715,15.105,16.62,
2006-04-18,29.115,26.819443634090604,11.15,31.13,34.5,23.35,16.96,15.395,17.075,
2006-04-19,29.565,26.851902869956376,11.14,30.95,34.72,23.38,16.9,15.445,17.19,
2006-04-20,29.26,26.908706532721464,11.15,31.23,34.85,23.42,16.965,15.555,17.03,
2006-04-21,29.87,26.876247296855695,11.03,31.16,34.89,23.42,16.835,15.625,17.2,
2006-04-24,29.415,26.88436210582214,11.015,31.04,35.01,23.52,16.83,15.77,17.14,
2006-04-25,29.035,26.7220659264933,11.01,30.85,34.6,23.52,16.805,15.545,17.02,
2006-04-26,28.575,26.876247296855695,11.05,30.85,34.79,23.74,16.92,15.39,17.015,
2006-04-27,28.25,27.29821736311068,11.16,30.68,34.6,23.77,17.055,15.595,16.675,
2006-04-28,28.57,27.55789125003682,10.925,30.99,34.53,23.83,17.045,15.66,16.75,
2006-05-01,29.04,27.1278063748154,10.835,30.72,34.62,23.82,16.95,15.515,16.86,
2006-05-02,29.685,27.29821736311068,10.885,30.72,34.9,23.96,16.965,15.765,17.025,
2006-05-03,29.225,27.273872936211355,10.86,30.38,34.91,23.8,17.01,15.715,17.03,
2006-05-04,29.09,27.330676598976446,10.9,30.48,35.33,23.84,17.105,15.735,17.2,
2006-05-05,29.43,27.72018742936566,10.96,30.78,35.68,24.06,17.305,16.09,17.32,
2006-05-08,29.3,27.606580103835476,10.975,30.77,35.65,24.19,17.33,15.965,17.385,
2006-05-09,29.475,27.655268957634124,10.93,30.55,35.65,24.2599,17.38,15.83,17.5,
2006-05-10,29.75,27.67149857556701,10.815,30.52,35.67,24.16,17.39,15.955,17.505,
2006-05-11,29.365,27.21706927344626,10.59,30.46,35.49,23.86,17.215,15.805,17.265,
2006-05-12,28.37,26.941165768587236,10.49,30.39,34.93,23.67,17.045,15.63,16.895,
2006-05-15,27.775,27.1278063748154,10.5,30.82,34.94,23.93,17.09,15.73,16.675,
2006-05-16,27.875,27.09534713894963,10.4,30.9,34.93,24.02,16.97,15.66,16.68,
2006-05-17,27.165,26.55165493819802,10.26,30.58,34.21,23.72,16.735,15.42,16.23,
2006-05-18,26.835,26.316325478171205,10.225,30.45,33.93,23.6,16.725,15.415,16.06,
2006-05-19,27.01,26.45427723060072,10.3,30.28,34.04,23.62,16.84,15.545,16.125,
2006-05-22,26.855,26.389358758869186,10.21,30.15,33.97,23.69,16.72,15.665,15.775,
2006-05-23,26.86,26.25952181540611,10.135,30.01,33.81,23.68,16.595,15.445,15.81,
2006-05-24,26.53,26.275751433338996,10.235,30.1,33.72,23.86,16.62,15.5,15.74,
2006-05-25,27.46,26.51108089336581,10.33,30.38,33.95,24.09,16.78,15.645,16.01,
2006-05-26,27.55,26.73018073545974,10.38,30.55,34.14,24.09,16.835,15.815,16.28,
2006-05-30,27.115,26.33255509610409,10.175,30.15,33.7,23.79,16.58,15.655,15.895,
2006-05-31,27.775,26.519195702332254,10.215,30.34,33.94,23.88,16.76,15.915,16.075,
2006-06-01,27.85,26.827558443057047,10.39,30.77,34.29,24.01,17.02,16.075,16.25,
2006-06-02,28.265,26.981739813419445,10.355,30.89,34.34,23.96,16.985,16.27,16.405,
2006-06-05,27.375,26.54354012923158,10.2,30.41,33.6,23.62,16.715,16.075,15.915,
2006-06-06,27.35,26.478621657500046,10.2,30.46,33.47,23.69,16.63,16.105,15.78,
2006-06-07,26.3,26.567884556130906,10.06,30.6,33.1,23.68,16.635,16.045,15.42,
2006-06-08,26.67,26.616573409929554,10.01,30.65,33.12,23.76,16.61,16.1,15.37,
2006-06-09,26.4,26.527310511298694,9.97,30.43,32.84,23.78,16.57,16.235,15.29,
2006-06-12,25.86,26.235177388506784,9.785,30.12,32.43,23.64,16.35,16.27,15.05,
2006-06-13,25.095,25.723944423620942,9.795,30.04,32.33,23.56,16.22,16.075,14.795,
2006-06-14,25.74,25.569763053258548,9.86,30.09,32.61,23.66,16.295,15.955,14.99,
2006-06-15,26.72,26.13779968090948,10.11,30.46,33.35,23.85,16.65,16.2,15.49,
2006-06-16,26.55,25.821322131218245,10.095,30.31,33.26,23.75,16.575,16.055,15.295,
2006-06-19,25.55,25.642796333956525,10.05,30.08,33.0,23.66,16.485,15.835,14.99,
2006-06-20,25.43,25.715829614654503,10.035,29.97,32.96,23.83,16.425,15.875,15.055,
2006-06-21,26.0,25.926814647781992,10.165,30.12,33.35,23.92,16.585,15.86,15.42,
2006-06-22,26.11,25.82943694018469,10.045,29.95,33.15,23.88,16.455,15.805,15.34,
2006-06-23,26.69,25.659025951889408,10.015,29.98,33.24,23.8,16.44,15.83,15.47,
2006-06-26,26.985,25.88624060294978,10.04,29.87,33.33,23.88,16.525,15.895,15.515,
2006-06-27,27.035,25.634681524990082,9.9,29.56,33.02,23.82,16.315,15.835,15.32,
2006-06-28,27.5,25.772633277419597,9.965,29.56,33.12,23.93,16.33,15.88,15.36,
2006-06-29,28.28,26.316325478171205,10.22,30.07,33.82,24.31,16.685,16.085,15.975,
2006-06-30,28.375,26.24329219747323,10.165,30.24,33.81,24.19,16.695,16.145,16.05,
2006-07-03,28.68,26.55165493819802,10.24,30.3,33.93,24.33,16.72,16.325,16.24,
2006-07-05,28.81,26.30009586023832,10.08,30.27,33.68,24.13,16.565,16.215,16.045,
2006-07-06,28.735,26.38124394990274,10.09,30.38,33.77,24.41,16.575,16.13,16.03,
2006-07-07,28.345,26.25140700643967,9.99,30.41,33.27,24.36,16.45,16.255,15.905,
2006-07-10,28.43,26.42993280370139,9.875,30.52,33.36,24.51,16.47,16.345,15.945,
2006-07-11,28.95,26.438047612667834,9.915,30.59,33.45,24.64,16.455,16.47,15.925,
2006-07-12,28.85,26.17837372574169,9.735,30.48,33.11,24.44,16.195,16.39,15.81,
2006-07-13,28.575,25.764518468453154,9.575,30.16,32.46,24.24,15.9,16.33,15.365,
2006-07-14,28.91,25.659025951889408,9.55,29.97,32.0,24.0,15.695,16.33,15.39,
2006-07-17,27.975,25.70771480568806,9.58,30.09,31.89,24.06,15.805,16.375,15.185,
2006-07-18,28.01,25.764518468453154,9.6,30.09,32.04,24.17,15.71,16.4,15.25,
2006-07-19,28.3,26.446162421634277,9.74,30.8,32.69,24.47,16.025,16.65,15.66,
2006-07-20,27.615,26.34066990507053,9.6,30.83,32.02,24.49,15.815,16.69,15.225,
2006-07-21,27.24,26.194603343674576,9.5,30.97,31.7,24.44,15.67,16.73,15.025,
2006-07-24,28.06,26.53542532026514,9.645,31.57,32.22,24.62,16.01,16.885,15.25,
2006-07-25,28.55,26.600343791996675,9.75,31.84,32.13,24.74,16.155,16.955,15.485,
2006-07-26,29.125,26.567884556130906,9.775,31.99,31.72,24.62,15.97,17.015,15.45,
2006-07-27,28.875,26.413703185768505,9.745,31.83,31.66,24.46,15.935,16.88,15.11,
2006-07-28,28.885,26.88436210582214,9.915,32.0,32.02,24.69,16.13,16.995,15.385,
2006-07-31,29.325,26.84378806098993,9.9,31.89,31.89,24.57,16.14,16.92,15.45,
2006-08-01,29.36,26.76263997132551,9.76,31.89,31.69,24.45,15.99,17.13,15.325,
2006-08-02,29.42,26.81132882512416,9.88,32.09,31.89,24.67,16.12,17.115,15.57,
2006-08-03,29.165,26.92493615065435,9.91,31.81,32.15,24.73,16.22,17.03,15.665,
2006-08-04,28.92,26.981739813419445,9.88,31.82,32.06,24.74,16.225,17.035,15.59,
2006-08-07,29.225,26.92493615065435,9.845,31.72,31.93,24.68,16.19,16.835,15.665,
2006-08-08,29.055,26.73018073545974,9.81,31.71,31.65,24.79,16.025,16.995,15.501,
2006-08-09,29.3,26.413703185768505,9.87,31.74,31.16,24.63,15.805,17.0,15.515,
2006-08-10,29.06,26.54354012923158,9.91,31.71,31.41,24.89,16.02,16.975,15.555,
2006-08-11,29.075,26.46239203956716,9.855,31.56,31.23,24.84,16.015,16.935,15.38,
2006-08-14,28.475,26.494851275432925,9.94,31.63,31.29,24.89,16.06,17.05,15.34,
2006-08-15,28.62,26.941165768587236,10.17,31.9,31.86,25.05,16.285,17.16,15.665,
2006-08-16,28.5,27.08723232998319,10.33,32.18,32.57,25.08,16.45,17.0,15.94,
2006-08-17,28.3,27.17649522861405,10.375,32.26,32.61,25.04,16.55,16.98,15.84,
2006-08-18,28.74,27.21706927344626,10.415,32.31,32.53,25.19,16.545,17.17,15.84,
2006-08-21,28.93,27.111576756882513,10.345,32.2,32.24,25.25,16.365,17.205,15.84,
2006-08-22,29.125,27.10346194791607,10.35,32.3,32.34,25.23,16.35,17.265,15.885,
2006-08-23,28.515,27.02231385825165,10.3,32.28,32.1,25.15,16.205,17.085,15.86,
2006-08-24,28.885,27.111576756882513,10.34,32.5,31.93,25.28,16.12,17.155,15.735,
2006-08-25,29.11,26.96551019548656,10.37,32.52,31.94,25.24,16.12,17.155,15.785,
2006-08-28,28.69,27.160265610681165,10.465,32.73,32.07,25.34,16.28,17.285,15.77,
2006-08-29,28.51,27.04665828515098,10.56,32.88,32.15,25.43,16.4,17.3,15.835,
2006-08-30,28.03,27.1278063748154,10.635,32.9,32.18,25.5,16.41,17.21,15.84,
2006-08-31,27.835,27.160265610681165,10.595,32.8,32.25,25.52,16.46,17.385,15.915,
2006-09-01,28.25,27.200839655513377,10.64,32.97,32.48,25.66,16.595,17.4,16.095,
2006-09-05,28.62,27.29821736311068,10.695,32.82,32.55,25.57,16.645,17.215,16.19,
2006-09-06,27.65,27.20895446447982,10.52,32.7,32.21,25.5,16.44,17.15,15.99,
2006-09-07,27.675,26.99796943135233,10.46,32.46,32.13,25.41,16.495,17.175,15.815,
2006-09-08,26.975,27.152150801714726,10.545,32.72,32.19,25.54,16.645,17.175,15.875,
2006-09-11,26.14,27.168380419647605,10.635,32.93,32.22,25.73,16.775,17.115,15.45,
2006-09-12,25.975,27.51731720520461,10.82,33.31,32.52,25.74,17.165,17.025,15.63,
2006-09-13,26.515,27.72018742936566,10.82,33.24,32.85,25.55,17.235,17.06,15.74,
2006-09-14,25.925,27.785105901097197,10.845,33.2,32.7,25.68,17.19,16.99,15.69,
2006-09-15,25.925,27.712072620399216,10.85,33.14,32.73,25.58,17.23,16.86,15.585,
2006-09-18,26.55,27.67961338453345,10.845,33.13,32.81,25.48,17.14,16.81,15.775,
2006-09-19,26.15,27.728302238332102,10.795,33.18,32.68,25.54,17.175,16.845,15.575,
2006-09-20,25.45,27.914942844560265,10.97,33.31,32.86,25.69,17.3,16.82,15.71,
2006-09-21,25.775,27.72018742936566,10.865,33.1,32.55,25.46,17.205,16.795,15.57,
2006-09-22,25.665,27.76887628316431,10.8,32.89,32.39,25.48,17.19,16.775,15.555,
2006-09-25,25.7,28.05289459698978,10.995,33.02,32.78,25.32,17.455,17.01,15.64,
2006-09-26,26.265,28.207075967352175,11.065,33.05,33.19,25.35,17.605,16.985,15.95,
2006-09-27,26.7,28.077239023889106,10.98,33.14,33.27,25.51,17.575,17.22,15.915,
2006-09-28,26.615,28.174616731486406,11.035,33.08,33.5,25.45,17.57,17.165,15.96,
2006-09-29,26.725,28.093468641821985,11.0,33.19,33.34,25.38,17.475,16.995,15.82,
2006-10-02,26.42,28.02855017009045,10.92,33.0,33.44,25.21,17.515,17.12,15.85,
2006-10-03,25.45,28.30445367494948,10.98,33.1,33.65,25.24,17.665,17.19,15.64,
2006-10-04,25.825,28.64527565154004,11.15,33.39,34.15,25.51,17.92,17.26,15.665,
2006-10-05,26.32,28.629046033607157,11.145,33.39,34.32,25.41,17.97,17.205,15.915,
2006-10-06,26.345,28.53166832600985,11.15,33.26,34.25,25.27,17.935,17.11,15.99,
2006-10-09,25.95,28.61281641567427,11.18,33.19,34.29,25.36,18.06,17.095,16.12,
2006-10-10,26.435,28.61281641567427,11.19,33.05,34.34,25.27,18.17,17.22,16.195,
2006-10-11,26.015,28.539783134976297,11.185,33.04,34.35,25.31,18.125,17.26,16.05,
2006-10-12,26.625,28.68584969637225,11.35,33.24,34.64,25.35,18.365,17.255,16.215,
2006-10-13,26.99,28.799457021902438,11.405,33.13,34.56,25.3,18.315,17.275,16.375,
2006-10-16,27.625,28.64527565154004,11.4,33.18,34.79,25.34,18.3,17.36,16.495,
2006-10-17,27.325,28.64527565154004,11.305,33.27,34.6,25.29,18.235,17.435,16.38,
2006-10-18,27.15,28.72642374120446,11.275,33.63,34.51,25.39,18.25,17.625,16.32,
2006-10-19,27.71,28.539783134976297,11.31,33.6,34.43,25.45,18.24,17.695,16.43,
2006-10-20,27.35,28.50732389911053,11.38,33.86,34.28,25.54,18.215,17.805,16.34,
2006-10-23,27.4,28.69396450533869,11.45,33.95,34.46,25.79,18.455,17.825,16.445,
2006-10-24,27.9,28.68584969637225,11.37,33.84,34.48,25.71,18.525,17.84,16.635,
2006-10-25,28.38,28.80757183086888,11.47,33.64,34.51,25.88,18.46,18.03,16.62,
2006-10-26,28.315,29.010442055029927,11.53,33.77,34.5,26.05,18.715,17.95,16.655,
2006-10-27,28.085,28.791342212935994,11.38,33.63,34.25,25.96,18.53,17.885,16.695,
2006-10-30,27.58,28.799457021902438,11.42,33.44,34.36,25.85,18.645,17.875,16.74,
2006-10-31,27.865,28.750768168103786,11.445,33.3,34.28,25.83,18.605,17.895,16.77,
2006-11-01,27.58,28.572242370842066,11.385,33.06,34.11,25.63,18.46,18.005,16.64,
2006-11-02,27.69,28.491094281177645,11.315,33.24,33.99,25.59,18.44,17.92,16.695,
2006-11-03,28.3,28.491094281177645,11.315,33.07,33.92,25.47,18.3,17.79,16.64,
2006-11-06,28.505,28.823801448801767,11.45,33.47,34.22,25.56,18.525,17.71,16.845,
2006-11-07,28.285,28.8887199205333,11.51,33.73,34.61,25.6,18.575,17.65,16.79,
2006-11-08,28.76,29.010442055029927,11.52,33.22,34.66,25.69,18.665,17.825,16.83,
2006-11-09,29.0,28.81568663983532,11.515,32.44,34.45,25.54,18.605,17.82,17.015,
2006-11-10,28.725,29.051016099862135,11.545,32.49,34.5,25.55,18.665,17.955,16.85,
2006-11-13,28.675,29.01855686399637,11.645,32.55,34.77,25.47,18.69,17.95,17.015,
2006-11-14,28.845,29.18896785229165,11.73,32.82,34.88,25.54,18.895,17.995,17.01,
2006-11-15,29.115,29.148393807459442,11.755,32.98,35.22,25.67,18.965,17.935,17.08,
2006-11-16,28.315,29.432412121284912,11.8,33.12,35.38,25.85,19.09,18.0,16.99,
2006-11-17,28.55,29.213312279190976,11.82,33.22,35.4,25.89,19.055,18.02,16.915,
2006-11-20,28.475,29.39995288541914,11.82,33.14,35.28,25.81,18.98,17.96,17.24,
2006-11-21,29.0,29.35126403162049,11.815,33.09,35.4,25.77,19.035,17.99,17.285,
2006-11-22,28.83,29.383723267486257,11.905,33.16,35.54,25.83,19.075,18.03,17.525,
2006-11-24,28.77,29.237656706090302,11.88,33.02,35.47,25.73,18.975,18.1,17.54,
2006-11-27,28.64,28.78322740396955,11.6,32.8,34.9,25.41,18.7,17.9,17.25,
2006-11-28,29.1,28.831916257768206,11.66,32.87,34.86,25.52,18.69,18.03,17.32,
2006-11-29,30.025,29.010442055029927,11.735,33.1,35.14,25.74,18.82,18.255,17.465,
2006-11-30,30.255,28.953638392264835,11.76,33.26,35.12,25.61,18.84,18.37,17.5,
2006-12-01,30.36,28.78322740396955,11.66,33.23,34.92,25.53,18.815,18.36,17.36,
2006-12-04,30.315,29.18896785229165,11.81,33.07,35.37,25.9,19.015,18.505,17.615,
2006-12-05,30.435,29.326919604721166,11.815,33.2,35.45,26.04,19.175,18.55,17.69,
2006-12-06,30.35,29.36749364955337,11.74,33.25,35.33,26.07,19.16,18.46,17.62,
2006-12-07,30.17,29.294460368855397,11.695,33.18,35.27,26.02,19.07,18.44,17.73,
2006-12-08,30.135,29.383723267486257,11.695,33.24,35.31,26.07,19.11,18.385,17.775,
2006-12-11,30.06,29.546019446815095,11.765,33.31,35.15,26.12,19.18,18.485,17.71,
2006-12-12,30.13,29.57036387371442,11.725,33.32,35.21,26.06,19.075,18.555,17.51,
2006-12-13,30.435,29.602823109580186,11.745,33.25,35.09,26.05,19.175,18.625,17.615,
2006-12-14,30.875,29.85438218753989,11.845,33.42,35.29,26.15,19.375,18.655,17.745,
2006-12-15,30.505,29.700200817177492,11.78,33.41,35.2,26.06,19.225,18.47,17.685,
2006-12-18,29.625,29.846267378573447,11.735,33.48,35.24,26.04,19.21,18.34,17.505,
2006-12-19,30.13,29.82192295167412,11.66,33.65,35.25,26.06,19.22,18.42,17.635,
2006-12-20,29.72,29.91930065927142,11.665,33.67,35.3,26.08,19.215,18.36,17.55,
2006-12-21,29.58,29.789463715808356,11.61,33.58,35.23,26.09,19.13,18.35,17.33815,
2006-12-22,29.295,29.6433971544124,11.52,33.44,35.01,26.07,19.115,18.285,17.245,
2006-12-26,29.33,29.91118585030498,11.585,33.46,35.18,26.17,19.175,18.375,17.395,
2006-12-27,29.675,30.12217088343247,11.67,33.62,35.36,26.26,19.3,18.475,17.565,
2006-12-28,29.61,29.984219131002963,11.665,33.58,35.24,26.25,19.28,18.365,17.54,
2006-12-29,29.315,29.813808142707682,11.63,33.49,35.01,26.12,19.18,18.36,17.405,
2007-01-03,28.29,29.959874704103637,11.665,33.5,35.23,26.287,19.26,18.41,17.305,
2007-01-04,27.775,29.86249699650633,11.845,33.88,35.08,26.33,19.255,18.385,17.225,
2007-01-05,27.96,29.610937918546632,11.75,33.69,34.96,26.14,19.125,18.055,17.11,
2007-01-08,27.96,29.757004479942587,11.785,33.73,35.09,26.18,19.155,18.045,17.11,
2007-01-09,27.72,29.708315626143936,11.8,33.69,35.07,26.24,19.26,18.06,17.115,
2007-01-10,27.185,29.805693333741235,11.86,33.75,35.19,26.35,19.36,18.065,17.235,
2007-01-11,27.03,29.992333939969402,11.98,34.12,35.48,26.55,19.575,18.085,17.42,
2007-01-12,27.72,30.02479317583517,12.01,34.28,35.58,26.51,19.63,17.935,17.615,
2007-01-16,27.435,30.10594126549959,11.985,34.36,35.77,26.53,19.7,17.99,17.66,
2007-01-17,27.74,30.02479317583517,11.83,34.56,35.8,26.61,19.7,18.03,17.72,
2007-01-18,27.535,29.903071041338542,11.695,34.66,35.64,26.57,19.81,18.02,17.615,
2007-01-19,28.29,29.992333939969402,11.69,34.67,35.62,26.61,19.805,18.025,17.885,
2007-01-22,28.095,29.967989513070076,11.605,34.46,35.23,26.58,19.68,18.02,17.7,
2007-01-23,28.825,29.95175989513719,11.605,34.28,35.64,26.63,19.75,18.125,17.925,
2007-01-24,28.95,30.260122635861986,11.815,34.54,35.54,26.73,19.825,18.185,18.11,
2007-01-25,28.355,29.82192295167412,11.67,34.42,35.35,26.56,19.51,18.17,18.05,
2007-01-26,28.425,29.878726614439216,11.675,34.23,35.21,26.49,19.415,18.125,18.04,
2007-01-29,28.29,29.73266005304326,11.725,34.18,35.29,26.56,19.465,18.185,17.97,
2007-01-30,28.86,29.846267378573447,11.795,34.35,35.27,26.54,19.52,18.24,18.02,
2007-01-31,29.045,30.089711647566705,11.865,34.51,35.74,26.65,19.73,18.295,18.125,
2007-02-01,29.15,30.284467062761312,11.815,34.8,36.05,26.75,19.8,18.45,18.345,
2007-02-02,29.315,30.341270725526407,11.875,34.73,36.19,26.8,19.855,18.55,18.315,
2007-02-05,29.285,30.333155916559967,11.845,34.72,36.26,26.71,19.79,18.75,18.24,
2007-02-06,29.195,30.471107668989475,11.83,34.62,36.27,26.67,19.86,18.85,18.365,
2007-02-07,29.02,30.58471499451966,11.885,34.67,36.24,26.61,19.955,18.92,18.365,
2007-02-08,29.315,30.48733728692236,11.9,34.64,35.99,26.56,19.915,18.955,18.385,
2007-02-09,29.195,30.162744928264683,11.77,34.54,35.85,26.52,19.73,19.02,18.3,
2007-02-12,28.79,30.089711647566705,11.72,34.39,35.91,26.46,19.635,18.95,18.375,
2007-02-13,29.21,30.308811489660638,11.77,34.52,36.2,26.55,19.81,19.115,18.745,
2007-02-14,29.215,30.600944612452547,11.93,34.71,36.73,26.71,19.91,19.25,18.86,
2007-02-15,28.995,30.649633466251203,11.975,34.87,36.81,26.87,19.975,19.085,18.95,
2007-02-16,29.0,30.641518657284756,11.95,34.73,36.66,26.91,19.95,19.12,18.855,
2007-02-20,28.675,30.803814836613597,11.955,34.75,36.72,27.05,20.095,19.17,19.01,
2007-02-21,28.99,30.67397789315052,11.935,34.59,36.82,26.9,20.015,19.09,19.13,
2007-02-22,29.25,30.552255758653896,12.0,34.54,36.7,26.8,19.97,19.115,19.125,
2007-02-23,29.325,30.268237444828426,11.99,34.39,36.6,26.82,19.925,19.335,19.2,
2007-02-26,29.5,30.049137602734497,11.96,34.53,36.39,26.81,19.755,19.795,19.375,
2007-02-27,28.325,28.64527565154004,11.5,33.48,35.3,26.2,19.075,19.075,18.59,
2007-02-28,28.45,29.172738234358768,11.525,33.68,35.42,26.3,19.115,19.225,18.725,
2007-03-01,28.36,29.140278998492995,11.535,33.56,35.28,26.3,19.03,19.325,18.53,
2007-03-02,28.025,28.80757183086888,11.32,33.26,34.84,25.89,18.89,19.025,18.225,
2007-03-05,27.7,28.35314252874813,11.345,33.09,34.75,25.8,18.64,18.785,17.985,
2007-03-06,28.225,28.945523583298392,11.52,33.44,35.15,26.0,18.96,19.065,18.35,
2007-03-07,28.575,28.77511259500311,11.375,33.45,35.01,25.9,18.94,19.025,18.26,
2007-03-08,28.825,29.034786481929256,11.47,33.56,35.27,26.14,19.09,19.125,18.44,
2007-03-09,28.7,29.10781976262723,11.5,33.63,35.45,26.22,19.13,19.1,18.655,
2007-03-12,28.66,29.10781976262723,11.57,33.63,35.62,26.25,19.105,19.315,18.715,
2007-03-13,28.275,28.23953520321794,11.385,33.08,35.02,25.75,18.755,19.03,18.26,
2007-03-14,28.6,28.30445367494948,11.49,33.21,35.16,25.8,18.72,19.125,18.375,
2007-03-15,28.595,28.64527565154004,11.495,33.29,35.2,26.13,18.76,19.37,18.725,
2007-03-16,28.195,28.418061000479668,11.475,33.2,35.25,25.93,18.66,19.2,18.55,
2007-03-19,28.645,28.60470160670783,11.55,33.46,35.5,26.1,18.935,19.34,18.825,
2007-03-20,28.85,28.864375493633972,11.625,33.63,35.59,26.35,19.075,19.62,18.905,
2007-03-21,29.37,29.521675019915772,11.86,33.97,36.08,26.6,19.375,19.85,19.12,
2007-03-22,29.96,29.343149222654045,11.815,34.09,36.15,26.73,19.32,19.83,19.03,
2007-03-23,30.11,29.375608458519817,11.785,33.92,36.36,26.79,19.33,19.925,19.11,
2007-03-26,30.32,29.229541897123863,11.8,33.97,36.06,26.6,19.235,20.01,19.245,
2007-03-27,30.375,29.051016099862135,11.805,33.73,35.89,26.48,19.115,19.98,19.035,
2007-03-28,30.37,28.68584969637225,11.67,33.5,35.6,26.43,18.9,19.94,18.845,
2007-03-29,30.56,28.831916257768206,11.685,33.66,35.59,26.58,18.965,20.055,18.99,
2007-03-30,30.14,28.913064347432627,11.66,33.65,35.55,26.65,19.015,19.85,19.025,
2007-04-02,30.435,28.64527565154004,11.72,33.83,35.61,26.72,19.08,20.325,19.02,
2007-04-03,30.625,29.002327246063487,11.815,34.18,35.86,26.9,19.325,20.35,19.225,
2007-04-04,30.675,29.002327246063487,11.885,34.38,35.72,27.02,19.27,20.26,19.255,
2007-04-05,30.875,29.01855686399637,11.93,34.62,35.83,27.09,19.425,20.35,19.23,
2007-04-09,30.76,29.010442055029927,11.93,34.63,35.79,27.02,19.41,20.5,19.525,
2007-04-10,31.225,29.140278998492995,11.92,34.68,35.78,27.15,19.45,20.505,19.31,
2007-04-11,31.035,28.89683472949974,11.81,34.53,35.64,26.97,19.3,20.455,19.225,
2007-04-12,31.51,28.848145875701086,11.935,34.92,36.07,27.0,19.435,20.365,19.395,
2007-04-13,31.525,28.96986801019772,11.945,35.43,36.06,27.09,19.45,20.36,19.44,
2007-04-16,31.71,29.675856390278167,12.045,35.77,36.35,27.15,19.645,20.48,19.7,
2007-04-17,31.53,29.667741581311727,12.07,35.88,36.35,27.4,19.725,20.575,19.515,
2007-04-18,31.42,30.008563557902285,12.04,35.87,36.45,27.33,19.71,20.725,19.41,
2007-04-19,30.98,29.967989513070076,12.045,36.02,36.57,27.35,19.555,20.625,19.34,
2007-04-20,31.55,30.12217088343247,12.115,36.16,36.82,27.6,19.785,20.785,19.54,
2007-04-23,31.585,30.041022793768057,12.09,36.2,36.96,27.54,19.745,20.94,19.535,
2007-04-24,31.49,29.95175989513719,12.155,36.2,36.85,27.53,19.675,21.09,19.455,
2007-04-25,32.08,30.357500343459286,12.245,36.31,37.23,27.67,19.875,21.15,19.765,
2007-04-26,32.07,30.308811489660638,12.315,36.35,37.21,27.56,19.845,21.08,19.685,
2007-04-27,32.065,30.268237444828426,12.305,36.23,37.64,27.5,19.715,20.905,19.67,
2007-04-30,31.685,30.03290798480161,12.21,36.11,37.2,27.4,19.465,20.825,19.31,
2007-05-01,31.825,30.089711647566705,12.27,36.19,37.43,27.29,19.52,20.995,19.23,
2007-05-02,32.09,30.219548591029778,12.335,36.42,37.67,27.3,19.745,21.11,19.46,
2007-05-03,32.35,30.503566904855248,12.455,36.5,37.94,27.4,19.705,21.085,19.525,
2007-05-04,32.325,30.60905942141899,12.505,36.7,37.98,27.4,19.75,21.045,19.7,
2007-05-07,32.41,30.649633466251203,12.49,36.78,38.08,27.45,19.75,21.295,19.96,
2007-05-08,32.415,30.58471499451966,12.54,36.64,38.06,27.26,19.665,21.2,19.975,
2007-05-09,32.4,30.747011173848502,12.525,36.76,38.16,27.3,19.785,21.215,20.06,
2007-05-10,31.875,30.308811489660638,12.46,36.11,37.9,27.13,19.57,21.0,19.675,
2007-05-11,32.605,30.633403848318316,12.595,36.25,38.19,27.2,19.65,21.1,19.905,
2007-05-14,32.615,30.48733728692236,12.535,36.21,38.02,27.1,19.65,21.185,19.88,
2007-05-15,32.725,30.41430400622438,12.515,36.17,38.12,27.28,19.58,21.3,20.005,
2007-05-16,32.85,30.763240791781385,12.625,36.58,38.31,27.56,19.65,21.35,20.075,
2007-05-17,33.375,30.60905942141899,12.59,36.44,38.38,27.49,19.68,21.3,20.065,
2007-05-18,33.915,30.69020751108341,12.655,36.59,38.25,27.69,19.86,21.415,20.14,
2007-05-21,34.2,30.722666746949177,12.71,36.67,38.47,27.48,19.935,21.385,20.17,
2007-05-22,33.88,30.747011173848502,12.695,36.65,38.39,27.53,19.915,21.345,20.05,
2007-05-23,33.95,30.722666746949177,12.65,36.78,38.58,27.45,19.925,21.01,20.14,
2007-05-24,33.33,30.446763242090153,12.49,36.64,38.27,27.33,19.765,20.54,19.925,
2007-05-25,33.85,30.503566904855248,12.595,36.62,38.5,27.5,19.835,20.55,20.16,
2007-05-29,33.625,30.633403848318316,12.67,36.64,38.75,27.6,19.82,20.61,20.095,
2007-05-30,34.33,30.844388881445806,12.765,36.65,38.92,27.73,20.0,20.865,20.35,
2007-05-31,34.15,30.755125982814942,12.825,36.73,39.13,27.77,20.05,20.92,20.45,
2007-06-01,34.46,30.85250369041225,12.825,36.77,39.28,27.9,20.165,20.805,20.735,
2007-06-04,35.0,30.811929645580037,12.87,36.7,39.29,28.0,20.205,20.725,20.61,
2007-06-05,34.875,30.625289039351877,12.825,36.61,39.17,27.83,20.085,20.45,20.54,
2007-06-06,34.43,30.365615152425733,12.675,36.27,38.75,27.65,19.83,20.125,20.275,
2007-06-07,33.82,29.85438218753989,12.495,35.73,38.12,27.3,19.46,19.5,19.82,
2007-06-08,33.96,30.20331897309689,12.67,35.85,38.65,27.46,19.71,19.64,20.2,
2007-06-11,34.22,30.341270725526407,12.695,35.86,38.7,27.61,19.645,19.9,20.025,
2007-06-12,33.8,29.927415468237868,12.545,35.6,38.2,27.35,19.485,19.575,19.78,
2007-06-13,34.475,30.4954520958888,12.705,35.89,39.11,27.56,19.71,19.965,20.245,
2007-06-14,35.055,30.446763242090153,12.825,35.99,39.31,27.6,19.85,20.09,20.4,
2007-06-15,35.49,30.38995957932506,12.89,36.07,39.42,27.49,19.915,20.22,20.55,
2007-06-18,35.53,30.381844770358615,12.925,35.86,39.4,27.35,19.83,20.0,20.55,
2007-06-19,35.57,30.511681713821687,12.92,35.86,39.52,27.15,19.895,20.13,20.65,
2007-06-20,34.535,29.976104322036516,12.845,35.41,39.3,27.12,19.86,19.605,20.39,
2007-06-21,35.225,30.02479317583517,12.91,35.51,39.38,27.2,19.825,19.73,20.505,
2007-06-22,34.875,29.6433971544124,12.765,34.97,39.15,27.05,19.695,19.355,20.445,
2007-06-25,34.595,29.408067694385586,12.72,34.91,39.05,26.93,19.615,19.46,20.125,
2007-06-26,33.85,29.132164189526556,12.675,35.09,38.72,26.86,19.48,19.355,19.875,
2007-06-27,34.375,29.57036387371442,12.8,35.38,39.1,27.07,19.68,19.64,20.05,
2007-06-28,34.375,29.521675019915772,12.845,35.41,38.9,27.02,19.64,19.635,20.125,
2007-06-29,34.495,29.35937884058693,12.8,35.31,39.04,27.05,19.665,19.79,20.25,
2007-07-02,35.105,29.610937918546632,12.91,35.51,39.32,27.27,19.77,20.075,20.575,
2007-07-03,35.375,29.870611805472777,13.0,35.57,39.6,27.26,19.8,20.075,20.58,
2007-07-05,35.29,29.619052727513072,13.05,35.56,39.56,27.24,19.905,20.035,20.625,
2007-07-06,35.77,29.765119288909027,13.075,35.64,39.8,27.4,20.085,19.93,20.8,
2007-07-09,36.105,29.6433971544124,13.15,35.53,40.1,27.4,20.01,19.96,20.85,
2007-07-10,35.785,29.01855686399637,13.0,35.23,39.43,27.15,19.655,19.775,20.55,
2007-07-11,35.92,29.115934571593677,13.075,35.45,39.85,27.28,19.77,19.825,20.7,
2007-07-12,36.615,29.65151196337884,13.295,36.01,40.44,27.51,19.925,20.075,21.225,
2007-07-13,36.975,29.765119288909027,13.325,35.92,40.72,27.7,20.025,20.375,21.45,
2007-07-16,36.5,29.65962677234528,13.365,35.96,40.98,27.59,19.945,20.08,21.335,
2007-07-17,36.025,29.757004479942587,13.41,35.85,41.22,27.46,19.965,20.1,21.525,
2007-07-18,36.84,29.375608458519817,13.34,35.75,41.13,27.47,19.94,20.25,21.56,
2007-07-19,37.175,29.27823075092251,13.45,35.56,41.5,27.56,19.985,20.575,21.61,
2007-07-20,37.0,28.766997786036672,13.4,35.23,40.9,27.4,19.73,20.35,21.4,
2007-07-23,37.15,28.750768168103786,13.42,35.5,41.17,27.4,19.76,20.37,21.375,
2007-07-24,36.075,28.02855017009045,13.285,35.14,40.6,27.2,19.45,19.76,20.95,
2007-07-25,36.65,28.158387113553527,13.3,35.12,40.7,27.2,19.385,19.8,20.6,
2007-07-26,35.27,27.492972778305287,13.1,34.4,39.85,26.8,18.815,19.35,19.915,
2007-07-27,34.25,27.062887903083865,12.82,33.58,39.11,26.44,18.52,18.775,19.46,
2007-07-30,34.84,27.574120867969704,12.865,34.0,39.95,26.5,18.785,19.035,19.95,
2007-07-31,34.5,26.697721499593975,12.775,33.63,39.41,26.28,18.5,19.0,19.71,
2007-08-01,34.41,26.99796943135233,12.9,33.86,39.7,26.67,18.525,19.43,19.825,
2007-08-02,34.175,27.17649522861405,12.925,34.15,39.97,26.7,18.76,19.64,19.875,
2007-08-03,33.06,26.016077546412856,12.675,33.68,39.15,26.65,18.185,18.975,19.21,
2007-08-06,33.25,27.346906216909332,12.875,34.34,39.74,27.34,18.475,19.57,19.435,
2007-08-07,34.03,27.541661632103935,12.9,34.5,39.74,27.27,18.58,19.925,19.575,
2007-08-08,34.675,28.198961158385735,13.1,34.9,40.05,27.75,18.79,20.215,20.08,
2007-08-09,33.68,27.18461003758049,12.8,34.08,38.98,27.25,18.26,19.85,19.575,
2007-08-10,33.86,27.062887903083865,12.62,33.9,38.53,27.1,18.18,19.505,19.34,
2007-08-13,33.9,26.819443634090604,12.795,34.0,39.05,27.02,18.28,19.605,19.425,
2007-08-14,33.675,26.34878471403697,12.535,33.72,38.05,26.59,17.815,19.275,18.925,
2007-08-15,32.75,26.113455254010155,12.375,33.64,37.6,26.45,17.625,19.015,18.45,
2007-08-16,32.55,26.900591723755024,12.295,33.65,37.62,26.52,17.65,19.15,18.2,
2007-08-17,33.75,27.996090934224686,12.415,33.73,38.0,26.65,17.775,19.315,18.45,
2007-08-20,33.675,27.622809721768355,12.46,33.89,38.55,26.85,17.87,19.42,18.795,
2007-08-21,33.2,27.817565136962966,12.5,33.98,38.4,26.85,17.99,19.4,18.91,
2007-08-22,33.6,27.89059841766094,12.665,34.15,39.09,26.92,18.23,19.625,19.625,
2007-08-23,33.9,27.93117246249315,12.7,34.37,38.88,26.93,18.16,19.685,19.25,
2007-08-24,34.625,28.02855017009045,12.88,34.58,39.2,27.12,18.525,19.805,19.7,
2007-08-27,34.2,27.703957811432776,12.81,34.34,39.11,27.0,18.27,19.3,19.525,
2007-08-28,33.375,26.876247296855695,12.58,33.99,38.17,26.69,17.83,19.0,19.075,
2007-08-29,34.48,27.200839655513377,12.88,34.24,39.07,26.92,18.39,19.375,19.45,
2007-08-30,34.46,27.030428667218096,12.935,34.24,38.83,26.83,18.315,19.34,19.4,
2007-08-31,34.915,27.38748026174154,13.02,34.4,39.42,26.9,18.615,19.3,19.575,
2007-09-04,35.55,27.59846529486903,13.22,34.7,39.6,27.19,18.64,19.675,19.85,
2007-09-05,35.36,27.26575812724491,13.08,34.63,39.2,26.94,18.345,19.625,19.675,
2007-09-06,35.9,27.062887903083865,13.145,34.74,39.52,26.87,18.39,19.65,19.775,
2007-09-07,35.13,26.786984398224835,12.875,34.37,38.71,26.75,17.95,19.505,19.31,
2007-09-10,35.075,26.697721499593975,12.85,34.4,38.74,26.82,17.855,19.52,19.19,
2007-09-11,35.675,26.973625004453,13.035,34.66,39.09,27.0,18.055,19.65,19.44,
2007-09-12,35.925,27.030428667218096,13.0,34.81,39.06,27.14,18.065,19.815,19.55,
2007-09-13,36.15,27.4767431603724,13.0,34.89,39.47,27.22,18.315,19.855,19.615,
2007-09-14,36.25,27.574120867969704,12.935,34.79,39.54,27.38,18.435,19.85,19.75,
2007-09-17,36.325,27.31444698104356,12.93,34.68,39.2,27.22,18.21,19.865,19.73,
2007-09-18,37.425,28.34502771978169,13.185,35.3,40.47,27.75,18.92,20.325,20.65,
2007-09-19,37.75,28.52355351704341,13.235,35.44,40.9,27.77,18.955,20.55,20.885,
2007-09-20,37.725,28.174616731486406,13.285,35.4,40.56,27.8,18.58,20.27,20.82,
2007-09-21,37.85,28.077239023889106,13.36,35.45,40.63,27.66,18.55,20.16,20.785,
2007-09-24,37.78,27.68772819349989,13.325,35.38,40.24,27.64,18.395,20.235,20.81,
2007-09-25,37.16,27.630924530734795,13.46,35.26,40.4,27.6,18.155,20.26,20.74,
2007-09-26,37.265,27.63903933970124,13.545,35.46,40.68,27.79,18.415,20.36,21.0,
2007-09-27,37.75,27.96363169835892,13.535,35.6,40.86,27.89,18.325,20.215,21.245,
2007-09-28,37.4,27.85002437282873,13.485,35.35,41.08,27.98,18.415,19.9,21.055,
2007-10-01,38.05,28.377486955647456,13.63,35.89,41.61,27.9,18.655,20.17,21.45,
2007-10-02,37.455,28.70207931430513,13.68,35.69,41.27,27.91,18.65,20.245,21.3,
2007-10-03,37.235,28.6371608425736,13.52,35.83,40.99,27.84,18.755,20.18,21.025,
2007-10-04,37.375,28.80757183086888,13.555,35.79,41.13,27.9,18.66,20.29,21.115,
2007-10-05,37.555,29.124049380560116,13.7,36.25,41.58,28.0,19.075,20.45,21.475,
2007-10-08,37.175,28.72642374120446,13.725,36.0,41.51,27.82,18.95,20.42,21.35,
2007-10-09,37.925,28.96986801019772,13.825,36.3,41.9,27.98,18.98,20.645,21.75,
2007-10-10,38.415,28.80757183086888,13.87,36.36,41.44,28.1,18.9,20.49,21.62,
2007-10-11,38.225,28.653390460506486,13.72,36.05,41.14,28.17,18.815,20.7,21.5,
2007-10-12,38.585,28.840031066734646,13.855,36.25,41.32,28.23,18.91,20.645,21.675,
2007-10-15,38.9,28.255764821150827,13.755,35.86,41.0,28.14,18.61,20.495,21.55,
2007-10-16,39.0,27.728302238332102,13.755,35.59,40.82,28.02,18.55,20.445,21.17,
2007-10-17,38.75,27.712072620399216,13.87,35.62,40.93,28.12,18.57,20.5,21.16,
2007-10-18,39.05,27.363135834842215,13.905,35.63,41.04,28.02,18.4,20.32,21.325,
2007-10-19,37.2,26.45427723060072,13.575,35.2,39.9,27.73,17.99,19.87,20.86,
2007-10-22,36.775,26.778869589258395,13.66,35.2,40.05,27.91,18.15,20.01,20.705,
2007-10-23,37.3,26.92493615065435,13.81,35.61,40.32,28.0,18.235,20.02,21.035,
2007-10-24,37.545,26.7220659264933,13.67,35.35,40.2,27.92,18.175,20.0,21.075,
2007-10-25,37.9,26.697721499593975,13.785,35.56,40.27,28.15,18.065,20.49,21.24,
2007-10-26,38.475,27.346906216909332,13.97,35.68,40.3,28.34,18.275,20.77,21.64,
2007-10-29,38.66,27.42805430657375,14.01,35.83,40.56,28.35,18.325,20.955,21.88,
2007-10-30,37.345,27.00608424031877,14.035,35.79,40.2,28.23,18.27,20.98,21.365,
2007-10-31,38.35,27.371250643808654,14.2,36.01,40.55,28.41,18.325,21.225,21.93,
2007-11-01,37.225,25.9673886926142,14.045,35.51,39.86,27.85,17.86,20.79,21.17,
2007-11-02,37.925,25.83755174915113,14.075,35.41,40.22,28.03,17.85,20.96,21.36,
2007-11-05,37.62,25.375007638063938,14.055,35.39,40.05,28.07,17.61,21.19,21.11,
2007-11-06,38.875,25.805092513285363,14.13,35.58,40.68,28.26,17.765,21.21,21.605,
2007-11-07,37.275,24.393115753124466,13.75,34.77,39.7,27.95,17.4,20.725,21.0,
2007-11-08,37.925,24.644674831084167,13.26,35.0,39.71,28.15,17.35,21.13,21.2,
2007-11-09,37.225,24.458034224856,12.985,34.91,38.92,27.88,16.955,20.965,20.765,
2007-11-12,35.425,24.547297123486864,12.775,35.0,38.5,27.9,16.98,20.6,19.935,
2007-11-13,36.675,25.69959999672162,13.21,35.46,39.48,28.32,17.45,20.775,20.465,
2007-11-14,36.62,25.602222289124313,13.135,35.6,39.35,28.46,17.175,20.65,20.57,
2007-11-15,35.4,24.95303757180896,12.975,35.38,38.8,28.44,17.01,20.835,20.125,
2007-11-16,36.33,24.758282156614353,13.16,35.54,38.81,28.57,17.005,20.84,20.085,
2007-11-19,35.725,24.092867821366113,12.9,35.34,38.25,28.37,16.63,20.9,19.56,
2007-11-20,36.875,23.565405238547388,13.01,35.41,38.31,28.6,16.645,21.155,19.86,
2007-11-21,36.075,23.2002388350575,12.765,34.62,37.67,28.25,16.485,20.98,19.47,
2007-11-23,37.025,23.75204584477555,12.89,35.18,38.17,28.54,16.775,20.96,19.76,
2007-11-26,35.745,22.956794566064243,12.62,34.91,37.57,28.25,16.34,20.925,19.345,
2007-11-27,35.35,23.37064982335278,12.76,35.36,38.32,28.55,16.6,21.005,19.5,
2007-11-28,36.225,24.766396965580793,13.135,36.2,39.25,29.0,17.245,21.37,20.425,
2007-11-29,36.625,24.547297123486864,13.2,36.42,39.25,29.15,17.075,21.225,20.63,
2007-11-30,36.735,25.15590779597001,13.13,36.47,39.4,29.19,17.325,21.365,20.825,
2007-12-03,36.875,24.95303757180896,13.05,36.24,39.0,29.08,17.235,21.575,20.72,
2007-12-04,36.5,24.49049346072177,13.0,36.23,38.91,29.04,17.18,21.73,20.595,
2007-12-05,37.305,24.855659864211656,13.3,36.52,39.55,29.16,17.155,22.105,20.975,
2007-12-06,38.325,25.659025951889408,13.435,36.77,40.0,29.15,17.305,21.975,21.31,
2007-12-07,38.09,25.318203975298847,13.45,36.75,40.3,29.46,17.45,22.09,21.51,
2007-12-10,38.475,25.853781367084014,13.515,36.82,40.49,29.49,17.46,22.19,21.815,
2007-12-11,37.525,24.547297123486864,13.305,36.25,39.2,29.17,16.9,21.675,20.91,
2007-12-12,38.75,24.360656517258697,13.535,36.27,39.7,29.25,16.955,21.68,21.19,
2007-12-13,38.845,24.352541708292257,13.465,36.25,39.9,29.38,16.845,22.0,21.355,
2007-12-14,38.225,23.81696431650709,13.38,35.7,39.46,29.02,16.625,21.59,20.98,
2007-12-17,37.54,23.565405238547388,13.125,35.32,38.75,28.82,16.47,21.39,20.235,
2007-12-18,37.9,23.58163485648027,13.125,35.59,38.86,28.69,16.625,21.58,20.46,
2007-12-19,38.265,23.719586608909786,13.21,35.57,38.73,28.93,16.475,21.525,20.43,
2007-12-20,38.75,23.549175620614502,13.4,35.78,39.05,28.8,16.555,21.62,20.805,
2007-12-21,39.65,23.768275462708434,13.51,35.87,39.55,29.34,16.47,21.5,21.055,
2007-12-24,39.83,24.19836033792986,13.61,35.99,39.99,29.3,16.775,21.605,21.25,
2007-12-26,40.275,24.02794934963458,13.685,35.95,39.84,29.2,16.72,21.495,21.36,
2007-12-27,39.85,23.541060811648062,13.495,35.58,39.38,28.92,16.485,21.305,20.96,
2007-12-28,40.185,23.484257148882968,13.43,35.44,39.34,29.03,16.41,21.46,20.975,
2007-12-31,39.675,23.476142339916525,13.33,35.31,39.16,28.8,16.35,21.165,20.85,
2008-01-02,39.75,23.013598228829334,13.06,34.94,38.51,28.39,16.1,21.045,20.65,
2008-01-03,40.22,22.86753166743338,13.08,35.15,38.54,28.24,15.92,21.015,21.025,
2008-01-04,38.75,22.218346950118026,12.57,34.79,37.75,28.12,15.42,21.175,20.39,
2008-01-07,38.6,22.27515061288312,12.46,35.48,37.28,28.45,15.475,21.615,20.11,
2008-01-08,37.925,21.463669716238925,12.13,35.77,36.45,28.24,15.175,21.62,19.8,
2008-01-09,38.425,21.86941016456102,12.3,36.41,36.56,28.62,15.285,21.855,19.925,
2008-01-10,38.265,22.24269137701735,12.32,36.36,37.07,28.67,15.5,21.72,20.195,
2008-01-11,37.8,22.31572465771533,12.14,36.47,36.44,28.27,15.13,21.715,19.99,
2008-01-14,38.55,22.62408739844012,12.385,36.19,36.89,28.15,15.275,21.745,20.66,
2008-01-15,36.955,21.6908843672993,12.125,35.78,36.12,27.85,14.995,21.515,20.095,
2008-01-16,35.725,22.056050770789188,11.86,35.87,35.7,27.75,15.08,21.13,19.425,
2008-01-17,34.375,20.9362071334202,11.755,35.18,34.75,27.55,14.83,20.315,18.465,
2008-01-18,34.45,20.692762864426943,11.55,34.67,34.68,27.15,14.76,20.015,18.675,
2008-01-22,33.475,21.13907735758125,11.335,33.41,34.8,26.87,15.05,19.325,18.505,
2008-01-23,33.785,22.640317016373004,11.435,33.65,35.75,27.2,15.6,19.84,18.825,
2008-01-24,34.975,22.64843182533945,11.6,33.52,35.96,27.07,15.755,19.3,19.125,
2008-01-25,34.35,22.056050770789188,11.42,32.99,35.8,26.7,15.43,19.09,19.22,
2008-01-28,35.13,22.843187240534053,11.47,33.41,36.33,26.91,15.685,19.39,19.6,
2008-01-29,35.525,23.192124026091058,11.57,33.5,36.65,26.99,15.735,19.455,19.7,
2008-01-30,35.08,22.721465106037424,11.48,33.11,36.8,26.8,15.635,19.355,19.625,
2008-01-31,34.8,23.64655332821181,11.625,33.7,37.0,27.2,16.29,19.61,19.975,
2008-02-01,35.675,24.08475301239967,11.825,33.86,37.85,27.47,16.435,20.12,20.46,
2008-02-04,35.7,23.386879441285664,11.58,33.98,37.44,27.3,16.2,20.41,20.14,
2008-02-05,34.225,22.437446792211958,11.29,33.36,36.49,26.93,15.745,19.795,19.56,
2008-02-06,33.755,22.177772905285813,11.165,33.45,36.43,26.82,15.575,19.76,19.425,
2008-02-07,34.42,22.380643129446863,11.235,33.32,36.44,27.1,15.875,19.655,19.5,
2008-02-08,34.925,22.007361916990536,11.15,33.11,36.17,26.8,15.785,19.5,19.915,
2008-02-11,35.825,21.52047337900402,11.345,33.01,36.53,27.14,15.95,19.66,19.985,
2008-02-12,35.805,22.11285443355428,11.37,33.49,36.9,27.5,15.98,19.995,20.345,
2008-02-13,36.675,22.03170634388986,11.63,33.44,37.56,27.37,16.185,19.9,20.26,
2008-02-14,36.36,21.431210480373156,11.4,33.3,37.0,27.23,16.03,19.65,20.0,
2008-02-15,36.425,21.772032456963718,11.36,33.33,36.77,27.35,16.115,19.925,20.125,
2008-02-19,37.625,21.739573221097952,11.255,33.75,36.95,27.79,15.93,19.765,20.625,
2008-02-20,38.075,21.991132299057654,11.275,33.65,37.07,27.2,16.15,19.805,20.745,
2008-02-21,37.03,21.60162146866844,11.255,33.3,36.78,27.3,15.765,19.37,20.465,
2008-02-22,37.45,22.07228038872207,11.245,33.37,37.15,27.6,16.11,19.71,20.66,
2008-02-25,38.52,22.07228038872207,11.31,33.8,37.44,27.64,16.325,19.73,21.135,
2008-02-26,39.175,22.267035803916677,11.44,33.5,37.47,27.98,16.485,19.985,21.235,
2008-02-27,38.665,22.36441351151398,11.45,33.65,37.54,27.6,16.45,19.505,21.23,
2008-02-28,39.33,21.666539940399975,11.305,33.26,37.27,27.65,16.06,19.375,21.115,
2008-02-29,38.025,20.960551560319523,11.075,32.8,36.25,27.13,15.66,18.805,20.435,
2008-03-03,38.5,20.67653324649406,11.07,32.79,36.78,27.4,15.625,19.09,20.775,
2008-03-04,37.75,20.56292592096387,11.085,32.83,36.35,27.38,15.6,19.42,20.275,
2008-03-05,38.7,20.400629741635033,11.165,32.77,36.83,27.45,15.605,19.365,20.845,
2008-03-06,37.925,19.694641361554584,11.01,32.11,36.13,27.2,15.225,18.97,20.66,
2008-03-07,36.88,19.735215406386793,11.01,31.74,35.61,27.07,15.08,18.85,19.795,
2008-03-10,36.425,19.1752935877023,10.89,31.0,35.04,26.93,14.905,18.825,19.37,
2008-03-11,38.3,20.433088977500798,11.275,31.3,36.23,27.5,15.31,19.15,20.55,
2008-03-12,37.45,20.09226700091024,11.16,31.3,36.16,27.43,15.225,19.15,20.255,
2008-03-13,38.075,20.043578147111585,11.115,31.26,36.66,27.43,15.24,19.09,20.75,
2008-03-14,37.38,19.475541519460652,10.975,30.68,36.08,26.96,15.02005,18.95,20.385,
2008-03-17,36.075,19.029227026306344,10.925,30.64,35.9,26.81,14.82,18.96,19.975,
2008-03-18,37.65,20.62784439269541,11.415,31.6,37.79,27.3,15.405,19.295,20.675,
2008-03-19,35.35,20.084152191943797,11.075,31.19,36.41,27.45,15.2,18.915,19.275,
2008-03-20,35.405,21.358177199675183,11.195,31.09,36.63,27.6201,15.625,18.725,19.15,
2008-03-24,36.025,21.634080704534206,11.59,31.5,37.46,27.93,16.145,18.785,19.83,
2008-03-25,36.385,21.569162232802668,11.6,31.56,37.69,28.0,16.015,18.73,20.425,
2008-03-26,37.175,20.790140572024246,11.375,31.25,37.39,27.77,15.715,18.8,20.335,
2008-03-27,36.8,20.465548213366567,11.285,31.41,36.98,27.91,15.565,18.99,20.28,
2008-03-28,36.7,20.003004102279377,11.215,31.33,36.84,27.88,15.265,18.815,20.11,
2008-03-31,37.03,20.1815298995411,11.2,31.17,37.4,27.86,15.36,18.97,20.085,
2008-04-01,37.725,21.60162146866844,11.525,31.67,38.25,28.2,16.05,19.46,20.725,
2008-04-02,38.25,21.585391850735554,11.665,31.45,38.42,28.21,16.05,19.71,20.865,
2008-04-03,38.34,21.682769558332858,11.66,31.35,38.25,28.13,16.1,19.605,21.245,
2008-04-04,38.655,21.390636435540948,11.62,31.6,38.4,28.37,16.025,19.585,21.455,
2008-04-07,38.86,21.52047337900402,11.63,31.96,38.16,28.19,15.965,19.67,21.34,
2008-04-08,39.3,21.277029110010762,11.56,31.85,38.13,28.18,15.93,19.8,21.54,
2008-04-09,39.375,20.919977515487318,11.51,31.7,37.76,27.9,15.58,19.75,21.31,
2008-04-10,39.3,20.790140572024246,11.605,31.95,37.92,27.97,15.745,19.61,21.365,
2008-04-11,38.75,20.39251493266859,11.295,31.53,36.43,27.79,15.455,19.635,21.09,
2008-04-14,39.64,19.913741203648517,11.25,31.39,36.45,27.78,15.345,19.605,20.985,
2008-04-15,39.85,20.116611427809563,11.25,31.36,36.62,27.95,15.325,19.82,21.1,
2008-04-16,41.2,20.660303628561174,11.71,31.53,37.64,28.11,15.665,20.235,22.11,
2008-04-17,41.165,21.017355223084618,11.705,31.33,37.2,28.15,15.735,20.275,22.0,
2008-04-18,41.795,21.479899334171808,11.91,31.63,38.32,27.96,16.035,20.34,22.12,
2008-04-21,42.27,21.14719216654769,11.985,31.53,38.19,28.04,16.035,20.155,22.175,
2008-04-22,42.29,20.85505904375578,11.925,31.2,37.58,27.87,15.805,20.095,22.0,
2008-04-23,41.96,20.71710729132627,12.0,31.3,37.6,28.05,15.8,20.125,21.655,
2008-04-24,40.86,21.463669716238925,12.145,31.4,37.84,28.09,16.02,20.105,21.34,
2008-04-25,41.44,21.86941016456102,12.0,31.81,38.37,27.93,16.18,20.17,21.95,
2008-04-28,41.51,21.926213827326116,12.0,32.0,38.59,28.1,16.16,19.975,21.825,
2008-04-29,40.575,21.658425131433532,12.115,31.65,38.23,28.13,16.29,20.07,21.105,
2008-04-30,40.875,21.593506659701998,11.9,31.48,38.5,27.65,15.725,19.94,21.155,
2008-05-01,39.98,22.33195427564821,12.4,32.04,38.75,28.15,16.63,20.175,21.005,
2008-05-02,40.735,22.48613564601061,12.395,32.05,38.9,28.112,16.595,20.51,21.22,
2008-05-05,41.325,22.096624815621396,12.34,31.96,38.8,28.01,16.41,20.215,21.7,
2008-05-06,42.42,22.33195427564821,12.49,31.9,38.95,28.19,16.48,20.21,21.875,
2008-05-07,41.63,21.528588187970463,12.27,31.62,38.35,27.92,16.17,19.905,21.63,
2008-05-08,42.465,21.090388503782595,12.29,31.5,38.48,28.0,16.195,19.955,22.0,
2008-05-09,42.385,21.090388503782595,12.25,31.47,38.24,27.84,16.1,20.02,21.725,
2008-05-12,42.15,21.341947581742296,12.45,31.71,38.85,28.15,16.43,20.215,22.17,
2008-05-13,42.84,21.14719216654769,12.45,31.41,39.11,28.05,16.49,20.185,22.295,
2008-05-14,42.35,21.293258727943645,12.475,31.67,39.15,28.16,16.675,20.26,22.42,
2008-05-15,42.91,21.504243761071134,12.715,31.58,39.38,28.5,16.835,20.24,22.675,
2008-05-16,44.475,21.414980862440274,12.685,31.7,39.28,28.49,16.72,20.39,22.955,
2008-05-19,44.75,21.212110638279228,12.75,31.9,39.72,28.65,16.725,20.62,22.895,
2008-05-20,45.195,20.71710729132627,12.55,31.81,39.09,28.22,16.465,20.76,23.015,
2008-05-21,44.525,20.18964470850754,12.22,31.53,38.43,27.93,16.115,20.655,22.34,
2008-05-22,43.875,20.30325203403773,12.265,31.87,38.34,28.23,16.045,20.775,22.24,
2008-05-23,43.13,20.003004102279377,12.24,31.35,37.79,28.08,15.85,20.455,21.935,
2008-05-27,42.85,20.108496618843123,12.44,31.48,38.19,28.16,15.97,20.56,21.835,
2008-05-28,43.755,19.994889293312937,12.51,31.45,38.45,28.2,15.97,20.575,22.38,
2008-05-29,42.56,20.351940887836378,12.6,32.13,38.6,28.31,16.28,20.795,22.23,
2008-05-30,43.0,20.09226700091024,12.675,32.08,38.84,28.49,16.155,20.655,22.255,
2008-06-02,43.255,19.792019069151888,12.495,31.7,38.51,28.24,15.995,20.505,22.085,
2008-06-03,42.325,19.72710059742035,12.425,31.91,38.38,28.39,16.015,20.325,22.11,
2008-06-04,41.695,19.60537846292372,12.45,31.92,38.23,28.37,16.11,20.57,22.015,
2008-06-05,43.87,19.994889293312937,12.705,32.2,38.51,28.66,16.32,20.815,22.755,
2008-06-06,43.01,18.93184931870904,12.36,31.42,37.01,27.95,15.63,20.27,22.085,
2008-06-09,44.275,18.6721754317829,12.335,31.25,37.39,28.05,15.62,20.585,22.42,
2008-06-10,43.185,18.72897909454799,12.28,30.95,37.17,28.1,15.68,20.565,22.135,
2008-06-11,43.45,18.185286893796384,11.965,30.64,36.47,27.95,15.35,20.545,21.74,
2008-06-12,42.79,18.68029024074934,12.1,30.38,36.6,28.14,15.475,20.46,21.73,
2008-06-13,43.3,18.97242336354125,12.23,30.86,37.02,28.12,15.86,20.645,22.27,
2008-06-16,43.455,19.150949160802973,12.26,30.96,36.82,27.82,15.81,20.665,22.25,
2008-06-17,44.175,18.59102734211848,12.21,30.88,36.74,27.73,15.65,20.78,22.37,
2008-06-18,44.345,18.282664601393687,12.08,30.53,36.21,27.42,15.305,20.7,22.22,
2008-06-19,43.28,18.477420016588294,12.125,30.57,36.68,27.51,15.5,20.725,22.26,
2008-06-20,42.875,17.998646287568217,11.875,30.0,35.9,27.08,14.99,20.335,21.71,
2008-06-23,44.57,17.430609659917284,11.765,30.22,35.97,26.98,14.73,20.58,21.85,
2008-06-24,43.725,17.63347988407833,11.75,30.33,35.54,27.07,14.79,20.41,21.435,
2008-06-25,43.56,17.59290583924612,11.85,30.67,35.28,27.68,14.9,20.65,21.5,
2008-06-26,43.245,16.95995073986365,11.625,30.05,34.7,26.84,14.55,20.035,20.97,
2008-06-27,43.625,16.692162043971067,11.47,30.25,33.7,26.56,14.305,19.865,20.95,
2008-06-30,44.24,16.44060296601137,11.455,30.58,34.01,26.75,14.24,20.35,20.865,
2008-07-01,44.425,16.489291819810017,11.375,30.58,33.99,26.72,14.06,20.455,20.48,
2008-07-02,43.085,16.23773274185032,11.225,30.37,32.95,26.69,13.905,20.4,19.605,
2008-07-03,42.45,16.180929079085224,11.175,30.5,33.41,26.67,14.025,20.19,19.725,
2008-07-07,41.385,15.645351687300057,11.3,30.3,33.37,26.94,13.865,19.99,19.825,
2008-07-08,40.7,16.6597028081053,11.415,31.1,34.14,27.29,14.225,20.095,19.615,
2008-07-09,39.925,15.710270159031591,11.075,31.25,33.19,27.02,13.925,20.335,19.65,
2008-07-10,41.15,15.596662833501403,11.215,31.42,33.7,27.22,13.68,20.385,19.725,
2008-07-11,40.9,15.15846314931354,11.11,30.82,33.09,26.93,13.395,20.23,19.71,
2008-07-14,41.17,14.379441488535113,11.025,31.03,33.24,26.95,13.325,20.09,19.93,
2008-07-15,39.435,13.933126995380809,11.0,31.18,32.58,26.9,13.325,19.95,19.735,
2008-07-16,38.42,15.758959012830244,11.16,31.4,33.33,27.24,13.86,19.555,19.81,
2008-07-17,37.79,16.44060296601137,11.275,31.71,34.25,27.29,13.925,19.245,19.935,
2008-07-18,38.45,16.773310133635487,11.4,31.7,34.3,26.83,14.355,19.265,19.8,
2008-07-21,39.6,16.83822860536702,11.175,31.14,34.33,26.77,14.1,19.605,20.21,
2008-07-22,38.285,18.25020536552792,11.115,31.57,34.75,27.24,14.475,19.54,20.24,
2008-07-23,36.895,18.225860938628593,11.315,31.71,35.02,27.43,14.755,19.065,19.985,
2008-07-24,36.805,17.00052478469586,11.025,31.68,34.15,27.26,14.44,19.035,19.48,
2008-07-25,36.905,16.935606312964325,11.18,31.87,34.47,27.11,14.215,18.805,19.51,
2008-07-28,37.05,16.140355034253016,10.945,31.61,33.68,26.88,13.88,18.85,19.485,
2008-07-29,36.61,17.446839277850167,11.165,31.93,34.95,27.51,14.375,18.875,19.87,
2008-07-30,38.79,17.71462797374275,11.24,31.92,35.36,27.83,14.36,19.245,20.34,
2008-07-31,37.2,17.55233179441391,11.175,31.95,34.28,27.4,14.265,19.04,20.19,
2008-08-01,37.195,17.55233179441391,11.05,31.71,34.25,27.35,14.125,18.495,19.825,
2008-08-04,35.445,17.406265233017955,11.105,31.98,34.1,27.6,14.23,18.295,18.965,
2008-08-05,35.71,18.290779410360127,11.315,33.02,35.05,28.08,14.865,18.445,19.185,
2008-08-06,36.525,18.104138804131964,11.475,33.15,35.72,28.38,14.79,18.545,19.375,
2008-08-07,36.1,17.21150981782335,11.455,32.75,34.52,27.83,14.5,18.53,19.315,
2008-08-08,35.49,17.803890872373614,11.675,33.32,35.71,28.41,15.19,18.585,19.235,
2008-08-11,35.475,18.104138804131964,11.75,33.35,35.8,28.66,15.655,18.79,19.26,
2008-08-12,35.495,17.187165390924026,11.775,33.28,35.45,28.86,15.45,18.57,19.42,
2008-08-13,36.75,16.692162043971067,11.73,33.3,35.32,28.57,15.2,18.57,19.84,
2008-08-14,36.075,17.21150981782335,11.82,33.28,35.45,28.7,15.43,18.41,19.8,
2008-08-15,35.4,17.333231952319977,11.865,33.61,35.65,28.98,15.61,18.475,19.675,
2008-08-18,34.95,16.66781761707174,11.715,33.33,35.25,28.86,15.345,18.5,19.495,
2008-08-19,36.205,16.180929079085224,11.51,33.18,34.81,28.47,15.06,18.6,19.375,
2008-08-20,37.25,16.513636246709346,11.535,32.97,34.53,28.48,14.875,18.67,19.715,
2008-08-21,38.185,16.213388314950993,11.49,32.76,34.61,28.17,14.995,18.85,19.885,
2008-08-22,37.31,16.83011379640058,11.65,33.31,35.29,28.68,15.345,18.925,19.875,
2008-08-25,36.825,16.23773274185032,11.5,32.77,34.74,28.22,14.915,18.725,19.445,
2008-08-26,37.575,16.36756968531339,11.455,32.73,34.73,28.11,15.03,18.93,19.55,
2008-08-27,38.17,16.684047235004623,11.565,32.78,34.83,28.24,15.075,19.065,19.73,
2008-08-28,37.5,17.357576379219307,11.635,32.97,35.61,28.42,15.425,19.095,20.01,
2008-08-29,37.325,17.381920806118632,11.375,32.61,35.22,28.14,15.25,18.83,19.875,
2008-09-02,35.275,17.625365075111887,11.31,32.55,35.23,28.45,15.55,18.6,19.375,
2008-09-03,35.14,17.901268579970914,11.16,32.74,34.97,28.24,15.63,18.305,19.275,
2008-09-04,34.35,17.024869211595185,10.76,32.02,33.77,28.06,15.11,18.075,18.59,
2008-09-05,34.21,17.641594693044773,10.76,31.85,33.76,28.32,15.14,17.695,18.61,
2008-09-08,33.975,18.404386735890316,10.89,32.38,34.3,28.92,15.825,18.14,18.575,
2008-09-09,31.625,17.227739435756234,10.7,32.1,33.29,28.77,15.525,17.57,17.985,
2008-09-10,32.87,17.01675440262874,10.65,31.97,33.43,28.97,15.365,17.765,18.14,
2008-09-11,33.34,17.406265233017955,10.825,32.1,34.2,29.09,15.6,17.905,18.45,
2008-09-12,34.465,17.162820964024696,10.875,32.4,34.11,29.15,15.6,18.24,19.04,
2008-09-15,31.825,15.491170316937659,10.35,31.5,32.74,28.8,15.075,17.605,18.25,
2008-09-16,33.17,16.651587999138858,10.545,31.45,32.84,28.8,15.175,17.34,18.45,
2008-09-17,32.475,15.052970632749796,9.96,30.95,31.73,27.77,14.575,16.5,18.105,
2008-09-18,33.445,16.23773274185032,10.385,31.35,32.38,27.95,14.95,17.105,18.1,
2008-09-19,35.625,18.160942466897055,10.425,31.55,33.11,27.7,15.1,17.5,19.14,
2008-09-22,35.0,16.675932426038184,10.155,30.8,32.23,27.55,14.48,17.065,18.895,
2008-09-23,33.845,16.62724357223953,10.15,30.07,31.52,27.18,14.275,16.77,18.455,
2008-09-24,33.945,16.44060296601137,10.175,30.35,31.45,27.13,14.225,16.925,18.09,
2008-09-25,34.775,16.895032268132116,10.35,30.9,31.7,27.8,14.48,17.26,18.04,
2008-09-26,33.85,17.357576379219307,10.4,30.84,31.57,27.7,14.625,17.265,17.62,
2008-09-29,29.825,15.069200250682679,9.5,30.15,30.5,26.66,13.65,16.36,16.35,
2008-09-30,31.65,16.140355034253016,9.925,30.05,30.8,27.6,13.95,16.615,16.7,
2008-10-01,31.13,16.773310133635487,9.835,30.25,30.07,27.8,13.95,16.545,16.425,
2008-10-02,29.355,15.937484810091966,9.45,30.3,28.27,27.45,13.445,16.305,15.245,
2008-10-03,29.005,15.239611238977961,9.315,29.65,27.82,27.23,12.975,16.06,15.095,
2008-10-06,27.445,14.44435996026665,8.8,28.54,27.09,26.44,12.61,15.275,14.35,
2008-10-07,25.94,12.918775874575566,8.35,27.85,26.19,25.6,11.8,14.65,13.61,
2008-10-08,26.43,12.39942810072328,8.275,27.35,25.79,24.9,11.57,14.395,14.05,
2008-10-09,22.625,11.109173475059013,8.0,25.25,24.32,23.4,10.835,13.425,13.15,
2008-10-10,21.7,12.253361539327326,7.95,24.14,23.54,23.6,11.065,12.88,12.84,
2008-10-13,25.275,13.210908997367476,8.88,27.05,26.06,24.7,11.5,14.435,14.645,
2008-10-14,25.305,14.062963938843877,8.58,27.6,26.05,24.75,11.57,14.315,14.22,
2008-10-15,21.65,12.537379853152794,7.935,24.9,23.6,23.9,10.225,13.25,12.455,
2008-10-16,22.475,12.821398166978263,8.35,26.2,24.08,24.13,10.9,13.635,12.54,
2008-10-17,22.97,12.456231763488374,8.27,26.1,23.56,24.31,11.12,13.705,12.875,
2008-10-20,25.645,13.072957244937962,8.6,27.15,24.73,24.51,11.18,14.86,13.525,
2008-10-21,24.48,12.675331605582306,8.15,27.07,24.51,24.28,11.055,14.39,12.955,
2008-10-22,22.1,11.880080326870997,7.725,26.4,23.38,23.9,10.3,13.78,12.245,
2008-10-23,23.275,11.758358192374368,7.9,25.79,23.44,24.0,10.3,14.11,11.965,
2008-10-24,21.825,10.995566149528827,7.53,25.7,22.09,22.8,9.71,13.735,11.45,
2008-10-27,20.43,10.695318217770474,7.375,24.6,21.24,22.22,9.565,13.2,10.6,
2008-10-28,23.545,12.375083673823955,8.4,26.15,23.42,23.75,10.5,14.53,11.935,
2008-10-29,24.065,11.612291630978413,8.075,25.97,23.52,23.29,10.715,14.065,12.425,
2008-10-30,25.175,12.01803207930051,8.375,26.58,24.37,24.27,11.04,14.85,12.815,
2008-10-31,25.7,12.602298324884329,8.325,26.6,25.18,24.12,11.49,14.455,12.96,
2008-11-03,24.905,12.675331605582306,8.325,26.8,24.75,24.49,11.16,14.605,12.9,
2008-11-04,26.51,13.389434794629198,8.675,27.15,25.83,24.85,11.6,14.88,13.505,
2008-11-05,25.325,12.164098640696466,8.15,26.75,24.75,24.41,10.96,14.605,12.94,
2008-11-06,23.8,11.328273317152947,7.7,26.1,23.59,24.15,10.38,13.92,12.235,
2008-11-07,24.925,11.539258350280436,7.92,26.43,23.83,24.26,10.56,14.53,12.435,
2008-11-10,25.01,11.198436373689875,7.834,26.24,23.84,24.33,10.315,14.18,12.44,
2008-11-11,24.29,10.808925543300662,7.665,25.77,23.31,23.78,9.955,14.18,11.945,
2008-11-12,22.3,10.143511208052422,7.305,25.2,22.2,23.27,9.35,13.71,11.185,
2008-11-13,24.92,10.88195882399864,7.76,26.55,23.39,24.2,10.08,14.75,12.095,
2008-11-14,23.885,10.330151814280587,7.405,25.54,22.4,23.48,9.59,14.4,11.36,
2008-11-17,23.39,9.67285228799879,7.195,25.1,21.95,23.17,9.315,14.375,11.125,
2008-11-18,24.045,9.534900535569276,7.295,25.27,21.97,23.33,9.27,14.22,11.0,
2008-11-19,22.8,8.536779032696918,6.89,24.25,20.55,22.73,8.675,13.915,10.34,
2008-11-20,19.98,7.6198056194889805,6.595,23.56,20.0,21.94,8.165,13.105,9.94,
2008-11-21,22.21,7.8551350795157955,6.945,23.59,20.59,22.99,8.725,14.415,10.05,
2008-11-24,23.815,9.04801199758276,7.285,24.06,21.62,23.28,9.41,14.56,10.63,
2008-11-25,24.195,9.575474580401487,7.385,24.22,21.93,23.41,9.53,14.85,11.02,
2008-11-26,25.55,10.021789073555793,7.615,24.6,22.62,23.71,10.09,14.8,11.525,
2008-11-28,25.14,10.273348151515494,7.625,24.92,23.11,24.07,10.245,15.06,11.575,
2008-12-01,22.465,8.561123459596246,7.075,23.64,21.21,22.74,9.35,14.06,10.595,
2008-12-02,23.225,9.258997030710251,7.325,24.25,22.19,23.07,9.785,14.425,11.005,
2008-12-03,23.24,9.737770759730326,7.535,24.83,22.57,23.35,10.135,14.675,10.985,
2008-12-04,21.63,9.63227824316658,7.23,24.36,22.12,23.05,10.245,14.145,10.765,
2008-12-05,22.08,10.395070286012123,7.515,25.19,22.662,23.7,10.545,14.235,10.965,
2008-12-08,23.06,11.092943857126128,7.865,25.39,23.25,23.84,10.94,14.465,11.79,
2008-12-09,23.29,10.646629363971822,7.815,24.99,22.84,23.38,10.72,14.26,11.665,
2008-12-10,24.495,10.459988757743659,7.75,24.92,23.21,23.37,10.97,14.475,12.025,
2008-12-11,24.38,9.656622670065907,7.585,25.07,22.21,23.11,10.505,14.36,11.505,
2008-12-12,24.14,9.84326327629407,7.675,25.12,22.27,23.14,10.47,14.45,11.55,
2008-12-15,24.0,9.437522827971975,7.59,25.07,22.26,23.12,10.435,14.225,11.525,
2008-12-16,24.745,10.492447993609426,7.985,26.06,23.36,23.66,10.99,14.71,12.23,
2008-12-17,24.585,10.395070286012123,7.83,25.9,23.37,23.54,11.05,14.265,12.24,
2008-12-18,23.155,10.09482235425377,7.61,26.09,22.55,23.62,10.74,14.385,11.77,
2008-12-19,23.0,9.924411365958491,7.635,26.09,22.58,23.23,10.615,14.29,11.39,
2008-12-22,22.315,9.575474580401487,7.53,25.91,22.23,23.29,10.33,14.1,10.975,
2008-12-23,22.365,9.348259929341111,7.425,25.92,22.16,23.1,10.22,13.9388,10.935,
2008-12-24,22.28,9.55113015350216,7.475,25.83,22.3,23.3,10.295,14.01,10.945,
2008-12-26,22.58,9.559244962468602,7.465,25.85,22.47,23.32,10.41,14.04,11.08,
2008-12-29,23.075,9.478096872804183,7.47,25.81,22.05,23.27,10.21,14.07,10.88,
2008-12-30,23.635,9.84326327629407,7.61,26.31,22.87,23.64,10.595,14.285,11.175,
2008-12-31,23.885,10.159740825985306,7.705,26.55,23.42,23.87,10.785,14.515,11.37,
2009-01-02,25.075,10.273348151515494,7.995,27.09,24.28,24.21,11.325,14.855,11.785,
2009-01-05,25.665,10.102937163220211,7.97,26.96,24.09,24.31,11.275,15.065,11.81,
2009-01-06,25.945,10.265233342549053,8.155,26.52,24.62,23.95,11.465,14.85,12.075,
2009-01-07,24.845,9.729655950763883,7.895,26.28,23.52,23.71,11.01,14.73,11.795,
2009-01-08,25.165,9.689081905931673,7.95,26.43,23.75,23.4,11.075,14.655,11.96,
2009-01-09,24.32,9.38071916520688,7.775,26.15,23.23,23.0,10.735,14.54,11.67,
2009-01-12,23.36,8.88571581825392,7.635,25.81,22.72,23.01,10.48,14.545,11.185,
2009-01-13,23.945,9.00743795275055,7.6,26.03,22.33,23.15,10.345,14.27,11.245,
2009-01-14,22.8,8.488090178898268,7.37,25.66,21.5,22.64,9.94,14.095,10.825,
2009-01-15,23.085,8.098579348509054,7.42,25.84,21.7,22.74,10.185,14.17,11.145,
2009-01-16,23.27,7.8551350795157955,7.47,26.06,21.82,22.95,10.305,14.45,11.27,
2009-01-20,22.03,6.556765644885086,7.165,25.43,20.81,22.68,9.7,14.2,10.635,
2009-01-21,23.51,7.522427911891676,7.51,25.97,21.34,22.79,9.995,14.36,11.01,
2009-01-22,22.865,7.059883800804485,7.34,26.08,21.27,22.77,9.87,14.355,10.84,
2009-01-23,23.53,7.295213260831303,7.445,26.08,20.63,22.55,9.84,14.385,11.005,
2009-01-26,23.965,7.165376317368231,7.535,25.94,20.87,22.7,9.91,14.73,10.875,
2009-01-27,24.005,7.416935395327932,7.58,26.48,21.25,22.82,9.88,14.8,10.955,
2009-01-28,24.66,8.366368044401638,7.795,26.89,21.86,23.05,10.3,14.895,11.265,
2009-01-29,23.79,7.709068518119841,7.565,26.51,21.06,22.85,9.885,14.785,10.96,
2009-01-30,23.46,7.4980834849923506,7.34,26.23,20.61,22.15,9.64,14.49,10.53,
2009-02-02,23.085,7.4980834849923506,7.455,26.4,20.14,21.96,9.55,14.57,10.38,
2009-02-03,23.485,7.360131732562838,7.605,27.08,20.51,22.44,9.82,14.635,10.58,
2009-02-04,23.705,7.278983642898419,7.6,26.96,20.4,21.83,9.605,14.745,10.71,
2009-02-05,24.285,7.392590968428605,7.72,27.19,20.64,22.14,9.785,14.85,10.995,
2009-02-06,24.735,7.9443979781466565,7.985,27.41,21.14,22.52,10.065,14.945,11.325,
2009-02-09,24.825,8.03366087677752,8.005,27.33,21.54,22.3,10.035,14.862,11.285,
2009-02-10,23.67,7.214065171166883,7.68,26.42,20.41,21.58,9.56,14.44,10.78,
2009-02-11,23.4,7.561378994930598,7.695,26.75,20.57,21.7,9.635,14.395,10.78,
2009-02-12,23.44,7.4656242491265825,7.73,27.06,20.34,21.9,9.65,14.27,10.96,
2009-02-13,23.495,7.181605935301115,7.695,26.65,20.34,21.56,9.495,14.185,10.795,
2009-02-17,21.87,6.467502746254224,7.375,26.19,19.31,21.248,9.135,13.57,10.325,
2009-02-18,21.745,6.467502746254224,7.38,26.18,19.34,21.36,9.075,13.365,10.265,
2009-02-19,21.75,6.126680769663663,7.2,26.13,18.91,21.63,8.98,13.424,10.16,
2009-02-20,21.19,6.037417871032802,7.27,25.86,18.62,21.3,8.92,13.12,10.24,
2009-02-23,20.2,5.826432837905311,6.935,25.35,17.9,20.75,8.72,12.805,9.62,
2009-02-24,21.15,6.53242121798576,7.12,25.72,18.29,21.15,9.1,13.175,9.925,
2009-02-25,21.025,6.49184717315355,7.185,25.2,17.85,20.95,9.015,13.09,9.775,
2009-02-26,21.075,6.5973396897172965,7.11,23.94,17.54,20.4872,8.825,12.875,9.785,
2009-02-27,20.567,6.167254814495872,7.06,22.98,17.1,20.36,8.765,12.675,9.685,
2009-03-02,19.06,5.77774398410666,6.89,21.99,15.98,19.97,8.435,12.275,9.04,
2009-03-03,19.155,5.664136658576473,6.825,21.94,15.86,19.73,8.37,11.835,9.075,
2009-03-04,20.07,5.591103377878495,7.005,22.57,16.3,20.11,8.555,11.945,9.39,
2009-03-05,19.185,5.0636407950597695,6.79,21.97,15.67,19.65,8.155,11.605,9.085,
2009-03-06,19.395,5.014951941261117,6.825,22.29,15.5,19.71,8.16,11.59,9.2,
2009-03-09,19.43,5.079870412992653,6.61,21.88,15.36,19.41,8.055,11.37,9.09,
2009-03-10,20.415,5.834547646871754,6.99,22.67,16.52,19.77,8.55,11.52,9.595,
2009-03-11,20.33,5.98872901723415,7.145,22.26,16.68,19.75,8.685,11.5,9.885,
2009-03-12,20.94,6.605454498683738,7.35,23.35,17.22,20.26,9.005,11.65,10.13,
2009-03-13,20.75,6.646028543515947,7.35,24.13,17.25,20.56,9.11,11.81,10.175,
2009-03-16,21.015,6.516191600052876,7.285,23.87,17.44,20.88,8.895,12.13,10.335,
2009-03-17,21.74,6.938973147204501,7.55,24.24,17.95,21.27,9.325,12.32,10.424,
2009-03-18,21.96,7.634412275628574,7.655,24.28,18.29,21.16,9.62,12.72,10.73,
2009-03-19,22.49,7.029047526732008,7.675,23.69,18.11,20.89,9.515,12.905,10.83,
2009-03-20,21.5,6.605454498683738,7.52,23.55,17.39,20.57,9.275,12.675,10.575,
2009-03-23,23.27,7.6887814957037355,7.965,24.41,18.65,21.47,9.93,13.165,11.2,
2009-03-24,22.83,7.319557687730628,7.835,24.09,18.5,21.37,9.8,12.88,11.155,
2009-03-25,22.72,7.563001956723887,7.88,24.25,18.65,21.58,9.87,12.875,11.255,
2009-03-26,22.915,7.652264855354748,8.085,24.52,19.65,21.82,10.325,13.03,11.705,
2009-03-27,22.235,7.416935395327932,7.91,24.26,19.28,21.61,10.05,12.9,11.45,
2009-03-30,21.412,6.775865486979018,7.665,24.12,18.32,21.14,9.75,12.645,11.055,
2009-03-31,21.23,7.149146699435348,7.81,24.21,18.43,21.1,9.825,12.775,11.105,
2009-04-01,21.68,7.352016923596397,8.03,24.2,18.84,21.46,10.005,12.825,11.33,
2009-04-02,22.57,7.554887147757444,8.24,24.3,19.85,21.91,10.555,12.99,11.755,
2009-04-03,23.01,7.863249888482238,8.355,23.9,19.87,21.82,10.695,13.075,11.905,
2009-04-06,22.545,7.652264855354748,8.27,24.13,19.92,21.88,10.545,12.965,11.695,
2009-04-07,21.87,7.425050204294373,8.04,23.86,19.35,21.48,10.235,12.905,11.295,
2009-04-08,22.15,7.4656242491265825,8.16,24.02,19.52,21.66,10.525,13.03,11.425,
2009-04-09,22.8,8.62604193132778,8.365,24.13,20.48,21.67,10.955,13.035,11.92,
2009-04-13,22.55,8.991208334817667,8.365,24.32,20.54,21.61,10.96,12.865,12.075,
2009-04-14,22.49,8.398827280267405,8.275,24.21,20.24,21.31,10.715,12.7,11.85,
2009-04-15,22.52,8.804567728589502,8.25,24.35,20.43,21.69,10.75,12.82,12.13,
2009-04-16,22.625,8.901945436186807,8.495,24.46,21.12,21.98,11.125,12.91,12.135,
2009-04-17,22.89,9.015552761716993,8.48,24.74,21.11,22.09,11.26,12.89,12.225,
2009-04-20,21.78,8.009316449878192,8.21,24.26,20.18,21.66,10.83,12.745,11.66,
2009-04-21,22.21,8.601697504428454,8.35,24.03,20.67,21.88,11.01,12.792,11.895,
2009-04-22,21.975,8.293334763703662,8.39,23.77,20.99,21.59,11.12,12.655,11.95,
2009-04-23,22.385,8.682845594092873,8.43,23.79,21.22,21.59,11.12,12.7,11.98,
2009-04-24,23.035,8.87760100928748,8.55,23.76,21.66,21.5,11.395,12.68,12.55,
2009-04-27,22.6,8.733968890581458,8.51,24.02,21.23,21.63,11.245,12.77,12.275,
2009-04-28,22.65,8.46374575199894,8.505,24.11,20.98,21.73,11.245,12.82,12.21,
2009-04-29,23.275,8.82891215548883,8.6,24.2,21.68,22.09,11.45,12.915,12.485,
2009-04-30,22.89,8.707190020992199,8.625,24.18,21.76,22.0,11.645,12.925,12.835,
2009-05-01,23.63,8.642271549260665,8.74,24.14,22.0,22.09,11.59,13.265,12.865,
2009-05-04,24.575,9.518670917636394,8.9,24.54,22.72,22.43,11.965,13.465,13.59,
2009-05-05,24.245,9.38071916520688,8.845,24.82,22.79,22.24,11.96,13.44,13.51,
2009-05-06,25.185,10.127281590119539,8.895,24.67,23.15,22.38,12.085,13.36,13.565,
2009-05-07,24.86,9.835148467327627,8.555,25.17,22.68,22.47,11.82,13.43,13.12,
2009-05-08,25.92,10.565481274307404,8.545,25.59,23.51,22.76,11.995,13.625,13.4,
2009-05-11,25.13,9.948755792857815,8.57,25.15,22.81,22.65,11.785,13.565,13.205,
2009-05-12,25.291,9.737770759730326,8.525,25.56,22.564,22.92,11.535,13.66,13.337,
2009-05-13,24.455,9.242767412777368,8.31,25.5,21.63,22.5,11.13,13.295,12.76,
2009-05-14,24.525,9.55113015350216,8.4,25.53,21.79,22.58,11.145,13.285,12.87,
2009-05-15,24.0,9.356374738307554,8.4,25.33,21.8,22.37,11.065,12.97,12.915,
2009-05-18,24.83,9.973100219757141,8.63,25.58,22.6,22.84,11.61,12.97,13.285,
2009-05-19,24.95,9.770229995596093,8.68,25.39,22.43,22.97,11.565,13.205,13.44,
2009-05-20,25.035,9.510556108669952,8.59,25.49,22.45,23.0,11.44,12.965,13.5,
2009-05-21,24.295,9.526785726602835,8.44,25.26,21.77,22.79,11.17,12.81,13.2,
2009-05-22,24.305,9.461867254871299,8.47,25.29,21.69,22.93,11.29,12.915,13.15,
2009-05-26,24.82,9.770229995596093,8.69,25.52,22.48,23.22,11.67,13.29,13.465,
2009-05-27,24.55,9.478096872804183,8.605,25.26,21.75,22.63,11.415,13.02,12.96,
2009-05-28,25.365,9.745885568696767,8.73,25.39,21.96,22.87,11.37,13.29,13.19,
2009-05-29,25.84,9.924411365958491,8.825,25.83,22.49,23.12,11.56,13.385,13.585,
2009-06-01,26.79,10.029903882522234,9.075,26.0,23.53,23.58,12.115,13.815,14.0,
2009-06-02,26.718,9.867607703193396,9.055,26.16,23.57,23.82,12.215,13.65,14.14,
2009-06-03,25.69,9.737770759730326,8.955,26.1,23.11,23.7,12.055,13.42,13.655,
2009-06-04,26.27,10.086707545287329,9.08,25.74,23.53,23.74,12.08,13.545,13.97,
2009-06-05,26.055,9.997444646656469,9.17,25.79,23.73,23.62,12.005,13.56,13.77,
2009-06-08,25.995,10.070477927354444,9.115,25.51,23.79,23.71,12.115,13.475,13.7,
2009-06-09,26.25,10.143511208052422,9.155,25.38,23.74,23.5,12.185,13.44,13.945,
2009-06-10,26.485,9.989329837690025,9.18,25.27,23.59,23.24,12.005,13.65,13.96,
2009-06-11,27.015,10.070477927354444,9.215,25.54,23.55,23.34,11.945,13.915,14.155,
2009-06-12,26.755,10.13539639908598,9.19,25.63,23.59,23.52,11.93,14.09,14.01,
2009-06-15,26.045,9.875722512159838,9.095,24.84,22.87,22.95,11.69,13.805,13.54,
2009-06-16,25.49,9.705311523864559,8.98,24.94,22.45,22.65,11.395,13.71,13.175,
2009-06-17,25.075,9.421293210039089,9.03,25.51,22.28,22.88,11.555,13.75,13.025,
2009-06-18,24.98,9.648507861099464,8.99,26.0,22.3,23.3,11.52,14.06,13.135,
2009-06-19,24.605,9.770229995596093,9.06,26.08,22.2,22.89,11.565,13.735,13.035,
2009-06-22,23.375,9.202193367945158,8.835,25.61,21.46,22.8,11.22,13.695,12.375,
2009-06-23,23.515,9.307685884508903,8.84,25.53,21.26,22.66,11.105,13.575,12.535,
2009-06-24,23.61,9.421293210039089,8.965,25.66,21.4,22.72,11.17,13.69,12.66,
2009-06-25,24.105,9.624163434200138,9.095,26.37,22.06,23.11,11.56,13.92,12.93,
2009-06-26,23.945,9.67285228799879,9.08,26.37,21.97,23.03,11.48,13.87,12.91,
2009-06-29,24.17,9.794574422495419,9.175,26.53,22.19,23.17,11.625,14.05,13.025,
2009-06-30,24.025,9.697196714898116,9.105,26.31,21.96,22.99,11.54,13.945,12.9,
2009-07-01,24.045,9.640393052133023,9.145,26.38,22.05,23.38,11.615,14.125,12.93,
2009-07-02,23.08,9.307685884508903,8.915,25.75,21.36,22.89,11.145,13.72,12.575,
2009-07-06,22.845,9.315800693475346,8.89,25.95,21.37,23.36,11.2,13.8,12.475,
2009-07-07,22.26,9.169734132079391,8.67,25.85,20.64,23.07,10.9,13.525,12.12,
2009-07-08,22.265,9.015552761716993,8.675,26.09,20.56,23.17,10.9905,13.465,12.13,
2009-07-09,22.495,9.12916008724718,8.73,25.76,20.75,23.0,11.07,13.47,12.225,
2009-07-10,22.335,9.00743795275055,8.765,25.64,20.72,22.89,11.05,13.455,12.155,
2009-07-13,22.675,9.58358938936793,8.93,26.09,21.25,23.3,11.23,13.69,12.525,
2009-07-14,22.98,9.54301534453572,8.94,26.21,21.56,23.37,11.405,13.795,12.62,
2009-07-15,23.795,9.948755792857815,9.275,26.44,22.23,23.75,11.72,14.07,13.115,
2009-07-16,24.085,9.916296556992048,9.41,26.61,22.64,23.91,11.865,14.075,13.24,
2009-07-17,24.225,9.851378085260514,9.5,26.53,22.38,23.93,11.885,14.01,13.305,
2009-07-20,24.64,9.932526174924933,9.585,26.59,22.83,24.0,12.135,14.115,13.59,
2009-07-21,24.855,9.84326327629407,9.64,26.98,22.84,23.97,12.135,14.255,13.75,
2009-07-22,24.63,9.851378085260514,9.695,26.88,22.91,23.98,12.22,14.18,13.79,
2009-07-23,25.33,10.13539639908598,9.885,27.42,23.39,24.31,12.505,14.55,14.26,
2009-07-24,25.595,10.078592736320887,9.826,27.9,23.41,24.53,12.495,14.78,14.375,
2009-07-27,25.68,10.240888915649725,9.825,27.88,23.54,24.44,12.545,14.745,14.405,
2009-07-28,25.305,10.216544488750399,9.845,28.07,23.52,24.47,12.505,14.505,14.285,
2009-07-29,24.72,10.216544488750399,9.835,28.05,23.41,24.6,12.44,14.435,13.985,
2009-07-30,25.065,10.451873948777216,9.885,28.09,23.79,24.57,12.635,14.655,14.41,
2009-07-31,25.31,10.55736646534096,9.85,27.87,23.88,24.52,12.635,14.47,14.56,
2009-08-03,25.96,10.825155161233544,9.985,28.04,24.4,24.55,12.895,14.615,15.075,
2009-08-04,25.915,11.044255003327477,9.955,28.11,24.58,24.59,12.95,14.4,15.02,
2009-08-05,25.655,11.425651024750248,9.865,27.71,24.38,24.43,12.84,14.3,15.14,
2009-08-06,25.445,11.34450293508583,9.795,27.51,24.51,24.18,12.83,14.325,15.015,
2009-08-07,25.415,11.64475086684418,9.895,27.63,25.12,24.28,13.25,14.46,15.105,
2009-08-10,25.525,11.596062013045529,9.85,27.85,24.88,24.3,13.13,14.49,14.905,
2009-08-11,25.155,11.165977137824106,9.71,27.81,24.55,24.3,12.99,14.5,14.87,
2009-08-12,25.425,11.39319178888448,9.905,27.96,24.98,24.29,13.085,14.57,15.005,
2009-08-13,25.735,11.628521248911298,9.95,27.93,25.09,24.43,13.12,14.52,15.28,
2009-08-14,25.355,11.55548796821332,9.855,27.93,24.73,24.4,12.94,14.52,14.895,
2009-08-17,24.535,11.068599430226804,9.62,27.82,24.0,24.15,12.53,14.32,14.33,
2009-08-18,24.78,11.295814081287178,9.765,27.8,24.29,24.19,12.67,14.35,14.545,
2009-08-19,25.24,11.287699272320737,9.79,28.19,24.36,24.35,12.8,14.455,14.735,
2009-08-20,25.455,11.579832395112645,9.9,28.39,24.66,24.47,12.895,14.575,14.765,
2009-08-21,26.175,11.80704704617302,10.045,28.68,25.3,24.74,13.16,14.86,15.155,
2009-08-24,26.51,11.71616118574887,10.015,28.88,25.35,24.75,13.065,14.885,15.035,
2009-08-25,26.105,11.863850708938113,10.04,28.88,25.49,24.79,13.2,14.79,14.96,
2009-08-26,26.225,11.831391473072346,10.085,28.89,25.23,24.87,13.275,14.775,14.905,
2009-08-27,26.145,11.953113607568975,10.105,28.88,25.46,24.87,13.3,14.775,15.01,
2009-08-28,26.09,11.96934322550186,10.14,28.67,25.32,24.77,13.305,14.74,15.105,
2009-08-31,25.585,11.928769180669649,10.01,28.62,25.02,24.82,13.08,14.615,14.905,
2009-09-01,25.14,11.287699272320737,9.805,28.16,24.6,24.59,12.845,14.5,14.465,
2009-09-02,24.955,11.190321564723432,9.825,28.22,24.5,24.61,12.78,14.4,14.6,
2009-09-03,25.13,11.409421406817366,9.87,28.09,24.82,24.66,12.915,14.39,14.81,
2009-09-04,25.48,11.539258350280436,10.045,28.49,25.31,24.84,13.15,14.46,15.015,
2009-09-08,26.18,11.588839833065396,10.12,28.36,25.53,25.05,13.265,14.495,15.22,
2009-09-09,26.24,11.76647300134081,10.195,28.69,25.96,25.04,13.405,14.475,15.29,
2009-09-10,26.695,11.863850708938113,10.335,28.91,26.18,25.22,13.585,14.475,15.375,
2009-09-11,26.8,11.790817428240135,10.345,28.92,26.35,25.33,13.54,14.47,15.395,
2009-09-14,27.0,11.944998798602533,10.31,29.03,26.6,25.27,13.585,14.68,15.59,
2009-09-15,27.27,11.96934322550186,10.38,28.77,26.92,25.14,13.65,14.79,15.935,
2009-09-16,27.945,12.383198482790396,10.46,29.03,27.26,25.34,13.91,15.025,16.155,
2009-09-17,27.81,12.342624437958188,10.42,29.01,27.31,25.25,13.895,14.925,16.08,
2009-09-18,27.59,12.285820775193095,10.445,28.76,27.01,25.4,13.9,14.84,16.005,
2009-09-21,27.355,12.172213449662907,10.4,29.04,26.85,25.32,13.845,14.77,15.845,
2009-09-22,27.785,12.448116954521932,10.455,28.95,27.17,25.37,13.9,14.73,16.02,
2009-09-23,27.205,12.196557876562233,10.455,28.54,26.94,25.37,13.7,14.68,15.765,
2009-09-24,26.815,11.953113607568975,10.355,28.51,26.5,25.24,13.57,14.64,15.42,
2009-09-25,26.78,11.839506282038787,10.29,28.53,26.13,25.24,13.49,14.6,15.27,
2009-09-28,27.21,12.237131921394443,10.46,28.84,26.67,25.29,13.745,14.725,15.56,
2009-09-29,27.135,12.180328258629348,10.405,28.88,26.61,25.41,13.81,14.755,15.575,
2009-09-30,26.96,12.123524595864255,10.435,28.67,26.34,25.46,13.735,14.665,15.47,
2009-10-01,26.12,11.587947204079088,10.125,28.26,25.68,25.23,13.435,14.415,14.865,
2009-10-02,25.985,11.596062013045529,10.125,28.15,25.35,25.31,13.265,14.26,14.805,
2009-10-05,26.56,11.961228416535416,10.21,28.33,25.87,25.37,13.47,14.415,15.055,
2009-10-06,27.19,12.115409786897812,10.395,28.56,26.12,25.6,13.675,14.525,15.37,
2009-10-07,27.4,12.245246730360885,10.375,28.58,26.02,25.71,13.685,14.535,15.375,
2009-10-08,28.105,12.261476348293767,10.44,28.61,26.48,25.86,13.905,14.535,15.735,
2009-10-09,28.08,12.366968864857514,10.51,28.88,26.55,25.92,13.9,14.625,15.75,
2009-10-12,28.46,12.464346572454817,10.515,29.02,26.5,26.03,13.97,14.775,15.79,
2009-10-13,28.505,12.342624437958188,10.555,28.74,26.52,25.94,13.995,14.67,15.875,
2009-10-14,28.98,12.764594504213168,10.68,29.18,27.29,26.03,14.17,14.68,16.215,
2009-10-15,29.585,12.650987178682982,10.66,29.26,27.25,26.23,14.19,14.795,16.245,
2009-10-16,29.495,12.35073924692463,10.56,29.24,27.06,26.37,14.165,14.845,16.02,
2009-10-19,29.88,12.407542909689722,10.675,29.49,27.35,26.52,14.325,15.055,16.265,
2009-10-20,29.69,12.31016520209242,10.64,29.21,27.16,26.49,14.18,14.905,16.095,
2009-10-21,29.61,12.074835742065604,10.645,28.825,26.965,26.285,13.995,14.925,15.905,
2009-10-22,29.725,12.43188733658905,10.695,29.01,27.16,26.33,14.18,14.96,16.095,
2009-10-23,29.15,12.253361539327326,10.665,28.71,26.68,26.07,14.125,14.715,15.775,
2009-10-26,28.67,11.936883989636092,10.595,28.4,26.47,25.87,14.04,14.52,15.37,
2009-10-27,28.925,11.847621091005228,10.54,28.52,26.11,25.89,13.8,14.485,15.245,
2009-10-28,27.97,11.480831725722053,10.385,28.23,25.57,25.82,13.41,14.34,14.775,
2009-10-29,28.715,11.961228416535416,10.585,28.48,26.18,26.24,13.77,14.465,15.215,
2009-10-30,27.625,11.401306597850922,10.305,28.07,25.29,25.83,13.41,14.195,14.67,
2009-11-02,27.8,11.498684305448226,10.365,28.19,25.58,26.08,13.54,14.17,14.8,
2009-11-03,28.16,11.529520579520705,10.325,28.2,26.02,25.91,13.55,14.14,14.95,
2009-11-04,28.135,11.368847361985155,10.385,28.56,25.97,26.01,13.555,14.235,14.95,
2009-11-05,28.615,11.660980484777063,10.61,29.03,26.64,26.13,13.925,14.475,15.215,
2009-11-06,28.54,11.612291630978413,10.625,29.16,26.88,26.2,14.05,14.46,15.345,
2009-11-09,29.085,12.026146888266952,10.87,29.65,27.56,26.63,14.355,14.72,15.845,
2009-11-10,29.105,11.985572843434742,10.865,29.85,27.4,26.62,14.405,14.79,15.865,
2009-11-11,29.095,12.147869022763581,10.93,29.89,27.61,26.7,14.42,14.755,16.02,
2009-11-12,28.455,11.920654371703206,10.85,29.72,27.29,26.54,14.26,14.55,15.945,
2009-11-13,28.635,11.896309944803882,10.95,29.78,27.5,26.72,14.51,14.68,16.005,
2009-11-16,29.385,12.026146888266952,11.07,30.08,28.13,26.87,14.745,14.885,16.335,
2009-11-17,29.335,12.05860612413272,11.12,30.16,28.08,27.0,14.625,14.805,16.525,
2009-11-18,29.22,12.155983831730023,11.06,30.33,27.93,26.98,14.585,14.74,16.525,
2009-11-19,28.565,11.920654371703206,10.9,30.18,27.51,26.85,14.42,14.56,16.275,
2009-11-20,28.3,11.847621091005228,10.845,30.39,27.46,26.89,14.345,14.625,16.22,
2009-11-23,28.665,12.01803207930051,11.035,30.67,27.96,27.12,14.47,14.81,16.385,
2009-11-24,28.83,11.928769180669649,11.015,30.91,27.73,27.18,14.455,14.84,16.365,
2009-11-25,29.055,11.904424753770323,11.035,31.1,27.96,27.13,14.595,15.01,16.63,
2009-11-27,28.51,11.587947204079088,10.855,30.79,27.42,26.88,14.31,14.755,16.175,
2009-11-30,28.41,11.896309944803882,10.875,30.68,27.51,26.78,14.31,14.88,16.25,
2009-12-01,28.785,11.904424753770323,11.05,31.22,27.96,27.15,14.535,15.16,16.565,
2009-12-02,28.615,11.896309944803882,11.035,31.15,27.88,27.12,14.58,15.365,16.725,
2009-12-03,28.155,11.652865675810622,11.04,31.0,27.75,26.91,14.48,15.415,16.455,
2009-12-04,27.95,11.871965517904556,11.11,30.98,28.17,27.05,14.575,15.32,16.275,
2009-12-07,27.885,11.67721010270995,11.0905,30.94,28.07,27.02,14.62,15.455,16.295,
2009-12-08,27.41,11.571717586146203,10.99,30.7,27.64,26.71,14.51,15.39,16.035,
2009-12-09,27.41,11.612291630978413,11.095,30.96,27.77,26.76,14.51,15.445,16.235,
2009-12-10,27.75,11.596062013045529,11.145,31.28,27.89,26.85,14.735,15.64,16.175,
2009-12-11,27.765,11.67721010270995,11.12,31.28,28.17,27.0,14.88,15.91,16.22,
2009-12-14,28.05,11.742128574441484,11.21,31.57,28.55,27.1,14.995,15.985,16.455,
2009-12-15,28.14,11.55548796821332,11.14,31.58,28.47,26.99,14.975,15.885,16.295,
2009-12-16,28.32,11.628521248911298,11.175,31.42,28.35,26.86,14.99,15.815,16.46,
2009-12-17,28.08,11.409421406817366,11.04,31.13,28.04,26.54,14.81,15.725,16.095,
2009-12-18,28.075,11.539258350280436,11.165,31.13,27.85,26.24,14.805,15.675,15.995,
2009-12-21,28.41,11.709669338575717,11.265,31.42,28.06,26.38,14.995,15.72,16.23,
2009-12-22,28.545,11.734013765475042,11.355,31.56,28.09,26.56,14.985,15.59,16.325,
2009-12-23,28.77,11.68532491167639,11.4,31.46,28.14,26.58,15.08,15.625,16.575,
2009-12-24,28.905,11.790817428240135,11.505,31.46,28.25,26.68,15.09,15.74,16.705,
2009-12-28,28.955,11.750243383407927,11.54,31.62,28.2,26.73,15.08,15.75,16.72,
2009-12-29,28.765,11.701554529609274,11.525,31.58,28.28,26.78,15.13,15.74,16.745,
2009-12-30,28.735,11.709669338575717,11.565,31.49,28.14,26.73,15.025,15.735,16.725,
2009-12-31,28.505,11.68532491167639,11.465,31.07,27.79,26.47,14.885,15.51,16.495,
2010-01-04,29.405,11.920654371703206,11.635,31.61,28.32,26.67,15.0,15.54,17.01,
2010-01-05,29.645,12.13975421379714,11.62,31.3,28.42,26.68,15.055,15.355,17.065,
2010-01-06,30.0,12.164098640696466,11.49,31.62,28.48,26.66,15.075,15.445,17.355,
2010-01-07,29.955,12.423772527622607,11.445,31.73,28.79,26.66,15.2,15.375,17.22,
2010-01-08,30.15,12.35073924692463,11.52,31.78,29.25,26.57,15.195,15.36,17.46,
2010-01-11,30.11,12.358854055891072,11.475,31.96,29.57,26.64,15.165,15.52,17.365,
2010-01-12,29.675,12.180328258629348,11.35,31.73,29.33,26.79,14.97,15.455,17.035,
2010-01-13,29.785,12.318280011058862,11.46,32.15,29.45,26.98,15.14,15.625,17.235,
2010-01-14,29.87,12.375083673823955,11.49,32.44,29.45,26.9,15.14,15.555,17.025,
2010-01-15,29.63,12.123524595864255,11.33,32.22,29.07,26.77,14.99,15.455,16.9,
2010-01-19,29.9,12.277705966226653,11.525,33.0,29.39,26.93,15.19,15.635,17.17,
2010-01-20,29.435,12.245246730360885,11.34,32.72,28.94,26.73,14.985,15.47,16.865,
2010-01-21,28.835,11.896309944803882,11.22,32.01,28.27,26.35,14.795,15.245,16.135,
2010-01-22,28.15,11.508422076207957,10.83,31.66,27.84,26.29,14.51,14.91,15.815,
2010-01-25,28.335,11.571717586146203,10.92,31.66,28.02,26.34,14.585,15.01,15.955,
2010-01-26,28.155,11.368847361985155,10.89,31.48,27.9,26.31,14.605,15.07,15.73,
2010-01-27,28.045,11.64475086684418,10.98,31.7,27.98,26.37,14.63,14.97,15.595,
2010-01-28,27.75,11.587947204079088,10.665,31.5,27.66,26.3,14.545,14.855,15.315,
2010-01-29,27.25,11.506799114414667,10.4795,31.28,27.38,26.2,14.455,14.765,15.07,
2010-02-01,28.15,11.701554529609274,10.6,31.46,27.79,26.4,14.64,14.86,15.67,
2010-02-02,28.52,11.813538893346173,10.705,32.11,28.32,26.78,14.845,14.98,15.72,
2010-02-03,28.275,11.68532491167639,10.73,31.68,28.15,26.59,14.855,14.875,15.54,
2010-02-04,27.115,11.18220675575699,10.43,30.88,27.32,26.05,14.425,14.485,14.96,
2010-02-05,27.12,11.31204369922006,10.535,30.83,27.2,25.98,14.385,14.46,15.24,
2010-02-08,26.87,11.084829048159687,10.49,30.68,26.9,25.95,14.295,14.295,14.995,
2010-02-09,27.435,11.198436373689875,10.58,30.92,27.42,26.26,14.515,14.44,15.36,
2010-02-10,27.32,11.287699272320737,10.55,30.73,27.38,26.23,14.455,14.375,15.255,
2010-02-11,27.785,11.31204369922006,10.66,30.94,27.79,26.441,14.625,14.46,15.515,
2010-02-12,27.795,11.320158508186502,10.68,30.87,27.57,26.44,14.625,14.405,15.485,
2010-02-16,28.45,11.55548796821332,10.84,31.14,28.22,26.71,14.86,14.655,15.875,
2010-02-17,28.41,11.596062013045529,10.87,31.38,28.46,26.9,14.98,14.595,15.885,
2010-02-18,28.57,11.669095293743508,10.94,31.53,28.72,27.06,15.075,14.675,16.055,
2010-02-19,28.68,11.734013765475042,10.91,31.53,28.86,27.12,15.11,14.88,16.145,
2010-02-22,28.285,11.888195135837439,10.89,31.44,28.88,27.12,15.105,14.8,16.075,
2010-02-23,27.815,11.669095293743508,10.755,31.14,28.51,26.97,15.015,14.7,15.82,
2010-02-24,27.99,11.871965517904556,10.86,31.37,28.8,27.14,15.21,14.715,15.78,
2010-02-25,28.005,11.839506282038787,10.83,31.39,28.73,27.16,15.235,14.685,15.745,
2010-02-26,28.07,11.912539562736765,10.845,31.4,28.84,27.03,15.26,14.57,15.75,
2010-03-01,28.33,11.944998798602533,10.985,31.7,29.22,27.22,15.5,14.78,15.99,
2010-03-02,28.565,11.985572843434742,10.97,31.81,29.27,27.32,15.42,14.825,16.125,
2010-03-03,28.69,11.993687652401183,10.975,31.68,29.31,27.33,15.465,14.8,16.265,
2010-03-04,28.54,12.115409786897812,11.02,31.58,29.45,27.42,15.605,14.83,16.375,
2010-03-05,29.075,12.35073924692463,11.155,32.02,29.9,27.59,15.895,14.98,16.585,
2010-03-08,29.03,12.375083673823955,11.215,31.83,29.76,27.49,15.935,14.98,16.585,
2010-03-09,29.03,12.415657718656165,11.265,31.81,30.0,27.45,15.91,14.96,16.48,
2010-03-10,29.285,12.553609471085679,11.34,31.83,30.06,27.41,15.945,14.965,16.485,
2010-03-11,29.235,12.659101987649423,11.385,32.08,30.17,27.46,16.06,15.015,16.58,
2010-03-12,29.25,12.610413133850772,11.375,31.84,30.37,27.48,16.105,14.92,16.645,
2010-03-15,28.95,12.610413133850772,11.365,32.05,30.37,27.689,16.085,14.975,16.64,
2010-03-16,29.21,12.763783023316524,11.45,32.14,30.78,27.82,16.205,15.15,16.885,
2010-03-17,29.53,12.918775874575566,11.485,32.15,30.83,27.94,16.285,15.2,16.98,
2010-03-18,29.09,12.845742593877588,11.5,32.37,31.04,27.97,16.28,15.13,16.86,
2010-03-19,28.64,12.7321352683474,11.395,32.25,30.81,27.77,16.2,14.98,16.64,
2010-03-22,28.565,12.797053740078935,11.48,32.46,30.9,27.91,16.37,14.88,16.885,
2010-03-23,28.675,12.902546256642681,11.59,32.62,31.25,28.13,16.435,14.94,17.105,
2010-03-24,28.51,12.910661065609123,11.535,32.27,31.03,27.93,16.37,14.785,17.055,
2010-03-25,28.03,12.967464728374217,11.555,32.14,31.01,27.89,16.465,14.69,16.715,
2010-03-26,28.04,12.9836943463071,11.5,31.9,31.09,27.91,16.53,14.725,16.84,
2010-03-29,28.585,12.999923964239985,11.535,32.24,31.37,28.04,16.555,14.905,17.02,
2010-03-30,28.63,12.918775874575566,11.585,32.24,31.42,28.09,16.54,14.865,17.045,
2010-03-31,28.76,12.94312030147489,11.55,32.13,31.24,27.93,16.42,14.83,16.96,
2010-04-01,29.27,13.048612818038634,11.53,32.31,31.44,28.11,16.535,15.035,17.255,
2010-04-05,29.79,13.178449761501707,11.665,32.22,31.67,28.11,16.735,15.125,17.465,
2010-04-06,29.79,13.31640151393122,11.675,32.2,31.68,28.02,16.76,15.25,17.495,
2010-04-07,29.495,13.26771266013257,11.63,32.06,31.5,27.84,16.7,15.1,17.385,
2010-04-08,29.6,13.373205176696313,11.65,31.94,31.6025,27.89,16.86,15.01,17.425,
2010-04-09,29.915,13.42270551139161,11.74,32.08,31.78,28.04,16.985,15.12,17.455,
2010-04-12,29.985,13.478697693260058,11.765,31.99,31.85,28.13,16.985,15.16,17.4,
2010-04-13,29.88,13.4868125022265,11.8,32.02,31.9,28.04,17.075,15.08,17.335,
2010-04-14,30.165,13.835749287783505,11.97,31.91,32.31,28.08,17.34,15.095,17.465,
2010-04-15,30.16,13.77894562501841,12.025,31.82,32.62,28.03,17.415,15.09,17.465,
2010-04-16,29.65,13.27582746909901,11.865,31.63,32.09,27.91,17.185,14.915,17.165,
2010-04-19,29.69,13.40566441256208,11.89,31.89,32.03,28.02,17.215,14.93,17.17,
2010-04-20,30.27,13.584190209823802,11.955,31.96,32.4,28.099,17.425,15.12,17.2245,
2010-04-21,30.24,13.503042120159385,11.98,31.4,32.62,28.1,17.505,15.135,17.18,
2010-04-22,30.315,13.576075400857363,12.01,31.04,32.92,28.1,17.82,15.185,17.35,
2010-04-23,31.045,13.616649445689573,12.04,31.35,33.12,28.03,17.835,15.305,17.505,
2010-04-26,30.94,13.40363571032047,12.025,31.02,33.19,27.97,17.975,15.25,17.58,
2010-04-27,29.99,12.950423629544689,11.79,30.66,32.39,27.48,17.455,14.99,16.94,
2010-04-28,30.295,13.137875716669498,11.825,30.86,32.62,27.7,17.395,15.145,17.145,
2010-04-29,30.33,13.438123648427847,11.945,31.28,33.36,27.79,17.78,15.16,17.3,
2010-04-30,29.955,13.112719808873527,11.6945,30.88,32.57,27.63,17.41,15.22,16.995,
2010-05-03,30.295,13.36509036772987,11.855,31.03,33.22,27.79,17.76,15.415,16.985,
2010-05-04,29.485,12.999923964239985,11.515,30.85,32.17,27.51,17.24125,15.15,16.395,
2010-05-05,29.02,12.928919385783617,11.465,30.95,31.76,27.61,16.995,15.045,16.275,
2010-05-06,28.02745,12.383198482790396,11.12,30.12,30.71,26.92,16.39,14.63,15.74,
2010-05-07,27.495,12.245246730360885,10.875,29.72,30.03,26.74,16.09,14.55,15.565,
2010-05-10,28.67,12.927702164438651,11.375,30.52,31.75,27.52,16.93,15.0,16.305,
2010-05-11,28.48,12.878201829743356,11.3,30.46,31.66,27.51,16.925,15.03,16.1,
2010-05-12,28.875,13.02426839113931,11.595,30.71,32.36,27.7,17.17,15.155,16.435,
2010-05-13,28.69,12.788938931112494,11.425,30.38,31.86,27.53,16.785,15.09,16.19,
2010-05-14,28.12,12.456231763488374,11.205,29.97,31.19,27.27,16.505,14.965,15.795,
2010-05-17,27.83,12.464346572454817,11.26,29.97,31.11,27.56,16.63,14.98,15.795,
2010-05-18,27.615,12.107294977931371,11.09,29.73,30.72,27.4,16.32,14.835,15.525,
2010-05-19,27.3,12.123524595864255,11.005,29.66,30.33,27.33,16.22,14.685,15.525,
2010-05-20,26.08,11.55954537269654,10.655,28.73,29.01,26.52,15.59,14.245,14.82,
2010-05-21,26.535,11.96934322550186,10.735,28.8,29.42,26.62,15.865,14.31,15.185,
2010-05-24,25.93,11.628521248911298,10.685,28.73,28.98,26.43,15.755,14.175,14.925,
2010-05-25,25.99,11.734013765475042,10.655,28.61,28.96,26.12,15.915,14.1,15.175,
2010-05-26,25.935,11.652865675810622,10.55,28.43,29.02,25.95,15.865,14.095,15.055,
2010-05-27,27.035,12.180328258629348,10.91,29.01,30.0,26.48,16.435,14.365,15.65,
2010-05-28,26.525,11.912539562736765,10.82,28.87,29.6,26.35,16.185,14.38,15.375,
2010-06-01,25.265,11.660980484777063,10.715,28.55,28.94,26.29,15.94,14.045,14.88,
2010-06-02,26.36,12.026146888266952,10.955,29.17,29.69,26.74,16.34,14.34,15.34,
2010-06-03,26.715,11.960416935638772,11.065,29.34,29.8275,26.78,16.395,14.49,15.155,
2010-06-04,25.775,11.482454687515343,10.71,28.48,28.43,26.07,15.76,14.05875,14.555,
2010-06-07,25.55,11.255240036454968,10.555,28.44,27.7,25.87,15.46,14.145,14.295,
2010-06-08,25.975,11.490569496481784,10.575,28.51,27.99,26.29,15.59,14.33,14.62,
2010-06-09,25.705,11.368847361985155,10.52,28.38,27.99,26.24,15.61,14.25,14.64,
2010-06-10,26.995,11.742128574441484,10.775,28.92,29.07,26.69,16.14,14.6,15.165,
2010-06-11,27.16,11.774587810307251,10.87,29.16,29.17,26.47,16.125,14.61,15.335,
2010-06-14,27.02,11.7258989565086,10.85,29.21,29.14,26.62,16.17,14.695,15.185,
2010-06-15,27.81,12.003831163609236,11.135,29.71,30.02,26.89,16.555,14.98,15.56,
2010-06-16,27.79,12.00991727033407,11.165,29.82,29.94,26.71,16.44,15.075,15.54,
2010-06-17,27.76,11.993687652401183,11.205,29.86,30.03,26.95,16.34,15.185,15.455,
2010-06-18,27.805,12.034261697233394,11.165,29.55,30.0,26.66,16.235,15.04,15.475,
2010-06-21,27.745,12.01803207930051,11.085,29.5,30.05,26.59,16.105,14.935,15.57,
2010-06-22,26.935,11.827334068589124,10.99,29.21,29.3225,26.3,15.745,14.565,15.185,
2010-06-23,26.73,11.774587810307251,10.97,29.09,29.21,26.47,15.735,14.435,15.215,
2010-06-24,26.17,11.563602777179762,10.75,28.88,28.7,26.15,15.36,14.355,14.83,
2010-06-25,26.245,11.876022922387776,10.7375,29.01,28.92,25.88,15.405,14.42,15.05,
2010-06-28,25.89,11.76647300134081,10.76,28.96,28.72,26.1,15.29,14.515,14.88,
2010-06-29,25.035,11.34450293508583,10.36,28.43,27.61,25.68,14.745,14.22,14.33,
2010-06-30,24.84,11.206551182656316,10.2,28.2,27.43,25.5,14.565,14.13,14.185,
2010-07-01,24.75,11.101058666092571,10.16,27.96,27.35,25.55,14.685,14.065,14.105,
2010-07-02,24.69,10.9712217226295,10.145,28.03,27.01,25.45,14.52,14.08,14.025,
2010-07-06,24.93,11.036140194361035,10.245,28.17,27.06,25.6,14.52,14.245,14.04,
2010-07-07,25.81,11.523028732347552,10.575,28.72,28.0,26.09,14.93,14.685,14.6,
2010-07-08,26.175,11.612291630978413,10.64,28.96,28.36,26.48,15.06,14.8,14.84,
2010-07-09,26.31,11.774587810307251,10.695,29.03,28.64,26.48,15.205,14.9,15.195,
2010-07-12,26.24,11.790817428240135,10.745,28.98,28.49,26.57,15.225,14.95,14.995,
2010-07-13,26.555,12.082950551032045,10.9,29.2,28.99,26.81,15.605,15.0,15.4,
2010-07-14,26.525,11.993687652401183,10.965,29.2,29.05,26.82,15.505,15.005,15.35,
2010-07-15,26.495,11.96934322550186,11.0,29.29,29.04,26.9,15.555,15.105,15.335,
2010-07-16,25.865,11.465413588685813,10.68625,28.68,28.07,26.52,15.01,14.845,14.915,
2010-07-19,26.03,11.458110260616015,10.79,28.81,28.23,26.57,15.155,15.075,14.93,
2010-07-20,26.625,11.579832395112645,10.86,28.73,28.67,26.89,15.37,15.21,15.38,
2010-07-21,26.19,11.392380307987837,10.73,28.26,28.6,26.6,15.095,14.975,15.33,
2010-07-22,26.77,11.7258989565086,11.02,28.44,29.48,26.9,15.55,15.215,15.66,
2010-07-23,26.89,11.815161855139461,11.095,28.43,30.07,27.15,15.775,15.24,16.005,
2010-07-26,27.125,11.9774580344683,11.16,28.84,30.56,27.29,16.01,15.35,16.1,
2010-07-27,26.995,12.00991727033407,11.195,28.87,30.35,27.39,15.805,15.575,15.97,
2010-07-28,26.935,11.904424753770323,11.105,28.48,30.27,27.24,15.695,15.5,15.92,
2010-07-29,26.975,11.944998798602533,11.005,28.46,30.17,26.91,15.615,15.26,15.905,
2010-07-30,26.92,11.936883989636092,10.96,28.57,30.29,26.98,15.72,15.185,16.005,
2010-08-02,27.86,12.237131921394443,11.19,29.11,30.89,27.29,16.055,15.5,16.435,
2010-08-03,27.85,12.09918016896493,11.13,29.35,30.73,27.05,15.81,15.425,16.135,
2010-08-04,28.065,12.147869022763581,11.22,29.64,31.0,27.15,16.075,15.49,16.285,
2010-08-05,28.155,12.09918016896493,11.17,29.65,31.02,27.03,16.125,15.465,16.32,
2010-08-06,27.82,11.993687652401183,11.14,29.71,30.85,27.09,16.015,15.495,16.245,
2010-08-09,27.935,12.05860612413272,11.215,29.79,31.01,27.23,16.17,15.55,16.345,
2010-08-10,27.705,11.953113607568975,11.1,29.86,30.8,27.29,16.03,15.64,16.17,
2010-08-11,26.88,11.531143541313995,10.835,29.09,29.65,26.84,15.61,15.325,15.625,
2010-08-12,26.72,11.449995451649574,10.685,29.21,29.44,26.81,15.55,15.295,15.725,
2010-08-13,26.675,11.417536215783807,10.635,29.1,29.4,26.8,15.375,15.35,15.65,
2010-08-16,26.67,11.385076979918038,10.655,28.95,29.34,26.77,15.37,15.35,15.72,
2010-08-17,27.115,11.4743398785489,10.77,29.35,29.85,27.03,15.62,15.5,16.09,
2010-08-18,26.855,11.523028732347552,10.83,29.31,29.96,27.05,15.765,15.415,16.15,
2010-08-19,26.42,11.255240036454968,10.7,28.77,29.32,26.73,15.46,15.195,15.78,
2010-08-20,26.095,11.2227808005892,10.675,28.67,29.17,26.73,15.45,15.235,15.745,
2010-08-23,26.105,11.149747519891223,10.58,28.8,28.85,26.79,15.31,15.335,15.57,
2010-08-24,25.7,10.963106913663058,10.435,28.18,28.26,26.66,15.05,15.36125,15.21,
2010-08-25,25.62,10.995566149528827,10.5,28.46,28.21,26.72,15.205,15.35,15.255,
2010-08-26,25.39,10.906303250897965,10.395,28.28,28.17,26.52,15.1,15.28,15.235,
2010-08-27,26.05,11.141632710924782,10.52,28.57,28.74,26.69,15.345,15.57,15.69,
2010-08-30,25.67,10.906303250897965,10.38,28.21,28.3,26.46,15.075,15.335,15.455,
2010-08-31,25.6,10.999217813563725,10.345,28.1,28.19,26.48,15.095,15.405,15.52,
2010-09-01,26.555,11.426868246095214,10.61,28.75,29.31,26.95,15.615,15.74,15.985,
2010-09-02,26.775,11.539258350280436,10.705,28.9,29.68,27.12,15.905,15.74,16.175,
2010-09-03,27.1,11.78189113837705,10.865,29.17,30.13,27.29,16.14,15.81,16.365,
2010-09-07,26.695,11.510856518897889,10.775,29.0,29.85,27.18,15.88,15.73,16.205,
2010-09-08,26.925,11.628521248911298,10.835,29.16,30.16,27.3,15.995,15.655,16.33,
2010-09-09,26.98,11.774587810307251,10.865,29.47,30.13,27.39,16.01,15.81,16.275,
2010-09-10,27.26,11.790817428240135,10.87,29.77,30.4,27.52,16.145,15.72,16.41,
2010-09-13,27.48,12.042376506199835,11.065,29.84,30.7,27.55,16.34,15.775,16.675,
2010-09-14,27.385,11.936883989636092,11.11,29.94,30.61,27.6,16.355,15.755,16.645,
2010-09-15,27.33,11.9774580344683,11.18,30.22,30.61,27.79,16.385,15.665,16.615,
2010-09-16,27.205,11.940941394119312,11.245,30.1,30.57,27.82,16.385,15.61,16.695,
2010-09-17,26.945,11.856141640419994,11.265,29.94,30.6975,27.55,16.375,15.425,16.36625,
2010-09-20,27.4,12.078893146548824,11.43,30.34,31.16,27.85,16.69,15.63,16.47,
2010-09-21,27.42,11.96934322550186,11.41,30.3625,31.22,27.8,16.62,15.55,16.395,
2010-09-22,27.22,11.774182069858929,11.355,30.41,31.06,27.85,16.51,15.66,16.435,
2010-09-23,27.05,11.547373159246877,11.34,30.25,30.6,27.67,16.425,15.48,16.28,
2010-09-24,27.635,11.85167849548845,11.56,30.66,31.44,28.04,16.85,15.73,16.68,
2010-09-27,27.53,11.72184155202538,11.565,30.43,31.24,27.88,16.74,15.76,16.585,
2010-09-28,27.725,11.750243383407927,11.58,30.68,31.41,28.06,16.87,15.77,16.585,
2010-09-29,28.02,11.660980484777063,11.555,30.57,31.4,27.98,16.75,15.74,16.455,
2010-09-30,28.03,11.640287721912637,11.51,30.49,31.28,27.88,16.705,15.69,16.39,
2010-10-01,28.405,11.76647300134081,11.515,30.49,31.31,27.93,16.725,15.775,16.605,
2010-10-04,28.05,11.68532491167639,11.42,30.19,30.98,27.8475,16.69,15.745,16.34,
2010-10-05,28.71,11.953113607568975,11.645,30.75,31.81,28.11,17.04,15.92,16.8,
2010-10-06,28.965,11.944998798602533,11.59,30.63,32.0,28.23,16.925,15.845,16.96,
2010-10-07,28.82,11.896309944803882,11.59,30.69,31.93,28.13,17.005,15.875,16.79,
2010-10-08,29.18,11.928769180669649,11.655,30.77,32.195,28.19,17.18,15.925,17.12,
2010-10-11,29.26,11.912539562736765,11.675,30.79,32.11,28.22,17.185,15.93,17.09,
2010-10-12,29.215,12.046433910683056,11.745,30.86,32.09,28.29,17.225,15.865,17.135,
2010-10-13,29.57,12.057794643236075,11.84,31.08,32.62,28.53,17.25,15.925,17.41,
2010-10-14,29.525,11.843563686522009,11.845,31.02,32.43,28.54,17.23,15.9,17.245,
2010-10-15,29.605,11.64069346236096,12.045,31.15,32.23,28.61,17.355,15.9475,17.295,
2010-10-18,29.685,11.904424753770323,12.125,31.44,32.21,28.71,17.38,15.95,17.37,
2010-10-19,29.095,11.738476910406586,11.91,30.85,31.78,28.36,17.065,15.98,16.925,
2010-10-20,29.47,11.855735899971672,12.01,31.14,32.23,28.61,17.285,16.11,17.275,
2010-10-21,29.455,11.852084235936772,12.02,31.22,32.49,28.71,17.385,16.04,17.27,
2010-10-22,29.65,11.848838312350196,12.055,31.23,32.48,28.81,17.48,15.935,17.145,
2010-10-25,29.73,11.80704704617302,12.09,31.4,32.59,28.88,17.59,15.9,17.515,
2010-10-26,29.79,11.823276664105904,12.12,31.31,32.44,28.72,17.665,15.86,17.41,
2010-10-27,29.665,11.831391473072346,12.155,31.12,32.2,28.57,17.555,15.795,17.25,
2010-10-28,29.6,11.827334068589124,12.155,31.3,32.13,28.67,17.635,15.835,17.26,
2010-10-29,29.62,11.814350374242817,12.175,31.17,32.18,28.77,17.63,15.86,17.4,
2010-11-01,29.655,11.815161855139461,12.185,31.17,32.18,28.65,17.595,15.705,17.39,
2010-11-02,29.98125,11.843563686522009,12.305,31.47,32.49,28.82,17.795,15.89,17.57,
2010-11-03,30.045,11.961228416535416,12.375,31.49,32.54,28.91,17.885,15.86,17.52,
2010-11-04,31.0,12.359665536787716,12.56,31.641,33.23,29.26,18.165,16.03,18.095,
2010-11-05,31.155,12.642872369716539,12.55,31.45,33.43,29.11,18.255,16.025,18.16,
2010-11-08,31.25,12.545088921670914,12.56,31.37,33.29,29.06,18.225,15.935,18.205,
2010-11-09,31.19,12.31016520209242,12.525,31.24,32.99,28.91,18.06,15.88,17.885,
2010-11-10,31.59125,12.448116954521932,12.535,31.23,32.98,28.82,18.22,15.81,17.975,
2010-11-11,31.94,12.326394820025303,12.3425,31.32,32.795,28.85,18.195,15.8,18.16,
2010-11-12,31.47,12.123524595864255,12.17,30.93,32.41,28.71,18.005,15.67,17.755,
2010-11-15,31.31,12.176270854146129,12.135,30.94,32.51,28.72,17.97,15.7225,17.615,
2010-11-16,30.725,11.97340062998508,11.915,30.49,31.985,28.4,17.725,15.54,17.235,
2010-11-17,30.85,11.892658280768982,11.92,30.54,32.01,28.41,17.88,15.5325,17.23,
2010-11-18,31.53,12.05860612413272,12.12,30.97,32.66,28.79,18.035,15.625,17.555,
2010-11-19,31.795,12.054142979201176,12.155,30.9975,32.76,28.81,18.12,15.565,17.695,
2010-11-22,31.696,11.880080326870997,12.225,31.01,32.69,28.81,18.205,15.61,17.74,
2010-11-23,31.076,11.693439720642832,12.045,30.56,32.24,28.47,17.935,15.44,17.4,
2010-11-24,31.63625,11.871965517904556,12.245,30.845,32.97,28.69,18.305,15.5325,17.735,
2010-11-26,31.255,11.701554529609274,12.125,30.58,32.72,28.5,18.155,15.43,17.435,
2010-11-29,31.465,11.798932237206577,12.095,30.55,32.69,28.45,18.115,15.4,17.585,
2010-11-30,31.355,11.734013765475042,11.975,30.27,32.61,28.32,18.075,15.38,17.595,
2010-12-01,32.285,11.97137192774347,12.23,30.85,33.45,28.78,18.46,15.56,18.075,
2010-12-02,32.765,12.277705966226653,12.375,31.09,33.97,28.8,18.7,15.605,18.35,
2010-12-03,32.91,12.318685751507184,12.4025,31.09,34.04,28.81,18.71,15.6375,18.505,
2010-12-06,33.02,12.297992988642756,12.405,30.89,34.0175,28.74,18.73,15.595,18.535,
2010-12-07,32.895,12.318280011058862,12.42,30.91,34.11,28.9,18.74,15.49,18.56,
2010-12-08,32.74,12.51709283073669,12.525,30.94,33.99,29.01,18.69,15.435,18.365,
2010-12-09,32.815,12.671274201099086,12.535,30.99,34.09,29.09,18.715,15.5,18.465,
2010-12-10,32.95,12.784475786180952,12.5925,31.29,34.395,29.14,18.78,15.56,18.625,
2010-12-13,33.23,12.776360977214509,12.57,31.34,34.42,29.14,18.69,15.6325,18.725,
2010-12-14,33.075,12.663159392132645,12.59,31.655,34.58,29.28,18.685,15.675,18.71,
2010-12-15,32.895,12.56172428005212,12.54,31.56,34.44,29.31,18.625,15.54,18.61,
2010-12-16,33.08,12.577953897985005,12.56,31.78,34.82,29.5675,18.76,15.67875,18.785,
2010-12-17,32.945,12.602298324884329,12.54,31.67,34.54,29.36,18.68,15.575,18.78,
2010-12-20,33.16,12.610413133850772,12.55,31.66,34.53,29.33,18.79,15.595,18.84,
2010-12-21,33.495,12.829512975944704,12.625,31.58,34.81,29.26,18.87,15.6,19.03,
2010-12-22,33.61,12.971522132857437,12.61,31.6675,34.89,29.3875,18.895,15.67,19.02,
2010-12-23,33.705,12.878201829743356,12.605,31.65,34.82,29.4,18.815,15.68,19.07,
2010-12-27,33.585,12.991809155273543,12.63,31.59,34.88,29.26,18.76,15.69,19.1,
2010-12-28,33.71,12.993432117066831,12.615,31.61,34.86,29.34,18.72,15.745,19.14,
2010-12-29,34.045,12.967464728374217,12.64,31.62,34.89,29.35,18.78,15.69,19.22,
2010-12-30,34.075,12.926890683542007,12.61,31.51,34.83,29.3,18.745,15.665,19.22,
2010-12-31,34.125,12.94312030147489,12.595,31.5,34.87,29.31,18.705,15.67,19.205,
2011-01-03,34.38,13.22713861530036,12.735,31.7875,35.12,29.35,18.925,15.74625,19.36,
2011-01-04,34.085,13.206851592884252,12.785,31.89,35.07,29.27,18.82,15.8175,19.23,
2011-01-05,34.22,13.36509036772987,12.86,31.96,35.25,29.28,18.975,15.72,19.275,
2011-01-06,33.895,13.277450430892298,12.935,32.09,35.19,29.18,18.86,15.735,19.175,
2011-01-07,34.14,13.158162739085602,12.875,32.07,35.26,29.0325,18.85,15.79125,19.1575,
2011-01-10,34.005,13.125297762771512,12.88625,31.98,35.31,29.0525,18.835,15.705,19.18,
2011-01-11,34.57,13.178449761501707,12.865,32.14,35.44,29.03,18.83,15.7275,19.335,
2011-01-12,35.045,13.399984046285573,12.98,32.31,35.73,29.27,18.875,15.81,19.525,
2011-01-13,34.9475,13.35332389472853,12.97,32.14,35.765,29.33,18.845,15.79625,19.35625,
2011-01-14,35.325,13.56796059189092,13.085,32.18,35.91,29.33,18.96,15.87,19.4,
2011-01-18,35.545,13.4868125022265,13.09875,32.3,36.17,29.3475,19.015,15.9075,19.50625,
2011-01-19,35.115,13.18656457046815,13.005,32.08,35.79,29.29,18.825,15.87,19.055,
2011-01-20,34.865,13.251483042199684,12.935,32.16,35.61,29.44,18.865,15.99,18.785,
2011-01-21,35.05,13.358192780108396,12.86,32.1875,35.9,29.49,18.91,15.975,18.73875,
2011-01-24,35.18,13.343586123968802,13.04,32.15,36.24,29.54,18.985,16.065,18.94,
2011-01-25,35.07875,13.31640151393122,13.1,32.15,36.195,29.635,18.995,16.04125,18.96375,
2011-01-26,35.92,13.304229300481557,13.175,32.11,36.41,29.56,19.025,15.98,19.365,
2011-01-27,35.71,13.420676809149999,13.22,32.19,36.545,29.26,19.175,16.04,19.205,
2011-01-28,35.555,13.18656457046815,12.915,31.61,35.83,28.98,18.55,15.825,18.905,
2011-01-31,36.575,13.308286704964777,12.995,31.68,36.24,28.88,18.59,15.86,19.22,
2011-02-01,37.17,13.584190209823802,13.215,32.25,36.75,29.09,18.81,16.02,19.735,
2011-02-02,37.14,13.478697693260058,13.23875,32.14,36.635,28.98,18.755,15.9325,19.7025,
2011-02-03,37.16,13.48275509774328,13.26,32.1825,36.65,29.13,18.975,15.9975,19.785,
2011-02-04,37.065,13.47666899101845,13.345,32.33,36.78,29.3,19.105,15.9,19.7875,
2011-02-07,37.28,13.673453108454666,13.41125,32.28,37.125,29.34,19.206,16.0025,19.89375,
2011-02-08,37.15375,13.770830816051967,13.46625,32.3725,37.375,29.48,19.435,16.00125,19.9575,
2011-02-09,36.685,13.674264589351308,13.44,32.3,37.37,29.53,19.565,16.0,19.78,
2011-02-10,37.06,13.673453108454666,13.38,32.31,37.57,29.42,19.59,16.03,19.815,
2011-02-11,37.055,13.860905195579473,13.45125,32.38,37.85,29.58,19.79,16.0,19.925,
2011-02-14,37.87,13.868208523649272,13.47,32.49,37.81,29.45,19.71,15.885,20.14,
2011-02-15,37.475,13.849950203474776,13.42,32.42,37.67,29.44,19.735,15.935,19.91,
2011-02-16,37.975,13.925012186414365,13.49375,32.59,37.85,29.52,19.895,15.9,20.1675,
2011-02-17,38.35,13.908782568481483,13.52,32.73,37.94,29.72,19.9,15.93,20.35,
2011-02-18,38.51,13.940024583002282,13.5,32.81,38.045,29.8,20.005,15.955,20.125,
2011-02-22,38.135,13.513185631367437,13.17,32.31,36.9375,29.59,19.525,15.885,19.48,
2011-02-23,38.91,13.454353266360732,13.015,32.0,36.29,29.52,19.24,15.85,19.335,
2011-02-24,38.36,13.421894030494965,13.06,32.11,36.5,29.4,19.355,15.78875,19.235,
2011-02-25,38.97,13.609346117619774,13.225,32.31,36.83,29.55,19.55625,15.8775,19.52,
2011-02-28,39.27,13.673453108454666,13.28,32.669,37.01,29.72,19.705,16.055,19.73,
2011-03-01,38.535,13.381319985662754,13.025,32.4125,36.225,29.49,19.33,15.8925,19.245,
2011-03-02,38.755,13.300171895998337,13.105,32.51,36.395,29.41,19.405,15.92,19.315,
2011-03-03,39.42,13.572017996374143,13.315,33.18,37.275,29.71,19.75,16.1,19.705,
2011-03-04,39.17,13.40566441256208,13.2075,33.135,36.841,29.58,19.605,16.0025,19.525,
2011-03-07,38.895,13.31640151393122,13.04,32.88,36.5,29.5,19.41,16.065,19.19,
2011-03-08,38.575,13.60853463672313,13.14875,33.06,37.07,29.76,19.565,16.245,19.41,
2011-03-09,38.3095,13.605694453584876,13.095,33.11,36.99,29.91,19.61,16.41,19.095,
2011-03-10,36.915,13.332631131864105,12.85,32.5925,36.245,29.71,19.385,16.22375,18.6775,
2011-03-11,37.555,13.421894030494965,12.9,32.7,36.67,29.73,19.505,16.26,18.955,
2011-03-14,37.76,13.300171895998337,12.84,32.54,36.36,29.52,19.265,16.045,18.885,
2011-03-15,37.475,13.14599052563594,12.65,32.16,36.02,29.26,19.105,15.74,18.885,
2011-03-16,36.875,12.90214051619436,12.34125,31.6,35.35,28.8425,18.78,15.4925,18.505,
2011-03-17,38.0,13.056727627005078,12.47,31.97,35.9,28.98,18.865,15.515,18.835,
2011-03-18,37.695,13.202794188401032,12.45,31.97,35.97,29.05,18.79,15.44,18.865,
2011-03-21,38.84,13.263655255649347,12.66125,32.2375,36.76,29.41,19.08,15.62,19.1925,
2011-03-22,38.755,13.193867898537947,12.64,32.22,36.465,29.37,18.93,15.6425,19.1475,
2011-03-23,38.855,13.158162739085602,12.71,32.2,36.59,29.42,19.095,15.635,19.425,
2011-03-24,38.995,13.223081210817138,12.90875,32.58,36.97,29.69,19.375,15.7,19.51,
2011-03-25,39.345,13.259597851166127,12.94,32.67,37.1,29.69,19.41,15.695,19.615,
2011-03-28,39.25,13.215372142299017,12.91,32.66,37.0675,29.68,19.20875,15.64,19.525,
2011-03-29,39.73,13.243368233233243,13.0,32.85,37.37,29.82,19.385,15.7925,19.73,
2011-03-30,40.005,13.348860749796987,13.055,33.09,37.52,29.98,19.595,15.975,19.935,
2011-03-31,39.875,13.300171895998337,13.03125,33.11,37.665,29.92,19.525,15.935,20.01,
2011-04-01,39.995,13.413779221528523,13.005,33.28,37.98,30.07,19.65,16.06,20.085,
2011-04-04,40.02,13.394709420457383,12.96,33.48,38.03,30.13,19.695,16.05,20.215,
2011-04-05,40.14,13.389434794629198,12.94,33.33,37.89,30.16,19.76,15.985,20.455,
2011-04-06,39.72,13.543616164991596,13.035,33.4,37.93,30.3,19.725,16.1,20.285,
2011-04-07,39.72,13.478697693260058,13.04,33.34,37.75,30.34,19.645,16.035,20.245,
2011-04-08,39.86,13.35697555876343,12.965,33.32,37.42,30.25,19.53,15.99,20.1,
2011-04-11,39.07375,13.35697555876343,12.945,33.51,37.39,30.41,19.535,15.78,19.875,
2011-04-12,37.865,13.308286704964777,12.84,33.47,37.11,30.51,19.51,15.74,19.605,
2011-04-13,38.02,13.208880295125864,12.92,33.44,37.0,30.53,19.575,15.78,19.49,
2011-04-14,38.28,13.089186862870845,12.895,33.62,37.0,30.71,19.53,15.875,19.55,
2011-04-15,38.595,13.097301671837288,12.87,33.92,37.13,30.84,19.625,16.05,19.68,
2011-04-18,38.02,12.918775874575566,12.755,33.54,36.6,30.67,19.45,15.91,19.405,
2011-04-19,38.405,12.959349919407776,12.79,33.82,36.92,30.73,19.495,15.915,19.75,
2011-04-20,39.31,12.991809155273543,13.0595,34.15,37.52,30.89,19.845,16.12,20.01,
2011-04-21,39.49,13.06484243597152,13.175,34.25,37.63,30.9,19.955,16.12,20.225,
2011-04-25,39.285,13.048612818038634,13.185,34.29,37.52,30.82,19.935,16.14,20.07,
2011-04-26,39.675,13.129760907703055,13.295,34.69,38.24,31.03,19.97,16.27,20.295,
2011-04-27,39.655,13.210908997367476,13.375,35.08,38.41,31.23,20.21,16.4,20.36,
2011-04-28,39.65,13.31640151393122,13.38,35.26,38.54,31.43,20.29,16.545,20.355,
2011-04-29,40.2395,13.292057087031894,13.37,35.24,38.7,31.52,20.275,16.58,20.435,
2011-05-02,39.705,13.2352534242668,13.32,35.6,38.64,31.56,20.345,16.585,20.29,
2011-05-03,38.71,13.292057087031894,13.325,35.51,38.48,31.64,20.23,16.69,20.105,
2011-05-04,38.025,13.178449761501707,13.285,35.479,37.92,31.6,20.185,16.67,19.75,
2011-05-05,37.235,13.008038773206428,13.215,35.25,37.74,31.36,20.13,16.55,19.515,
2011-05-06,37.4,13.072957244937962,13.24,35.5,38.07,31.44,20.145,16.645,19.675,
2011-05-09,38.055,13.040498009072195,13.295,35.7,38.23,31.55,20.17,16.68,19.96,
2011-05-10,38.235,13.162220143568822,13.415,35.92,38.58,31.74,20.43,16.92,20.13,
2011-05-11,37.13,12.9836943463071,13.295,35.86,38.06,31.68,20.235,16.865,19.595,
2011-05-12,37.075,12.9836943463071,13.395,36.19,38.14,32.15,20.435,17.035,19.575,
2011-05-13,36.895,12.797053740078935,13.23,36.08,37.68,32.11,20.28,16.955,19.325,
2011-05-16,36.615,12.780824122146052,13.04,36.14,37.54,32.12,20.01,16.975,19.255,
2011-05-17,36.615,12.878201829743356,13.04,36.14,37.03,32.19,20.03,17.1,19.03,
2011-05-18,37.355,12.935005492508449,13.135,36.42,37.53,32.24,20.265,17.045,19.455,
2011-05-19,37.36,12.935005492508449,13.16,36.34,37.77,32.42,20.33,17.085,19.45,
2011-05-20,37.315,12.756479695246727,13.0845,36.04,37.37,32.32,20.135,17.065,19.255,
2011-05-23,36.735,12.577953897985005,12.9,35.67,36.84,32.098,19.945,16.865,19.055,
2011-05-24,37.255,12.56172428005212,12.86,35.57,36.65,32.07,19.845,16.85,19.15,
2011-05-25,37.885,12.569839089018561,12.9,35.62,36.96,31.86,19.85,16.815,19.42,
2011-05-26,38.075,12.634757560750097,12.985,35.67,37.11,31.91,20.03,16.81,19.465,
2011-05-27,38.17,12.724020459380958,13.05,35.69,37.29,32.04,20.08,16.81,19.675,
2011-05-31,38.555,12.85385740284403,13.23,36.11,37.63,32.31,20.22,16.935,19.875,
2011-06-01,37.635,12.419715123139385,12.955,35.61,36.4,31.98,19.76,16.76,19.255,
2011-06-02,37.62,12.43188733658905,12.965,35.53,36.59,31.61,19.715,16.71,19.285,
2011-06-03,37.63,12.35073924692463,12.77,35.19,36.1,31.31,19.46,16.595,19.04,
2011-06-06,36.78,12.115409786897812,12.675,34.98,35.84,31.15,19.255,16.5195,18.85,
2011-06-07,36.78,12.087007955515267,12.635,35.051,35.82,31.08,19.275,16.54,18.92,
2011-06-08,36.89,11.9774580344683,12.55,35.09,35.51,31.1,19.125,16.58,18.725,
2011-06-09,37.39,12.115409786897812,12.56,35.46,35.78,31.27,19.285,16.595,19.035,
2011-06-10,36.665,12.034261697233394,12.385,34.805,35.21,30.91,18.93,16.485,18.795,
2011-06-13,36.085,12.155983831730023,12.395,34.98,35.22,31.05,18.905,16.56,18.685,
2011-06-14,36.855,12.216844898978337,12.55,35.28,35.89,31.38,19.24,16.625,19.045,
2011-06-15,36.01,11.953113607568975,12.315,34.8,35.345,30.91,18.945,16.42,18.605,
2011-06-16,36.065,12.01803207930051,12.285,34.86,35.47,31.16,18.9,16.55,18.4225,
2011-06-17,35.8425,12.08376203192869,12.2225,34.77,35.45,31.135,18.975,16.495,18.32,
2011-06-20,35.94,12.074835742065604,12.27125,35.12,35.76,31.37,19.13,16.59,18.475,
2011-06-21,36.655,12.245246730360885,12.49,35.34,36.32,31.34,19.52,16.6,18.95,
2011-06-22,36.55,12.172213449662907,12.4,35.13,36.12,31.14,19.37,16.49,18.8725,
2011-06-23,36.15,12.050491315166278,12.485,35.09,36.04,30.86,19.44,16.35,18.855,
2011-06-24,35.465,11.9774580344683,12.27,34.68,35.63,30.61,19.25,16.4,18.735,
2011-06-27,35.655,12.09918016896493,12.435,34.86,35.91,30.75,19.485,16.52,18.775,
2011-06-28,36.695,12.155983831730023,12.59,35.35,36.47,30.81,19.855,16.595,19.14,
2011-06-29,37.125,12.407542909689722,12.69,35.42,36.66,30.99,19.945,16.705,19.445,
2011-06-30,37.675,12.456231763488374,12.85,35.53,37.24,31.23,20.105,16.74,19.685,
2011-07-01,38.03,12.683446414548749,13.06,35.96,37.91,31.47,20.51,16.94,19.865,
2011-07-05,38.265,12.569839089018561,13.08,35.86,37.695,31.46,20.6,16.84,19.89,
2011-07-06,38.195,12.504920617287027,13.14,35.96,37.9,31.63,20.525,16.875,19.97,
2011-07-07,38.77,12.707790841448075,13.3,35.94,38.3,31.85,20.81,16.945,20.2675,
2011-07-08,38.445,12.545494662119237,13.235,35.78,37.82,31.74,20.685,16.88,20.115,
2011-07-11,37.5325,12.204672685528674,13.015,35.29,37.12,31.51,20.285,16.7,19.71,
2011-07-12,37.395,12.155983831730023,12.9,35.29,36.76,31.41,20.185,16.775,19.63,
2011-07-13,37.675,12.164098640696466,12.93,35.43,36.91,31.41,20.29,16.73,19.8,
2011-07-14,37.425,12.074835742065604,12.82,35.37,36.51,31.27,20.135,16.655,19.61,
2011-07-15,38.43,12.050491315166278,12.96,35.19,36.54,31.36,20.145,16.68,19.785,
2011-07-18,38.3,11.888195135837439,12.915,34.93,36.13,31.16,19.95,16.52,19.55,
2011-07-19,38.9975,12.035073178130038,13.225,35.24,36.601,31.59,20.335,16.665,19.845,
2011-07-20,38.9,12.172213449662907,13.185,35.12,36.67,31.54,20.23,16.765,19.83,
2011-07-21,39.665,12.464346572454817,13.245,35.65,37.22,31.8,20.465,17.015,20.07,
2011-07-22,39.865,12.43188733658905,13.36,35.59,36.83,31.74,20.545,16.91,19.975,
2011-07-25,39.705,12.342624437958188,13.325,35.22,36.81,31.45,20.41,16.97,19.925,
2011-07-26,39.515,12.326394820025303,13.385,34.935,36.13,31.37,20.375,16.91,19.71,
2011-07-27,38.7675,12.034261697233394,13.03,34.33,35.15,31.03,20.02,16.86,19.26,
2011-07-28,38.61,12.042376506199835,13.01,34.3,34.85,31.029,19.92,16.755,19.22,
2011-07-29,38.225,12.005859865850848,12.905,34.12,34.68,30.83,19.825,16.585,19.005,
2011-08-01,38.17,11.96934322550186,12.895,33.54,34.46,30.72,19.72,16.635,18.94,
2011-08-02,37.1075,11.643939385947537,12.625,32.82,33.26,30.32,18.975,16.35,18.355,
2011-08-03,36.8925,11.701554529609274,12.755,32.88,33.56,30.44,19.115,16.35,18.45,
2011-08-04,34.365,11.109173475059013,12.24,31.57,31.76,29.49,18.185,15.815,17.2,
2011-08-05,34.035,10.898188441931522,12.165,31.81,31.76,29.91,18.17,15.945,17.16,
2011-08-08,31.14,9.865173260503465,11.48,30.18,29.52,28.78,17.03,15.1,15.905,
2011-08-09,32.725,10.630399746038938,12.005,31.28,30.98,29.48,17.82,15.595,16.885,
2011-08-10,31.595,9.891952130092722,11.535,29.96,29.4,28.35,17.06,15.3,16.305,
2011-08-11,33.235,10.443759139810773,11.975,31.33,30.8,29.19,17.815,15.945,17.11,
2011-08-12,33.48,10.370725859112795,12.0605,31.64,31.4,29.54,18.035,15.85,17.22,
2011-08-15,34.61,10.703433026736915,12.275,32.17,31.87,29.96,18.3,16.39,17.495,
2011-08-16,34.035,10.492447993609426,12.185,32.14,31.42,30.03,18.2,16.37,17.215,
2011-08-17,34.17,10.55736646534096,12.13,32.17,31.32,30.23,18.175,16.49,17.265,
2011-08-18,32.19,10.04613350045512,11.54,31.11,29.585,29.69,17.275,16.295,16.26,
2011-08-19,31.62,9.84326327629407,11.26,31.03,29.13,29.55,17.025,16.195,16.0,
2011-08-22,31.365,9.721541141797442,11.32,31.01,29.24,29.64,17.075,16.155,16.0,
2011-08-23,32.78,10.03639572969539,11.735,32.02,30.27,30.25,17.735,16.445,16.565,
2011-08-24,32.975,10.305807387381261,11.84,32.39,30.88,30.38,18.05,16.8,16.8,
2011-08-25,32.2795,10.273348151515494,11.67,31.84,30.3,29.915,17.69,16.525,16.615,
2011-08-26,32.905,10.362611050146354,11.9,32.24,30.93,30.17,18.06,16.5,16.965,
2011-08-29,33.865,10.792695925367777,12.2,33.06,31.91,30.71,18.585,16.8275,17.4775,
2011-08-30,34.065,10.7196626446698,12.25,33.17,32.18,30.79,18.67,16.835,17.625,
2011-08-31,34.32,10.857614397099313,12.22,33.4,32.4,30.89,18.785,16.945,17.67,
2011-09-01,34.06,10.614170128106055,12.085,33.18,31.87,30.78,18.555,16.835,17.43,
2011-09-02,33.11,10.175970443918189,11.81,32.45,30.85,30.34,18.03,16.645,16.985,
2011-09-06,32.75,9.997444646656469,11.755,32.53,30.53,30.22,17.975,16.565,16.895,
2011-09-07,33.95,10.476218375676542,12.06,33.31,31.48,30.76,18.44,16.75,17.38,
2011-09-08,33.555,10.249003724616168,12.0,32.95,31.005,30.68,18.19,16.74,17.15,
2011-09-09,32.445,9.924411365958491,11.745,31.97,30.18,30.0,17.71,16.4,16.585,
2011-09-12,32.5975,10.038018691488677,11.885,32.08,30.235,30.03,17.92,16.535,16.4725,
2011-09-13,32.69,10.102937163220211,12.025,32.41,30.8,30.14,18.13,16.645,16.745,
2011-09-14,33.095,10.224659297716842,12.205,32.72,31.34,30.5,18.43,16.76,17.005,
2011-09-15,33.7525,10.484333184642983,12.4,33.02,31.975,30.86,18.74,16.97,17.295,
2011-09-16,33.545,10.47216097119332,12.49,33.02,31.97,30.84,18.885,16.99,17.26,
2011-09-19,33.015,10.192200061851075,12.46,32.71,31.67,30.58,18.85,16.895,17.005,
2011-09-20,32.81,10.159740825985306,12.43,33.01,31.44,30.64,18.75,17.14,16.805,
2011-09-21,31.445,9.656622670065907,12.245,32.12,30.14,30.01,18.145,16.825,16.045,
2011-09-22,29.67,9.38071916520688,11.865,31.47,29.01,29.44,17.6,16.54,15.145,
2011-09-23,29.35,9.478096872804183,12.0,31.48,29.31,29.5,17.865,16.705,15.12,
2011-09-26,30.42,9.900066939059164,12.15,32.0,30.05,30.07,18.285,16.84,15.605,
2011-09-27,30.865,9.948755792857815,12.305,32.49,30.58,30.25,18.41,16.9,15.93,
2011-09-28,29.855,9.660680074549127,12.13,31.93,29.8,29.68,18.095,16.73,15.2255,
2011-09-29,30.14,9.932526174924933,12.105,32.14,30.23,29.97,17.945,17.0,15.24,
2011-09-30,29.255,9.58358938936793,11.8,31.73,29.22,29.66,17.43,16.81,14.6775,
2011-10-03,28.26,9.153504514146505,11.535,30.72,28.4,29.23,16.92,16.41,14.265,
2011-10-04,29.185,9.518670917636394,11.77,31.05,29.19,29.51,17.455,16.33,14.82,
2011-10-05,30.26,9.656622670065907,12.015,31.55,29.81,29.55,17.775,16.34,15.41,
2011-10-06,30.83,9.956870601824258,12.195,31.93,30.41,29.9,18.19,16.63,15.8,
2011-10-07,30.45,9.599819007300813,12.15,31.9,30.34,30.07,18.175,16.7,15.56,
2011-10-10,31.83,10.09482235425377,12.525,32.63,31.4,30.54,18.79,17.025,16.215,
2011-10-11,31.895,10.086707545287329,12.58,32.58,31.49,30.48,18.87,16.87,16.235,
2011-10-12,32.065,10.34232402773025,12.635,32.6,31.89,30.72,19.04,16.83,16.395,
2011-10-13,32.02,10.102937163220211,12.775,32.57,31.62,30.63,19.025,16.83,16.31,
2011-10-14,33.3,10.224659297716842,13.0,32.88,32.19,30.87,19.335,16.99,16.74,
2011-10-17,32.695,9.908181748025607,12.795,32.31,31.27,30.66,18.94,16.92,16.17,
2011-10-18,33.745,10.378840668079238,12.91,32.55,32.17,30.89,19.325,17.04,16.585,
2011-10-19,33.395,10.232774106683284,12.66,32.49,31.78,30.8,19.035,17.055,16.105,
2011-10-20,33.655,10.386955477045682,12.605,32.46,32.05,30.97,19.13,17.15,16.255,
2011-10-21,34.275,10.654744172938265,12.765,33.11,32.67,31.47,19.66,17.44,16.685,
2011-10-24,34.725,10.89007363296508,12.965,33.61,33.28,31.25,19.95,17.365,17.085,
2011-10-25,34.0,10.565481274307404,12.76,32.93,32.6,30.88,19.515,17.17,16.65,
2011-10-26,34.735,10.752121880535567,12.815,33.37,32.83,31.19,19.44,17.24,16.95,
2011-10-27,36.275,11.39319178888448,13.195,34.18,34.26,31.59,19.97,17.65,17.87,
2011-10-28,36.52,11.401306597850922,13.24,34.21,34.26,31.51,19.815,17.505,17.995,
2011-10-31,34.855,10.950934700213395,13.005,33.56,33.42,31.04,19.51,17.425,17.225,
2011-11-01,33.73,10.435644330844331,12.645,32.92,32.41,30.5,19.09,17.06,16.765,
2011-11-02,34.745,10.744007071569126,12.8,33.14,33.05,30.79,19.285,17.36,17.18,
2011-11-03,35.66,10.93064767779729,13.105,33.5,33.86,31.17,19.535,17.57,17.53,
2011-11-04,35.63,10.780523711918114,13.025,33.19,33.6,30.99,19.46,17.49,17.49,
2011-11-07,35.825,10.841384779166429,13.105,33.58,33.68,31.25,19.585,17.585,17.64,
2011-11-08,36.41,11.044255003327477,13.255,33.99,34.06,31.56,19.775,17.7,17.85,
2011-11-09,34.8,10.443759139810773,12.795,33.01,32.74,30.82,19.07,17.315,16.98,
2011-11-10,35.405,10.492447993609426,12.835,33.48,33.14,31.12,19.25,17.43,17.185,
2011-11-11,36.13,10.739949667085904,13.08,34.07,33.93,31.48,19.735,17.68,17.585,
2011-11-14,35.655,10.526530191268481,12.98,33.84,33.72,31.21,19.59,17.47,17.4,
2011-11-15,35.615,10.573596083273845,13.155,33.92,33.92,31.36,19.66,17.5,17.435,
2011-11-16,35.08,10.313922196347704,12.96,33.27,33.42,31.08,19.29,17.29,17.025,
2011-11-17,34.28,10.111051972186655,12.71,32.92,32.84,30.97,18.95,17.2,16.54,
2011-11-18,34.075,10.143511208052422,12.605,32.85,32.92,31.06,18.94,17.32,16.63,
2011-11-21,33.465,9.891952130092722,12.385,32.22,32.16,30.56,18.645,17.105,16.34,
2011-11-22,33.15,9.80268923146186,12.365,32.3,31.95,30.59,18.635,16.895,16.215,
2011-11-23,32.145,9.534900535569276,12.07,31.83,31.21,30.26,18.265,16.63,15.785,
2011-11-25,31.915,9.559244962468602,12.005,31.71,31.16,30.37,18.165,16.715,15.705,
2011-11-28,33.11,9.84326327629407,12.4,32.56,32.21,30.85,18.72,16.925,16.295,
2011-11-29,33.585,9.790517018012197,12.335,32.7,32.24,31.17,18.785,17.11,16.325,
2011-11-30,35.435,10.395070286012123,12.81,33.88,33.89,31.9,19.37,17.605,17.26,
2011-12-01,35.24,10.33826662324703,12.88,33.93,33.78,31.85,19.385,17.555,17.15,
2011-12-02,35.21,10.476218375676542,12.87,33.51,33.71,31.74,19.535,17.375,17.0,
2011-12-05,35.645,10.687203408804033,13.015,33.57,34.07,31.93,19.715,17.51,17.2,
2011-12-06,35.64,10.695318217770474,13.01,33.71,34.06,31.97,19.65,17.56,17.36,
2011-12-07,35.3,10.825155161233544,13.025,33.96,34.05,32.05,19.775,17.535,17.375,
2011-12-08,34.315,10.403185094978564,12.82,33.33,33.21,31.68,19.355,17.28,16.835,
2011-12-09,35.096,10.630399746038938,13.02,33.82,33.97,32.01,19.675,17.5,17.05,
2011-12-12,34.275,10.378840668079238,12.855,33.42,33.35,31.72,19.615,17.35,16.645,
2011-12-13,33.955,10.232774106683284,12.735,33.36,32.91,31.65,19.23,17.415,16.365,
2011-12-14,33.0,10.192200061851075,12.54,33.34,32.52,31.49,19.03,17.305,16.165,
2011-12-15,32.86,10.200314870817516,12.51,33.71,32.75,31.81,19.06,17.515,16.275,
2011-12-16,33.07,10.175970443918189,12.49,33.41,32.67,31.49,18.95,17.27,16.265,
2011-12-19,32.49,9.944698388374595,12.37,33.41,32.33,31.36,18.74,17.14,15.975,
2011-12-20,33.825,10.322037005314145,12.7175,34.11,33.435,32.01,19.255,17.505,16.605,
2011-12-21,34.2,10.378840668079238,12.51,34.33,33.45,32.35,19.32,17.765,16.63,
2011-12-22,34.6,10.59388310568995,12.655,34.575,33.765,32.34,19.375,17.785,16.7925,
2011-12-23,34.8,10.670973790871148,12.78,34.8,34.09,32.57,19.59,17.9,16.955,
2011-12-27,34.89,10.610112723622834,12.8,34.88,34.08,32.63,19.65,18.045,16.95,
2011-12-28,34.225,10.439701735327553,12.67,34.5,33.54,32.47,19.435,17.98,16.545,
2011-12-29,34.58,10.606055319139614,12.765,34.75,33.96,32.64,19.635,18.12,16.76,
2011-12-30,34.565,10.54925165637452,12.725,34.69,33.75,32.49,19.51,17.99,16.75,
2012-01-03,35.525,10.825155161233544,12.905,35.14,34.49,32.46,19.675,17.67,17.215,
2012-01-04,35.6,10.792695925367777,12.94,34.97,34.65,32.39,19.83,17.57,17.36,
2012-01-05,35.43,10.938762486763732,12.98,35.07,34.66,32.37,19.995,17.605,17.41,
2012-01-06,35.22,10.869786610548976,12.985,35.13,34.59,32.16,20.025,17.51,17.385,
2012-01-09,35.39,10.92659027331407,12.965,35.19,34.845,32.21,19.995,17.535,17.42,
2012-01-10,35.705,11.125403092991897,13.01,35.45,35.35,32.32,20.125,17.56,17.745,
2012-01-11,35.225,11.251182631971748,13.05,35.48,35.46,32.18,20.155,17.48,17.9175,
2012-01-12,34.895,11.295814081287178,13.115,35.59,35.77,32.17,20.215,17.455,18.17,
2012-01-13,34.72,11.210608587139538,13.04,35.43,35.495,32.14,20.19,17.445,18.05,
2012-01-17,34.9675,11.125403092991897,13.1,35.65,35.67,32.26,20.245,17.43,18.15,
2012-01-18,35.54,11.295814081287178,13.29,35.85,35.99,32.33,20.57,17.425,18.355,
2012-01-19,35.685,11.401306597850922,13.385,35.85,36.37,32.39,20.75,17.28,18.37,
2012-01-20,35.69,11.4743398785489,13.4,35.85,36.16,32.4,20.58,17.305,18.29,
2012-01-23,35.975,11.51491392338111,13.445,35.69,36.12,32.37,20.565,17.375,18.28,
2012-01-24,35.87,11.498684305448226,13.435,35.7,36.16,32.19,20.625,17.235,18.28,
2012-01-25,36.31,11.523028732347552,13.54,35.96,36.56,32.56,20.775,17.52,18.57,
2012-01-26,35.815,11.424839543853604,13.45,35.8,36.49,32.44,20.74,17.58,18.565,
2012-01-27,35.74,11.466225069582459,13.45,35.82,36.46,32.22,20.725,17.365,18.59,
2012-01-30,35.57,11.360732553018712,13.49,35.77,36.33,32.01,20.665,17.255,18.57,
2012-01-31,35.345,11.405364002334144,13.515,35.8,36.22,32.03,20.66,17.34,18.59,
2012-02-01,35.485,11.587947204079088,13.65,36.15,36.61,32.26,20.73,17.4,18.775,
2012-02-02,35.755,11.64475086684418,13.685,36.01,36.63,32.38,20.705,17.37,18.685,
2012-02-03,36.385,11.957171012052195,13.8575,36.22,37.26,32.48,21.13,17.415,18.94,
2012-02-06,36.82,11.900367349287102,13.865,36.02,37.17,32.46,21.085,17.34,18.835,
2012-02-07,37.01,11.896309944803882,13.9,36.15,37.13,32.49,21.185,17.465,18.815,
2012-02-08,36.885,11.985572843434742,13.985,36.15,37.21,32.5,21.235,17.485,18.835,
2012-02-09,36.89,11.936883989636092,14.12,35.96,37.31,32.68,21.27,17.435,18.855,
2012-02-10,36.52,11.819219259622683,14.015,35.81,36.97,32.61,21.155,17.4,18.525,
2012-02-13,36.81,11.928769180669649,14.105,36.08,37.42,32.75,21.325,17.38,18.575,
2012-02-14,36.875,11.815161855139461,14.13,36.23,37.29,32.83,21.3,17.385,18.335,
2012-02-15,36.815,11.742128574441484,14.055,36.16,36.8,32.82,21.205,17.35,18.35,
2012-02-16,37.295,11.924711776186427,14.26,36.36,37.14,33.03,21.295,17.535,18.675,
2012-02-17,37.435,12.001802461367625,14.26,36.24,37.28,33.06,21.48,17.525,18.685,
2012-02-21,37.69,11.989630247917964,14.32,35.98,37.41,32.87,21.405,17.46,18.795,
2012-02-22,37.775,11.835448877555567,14.27,35.98,37.37,32.78,21.35,17.48,18.765,
2012-02-23,37.965,11.944998798602533,14.325,36.01,37.49,32.95,21.455,17.465,18.785,
2012-02-24,38.115,11.904424753770323,14.41,36.19,37.48,33.06,21.43,17.54,18.775,
2012-02-27,37.995,11.993687652401183,14.435,36.26,37.51,33.06,21.555,17.535,18.78,
2012-02-28,37.87,12.026146888266952,14.54,36.4,37.46,33.17,21.675,17.45,18.84,
2012-02-29,37.44,11.9774580344683,14.4725,36.18,37.23,33.23,21.595,17.445,18.485,
2012-03-01,37.8,12.107294977931371,14.56,36.37,37.36,33.18,21.775,17.49,18.69,
2012-03-02,37.37,12.062663528615941,14.54,36.31,37.14,33.21,21.76,17.48,18.645,
2012-03-05,37.13,12.01803207930051,14.415,36.23,36.88,33.36,21.74,17.52,18.345,
2012-03-06,36.525,11.72184155202538,14.2725,35.76,36.05,33.08,21.4,17.45,17.97,
2012-03-07,36.83,11.871965517904556,14.38,35.92,36.42,33.13,21.645,17.46,18.015,
2012-03-08,37.13,11.985572843434742,14.525,36.32,36.94,33.36,21.865,17.515,18.315,
2012-03-09,37.095,12.082950551032045,14.59,36.47,37.02,33.47,21.99,17.585,18.32,
2012-03-12,36.89,12.050491315166278,14.61,36.47,37.01,33.59,21.93,17.785,18.22,
2012-03-13,37.335,12.513035426253468,14.9,36.99,37.78,33.84,22.27,17.845,18.52,
2012-03-14,36.975,12.529183896096688,14.955,36.98,37.69,33.74,22.24,17.58,18.4485,
2012-03-15,37.035,12.748364886280285,14.995,37.04,38.14,33.8,22.315,17.565,18.585,
2012-03-16,37.4,12.756479695246727,14.94,36.85,37.98,33.6,22.175,17.39,18.55,
2012-03-19,37.57,12.821479315067927,15.05,36.84,37.98,33.62,22.29,17.27,18.665,
2012-03-20,37.005,12.882259234226577,15.035,36.65,37.54,33.6,22.3275,17.29,18.56,
2012-03-21,36.565,12.825455571461482,15.03,36.635,37.52,33.65,22.355,17.255,18.56,
2012-03-22,35.74,12.655044583166204,14.995,36.51,37.1,33.68,22.3,17.295,18.26,
2012-03-23,36.13,12.764594504213168,14.9925,36.62,37.16,33.76,22.325,17.3,18.455,
2012-03-26,36.4,12.965192581863613,15.215,37.26,37.71,33.99,22.68,17.42,18.695,
2012-03-27,36.035,12.845742593877588,15.21,37.33,37.59,33.97,22.645,17.5025,18.655,
2012-03-28,35.585,12.878201829743356,15.155,37.25,37.23,33.89,22.45,17.36,18.395,
2012-03-29,35.585,12.748364886280285,15.125,37.33,37.25,33.875,22.445,17.4275,18.42,
2012-03-30,35.875,12.817340762495041,15.08,37.61,37.415,34.08,22.545,17.5225,18.485,
2012-04-02,36.225,12.918775874575566,15.24,37.74,37.66,34.35,22.605,17.61,18.745,
2012-04-03,35.91,12.845742593877588,15.23,37.72,37.39,34.16,22.56,17.6,18.605,
2012-04-04,35.45,12.642791221626876,15.05,37.515,37.12,34.05,22.35,17.575,18.345,
2012-04-05,35.25,12.60635572936755,15.085,37.51,36.97,34.05,22.505,17.445,18.24,
2012-04-09,34.805,12.415657718656165,14.98,37.04,36.37,33.74,22.3,17.35645,17.975,
2012-04-10,34.1215,12.147869022763581,14.7675,36.62,35.63,33.44,21.755,17.13,17.605,
2012-04-11,34.13,12.338567033474966,14.855,36.75,36.03,33.605,22.055,17.17,17.795,
2012-04-12,34.875,12.569839089018561,15.0375,36.95,36.8,33.635,22.335,17.2225,18.2825,
2012-04-13,34.35,12.277705966226653,14.805,36.58,36.33,33.63,22.275,17.165,18.065,
2012-04-16,34.12,12.366968864857514,14.65,36.59,36.43,33.77,22.195,17.3275,18.12,
2012-04-17,34.675,12.529265044186351,14.97,37.13,37.03,34.11,22.465,17.415,18.365,
2012-04-18,34.605,12.448116954521932,14.845,37.01,36.87,34.12,22.465,17.39,18.315,
2012-04-19,34.56,12.387255887273618,14.695,37.09,36.46,34.0,22.285,17.34,18.25,
2012-04-20,34.48,12.322337415542084,14.64,37.29,36.77,34.31,22.32,17.51,18.24,
2012-04-23,34.445,12.237131921394443,14.525,37.0,36.36,33.78,22.08,17.435,18.015,
2012-04-24,34.7,12.375083673823955,14.495,37.13,36.84,33.79,22.005,17.555,18.015,
2012-04-25,35.045,12.480576190387701,14.9025,37.52,36.91,34.01,22.375,17.645,18.395,
2012-04-26,35.415,12.586068706951446,15.02,37.51,37.13,34.32,22.655,17.745,18.375,
2012-04-27,35.4,12.594183515917887,15.015,37.53,37.36,34.27,22.935,17.805,18.465,
2012-04-30,35.62,12.52115023521991,14.91,37.51,37.01,34.18,22.805,17.83,18.335,
2012-05-01,36.13,12.650987178682982,14.96,37.65,37.12,34.27,22.955,17.92,18.445,
2012-05-02,35.54,12.549552066602457,14.97,37.58,37.13,34.3,23.08,17.815,18.355,
2012-05-03,34.95005,12.448116954521932,14.845,37.44,36.83,34.35,22.9,17.76,18.145,
2012-05-04,34.15,12.253361539327326,14.535,36.95,36.3,34.08,22.455,17.785,17.84,
2012-05-07,34.05,12.322337415542084,14.495,37.03,36.2,34.13,22.445,17.75,17.855,
2012-05-08,33.94,12.241189325877665,14.4425,37.04,36.11,34.05,22.175,17.78,17.76995,
2012-05-09,33.775,12.107294977931371,14.445,36.79,35.69,33.88,22.09,17.79,17.61,
2012-05-10,33.92,12.155983831730023,14.335,37.05,35.74,34.12,22.165,17.955,17.555,
2012-05-11,33.67,12.01803207930051,14.345,37.01,35.67,34.03,22.12,17.965,17.505,
2012-05-14,33.11,11.770530405824031,14.22,36.89,35.255,33.89,21.8075,17.945,17.2625,
2012-05-15,32.559,11.709669338575717,14.18,36.67,35.08,33.85,21.775,17.82,17.005,
2012-05-16,32.375,11.539258350280436,14.065,36.73,35.04,33.96,21.74,17.845,16.82,
2012-05-17,32.17,11.30392889025362,13.865,36.39,34.29,33.72,21.165,17.745,16.45,
2012-05-18,31.97,11.174903427687193,13.735,36.07,34.12,33.52,21.005,17.71,16.385,
2012-05-21,32.705,11.279584463354293,14.075,36.42,34.88,33.65,21.375,17.73,16.865,
2012-05-22,32.625,11.368847361985155,14.03,36.32,35.01,33.69,21.46,17.855,16.76,
2012-05-23,32.745,11.409421406817366,14.045,36.16,35.2,33.6,21.575,17.76,16.96,
2012-05-24,32.72,11.417536215783807,13.965,36.51,35.16,33.92,21.675,17.83,17.065,
2012-05-25,32.565,11.376962170951597,13.935,36.42,34.92,33.89,21.64,17.89,16.995,
2012-05-29,33.11,11.539258350280436,14.12,36.54,35.39,34.13,21.94,17.945,17.29,
2012-05-30,32.095,11.270252433042886,14.03,36.33,34.8,33.85,21.595,17.835,16.98,
2012-05-31,31.815,11.368847361985155,13.965,36.15,34.67,33.78,21.55,17.93,16.91,
2012-06-01,31.02,10.946877295730175,13.6,35.51,33.71,33.16,20.87,17.855,16.55,
2012-06-04,30.995,10.841384779166429,13.68,35.59,33.36,33.27,20.945,17.915,16.565,
2012-06-05,31.26,11.01991057642815,13.7625,35.79,33.455,33.23,21.0575,17.98,16.7225,
2012-06-06,32.225,11.340445530602608,14.0775,36.35,34.345,33.68,21.515,18.23,17.145,
2012-06-07,32.245,11.336388126119388,14.01,36.37,34.54,33.8,21.515,18.37,17.175,
2012-06-08,32.25,11.471905435858968,14.165,36.59,34.8,34.09,21.705,18.41,17.29,
2012-06-11,31.81,11.26335484542141,13.965,36.27,34.345,33.93,21.375,18.395,16.97,
2012-06-12,32.26,11.42970842923347,14.105,36.61,34.9,34.09,21.605,18.41505,17.285,
2012-06-13,31.85,11.39319178888448,14.02,36.57,34.55,34.045,21.29,18.42,17.02,
2012-06-14,32.35,11.527086136830773,14.09,37.12,34.82,34.51,21.575,18.545,17.16,
2012-06-15,32.81,11.63663605787774,14.185,37.06,34.955,34.33,21.71,18.465,17.265,
2012-06-18,32.515,11.571717586146203,14.29,37.31,35.04,34.42,21.865,18.535,17.355,
2012-06-19,32.985,11.76647300134081,14.4,37.65,35.51,34.39,22.065,18.495,17.685,
2012-06-20,32.855,11.790817428240135,14.425,37.55,35.32,34.21,22.04,18.315,17.585,
2012-06-21,31.51,11.527086136830773,14.0825,37.03,34.625,33.805,21.5575,18.125,17.01,
2012-06-22,31.72,11.63257865339452,14.24,37.415,34.75,33.91,21.655,18.13,17.1,
2012-06-25,31.01,11.39319178888448,13.95,36.96,34.105,33.7,21.32,18.095,16.885,
2012-06-26,31.345,11.449995451649574,14.005,37.07,34.17,33.78,21.585,18.12,16.9375,
2012-06-27,31.995,11.587947204079088,14.09,37.47,34.5,33.98,21.555,18.325,17.125,
2012-06-28,32.215,11.579832395112645,13.975,37.3,34.47,34.13,21.435,18.39,17.13,
2012-06-29,33.185,11.876022922387776,14.3625,38.005,35.67,34.77,21.89,18.495,17.645,
2012-07-02,33.2,11.949056203085753,14.445,38.125,35.36,34.965,21.955,18.61,17.555,
2012-07-03,33.995,12.01803207930051,14.56,38.12,35.73,35.13,21.935,18.565,17.805,
2012-07-05,33.55,11.839506282038787,14.56,37.88,35.69,35.0,21.99,18.455,17.78,
2012-07-06,33.145,11.742128574441484,14.345,37.63,35.21,34.96,21.885,18.415,17.575,
2012-07-09,32.995,11.7258989565086,14.315,37.83,35.19,34.92,21.765,18.355,17.465,
2012-07-10,32.48,11.63663605787774,14.155,37.65,34.62,34.96,21.635,18.385,17.205,
2012-07-11,32.92,11.734013765475042,14.09,37.62,34.34,34.91,21.51,18.48,17.15,
2012-07-12,32.81,11.612291630978413,13.95,37.71,34.21,34.94,21.46,18.505,17.065,
2012-07-13,33.385,11.93282658515287,14.135,38.13,34.87,35.33,21.81,18.67,17.37,
2012-07-16,33.495,11.912539562736765,14.12,38.2,34.63,35.15,21.67,18.66,17.305,
2012-07-17,33.915,11.9774580344683,14.175,38.69,34.78,35.3,21.885,18.7,17.525,
2012-07-18,34.21,11.920654371703206,14.42,38.75,35.43,35.31,22.0,18.76,17.63,
2012-07-19,34.315,11.843563686522009,14.545,38.75,35.595,35.26,22.145,18.795,17.82,
2012-07-20,34.395,11.665037889260287,14.3775,38.25,35.16,35.045,21.875,18.835,17.71,
2012-07-23,34.065,11.571717586146203,14.24,37.8,34.98,34.74,21.555,18.71,17.43,
2012-07-24,33.52,11.535200945797214,14.095,37.38,34.59,34.63,21.41,18.545,17.16,
2012-07-25,33.545,11.579832395112645,14.04,37.56,34.71,34.64,21.365,18.535,17.16,
2012-07-26,34.5,11.754300787891147,14.255,37.92,35.24,35.21,21.71,18.825,17.24,
2012-07-27,35.11,11.9774580344683,14.565,38.83,36.01,35.61,22.14,19.045,17.555,
2012-07-30,35.21,11.953113607568975,14.57,38.63,35.91,35.79,22.055,19.115,17.54,
2012-07-31,34.825,11.896309944803882,14.63,38.39,35.81,35.63,21.77,18.96,17.42,
2012-08-01,34.995,11.839506282038787,14.58,38.41,35.57,35.45,21.68,18.815,17.425,
2012-08-02,34.41,11.750243383407927,14.485,38.04,35.39,35.16,21.735,18.71,17.22,
2012-08-03,35.22,12.026146888266952,14.77,38.49,36.16,35.75,22.165,18.93,17.56,
2012-08-06,35.315,12.074835742065604,14.875,38.5,36.16,35.73,22.245,18.885,17.72,
2012-08-07,35.845,12.123524595864255,14.975,38.41,36.53,35.54,22.455,18.69,17.925,
2012-08-08,35.875,12.123524595864255,14.98,38.55,36.48,35.79,22.345,18.715,17.945,
2012-08-09,36.12,12.115409786897812,15.03,38.53,36.51,35.64,22.33,18.715,18.045,
2012-08-10,36.185,12.123524595864255,15.065,38.69,36.68,35.63,22.31,18.77,18.03,
2012-08-13,36.05,12.131639404830697,15.11,38.59,36.6,35.62,22.32,18.75,17.93,
2012-08-14,35.985,12.115409786897812,15.08,38.69,36.55,35.76,22.375,18.73,17.85,
2012-08-15,35.98,12.155983831730023,15.085,38.78,36.63,35.78,22.445,18.64,17.88,
2012-08-16,36.3,12.237131921394443,15.29,38.68,37.0,35.87,22.63,18.595,18.145,
2012-08-17,36.285,12.277705966226653,15.375,38.48,37.18,35.9,22.715,18.545,18.12,
2012-08-20,36.16,12.31016520209242,15.39,38.56,37.1,35.9,22.62,18.58,18.085,
2012-08-21,36.045,12.35073924692463,15.29,38.43,37.02,35.68,22.59,18.445,18.11,
2012-08-22,36.18,12.334509628991745,15.315,38.46,36.84,35.57,22.655,18.415,18.26,
2012-08-23,35.7775,12.212787494495117,15.19,38.41,36.54,35.29,22.5,18.225,17.955,
2012-08-24,35.99,12.277705966226653,15.285,38.74,36.71,35.6,22.685,18.31,17.92,
2012-08-27,36.005,12.26959115726021,15.3,38.78,36.6,35.65,22.65,18.35,17.815,
2012-08-28,36.03,12.253361539327326,15.265,38.72,36.46,35.67,22.695,18.315,17.775,
2012-08-29,35.79,12.277705966226653,15.295,38.85,36.45,35.59,22.805,18.285,17.815,
2012-08-30,35.41,12.212787494495117,15.125,38.72,36.14,35.45,22.68,18.195,17.655,
2012-08-31,35.765,12.302050393125977,15.245,38.84,36.36,35.46,22.775,18.175,17.825,
2012-09-04,35.49,12.302050393125977,15.245,38.92,35.98,35.67,22.72,18.2425,17.595,
2012-09-05,35.355,12.302050393125977,15.23,38.93,35.88,35.61,22.755,18.165,17.675,
2012-09-06,36.1,12.594183515917887,15.57,39.55,36.685,36.05,23.2625,18.37,18.1175,
2012-09-07,36.725,12.724020459380958,15.545,39.53,37.0,35.76,23.39,18.31,18.475,
2012-09-10,36.565,12.618527942817215,15.38,39.39,36.76,35.72,23.355,18.29,18.445,
2012-09-11,36.955,12.724020459380958,15.42,39.41,36.96,35.61,23.345,18.245,18.51,
2012-09-12,37.18,12.772709313179611,15.505,39.43,37.11,35.42,23.46,18.14,18.485,
2012-09-13,37.785,13.10541648080373,15.715,39.83,37.53,36.05,23.76,18.395,18.94,
2012-09-14,38.285,13.210908997367476,15.79,39.67,37.76,35.78,23.855,18.27,19.175,
2012-09-17,37.995,13.089186862870845,15.805,39.9,37.58,35.88,23.765,18.155,18.88,
2012-09-18,37.725,13.02426839113931,15.815,40.03,37.59,36.08,23.65,18.1,18.83,
2012-09-19,37.36,13.016153582172867,15.83,40.07,37.68,36.18,23.895,18.12,18.935,
2012-09-20,37.46435,12.94312030147489,15.8,40.24,37.32,36.38,23.865,18.195,18.905,
2012-09-21,37.3375,12.845742593877588,15.755,40.19,36.975,35.96,23.765,18.0125,18.7225,
2012-09-24,37.15,12.84979999836081,15.655,40.3,36.965,36.08,23.6975,18.185,18.6675,
2012-09-25,36.7425,12.655044583166204,15.435,40.2699,36.48,35.83,23.42,18.145,18.37,
2012-09-26,36.395,12.573896493501783,15.325,40.065,36.335,35.825,23.26,18.185,18.28,
2012-09-27,36.89,12.691561223515192,15.5225,40.295,36.68,35.95,23.495,18.1125,18.505,
2012-09-28,36.7175,12.650987178682982,15.4125,40.12,36.53,35.825,23.395,18.195,18.4,
2012-10-01,36.9,12.707790841448075,15.38,40.36,36.6991,36.06,23.38,18.11,18.46,
2012-10-02,36.965,12.7321352683474,15.4,40.54,36.64,36.09,23.335,18.205,18.36,
2012-10-03,36.51,12.845742593877588,15.48,40.88,36.83,36.2,23.52,18.295,18.275,
2012-10-04,36.8775,13.036440604588975,15.525,41.13,37.04,36.37,23.735,18.4,18.51,
2012-10-05,36.79,13.032383200105752,15.445,41.17,37.16,36.51,23.805,18.37,18.6,
2012-10-08,36.85,13.02426839113931,15.285,41.14,37.07,36.4,23.76,18.4,18.565,
2012-10-09,36.9,12.94312030147489,15.09,40.64,36.64,36.05,23.38,18.365,18.39,
2012-10-10,36.21,12.935005492508449,15.03,40.34,36.3,35.9,23.235,18.335,18.19,
2012-10-11,36.48,13.008038773206428,14.97,40.37,36.41,35.82,23.13,18.355,18.265,
2012-10-12,36.28,12.829512975944704,14.96,40.31,36.45,35.85,23.125,18.25,18.185,
2012-10-15,36.465,12.975579537340659,15.035,40.89,36.7,36.09,23.355,18.325,18.34,
2012-10-16,37.045,13.056727627005078,15.24,41.33,37.0879,36.18,23.565,18.395,18.78,
2012-10-17,37.51,13.223081210817138,15.16,41.33,37.315,36.335,23.7,18.6207,18.9325,
2012-10-18,37.505,13.251483042199684,14.9825,41.34,37.42,36.14,23.715,18.705,18.94,
2012-10-19,36.915,13.072957244937962,14.645,40.6,36.79,35.71,23.29,18.555,18.545,
2012-10-22,36.73,13.072957244937962,14.745,40.63,36.69,35.73,23.215,18.505,18.63,
2012-10-23,35.875,12.85385740284403,14.585,40.09,36.32,35.25,23.03,18.335,18.06875,
2012-10-24,35.6,12.85385740284403,14.5,40.16,36.09,35.25,22.94,18.2,18.06,
2012-10-25,35.935,12.886316638709799,14.47,40.48,36.29,35.47,22.885,18.29,18.02,
2012-10-26,35.98,12.821398166978263,14.495,40.32,36.32,35.35,22.96,18.29,18.055,
2012-10-31,35.97005,12.90197822001503,14.43525,40.0289,36.4894,35.39,23.03585,18.4476,18.0151,
2012-11-01,36.12335,13.060785031488297,14.67,40.36,37.1406,35.41,23.3,18.255,18.365,
2012-11-02,35.53,12.983775494396765,14.48,40.14,36.83,35.2,23.28555,18.13,18.035,
2012-11-05,35.8,12.959349919407776,14.56,40.16,37.03,35.14,23.345,17.835,18.16,
2012-11-06,36.375,13.10541648080373,14.625,40.2,37.43,35.4,23.47,17.845,18.35,
2012-11-07,35.425,12.667216796615865,14.26,39.53,36.55,34.9802,23.195,17.47,18.06,
2012-11-08,34.785,12.56026361443816,14.055,39.06,36.17,34.6,22.82,17.441,17.815,
2012-11-09,34.775,12.577953897985005,14.12,39.17,36.27,34.6,22.71,17.335,17.78,
2012-11-12,34.845,12.598240920401109,14.0975,39.37,36.37,34.6,22.73,17.19,17.78,
2012-11-13,34.6999,12.513035426253468,14.03,39.22,36.27,34.58,22.795,17.255,17.75,
2012-11-14,34.2775,12.289878179676315,13.8875,38.75,35.415,34.2,22.455,17.1325,17.4475,
2012-11-15,34.325,12.318280011058862,13.81,38.64,35.42,34.19,22.44,17.035,17.39,
2012-11-16,34.46,12.39942810072328,13.83,38.93,35.52,34.41,22.59065,17.18,17.43,
2012-11-19,35.25555,12.63370263558446,14.2075,39.34,36.185,34.97,23.075,17.195,17.9225,
2012-11-20,35.115,12.699676032481634,14.15,39.56,36.22,35.1,23.19,17.165,17.94,
2012-11-21,35.305,12.699676032481634,14.195,39.53,36.27,35.15,23.27,17.09,17.97,
2012-11-23,35.805,12.85385740284403,14.425,40.02,36.74,35.67,23.58,17.045,18.2,
2012-11-26,35.4549,12.805168549045378,14.4875,39.842,36.765,35.41,23.47,17.26,18.215,
2012-11-27,35.16,12.691561223515192,14.42435,39.6,36.69,35.38,23.375,17.305,18.1325,
2012-11-28,35.48,12.740250077313842,14.51,39.91,37.0,35.72,23.68,17.375,18.21,
2012-11-29,35.56,12.804762808597056,14.58,40.19,37.21,35.91,23.745,17.475,18.335,
2012-11-30,35.53,12.788938931112494,14.565,40.24,37.13,36.04,23.765,17.66,18.35,
2012-12-03,35.33515,12.740250077313842,14.545,40.1499,36.73,35.8995,23.64,17.55,18.01,
2012-12-04,35.20495,12.707790841448075,14.5175,40.235,36.87,35.825,23.54,17.46,18.0425,
2012-12-05,35.45,12.861972211810471,14.375,40.37,37.26,35.89,23.47,17.725,17.83,
2012-12-06,35.56495,12.902546256642681,14.4575,40.35,37.25,35.93,23.62,17.715,17.875,
2012-12-07,35.78,13.003981368723204,14.385,40.48,37.495,36.18,23.71,17.7275,18.025,
2012-12-10,35.74,12.975579537340659,14.42,40.65,37.68,36.14,23.575,17.735,18.14,
2012-12-11,35.95,13.040498009072195,14.615,41.08,37.76,36.16,23.65,17.775,18.285,
2012-12-12,36.08,13.097301671837288,14.59,41.02,37.82,36.08,23.68,17.745,18.24,
2012-12-13,35.745,13.032383200105752,14.485,40.67,37.7,36.02,23.525,17.675,18.19,
2012-12-14,35.61,12.9836943463071,14.345,40.51,37.62,35.96,23.425,17.605,18.325,
2012-12-17,35.935,13.251483042199684,14.52,40.83,37.97,36.04,23.845,17.875,18.51,
2012-12-18,36.595,13.44623845739429,14.735,41.15,38.46,36.03,24.125,18.0,18.73,
2012-12-19,36.34435,13.36509036772987,14.66,40.71,38.25,35.67,23.955,17.865,18.65,
2012-12-20,36.59,13.551730973958035,14.685,40.77,38.45,35.87,24.005,17.9203,18.83,
2012-12-21,36.035,13.308286704964777,14.475,40.21,37.93,35.17,23.64,17.655,18.5,
2012-12-24,35.76,13.283942278065453,14.435,40.05,37.82,35.06,23.66,17.58,18.595,
2012-12-26,35.6,13.27988487358223,14.355,39.91,37.69,34.76,23.415,17.43,18.71,
2012-12-27,35.535,13.2352534242668,14.34,39.85,37.63,34.82,23.445,17.4,18.645,
2012-12-28,34.915,13.129760907703055,14.18,39.46,37.22,34.45,23.255,17.225,18.41,
2012-12-31,35.71,13.300171895998337,14.425,39.8805,37.9,34.9,23.71955,17.46025,18.77,
2013-01-02,36.4975,13.685625321904327,14.905,40.665,38.81,35.8,24.215,17.78,19.24,
2013-01-03,36.49,13.673453108454666,14.81,40.72,38.83,35.71,24.275,17.78,19.1,
2013-01-04,36.895,13.835749287783505,14.75,40.9,39.12,35.81,24.36435,17.87,19.335,
2013-01-07,36.61,13.803290051917738,14.7306,41.03,38.95,35.57,24.305,17.695,19.295,
2013-01-08,36.49,13.762716007085528,14.675,41.04,38.65,35.47,24.2349,17.64,19.325,
2013-01-09,36.43,13.74242898466942,14.7,41.49,39.04,35.55,24.275,17.605,19.45,
2013-01-10,36.76,13.916897377447922,14.775,41.78,39.23,35.76,24.415,17.68,19.535,
2013-01-11,36.805,13.884438141582155,14.795,41.77,39.09,35.92,24.435,17.7,19.505,
2013-01-14,36.81,13.843864096749945,14.7,41.81,39.24,36.03,24.495,17.665,19.51,
2013-01-15,36.975,13.90066775951504,14.605,41.76,39.35,36.14,24.675,17.715,19.53,
2013-01-16,37.14,13.908782568481483,14.655,41.67,39.19,36.09,24.62,17.63,19.39,
2013-01-17,37.376,13.90066775951504,14.715,42.04,39.61,36.33,24.88,17.7,19.54,
2013-01-18,37.745,13.916897377447922,14.695,42.18,39.93,36.48,24.91,17.84,19.67,
2013-01-22,38.105,14.046734320910993,14.735,42.3,40.09,36.49,24.975,17.99,19.86,
2013-01-23,37.975,14.038619511944553,14.89,42.25,40.1,36.48,24.995,17.945,19.75,
2013-01-24,38.085,14.11165279264253,14.635,42.52,40.34,36.58,25.185,18.025,19.81,
2013-01-25,38.445,14.176571264374065,14.65,42.85,40.47,36.76,25.45,18.115,19.88,
2013-01-28,38.38,14.11976760160897,14.7,42.7,40.5,36.79,25.33,18.105,19.69,
2013-01-29,39.0,14.176571264374065,14.72,43.16,40.59,36.99,25.23,18.23,19.8,
2013-01-30,38.805,14.11165279264253,14.675,43.03,40.22,36.92,25.185,18.245,19.69,
2013-01-31,38.675,14.103537983676087,14.7,42.91,40.08,36.87,25.065,18.29,19.51,
2013-02-01,39.035,14.290178589904253,14.865,43.25,40.47,37.17,25.21,18.34,19.75,
2013-02-04,38.665,14.127882410575413,14.67,42.77,40.12,36.82,24.9,18.215,19.56,
2013-02-05,39.0,14.265834163004925,14.84,43.24,40.49,37.26,25.165,18.265,19.66,
2013-02-06,39.025,14.290178589904253,14.835,43.23,40.5,37.31,25.22,18.32,19.68,
2013-02-07,38.925,14.249604545072042,14.835,43.07,40.45,37.51,25.165,18.345,19.575,
2013-02-08,39.29,14.282063780937811,14.965,43.39,40.61,37.48,25.36,18.345,19.69,
2013-02-11,39.095,14.346982252669346,14.995,43.3,40.58,37.48,25.275,18.39,19.665,
2013-02-12,39.2,14.456532173716313,14.945,43.25,40.76,37.44,25.375,18.47,19.675,
2013-02-13,39.34,14.428130342333766,14.94,43.22,40.98,37.48,25.43,18.47,19.745,
2013-02-14,39.68,14.47519623433913,14.901,43.308,41.04,37.558,25.439,18.32,19.68,
2013-02-15,39.225,14.411900724400883,14.89,43.41,41.06,37.61,25.47,18.36,19.675,
2013-02-19,39.68,14.549852476830395,14.9875,43.68,41.36,37.99,25.565,18.52,19.59,
2013-02-20,38.85,14.330752634736463,14.785,43.395,40.82,37.92,25.175,18.485,19.04,
2013-02-21,38.58,14.217145309206275,14.665,43.2,40.52,38.04,24.965,18.405,18.865,
2013-02-22,38.985,14.395671106467997,14.845,43.39,40.84,38.26,25.105,18.59,19.115,
2013-02-25,37.965,14.006160276078786,14.635,42.91,40.0,37.74,24.715,18.425,18.675,
2013-02-26,38.34,14.079193556776763,14.721,43.02,40.24,37.83,24.96,18.48,18.875,
2013-02-27,38.925,14.298293398870696,14.845,43.49,41.0,38.11,25.34,18.65,19.21,
2013-02-28,38.845,14.273948971971368,14.815,43.45,40.97,38.09,25.465,18.715,19.245,
2013-03-01,38.895,14.314523016803578,14.84,43.78,40.9,38.22,25.525,18.75,19.255,
2013-03-04,38.81,14.436245151300207,14.885,44.02,40.82,38.51,25.75,18.94,19.28,
2013-03-05,39.06,14.557967285796838,15.09,44.4,41.4,38.64,26.01,19.04,19.41,
2013-03-06,39.105,14.655344993394138,15.08,44.49,41.4,38.55,25.99,19.03,19.58,
2013-03-07,39.305,14.760837509957886,15.115,44.46,41.43,38.55,26.035,18.945,19.635,
2013-03-08,39.495,14.801411554790093,15.145,44.54,41.82,38.62,26.31,18.985,19.795,
2013-03-11,39.515,14.91501888032028,15.18,44.77,41.96,38.66,26.375,19.03,19.905,
2013-03-12,39.56,14.833870790655864,15.125,44.97,41.72,38.62,26.3,18.98,19.92,
2013-03-13,39.47,14.87444483548807,15.115,44.98,41.92,38.72,26.445,19.065,19.87,
2013-03-14,40.01,14.971822543085375,15.2225,45.02,42.12,38.85,26.475,19.104,19.99,
2013-03-15,39.8,14.967765138602156,15.1,44.73,41.97,38.485,26.2955,19.065,19.925,
2013-03-18,39.48,14.82575598168942,15.105,44.44,41.71,38.37,26.095,18.96,19.785,
2013-03-19,39.045,14.74055048754178,15.085,44.47,41.67,38.69,25.91,19.01,19.7,
2013-03-20,39.265,14.841174118725661,15.16,44.84,41.72,39.06,26.21,19.15,19.85,
2013-03-21,39.065,14.663459802360583,14.9875,44.59,41.3,38.94,25.99,19.055,19.51,
2013-03-22,39.375,14.748665296508223,15.086,44.93,41.62,39.3,26.31,19.085,19.535,
2013-03-25,39.225,14.712148656159233,15.05,44.8,41.25,39.27,26.265,19.045,19.385,
2013-03-26,39.64,14.805468959273316,15.145,45.32,41.46,39.64,26.395,19.225,19.52,
2013-03-27,39.77,14.736493083058559,15.105,45.55,41.46,39.61,26.405,19.315,19.515,
2013-03-28,39.655,14.776255646994125,15.135,46.009,41.76,39.77,26.5,19.55,19.59,
2013-04-01,39.575,14.704033847192793,15.035,46.07,41.25,39.75,26.3,19.505,19.42,
2013-04-02,39.35,14.789239341340433,15.095,46.74,41.12,40.18,26.52,19.57,19.23,
2013-04-03,38.615,14.545795072347174,14.975,46.46,40.87,39.74,26.275,19.515,19.07,
2013-04-04,38.565,14.675632015810246,14.98,46.67,41.05,39.95,26.425,19.7,19.235,
2013-04-05,38.65,14.631000566494816,14.865,46.41,40.97,39.66,26.295,19.785,19.155,
2013-04-08,38.91,14.777067127890769,14.93,46.45,41.21,40.11,26.595,19.935,19.215,
2013-04-09,39.24,14.817641172722979,15.035,46.6,41.34,40.07,26.525,19.875,19.44,
2013-04-10,39.45,15.016453992400805,15.3,47.385,41.89,40.37,26.835,20.035,19.575,
2013-04-11,39.62,15.052970632749796,15.25,47.84,42.0,40.565,27.06,20.08,19.66,
2013-04-12,39.0,14.988052161018258,15.1825,47.93,41.76,40.71,27.205,20.165,19.37,
2013-04-15,37.41,14.671574611327022,14.935,47.06,40.49,40.06,26.49,19.875,18.655,
2013-04-16,37.87,14.898789262387398,15.12,47.74,41.04,40.81,26.87,20.115,18.995,
2013-04-17,37.04,14.618828353045151,14.81,47.52,40.36,40.46,26.595,20.0,18.715,
2013-04-18,37.355,14.468704387165975,14.655,46.94,40.18,40.38,26.305,20.065,18.66,
2013-04-19,37.28,14.671574611327022,14.675,47.6,40.38,41.01,26.62,20.365,18.88,
2013-04-22,37.68,14.687804229259909,14.7875,47.89,40.425,41.11,26.735,20.34,19.06,
2013-04-23,38.115,14.951535520669271,14.95,48.19,40.72,41.43,27.005,20.39,19.225,
2013-04-24,38.625,15.044855823783353,14.975,47.36,41.14,40.77,27.025,20.455,19.515,
2013-04-25,38.655,15.134118722414213,15.025,47.55,41.35,40.9,27.255,20.46,19.73,
2013-04-26,38.59,15.065142846199459,15.02,47.535,41.23,40.89,27.135,20.49,19.45,
2013-04-29,38.98,15.134118722414213,15.235,47.69,41.44,41.02,27.23,20.66,19.745,
2013-04-30,39.135,15.174692767246423,15.4,47.33,41.45,40.94,27.305,20.715,19.775,
2013-05-01,38.525,15.004281778951142,15.265,46.83,40.91,40.9,27.16,20.51,19.425,
2013-05-02,39.03,15.134118722414213,15.46,47.35,41.415,41.05,27.425,20.485,19.565,
2013-05-03,39.735,15.296414901743054,15.605,47.67,42.13,41.23,27.77,20.445,19.91,
2013-05-06,40.005,15.458711081071892,15.68,47.36,42.4,40.93,27.86,20.16,19.965,
2013-05-07,40.315,15.53985917073631,15.67,47.51,42.79,41.2401,28.095,20.355,20.155,
2013-05-08,40.38,15.665638709716161,15.795,47.65,43.06,41.29,28.115,20.175,20.33,
2013-05-09,40.345,15.556088788669197,15.75,47.71,43.06,41.0,28.165,19.87,20.305,
2013-05-10,40.135,15.62100726040073,15.795,48.18,43.19,41.16,28.385,19.915,20.285,
2013-05-13,40.13,15.66969611419938,15.755,48.58,43.02,41.23,28.39,19.81,20.14,
2013-05-14,40.7,15.937484810091966,15.805,49.07,43.55,41.72,28.68,19.945,20.39,
2013-05-15,40.585,16.08355137148792,15.855,49.33,43.73,42.135,28.835,20.135,20.5025,
2013-05-16,40.385,15.978058854924177,15.94,48.82,43.51,41.8768,28.5,19.97,20.41,
2013-05-17,41.06,16.189043888051664,16.1,49.1,44.17,41.94,28.775,20.16,20.63,
2013-05-20,41.64,16.221503123917433,16.1,48.76,44.3,41.51,28.69,20.06,20.65,
2013-05-21,41.555,16.26207716874964,16.05,49.29,44.36,41.55,28.82,20.1,20.625,
2013-05-22,41.075,16.09166618045436,15.875,49.29,43.97,41.48,28.545,19.76,20.345,
2013-05-23,41.095,15.994288472857061,15.87,49.27,43.85,41.31,28.485,19.625,20.355,
2013-05-24,40.855,16.010518090789944,15.845,49.12,43.71,41.7,28.4,19.415,20.285,
2013-05-28,41.285,16.17362575101543,15.92,49.62,43.94,41.77,28.675,19.19,20.47,
2013-05-29,41.195,16.17281427011878,15.88,48.84,43.69,40.97,28.38,18.905,20.405,
2013-05-30,41.1,16.36756968531339,15.98,49.19,43.95,40.81,28.38,18.955,20.47,
2013-05-31,40.25,16.09986213751047,15.83,48.11,43.53,40.05,28.06,18.84,20.15,
2013-06-03,40.64,16.116010607353687,15.91,48.37,43.74,40.49,28.185,18.88,20.25,
2013-06-04,40.32,15.969944045957734,15.84,48.07,43.5,40.5,28.085,18.815,20.225,
2013-06-05,39.85,15.710270159031591,15.685,47.37,42.71,40.01,27.62,18.65,19.775,
2013-06-06,40.15,15.929370001125523,15.72,48.06,42.98,40.18,27.91,18.87,19.905,
2013-06-07,40.655,16.20527350598455,15.865,48.5,43.79,40.68,28.42,18.985,20.09,
2013-06-10,40.54,16.213388314950993,15.9,48.57,43.66,40.68,28.335,18.98,20.185,
2013-06-11,39.925,15.945599619058408,15.735,48.37,43.26,40.58,28.055,18.855,19.905,
2013-06-12,39.68,15.775188630763129,15.63,47.88,42.96,40.38,27.745,18.67,19.805,
2013-06-13,40.345,16.07137915803826,15.8075,48.62,43.59,40.8,28.265,18.9725,20.17,
2013-06-14,39.955,15.864451529393989,15.69,48.54,43.3,40.7,28.175,19.0,20.025,
2013-06-17,40.53,16.018632899756383,15.835,48.65,43.64,41.06,28.33,19.06,20.195,
2013-06-18,40.76,16.12006801183691,15.96,49.06,44.155,41.21,28.62,19.19,20.285,
2013-06-19,40.385,15.9050255742262,15.775,48.28,43.48,40.39,28.295,18.75,20.13,
2013-06-20,39.205,15.560146193152416,15.425,47.04,42.49,39.17,27.555,18.22,19.61,
2013-06-21,39.085,15.511457339353763,15.255,47.285,42.3,39.43,27.5225,18.27,19.3925,
2013-06-24,38.505,15.235553834494738,15.07,46.89,41.59,39.265,27.27,18.255,19.085,
2013-06-25,39.0,15.519572148320206,15.195,47.13,42.055,39.33,27.515,18.495,19.2,
2013-06-26,39.24,15.677810923165824,15.285,47.81,42.47,39.74,27.86,18.73,19.29,
2013-06-27,39.315,15.880681147326873,15.36,47.98,42.89,39.92,28.1,18.77,19.28,
2013-06-28,39.15,15.779246035246349,15.2925,47.61,42.64,39.67,28.2,18.815,19.1725,
2013-07-01,39.43,15.831992293528222,15.375,47.74,43.07,39.96,28.395,18.58,19.285,
2013-07-02,39.515,15.848221911461106,15.4,47.64,42.61,40.01,28.445,18.575,19.225,
2013-07-03,39.49,15.799533057662453,15.49,47.57,42.63,39.93,28.575,18.5041,19.23,
2013-07-05,39.98,16.08355137148792,15.59,48.22,43.3,40.03,28.885,18.45,19.36,
2013-07-08,40.24,16.20121610150133,15.58,48.49,43.415,40.43,29.155,18.715,19.47,
2013-07-09,40.65,16.339167853930842,15.64,48.625,44.03,40.73,29.27,18.85,19.77,
2013-07-10,40.4,16.24584755081676,15.69,48.95,44.02,40.78,29.3,18.955,19.765,
2013-07-11,40.725,16.400028921179157,15.955,49.58,44.72,41.42,29.72,19.26,20.085,
2013-07-12,40.955,16.513636246709346,15.965,49.88,44.45,41.43,29.86,19.32,20.015,
2013-07-15,40.92,16.586669527407324,16.01,49.93,44.61,41.49,29.785,19.635,20.065,
2013-07-16,40.67,16.521751055675786,16.0225,49.64,44.37,41.34,29.625,19.5275,19.915,
2013-07-17,40.85,16.590726931890543,16.035,49.77,44.5,41.42,29.64,19.52,20.1,
2013-07-18,41.285,16.813884178467696,15.995,49.91,44.95,41.56,29.81,19.69,20.11,
2013-07-19,41.86,16.82199898743414,15.7225,50.57,45.41,41.8,29.785,19.695,20.24,
2013-07-22,41.725,16.935606312964325,15.77,50.82,45.44,41.71,29.765,19.675,20.26,
2013-07-23,41.795,16.870687841232787,15.7055,50.64,45.41,41.63,29.725,19.725,20.32,
2013-07-24,41.33,16.74896570673616,15.81,50.56,45.06,41.36,29.625,19.425,20.13,
2013-07-25,41.605,16.765195324669044,15.82,50.81,45.08,41.58,29.665,19.605,20.32,
2013-07-26,41.5,16.74896570673616,15.865,51.14,44.93,41.53,29.76,19.675,20.245,
2013-07-29,41.155,16.62724357223953,15.84,50.99,44.81,41.44,29.605,19.71,20.36,
2013-07-30,41.075,16.61912876327309,15.92,51.0,45.0,41.4,29.53,19.775,20.31,
2013-07-31,41.21,16.62724357223953,15.865,51.02,45.16,41.39,29.685,19.63,20.24,
2013-08-01,41.88,16.890974863648896,16.035,51.34,45.93,41.73,30.145,19.795,20.39,
2013-08-02,41.695,16.886917459165673,16.105,51.36,46.02,41.75,30.36,19.77,20.505,
2013-08-05,41.595,16.850400818816684,16.14,51.29,45.845,41.78,30.295,19.64,20.45,
2013-08-06,41.34,16.700276852937506,16.055,51.05,45.5,41.73,30.17,19.54,20.261,
2013-08-07,41.195,16.586669527407324,16.015,51.09,45.43,41.53,29.905,19.63,20.27,
2013-08-08,41.42,16.62724357223953,16.0675,51.09,45.64,41.75,30.105,19.705,20.57,
2013-08-09,41.295,16.570439909474437,15.985,50.91,45.49,41.57,30.04,19.57,20.69,
2013-08-12,41.12,16.505521437742903,16.09,50.7,45.55,41.45,30.0,19.465,20.66,
2013-08-13,41.195,16.586669527407324,16.2,50.89,45.75,41.48,30.0,19.36,20.735,
2013-08-14,41.005,16.521751055675786,16.185,50.49,45.43,41.19,29.67,19.235,20.69,
2013-08-15,40.78,16.278306786682528,15.925,49.64,44.92,40.53,29.15,18.99,20.54,
2013-08-16,40.615,16.24990495529998,15.9075,49.41,44.98,40.29,29.045,18.77,20.38,
2013-08-19,39.97,16.03486251768927,15.86,49.5,44.74,40.11,28.92,18.61,20.22,
2013-08-20,40.215,16.189043888051664,15.885,49.64,44.82,40.12,29.215,18.785,20.335,
2013-08-21,39.995,16.075436562521478,15.85,49.34,44.51,39.81,28.965,18.57,20.18,
2013-08-22,40.59,16.26207716874964,15.92,49.66,45.12,39.98,29.255,18.675,20.42,
2013-08-23,40.88,16.278306786682528,16.035,49.79,45.13,40.21,29.26,18.83,20.585,
2013-08-26,40.81,16.176871674602,15.96,49.86,45.03,39.74,29.2,18.69,20.585,
2013-08-27,40.555,15.783303439729568,15.68,49.05,44.12,39.528,28.725,18.68,20.2225,
2013-08-28,41.23,15.811705271112116,15.69,49.26,44.16,39.23,28.88,18.745,20.185,
2013-08-29,40.8,15.848221911461106,15.775,49.41,44.29,39.39,29.02,18.635,20.25,
2013-08-30,40.785,15.775188630763129,15.7,49.22,44.04,39.51,28.84,18.65,20.215,
2013-09-03,41.085,15.905837055122841,15.7155,49.54,44.32,39.48,29.045,18.435,20.336,
2013-09-04,41.3075,16.030805113206046,15.8675,50.11,44.775,39.725,29.35,18.435,20.525,
2013-09-05,41.445,16.06732175355504,15.875,50.18,44.88,39.67,29.36,18.36,20.56,
2013-09-06,41.44,16.06732175355504,15.885,50.2,44.86,39.77,29.325,18.49,20.535,
2013-09-09,41.9025,16.253962359783202,16.075,50.51,45.42,40.05,29.585,18.555,20.845,
2013-09-10,41.92,16.44466037049459,16.175,50.83,46.08,40.09,29.8725,18.7,21.0325,
2013-09-11,42.24,16.46494739291069,16.1,51.17,46.27,40.375,30.09,18.5175,21.16,
2013-09-12,41.99,16.347282662897282,16.1125,51.085,46.08,40.39,30.02,18.465,20.94,
2013-09-13,41.975,16.387856707729494,16.1275,51.21,46.21,40.72,30.105,18.605,21.08,
2013-09-16,41.965,16.570439909474437,16.105,51.67,46.81,41.09,30.24,18.655,21.315,
2013-09-17,42.155,16.651587999138858,16.185,51.7,47.01,41.23,30.415,18.765,21.255,
2013-09-18,42.665,16.79765456053481,16.3895,52.02,47.6,41.72,30.765,19.325,21.745,
2013-09-19,42.56,16.732736088803275,16.4025,51.85,47.76,41.53,30.755,19.2345,21.6675,
2013-09-20,42.02,16.574497313957657,16.2075,51.54,46.96,40.98,30.48,18.765,21.31,
2013-09-23,41.815,16.339167853930842,16.255,51.18,46.81,40.8,30.245,18.9925,21.15,
2013-09-24,41.855,16.23773274185032,16.185,50.92,46.98,40.61,30.325,18.9795,21.14,
2013-09-25,41.845,16.32699564048118,16.16,50.525,46.77,40.269,30.14,18.85,21.195,
2013-09-26,41.92,16.32699564048118,16.22,50.7,46.98,40.48,30.425,18.825,21.335,
2013-09-27,41.775,16.266134573232865,16.12,50.7,46.68,40.23,30.43,18.705,21.08,
2013-09-30,41.4545,16.15252724770268,16.02,50.59,46.405,39.8,30.315,18.6845,21.005,
2013-10-01,41.72,16.266134573232865,16.16,51.23,46.7,40.04,30.56,18.74,21.095,
2013-10-02,41.815,16.26207716874964,16.165,51.11,46.48,39.955,30.55,18.76,21.15,
2013-10-03,41.45,16.13954355335637,16.025,50.655,45.97,39.75,30.205,18.54,20.97,
2013-10-04,41.87,16.270191977716085,16.09,51.22,46.27,39.81,30.49,18.575,21.275,
2013-10-07,41.525,16.08355137148792,16.02,50.65,45.95,39.68,30.06,18.485,21.015,
2013-10-08,41.08,15.880681147326873,15.765,49.92,45.43,39.68,29.585,18.615,20.68,
2013-10-09,40.935,15.933427405608747,15.825,49.83,45.41,39.71,29.45,18.69,20.71,
2013-10-10,41.695,16.387856707729494,16.09,50.99,46.58,40.45,30.135,18.97,21.15,
2013-10-11,42.145,16.48198849174022,16.225,51.23,46.8,40.57,30.395,19.0575,21.275,
2013-10-14,42.43,16.562325100507994,16.28,51.6,46.98,40.74,30.52,18.955,21.35,
2013-10-15,42.275,16.44060296601137,16.18,51.27,46.51,40.37,30.23,18.69,21.22,
2013-10-16,42.91,16.785482347085146,16.335,52.32,46.819,40.97,30.605,18.86,21.435,
2013-10-17,43.0,16.93641779386097,16.34,52.76,47.175,41.43,30.83,19.165,21.7125,
2013-10-18,43.47,16.968877029726738,16.62,52.55,47.691,41.49,31.02,19.215,21.7795,
2013-10-21,43.275,16.935606312964325,16.71,52.28,47.81,41.4,31.1,19.175,21.775,
2013-10-22,43.515,16.968065548830094,16.705,52.77,48.13,41.92,31.31,19.42,22.09,
2013-10-23,42.8345,16.83011379640058,16.625,52.671,48.15,42.0,31.11,19.435,21.945,
2013-10-24,43.04,16.854458223299904,16.665,52.67,48.51,41.92,31.42,19.395,22.055,
2013-10-25,43.3,16.92749150399788,16.75,52.74,48.76,42.02,31.655,19.6,22.12,
2013-10-28,43.335,16.886917459165673,16.805,52.92,48.69,42.57,31.595,19.56,22.01,
2013-10-29,43.64,16.935606312964325,16.9125,53.27,48.83,42.94,31.78,19.5875,22.0545,
2013-10-30,43.345,16.866630436749567,16.88,52.98,48.61,42.57,31.625,19.46,21.92,
2013-10-31,43.195,16.688104639487847,16.825,52.77,48.62,42.345,31.705,19.39,21.885,
2013-11-01,43.04,16.73192460790663,16.83,53.115,48.97,42.51,31.78,19.53,21.835,
2013-11-04,43.575,16.740039416873074,16.895,53.16,49.15,42.55,31.89,19.5705,21.9225,
2013-11-05,43.18,16.651587999138858,16.85,52.98,49.1,42.63,31.89,19.43,21.83,
2013-11-06,43.3075,16.728678684320055,17.02,52.86,49.24,43.09,31.81,19.695,21.98,
2013-11-07,42.64,16.542038078091892,16.7975,52.39,48.72,42.46,31.15,19.51,21.69,
2013-11-08,43.275,16.92749150399788,16.95,53.16,49.38,42.67,31.645,19.475,22.0925,
2013-11-11,43.355,16.9315489084811,16.97,53.29,49.34,42.535,31.695,19.47,22.085,
2013-11-12,42.955,16.773310133635487,17.015,53.26,49.36,42.61,31.64,19.305,22.0145,
2013-11-13,43.33,16.91531929054822,17.16,53.56,49.649,42.97,32.14,19.4,22.135,
2013-11-14,43.59,17.065443256427397,17.1125,54.005,49.84,43.28,32.365,19.57,22.32,
2013-11-15,43.83,17.146591346091814,17.15,54.32,50.01,43.33,32.475,19.6825,22.4625,
2013-11-18,43.495,17.138476537125374,17.085,54.08,50.085,43.195,32.22,19.66,22.325,
2013-11-19,43.57,17.162820964024696,17.025,54.14,49.73,43.04,32.08,19.515,22.255,
2013-11-20,43.465,17.110074705742825,16.97,54.3,49.51,42.86,31.915,19.3,22.075,
2013-11-21,43.88,17.35676489832266,17.115,54.521,49.91,42.935,32.245,19.345,22.255,
2013-11-22,44.115,17.438724468883724,17.08,55.25,50.35,43.16,32.425,19.33,22.37,
2013-11-25,43.715,17.46306889578305,17.08,55.47,50.24,43.09,32.455,19.255,22.23,
2013-11-26,43.605,17.446839277850167,17.14,55.31,50.34,43.05,32.645,19.065,22.175,
2013-11-27,43.31,17.49552813164882,17.275,55.29,50.54,43.08,32.77,19.025,22.19,
2013-11-29,43.22,17.430609659917284,17.345,55.26,50.4,43.01,32.8,19.015,22.17,
2013-12-02,43.25,17.42249485095084,17.29,55.28,50.19,42.78,32.645,18.935,22.115,
2013-12-03,43.355,17.243969053689117,17.33,54.8,49.76,42.99,32.335,19.03,21.855,
2013-12-04,43.215,17.28454309852133,17.345,54.61,49.56,42.89,32.26,19.115,21.96,
2013-12-05,43.07,17.12224691919249,17.29,54.51,49.58,42.5,32.295,18.96,21.835,
2013-12-06,43.205,17.357576379219307,17.41,55.22,50.34,43.08,32.565,19.22,22.135,
2013-12-09,43.265,17.430609659917284,17.465,55.33,50.47,43.23,32.54,19.105,22.25,
2013-12-10,43.135,17.365691188185746,17.43,55.11,50.36,42.86,32.56,18.915,22.315,
2013-12-11,42.525,17.13036172815893,17.27,54.16,49.57,42.93,32.26,18.76,21.935,
2013-12-12,42.705,17.13036172815893,17.155,53.77,49.62,42.34,32.16,18.785,21.89,
2013-12-13,42.565,17.146591346091814,17.1,53.81,49.77,42.27,32.24,18.755,21.995,
2013-12-16,42.935,17.25208386265556,17.27,53.91,50.24,42.26,32.45,18.855,22.085,
2013-12-17,42.68995,17.138476537125374,17.265,53.65,50.22,42.06,32.365,18.82,22.23,
2013-12-18,43.335,17.536102176481027,17.4,54.98,51.06,42.76,32.845,19.07,22.5,
2013-12-19,43.46,17.5117577495817,17.43,54.86,51.11,42.68,32.825,18.93,22.535,
2013-12-20,43.335,17.532044771997807,17.48,54.91,51.26,42.55,32.83,18.915,22.465,
2013-12-23,43.38,17.617250266145447,17.71,55.12,51.46,42.51,32.975,18.84,22.575,
2013-12-24,43.62,17.649709502011216,17.76,55.02,51.7,42.57,33.045,18.915,22.82,
2013-12-26,43.93,17.690283546843425,17.805,55.43,52.06,42.74,33.29,18.83,22.945,
2013-12-27,44.145,17.68216873787698,17.79,55.38,52.0,42.84,33.135,18.905,23.015,
2013-12-30,43.83,17.649709502011216,17.755,55.47,51.95,42.95,33.285,18.95,23.03,
2013-12-31,44.255,17.738972400642076,17.87,55.44,52.26,42.98,33.415,18.985,23.11,
2014-01-02,43.625,17.641594693044773,17.695,55.13,51.53,42.45,33.26,18.695,22.925,
2014-01-03,43.465,17.763316827541402,17.61,55.26,51.67,42.37,33.17,18.635,22.87,
2014-01-06,43.525,17.779546445474285,17.58,55.03,51.37,42.21,32.965,18.665,22.745,
2014-01-07,43.855,17.783603849957505,17.74,55.61,51.69,42.44,33.165,18.83,22.705,
2014-01-08,43.55,17.84446491720582,17.74,56.1,51.6,42.12,33.075,18.73,22.84,
2014-01-09,43.415,17.909383388937357,17.625,56.52,51.85,42.34,33.07,18.84,22.75,
2014-01-10,43.45,17.87692415307159,17.66,56.74,51.93,42.4,33.17,19.11,22.82,
2014-01-13,42.585,17.609135457179004,17.47,56.28,51.3,42.16,32.505,18.915,22.51,
2014-01-14,43.14,17.75520201857496,17.765,56.99,51.84,42.38,32.785,18.94,22.825,
2014-01-15,43.015,17.966187051702452,17.98,56.94,52.21,42.39,32.865,18.905,22.965,
2014-01-16,43.075,17.852579726172262,17.975,57.08,52.08,42.4,32.69,19.035,23.02,
2014-01-17,43.005,17.79577606340717,17.875,57.02,51.82,42.07,32.545,19.03,22.965,
2014-01-21,43.36,17.812005681340054,17.965,57.35,51.87,42.23,32.515,19.24,23.105,
2014-01-22,43.56,17.820120490306497,17.945,57.4,52.03,42.23,32.6,19.26,22.88,
2014-01-23,43.065,17.527987367514587,17.91,57.0,51.41,41.86,32.37,19.205,22.54,
2014-01-24,42.16495,17.13036172815893,17.565,55.66,49.81,41.48,31.75,18.99,21.935,
2014-01-27,42.015,17.024869211595185,17.4,55.21,49.86,41.31,31.625,19.035,21.845,
2014-01-28,42.335,17.25208386265556,17.295,55.95,50.33,41.63,31.845,19.105,21.97,
2014-01-29,42.1,17.049213638494514,17.16,55.44,49.79,40.9,31.335,19.095,22.06,
2014-01-30,42.235,17.29265790748777,17.37,56.45,50.28,40.96,31.86,19.39,22.165,
2014-01-31,41.69,17.08978768332672,17.41,55.96,50.03,40.76,31.41,19.55,22.02,
2014-02-03,40.945,16.6597028081053,17.045,54.86,48.64,39.88,30.585,19.395,21.505,
2014-02-04,41.365,16.82199898743414,17.11,55.4,48.95,40.09,30.96,19.28,21.695,
2014-02-05,40.96,16.805769369501252,17.125,55.09,48.93,40.12,31.0,19.195,21.72,
2014-02-06,41.57,17.065443256427397,17.315,55.4,49.61,40.55,31.655,19.335,22.045,
2014-02-07,42.02,17.276428289554886,17.55,56.35,50.47,40.93,32.045,19.44,22.35,
2014-02-10,41.815,17.29265790748777,17.585,56.82,50.15,41.09,32.025,19.585,22.46,
2014-02-11,42.36,17.471183704749492,17.8,57.59,50.71,41.57,32.26,19.77,22.72,
2014-02-12,42.26,17.471183704749492,17.87,57.59,51.0,41.39,32.29,19.795,22.68,
2014-02-13,42.46,17.536102176481027,18.0,58.0,51.04,41.6,32.39,20.01,22.875,
2014-02-14,43.015,17.560446603380353,18.035,58.21,51.37,41.84,32.585,20.14,23.06,
2014-02-18,43.21,17.59290583924612,18.045,58.75,51.33,41.6,32.625,20.21,23.075,
2014-02-19,43.265,17.349461570252863,17.985,58.39,50.85,41.51,32.36,20.095,22.915,
2014-02-20,43.55,17.398150424051515,18.045,58.92,51.33,41.69,32.535,20.25,23.155,
2014-02-21,43.205,17.430609659917284,17.975,58.81,51.39,41.6,32.6,20.275,23.095,
2014-02-24,43.855,17.560446603380353,18.045,59.25,51.78,41.75,32.735,20.225,23.015,
2014-02-25,43.835,17.45495408681661,17.995,59.1,51.61,41.91,32.965,20.2,23.1,
2014-02-26,43.56,17.430609659917284,18.01,59.1,51.66,41.87,33.15,20.135,23.275,
2014-02-27,43.605,17.519872558548144,18.155,59.44,51.96,42.06,33.285,20.085,23.46,
2014-02-28,43.825,17.609135457179004,18.175,59.44,52.06,42.35,33.42,20.225,23.54,
2014-03-03,43.545,17.471183704749492,17.98,59.0,51.71,42.12,33.105,20.025,23.485,
2014-03-04,44.02,17.828235299272936,18.215,60.12,52.46,42.69,33.52,20.17,23.855,
2014-03-05,43.61,18.0148759055011,18.24,59.97,52.53,42.55,33.66,20.035,23.91,
2014-03-06,43.925,18.071679568266195,18.265,59.6,52.83,42.54,33.745,19.935,24.0,
2014-03-07,44.01,18.152827657930615,18.21,59.45,53.0,42.66,33.695,19.995,23.895,
2014-03-10,44.08,18.160942466897055,18.18,59.7,52.77,42.7,33.605,19.945,23.875,
2014-03-11,43.58,18.03922033240043,18.14,59.58,52.39,42.68,33.41,19.89,23.63,
2014-03-12,43.585,18.00676109653466,18.17,59.57,52.29,42.77,33.36,20.14,23.62,
2014-03-13,43.15,17.803890872373614,17.925,58.76,51.55,42.56,32.955,20.35,23.45,
2014-03-14,43.19,17.690283546843425,17.815,58.44,51.35,42.58,32.925,20.445,23.45,
2014-03-17,43.42,17.87692415307159,18.025,59.01,51.98,42.83,33.145,20.58,23.64,
2014-03-18,43.785,17.966187051702452,18.26,59.64,52.26,42.92,33.29,20.55,23.775,
2014-03-19,43.455,17.95807224273601,18.185,59.46,51.72,42.59,33.07,20.225,23.565,
2014-03-20,43.625,18.242090556561475,18.325,59.46,51.87,42.74,33.155,20.27,23.88,
2014-03-21,43.53,18.17717208482994,18.155,58.18,51.65,42.5,32.84,20.255,23.685,
2014-03-24,43.44,18.169057275863498,18.14,57.53,51.48,42.46,32.51,20.31,23.5,
2014-03-25,43.83,18.152827657930615,18.25,58.04,51.95,42.77,32.315,20.395,23.63,
2014-03-26,43.625,17.966187051702452,18.03,58.06,51.42,42.67,32.055,20.31,23.29,
2014-03-27,43.98,17.86880934410515,17.965,57.93,51.35,42.64,31.9,20.475,23.225,
2014-03-28,44.53,17.941842624803126,18.035,57.71,51.73,42.75,32.14,20.505,23.385,
2014-03-31,44.53,18.12848323103129,18.175,58.49,52.33,43.06,32.36,20.73,23.64,
2014-04-01,44.795,18.160942466897055,18.39,58.855,52.7,42.99,32.81,20.585,23.77,
2014-04-02,44.955,18.201516511729267,18.4,59.12,53.07,43.04,33.03,20.555,23.945,
2014-04-03,45.245,18.169057275863498,18.31,58.99,53.15,43.09,32.87,20.62,23.975,
2014-04-04,45.08,17.990531478601778,17.96,58.01,52.54,42.95,32.325,20.73,23.67,
2014-04-07,44.325,17.71462797374275,17.82,57.43,51.79,42.99,31.695,20.695,23.325,
2014-04-08,44.77,17.738972400642076,17.98,56.96,51.79,43.21,32.015,20.99,23.415,
2014-04-09,44.975,17.893153771004474,18.22,58.18,52.45,43.4,32.36,20.945,23.77,
2014-04-10,44.35,17.479298513715932,17.8,56.24,51.41,42.97,31.555,20.865,23.295,
2014-04-11,44.225,17.268313480588446,17.6,55.71,50.9,42.75,31.12,20.845,23.015,
2014-04-14,44.83,17.406265233017955,17.775,56.02,51.19,43.09,31.365,20.97,23.2,
2014-04-15,45.43,17.568561412346796,17.865,56.62,51.55,43.2,31.405,21.26,23.34,
2014-04-16,45.975,17.706513164776307,18.04,56.9,52.34,43.62,31.845,21.415,23.685,
2014-04-17,46.395,17.738972400642076,18.015,56.89,52.75,43.63,31.885,21.15,23.76,
2014-04-21,46.71,17.722742782709194,18.085,57.57,52.9,43.65,31.97,21.125,23.765,
2014-04-22,46.635,17.844546065295486,18.16,58.2,52.93,43.63,32.245,21.155,23.85,
2014-04-23,46.88,17.88503896203803,17.965,57.91,53.13,43.56,32.095,21.165,23.855,
2014-04-24,46.895,17.87692415307159,18.105,57.82,53.03,43.73,32.27,21.31,23.75,
2014-04-25,46.615,17.730857591675637,17.875,57.39,52.51,43.79,31.72,21.555,23.58,
2014-04-28,46.695,17.625365075111887,18.045,57.73,52.54,44.29,31.64,21.66,23.48,
2014-04-29,46.91,17.79577606340717,18.17,58.07,52.68,44.1,31.785,21.57,23.645,
2014-04-30,46.87,17.820120490306497,18.225,58.12,53.03,44.24,31.92,21.605,23.835,
2014-05-01,46.765,17.852579726172262,18.245,58.25,52.9,44.2,32.045,21.695,23.685,
2014-05-02,46.86,17.84446491720582,18.195,57.75,52.82,44.2,32.125,21.25,23.775,
2014-05-05,47.08,17.77143163650784,18.29,58.13,52.93,44.1,32.155,21.44,23.905,
2014-05-06,47.15,17.519872558548144,18.085,57.62,52.53,43.82,31.695,21.335,23.785,
2014-05-07,47.56,17.75520201857496,18.095,57.78,52.98,44.24,31.655,21.68,23.97,
2014-05-08,46.88,17.803890872373614,18.145,57.47,52.97,44.3,31.745,21.445,23.875,
2014-05-09,46.835,17.79577606340717,18.165,57.82,53.01,44.51,31.92,21.13,23.875,
2014-05-12,47.165,17.97430186066889,18.41,58.41,53.8,44.55,32.32,20.935,24.18,
2014-05-13,47.34,17.95807224273601,18.42,58.5,53.89,44.64,32.23,20.985,24.2,
2014-05-14,47.36,17.828235299272936,18.335,58.54,53.49,44.4,31.87,21.09,24.205,
2014-05-15,46.82,17.625365075111887,18.225,57.95,53.02,44.01,31.64,21.005,23.865,
2014-05-16,46.7,17.645652097527996,18.34,58.15,53.09,44.28,31.875,21.07,23.95,
2014-05-19,46.845,17.738972400642076,18.46,58.51,53.3,44.19,32.02,20.745,24.05,
2014-05-20,46.71,17.63347988407833,18.355,58.14,52.59,44.03,31.73,20.745,23.92,
2014-05-21,47.215,17.74708720960852,18.48,58.63,53.11,44.28,32.115,20.76,24.03,
2014-05-22,47.17,17.828235299272936,18.515,58.98,53.21,44.21,32.285,20.93,24.085,
2014-05-23,47.075,17.88503896203803,18.67,59.01,53.55,44.28,32.54,20.88,24.29,
2014-05-27,47.205,18.03922033240043,18.83,59.33,53.83,44.4,32.71,21.045,24.29,
2014-05-28,47.285,18.00676109653466,18.78,59.16,53.87,44.34,32.675,21.17,24.3,
2014-05-29,47.69,18.04733514136687,18.89,59.63,54.09,44.69,32.81,21.23,24.545,
2014-05-30,47.655,18.087909186199077,18.91,59.79,54.05,45.04,32.84,21.37,24.54,
2014-06-02,47.595,18.136598039997732,18.88,59.87,54.28,44.93,32.95,21.365,24.64,
2014-06-03,47.76,18.160942466897055,18.85,59.98,54.22,44.77,32.89,21.445,24.585,
2014-06-04,47.735,18.20963132069571,18.885,60.15,54.21,44.93,33.05,21.435,24.625,
2014-06-05,48.01,18.380042308990987,19.01,60.22,54.76,45.11,33.265,21.615,24.74,
2014-06-06,48.405,18.50176444348762,19.095,60.16,55.31,45.23,33.46,21.54,24.86,
2014-06-09,48.48,18.582912533152037,19.155,59.85,55.59,45.16,33.47,21.395,24.795,
2014-06-10,48.4,18.574797724185597,19.165,60.05,55.46,45.16,33.405,21.345,24.83,
2014-06-11,48.585,18.453075589688964,19.12,59.98,55.05,45.04,33.305,21.075,24.69,
2014-06-12,48.745,18.339468264158782,18.955,59.68,54.31,44.72,32.88,21.14,24.48,
2014-06-13,49.21,18.34758307312522,19.065,59.63,54.5,44.71,32.895,21.275,24.575,
2014-06-16,49.505,18.25832017449436,19.065,59.75,54.44,44.88,32.97,21.42,24.52,
2014-06-17,49.47,18.444960780722525,19.11,59.72,54.59,44.88,33.1,21.39,24.57,
2014-06-18,49.845,18.55045329728627,19.21,60.2,54.9,45.41,33.35,21.875,24.835,
2014-06-19,50.2,18.526108870386942,19.175,60.4,55.04,45.67,33.27,22.055,24.785,
2014-06-20,50.465,18.526108870386942,19.045,60.68,55.02,45.22,33.04,21.735,24.82,
2014-06-23,50.645,18.566682915219154,19.1,60.45,54.7,44.97,33.08,21.66,24.855,
2014-06-24,49.58,18.444960780722525,19.0,60.49,54.15,44.81,33.0,21.725,24.62,
2014-06-25,49.955,18.461190398655408,19.075,61.15,54.2,44.74,33.28,21.805,24.815,
2014-06-26,50.01,18.396271926923873,19.055,61.23,54.16,44.58,33.305,21.87,24.81,
2014-06-27,50.01,18.46930520762185,19.17,61.07,54.29,44.655,33.385,21.955,24.7325,
2014-06-30,50.05,18.453075589688964,19.175,60.83,54.06,44.62,33.37,22.13,24.82,
2014-07-01,50.08,18.566682915219154,19.37,61.6,54.39,44.72,33.725,21.91,24.88,
2014-07-02,50.005,18.55045329728627,19.39,62.07,54.3,44.84,33.775,21.485,24.91,
2014-07-03,50.195,18.696519858682223,19.475,62.32,54.75,45.09,34.035,21.25,25.07,
2014-07-07,49.81,18.615371769017806,19.495,61.85,54.36,45.16,33.825,21.35,24.86,
2014-07-08,49.73,18.453075589688964,19.32,61.27,53.99,45.07,33.495,21.495,24.795,
2014-07-09,50.06,18.50176444348762,19.415,61.53,54.08,45.27,33.9,21.435,24.88,
2014-07-10,49.58,18.380042308990987,19.36,61.49,53.76,45.2,33.585,21.58,24.77,
2014-07-11,49.2,18.41250154485676,19.46,61.62,54.07,45.26,33.695,21.415,24.815,
2014-07-14,49.625,18.526108870386942,19.6,61.82,54.38,45.42,33.79,21.17,24.8,
2014-07-15,49.41,18.655945813850014,19.565,61.29,54.41,45.02,33.675,21.28,24.75,
2014-07-16,50.16,18.62348657798425,19.745,61.09,54.64,45.03,33.76,21.35,24.92,
2014-07-17,49.35,18.380042308990987,19.49,60.42,53.79,44.75,33.44,21.155,24.815,
2014-07-18,49.49495,18.59102734211848,19.72495,61.4099,54.24,45.2,33.74995,21.37,24.97,
2014-07-21,49.57,18.542338488319828,19.7,61.16,54.21,44.99,33.595,21.35,24.9,
2014-07-22,49.925,18.599142151084923,19.865,61.69,54.41,44.91,33.735,21.305,24.935,
2014-07-23,50.245,18.63971619591713,19.9,62.19,54.19,44.85,33.71,21.325,25.04,
2014-07-24,50.29,18.68029024074934,19.885,62.06,53.93,44.97,33.785,21.39,25.01,
2014-07-25,49.92,18.574797724185597,19.86,61.83,53.79,44.79,33.41,21.22,25.055,
2014-07-28,49.8,18.582912533152037,19.895,61.89,53.52,44.56,33.475,21.515,25.12,
2014-07-29,49.675,18.485534825554737,19.855,61.94,52.85,44.36,33.38,21.315,24.94,
2014-07-30,49.38,18.566682915219154,19.875,62.19,52.9,43.89,33.565,20.955,24.81,
2014-07-31,48.315,18.185286893796384,19.5,60.91,51.83,43.1399,32.945,20.625,24.325,
2014-08-01,47.925,18.031105523433986,19.3945,60.96,51.78,43.47,32.825,20.705,24.345,
2014-08-04,48.73,18.17717208482994,19.5325,61.22,51.96,43.61,33.145,20.5925,24.635,
2014-08-05,47.665,17.990531478601778,19.35,60.63,51.65,43.42,32.915,20.345,24.38,
2014-08-06,47.805,18.063564759299755,19.29,60.6,51.39,43.79,32.845,20.085,24.56,
2014-08-07,47.505,17.982416669635334,19.21,59.82,51.44,43.43,32.675,20.315,24.345,
2014-08-08,48.3,18.160942466897055,19.335,60.53,52.17,43.87,33.18,20.72,24.6,
2014-08-11,48.305,18.17717208482994,19.43,60.5,52.38,44.18,33.33,20.645,24.575,
2014-08-12,47.95,18.21774612966215,19.42,60.45,52.26,44.15,33.245,20.63,24.6525,
2014-08-13,48.105,18.29889421932657,19.61,61.18,52.77,44.28,33.365,20.725,24.79,
2014-08-14,47.83,18.41250154485676,19.645,61.9,53.0,44.46,33.625,20.905,24.79,
2014-08-15,48.185,18.323238646225896,19.645,61.96,52.89,44.52,33.56,20.985,24.865,
2014-08-18,48.315,18.526108870386942,19.83,62.44,53.69,44.78,33.87,20.93,25.11,
2014-08-19,48.685,18.558568106252714,19.955,62.85,53.82,44.9,34.125,21.195,25.185,
2014-08-20,48.79,18.607256960051362,19.955,62.84,54.39,44.87,34.285,21.24,25.22,
2014-08-21,48.83,18.826356802145295,20.05,62.93,54.34,44.95,34.255,21.29,25.185,
2014-08-22,48.505,18.76143833041376,20.055,62.99,54.15,44.84,34.32,21.225,25.085,
2014-08-25,48.935,18.923734509742598,20.075,63.47,54.36,45.09,34.42,21.37,25.18,
2014-08-26,49.185,18.96430855457481,20.085,63.7,54.18,45.06,34.425,21.115,25.205,
2014-08-27,49.085,18.923734509742598,20.08,63.65,54.15,45.08,34.46,21.345,25.205,
2014-08-28,49.095,18.866930846977507,20.05,63.63,54.07,45.1,34.415,21.5,25.225,
2014-08-29,49.37,18.956193745608367,20.14,63.86,54.02,45.13,34.41,21.64,25.265,
2014-09-02,48.745,19.029227026306344,20.145,63.83,54.2,45.15,34.475,21.445,25.18,
2014-09-03,48.875,18.996767790440575,20.035,64.12,54.13,45.18,34.385,21.55,25.22,
2014-09-04,48.215,19.01299740837346,20.025,63.8,54.15,45.32,34.515,21.54,25.22,
2014-09-05,48.54,19.037341835272787,20.145,64.17,54.33,45.58,34.63,21.81,25.33,
2014-09-08,47.785,19.045456644239227,20.175,64.18,54.28,45.24,34.485,21.68,25.23,
2014-09-09,47.575,18.85070122904462,20.03,64.01,54.11,45.13,34.14,21.43,25.025,
2014-09-10,47.46,18.948078936641927,20.15,64.46,54.15,45.35,34.26,21.335,25.025,
2014-09-11,47.49,18.996767790440575,20.195,64.28,54.17,45.37,34.275,21.515,24.99,
2014-09-12,46.78,18.980538172507693,20.11,63.81,53.99,45.05,34.175,21.13,24.875,
2014-09-15,47.11,18.97242336354125,19.99,63.64,53.97,45.27,34.035,21.195,24.91,
2014-09-16,47.68,19.05357145320567,20.14,64.51,54.27,45.61,34.21,21.465,25.025,
2014-09-17,47.42,19.134719542870087,20.18,64.56,54.48,45.51,34.195,21.425,25.175,
2014-09-18,47.175,19.321360149098254,20.3,65.04,54.74,45.6,34.345,21.27,25.345,
2014-09-19,46.895,19.191523205635182,20.17,64.88,54.43,45.43,34.245,21.27,25.22,
2014-09-22,46.205,19.06168626217211,20.035,64.53,53.82,45.35,33.765,21.11,25.21,
2014-09-23,46.07,18.93184931870904,19.99,64.15,53.38,44.95,33.475,21.05,25.08,
2014-09-24,46.11,19.037341835272787,20.12,65.27,53.66,45.53,33.855,20.975,25.34,
2014-09-25,45.405,18.720864285581552,19.68,64.2,52.82,44.93,33.36,20.85,24.955,
2014-09-26,45.9905,18.899390082843272,19.895,64.4,53.31,45.1,33.705,20.88,25.2,
2014-09-29,45.885,18.834471611111738,19.89,64.26,53.23,45.09,33.53,21.015,25.095,
2014-09-30,45.31,18.802012375245972,19.95,63.91,53.15,45.11,33.345,21.045,24.795,
2014-10-01,44.385,18.574797724185597,19.64,63.24,52.15,44.825,32.9,21.165,24.21,
2014-10-02,44.155,18.62348657798425,19.63,63.11,52.09,44.91,33.05,21.135,24.15,
2014-10-03,44.085,18.891275273876833,19.79,64.41,52.8,45.44,33.475,21.27,24.22,
2014-10-06,44.135,18.834471611111738,19.795,64.11,52.64,45.46,33.295,21.27,24.215,
2014-10-07,43.56,18.51523502637191,19.485,63.09,51.36,45.19,32.8,21.24,23.79,
2014-10-08,43.985,18.866930846977507,19.855,64.7,52.28,45.85,33.315,21.72,24.1,
2014-10-09,42.37,18.46930520762185,19.525,63.36,51.07,45.39,32.56,21.365,23.51,
2014-10-10,41.775,18.323238646225896,19.025,62.97,50.32,45.61,32.275,21.465,23.15,
2014-10-13,40.485,18.160942466897055,18.815,61.48,49.54,44.98,31.62,21.445,22.555,
2014-10-14,39.975,18.233975747595032,18.845,61.02,50.23,44.96,31.85,21.64,22.625,
2014-10-15,40.28,17.88503896203803,18.715,60.52,50.11,44.42,31.585,21.355,22.78,
2014-10-16,41.0,17.88503896203803,18.605,60.21,50.48,44.09,31.62,21.375,23.005,
2014-10-17,41.35,18.112253613098407,18.825,61.17,51.48,44.63,31.97,21.5,23.31,
2014-10-20,41.71,18.21774612966215,18.96,61.91,51.63,45.27,32.415,21.8,23.665,
2014-10-21,42.98,18.558568106252714,19.33,63.55,52.78,45.46,33.045,21.875,24.175,
2014-10-22,42.165,18.38815711795743,19.24,63.23,52.09,45.56,32.76,22.01,23.98,
2014-10-23,42.95,18.566682915219154,19.455,64.31,53.24,45.53,33.205,22.05,23.96,
2014-10-24,42.8,18.745208712480878,19.625,65.21,53.71,45.91,33.175,22.265,24.14,
2014-10-27,41.9,18.7695531393802,19.645,65.28,53.69,46.02,33.24,22.215,23.635,
2014-10-28,42.855,18.97242336354125,19.915,65.76,54.64,46.2,33.6,22.37,23.87,
2014-10-29,42.995,19.021112217339905,19.895,65.79,54.45,46.12,33.5,22.24,23.575,
2014-10-30,42.84,19.126604733903648,19.96,67.0,54.67,46.41,33.72,22.73,23.755,
2014-10-31,43.71,19.34570457599758,20.27,67.27,55.21,46.71,34.05,22.735,24.2,
2014-11-03,43.02,19.418737856695557,20.355,67.35,55.14,46.89,34.05,22.885,24.03,
2014-11-04,42.135,19.426852665662,20.35,67.36,55.11,47.14,33.64,22.765,23.78,
2014-11-05,42.875,19.556689609125073,20.405,67.29,55.45,47.47,33.775,23.28,24.01,
2014-11-06,43.415,19.589148844990838,20.395,67.7,56.03,47.57,34.06,22.885,24.205,
2014-11-07,43.895,19.597263653957278,20.42,67.03,56.11,47.74,34.00335,23.125,24.32,
2014-11-10,43.5,19.702756170521027,20.475,67.71,56.39,47.95,33.985,23.24,24.385,
2014-11-11,43.63,19.63783769878949,20.485,67.96,56.32,47.86,34.13,23.155,24.505,
2014-11-12,43.245,19.597263653957278,20.55,67.86,56.4,47.86,34.29,22.75,24.565,
2014-11-13,42.67,19.589148844990838,20.66,67.81,56.24,48.03,34.505,22.565,24.57,
2014-11-14,43.105,19.5242303732593,20.805,67.25,56.31,47.76,34.64,22.47,24.645,
2014-11-17,42.88,19.5242303732593,20.765,67.58,56.23,48.08,34.6,22.765,24.64,
2014-11-18,42.915,19.589148844990838,20.835,68.67,56.65,48.26,34.665,22.83,24.935,
2014-11-19,43.14,19.54857480015863,20.7,68.29,56.48,48.46,34.81,22.81,24.9,
2014-11-20,43.68,19.54857480015863,20.805,68.0,56.63,48.25,34.96,22.76,25.03,
2014-11-21,44.25,19.645952507755933,20.835,68.32,57.18,48.45,35.045,22.85,25.335,
2014-11-24,43.91,19.775789451219005,20.945,68.67,57.33,48.42,35.37,22.66,25.22,
2014-11-25,43.195,19.75955983328612,20.955,68.76,57.5,48.46,35.48,22.66,25.13,
2014-11-26,42.65,19.783904260185444,21.145,69.18,57.39,48.68,35.475,22.76,25.15,
2014-11-28,39.91,19.800133878118327,21.245,69.61,56.91,49.3,35.905,23.0,24.58,
2014-12-01,40.05,19.658124721205596,21.0025,69.44,56.18,48.975,35.51,23.045,24.325,
2014-12-02,40.485,19.84476532743376,21.01,70.21,56.66,49.15,35.645,23.2,24.47,
2014-12-03,40.98,19.934028226064623,21.085,70.32,57.415,48.8,35.705,23.135,24.83,
2014-12-04,40.625,19.96243005744717,21.085,70.23,57.13,48.76,35.685,23.115,24.905,
2014-12-05,40.14,20.14095585470889,21.06,70.79,57.26,48.85,35.765,22.935,24.885,
2014-12-08,38.515,20.238333562306195,20.845,71.04,56.63,48.75,35.475,23.12,24.49,
2014-12-09,38.935,20.18964470850754,20.84,70.74,56.64,48.59,35.41,23.235,24.555,
2014-12-10,37.735,19.9299708215814,20.525,69.65,55.56,48.13,34.94,22.945,24.05,
2014-12-11,37.71,19.97865967538005,20.615,69.85,55.825,48.53,35.225,23.175,24.07,
2014-12-12,37.01,19.589148844990838,20.3075,68.78,54.82,47.91,35.0,22.955,23.4,
2014-12-15,36.68,19.410623047729118,20.185,68.15,54.64,47.59,34.7885,22.76,23.275,
2014-12-16,37.005,19.22398244150095,19.915,67.36,54.69,47.41,34.255,22.74,23.095,
2014-12-17,38.54,19.66137064479217,20.29,68.62,55.2,48.1,34.91,23.145,23.725,
2014-12-18,39.28,20.116611427809563,20.87,70.5,56.59,49.02,35.485,23.6,24.265,
2014-12-19,40.285,20.027348529178703,20.785,70.41,56.59,48.62,35.435,23.43,24.41,
2014-12-22,39.875,20.165300281608218,21.035,69.74,57.13,49.09,35.78,23.49,24.425,
2014-12-23,40.36,20.2789076071384,21.09,68.14,57.34,49.43,35.98,23.55,24.615,
2014-12-24,40.065,20.246448371272635,21.07,68.64,57.4,49.38,35.92,23.985,24.53,
2014-12-26,40.055,20.246448371272635,21.16,69.13,57.4,49.46,36.115,24.275,24.615,
2014-12-29,40.2,20.319481651970612,21.055,69.37,57.49,49.31,36.39,24.555,24.615,
2014-12-30,39.88,20.295137225071286,20.905,69.07,57.15,49.09,36.22,24.045,24.53,
2014-12-31,39.58,20.06792257401091,20.675,68.38,56.58,48.49,36.075,23.61,24.29,
2015-01-02,39.765,20.06792257401091,20.635,68.63,56.51,48.35,35.815,23.72,24.325,
2015-01-05,38.12,19.645952507755933,20.32,68.28,55.19,48.01,35.13,23.43,23.705,
2015-01-06,37.56,19.34570457599758,20.075,68.05,54.51,47.95,34.78,23.445,23.495,
2015-01-07,37.64,19.54857480015863,20.245,69.65,54.92,48.77,35.33,23.675,23.76,
2015-01-08,38.485,19.84070792295054,20.69,70.84,56.02,49.51,35.86,23.84,24.325,
2015-01-09,38.18,19.572919227057955,20.625,70.21,55.42,49.11,35.445,23.69,24.2,
2015-01-12,37.08,19.410623047729118,20.385,70.24,55.04,48.96,35.255,23.635,24.145,
2015-01-13,36.785,19.34570457599758,20.37,69.93,54.93,48.95,35.255,23.7,23.875,
2015-01-14,36.9,19.069801071138553,20.255,69.82,54.63,48.8,34.83,23.905,23.595,
2015-01-15,36.43,18.834471611111738,19.995,69.07,54.37,48.88,34.38,24.095,23.55,
2015-01-16,37.615,19.06168626217211,20.19,70.37,54.73,49.27,34.835,24.31,23.925,
2015-01-20,37.66,18.980538172507693,20.36,70.37,55.12,49.47,34.635,24.37,23.965,
2015-01-21,38.425,19.029227026306344,20.395,70.51,55.57,49.71,34.86,24.605,24.2,
2015-01-22,38.605,19.499885946359978,20.73,71.35,56.46,50.21,35.515,24.5,24.505,
2015-01-23,38.33,19.288900913232485,20.725,70.94,55.985,49.65,35.465,24.57,24.125,
2015-01-26,38.88,19.38627862082979,20.64,71.31,56.06,49.65,35.65,24.555,24.23,
2015-01-27,38.855,19.1752935877023,20.045,70.8,55.32,49.08,35.365,24.59,24.065,
2015-01-28,37.325,18.826356802145295,20.01,69.78,54.84,48.51,34.905,24.38,23.63,
2015-01-29,37.45,18.980538172507693,20.2,70.37,55.47,48.9,35.38,24.705,23.94,
2015-01-30,37.775,18.6721754317829,19.95,69.27,54.57,48.02,34.995,24.16,23.845,
2015-02-02,38.93,18.97242336354125,20.155,69.66,55.38,48.59,35.31,24.265,24.06,
2015-02-03,39.995,19.288900913232485,20.385,70.13,56.28,49.02,36.06,24.355,24.59,
2015-02-04,39.335,19.240212059433837,20.425,69.25,55.85,49.04,36.3,24.06,24.43,
2015-02-05,39.9,19.43496747462844,20.615,70.42,56.33,49.29,36.525,24.28,25.02,
2015-02-06,39.91,19.589148844990838,20.55,69.78,56.2,49.07,36.47,23.28,24.96,
2015-02-09,39.95,19.491771137393535,20.52,68.96,56.05,48.7,36.33,23.075,24.93,
2015-02-10,39.93,19.645952507755933,20.825,70.12,56.36,49.27,36.775,23.55,25.115,
2015-02-11,39.65,19.645952507755933,20.905,70.19,56.38,49.5,36.785,23.04,25.075,
2015-02-12,40.17,19.84070792295054,21.19,70.44,56.91,49.73,37.22,22.935,25.505,
2015-02-13,41.02,19.824478305017653,21.325,70.72,57.17,49.5,37.445,22.585,25.72,
2015-02-17,41.145,19.88939677674919,21.335,71.23,57.25,49.51,37.36,22.565,25.75,
2015-02-18,40.655,19.76767464225256,21.355,71.31,57.57,49.78,37.34,23.1,25.82,
2015-02-19,40.465,19.68652655258814,21.43,71.43,57.67,49.46,37.455,22.84,25.89,
2015-02-20,40.27,19.832593113984096,21.54,72.18,58.16,49.6,37.72,22.845,25.965,
2015-02-23,40.105,19.783904260185444,21.555,72.51,57.91,49.74,37.685,23.0,25.935,
2015-02-24,40.215,19.881281967782748,21.62,72.42,58.14,49.91,37.865,23.17,26.045,
2015-02-25,40.435,19.881281967782748,21.485,72.39,58.02,49.74,38.155,22.79,25.97,
2015-02-26,39.685,19.832593113984096,21.62,72.59,57.76,49.81,38.035,22.64,25.805,
2015-02-27,39.51,19.75955983328612,21.545,72.24,57.49,50.01,37.985,22.615,25.745,
2015-03-02,39.235,19.905626394682074,21.715,72.89,58.02,50.1,38.44,22.18,25.915,
2015-03-03,39.38,19.848822731916982,21.57,72.23,57.65,49.91,38.335,22.315,25.775,
2015-03-04,39.325,19.72710059742035,21.485,72.58,57.2,49.56,38.135,22.19,25.685,
2015-03-05,39.09,19.80824868708477,21.46,72.84,57.24,49.73,38.16,22.365,25.575,
2015-03-06,38.39,19.662182125688815,21.195,71.41,56.46,48.76,37.705,21.695,25.23,
2015-03-09,38.115,19.751445024319676,21.295,71.85,56.99,49.03,37.92,21.735,25.265,
2015-03-10,37.585,19.329474958064697,20.86,71.05,55.94,48.33,37.33,21.695,24.88,
2015-03-11,37.695,19.451197092561323,20.725,71.01,55.88,47.96,37.125,21.555,24.85,
2015-03-12,37.455,19.873167158816305,20.86,71.95,56.6,48.66,37.88,21.965,25.16,
2015-03-13,37.315,19.735215406386793,20.745,71.81,56.08,48.28,37.58,21.74,24.92,
2015-03-16,37.82,19.97865967538005,20.99,73.4,57.01,48.87,38.02,22.115,24.88,
2015-03-17,37.675,19.9299708215814,20.995,73.19,56.78,48.52,37.81,22.08,24.605,
2015-03-18,38.77,20.043578147111585,21.28,74.14,57.45,48.85,38.145,22.675,24.98,
2015-03-19,38.155,19.856937540883422,21.22,74.57,57.06,48.63,38.09,22.465,24.55,
2015-03-20,38.455,20.05169295607803,21.27,74.9,57.12,48.94,38.385,22.49,24.615,
2015-03-23,38.32,19.938085630547842,21.27,74.69,56.64,49.02,38.32,22.505,24.615,
2015-03-24,38.065,19.775789451219005,21.2,74.04,56.45,48.74,38.12,22.255,24.535,
2015-03-25,38.56,19.459311901527766,20.655,72.69,55.49,48.62,37.5,21.995,24.26,
2015-03-26,38.515,19.443082283594883,20.67,72.52,55.34,48.41,37.265,21.81,24.315,
2015-03-27,38.2,19.418737856695557,20.685,73.04,55.55,48.71,37.455,21.94,24.305,
2015-03-30,39.02,19.702756170521027,20.935,73.78,56.33,49.2,37.84,22.21,24.635,
2015-03-31,38.79,19.564804418091512,20.72,72.5,55.77,48.74,37.675,22.215,24.39,
2015-04-01,38.78,19.54857480015863,20.69,71.77,55.4,48.8,37.51,22.235,24.46,
2015-04-02,38.86,19.645952507755933,20.685,71.99,55.43,49.13,37.845,22.275,24.485,
2015-04-06,39.56,19.678411743621698,20.885,72.1,55.85,49.52,38.025,22.585,24.68,
2015-04-07,39.585,19.572919227057955,20.84,72.27,55.72,49.29,37.815,22.325,24.64,
2015-04-08,39.265,19.645952507755933,20.905,72.88,55.91,49.37,38.17,22.26,24.71,
2015-04-09,39.895,19.67435433913848,20.96,73.43,56.18,49.51,38.205,22.165,24.78,
2015-04-10,40.07,19.670296934655255,21.04,74.06,56.97,49.6,38.335,22.33,24.85,
2015-04-13,39.67,19.743330215353232,20.98,73.66,56.43,49.37,38.125,22.11,24.75,
2015-04-14,40.385,19.743330215353232,20.915,73.78,56.5,49.48,38.105,22.22,24.855,
2015-04-15,41.35,19.816363496051213,21.1,73.97,56.6,49.34,38.105,22.275,25.095,
2015-04-16,41.255,19.84476532743376,21.025,73.93,56.48,49.52,38.18,22.13,25.04,
2015-04-17,40.955,19.581034036024395,20.735,73.29,55.8,49.06,37.615,22.05,24.81,
2015-04-20,41.11,19.662182125688815,21.09,73.74,56.45,49.23,38.03,22.38,24.99,
2015-04-21,40.675,19.564804418091512,21.08,74.23,56.38,49.32,38.07,22.18,24.805,
2015-04-22,40.945,19.702756170521027,21.295,74.35,56.62,49.35,38.105,22.225,24.855,
2015-04-23,41.225,19.735215406386793,21.38,74.63,56.56,49.18,38.295,22.35,24.92,
2015-04-24,40.99,19.702756170521027,21.565,74.39,56.32,49.19,38.815,22.575,25.13,
2015-04-27,40.945,19.62972288982305,21.625,73.04,56.3,48.92,38.475,22.305,25.35,
2015-04-28,41.15,19.743330215353232,21.695,73.4,56.4,48.97,38.34,22.465,25.385,
2015-04-29,41.47,19.735215406386793,21.59,72.73,56.12,48.53,38.08,22.37,25.37,
2015-04-30,41.34,19.581034036024395,21.29,71.709,55.63,48.37,37.655,22.11,25.21,
2015-05-01,41.435,19.751445024319676,21.55,72.68,56.33,48.81,38.175,22.235,25.625,
2015-05-04,41.33,19.946200439514282,21.57,73.14,56.42,48.88,38.255,22.4,25.555,
2015-05-05,40.81975,19.76767464225256,21.235,72.22,55.66,48.49,37.855,21.9,25.265,
2015-05-06,40.66,19.670296934655255,21.055,71.94,55.63,48.64,37.7,21.78,25.27,
2015-05-07,40.22,19.80824868708477,21.21,72.28,55.92,48.76,37.895,21.86,25.38,
2015-05-08,40.88,20.09226700091024,21.515,73.45,56.58,49.17,38.3,22.015,25.785,
2015-05-11,40.11,20.019233720212263,21.405,73.49,56.53,48.97,38.13,21.865,25.665,
2015-05-12,40.295,19.946200439514282,21.29,73.02,56.47,48.86,38.06,21.84,25.395,
2015-05-13,40.19,19.954315248480725,21.38,73.1,56.59,48.84,37.82,21.625,25.365,
2015-05-14,40.175,20.132841045742445,21.725,74.11,57.16,49.59,37.99,21.875,25.63,
2015-05-15,40.335,20.043578147111585,21.655,74.26,57.11,49.75,38.295,22.16,25.755,
2015-05-18,40.37,20.157185472641775,21.76,74.7,57.22,49.59,38.44,22.245,25.64,
2015-05-19,39.795,20.27079279817196,21.705,75.05,57.06,49.46,38.43,22.295,25.515,
2015-05-20,39.87,20.213989135406866,21.72,75.15,56.85,49.35,38.385,22.33,25.5,
2015-05-21,40.245,20.165300281608218,21.815,75.16,57.16,49.46,38.535,22.32,25.59,
2015-05-22,40.1,20.173415090574657,21.8,74.98,56.9,49.25,38.47,22.285,25.56,
2015-05-26,39.465,19.946200439514282,21.485,74.22,56.28,48.86,38.195,22.145,25.24,
2015-05-27,39.395,20.165300281608218,21.89,75.08,56.64,49.17,38.48,22.235,25.405,
2015-05-28,39.24,20.14095585470889,21.845,75.13,56.37,49.1,38.415,22.285,25.47,
2015-05-29,39.195,19.96243005744717,21.685,74.94,55.81,48.79,38.15,22.25,25.305,
2015-06-01,39.095,19.97865967538005,21.745,75.24,56.06,48.79,38.26,22.28,25.315,
2015-06-02,39.365,20.01111891124582,21.7,74.75,56.17,48.66,38.345,21.985,25.395,
2015-06-03,39.095,20.1815298995411,21.745,74.89,56.45,48.63,38.645,21.66,25.42,
2015-06-04,38.565,20.003004102279377,21.545,74.37,55.82,48.28,38.37,21.63,25.12,
2015-06-05,38.835,20.116611427809563,21.475,74.34,55.86,47.59,38.26,21.36,25.005,
2015-06-08,38.615,19.994889293312937,21.235,73.97,55.45,47.57,37.99,21.235,24.915,
2015-06-09,38.61,20.043578147111585,21.185,73.95,55.44,47.8,37.95,21.185,24.93,
2015-06-10,39.085,20.327596460937055,21.515,74.86,55.99,48.27,38.34,21.29,25.19,
2015-06-11,38.91,20.408744550601472,21.525,75.37,56.31,48.25,38.47,21.46,25.25,
2015-06-12,38.475,20.319481651970612,21.335,74.44,55.98,48.06,38.295,21.27,25.1,
2015-06-15,38.385,20.230218753339752,21.205,74.53,55.51,47.71,38.115,21.235,24.945,
2015-06-16,38.685,20.343826078869938,21.345,74.9,55.56,48.23,38.345,21.335,25.075,
2015-06-17,38.59,20.319481651970612,21.355,74.97,55.71,48.49,38.52,21.515,25.18,
2015-06-18,38.565,20.506122258198776,21.545,76.03,56.27,49.03,38.985,21.8,25.39,
2015-06-19,37.955,20.076037382977354,21.27,75.71,55.72,48.66,38.725,21.395,25.105,
2015-06-22,38.42,20.38440012370215,21.445,76.3,56.06,48.85,38.94,21.365,25.2,
2015-06-23,38.545,20.42497416853436,21.46,76.45,55.92,48.64,39.095,21.075,25.13,
2015-06-24,38.305,20.254563180239078,21.36,75.68,55.4,48.42,38.825,20.91,24.81,
2015-06-25,37.915,20.132841045742445,21.31,76.1,54.97,48.33,38.795,20.77,24.79,
2015-06-26,38.04,20.197759517473983,21.13,75.99,55.07,48.43,38.95,20.895,24.695,
2015-06-29,37.32,19.710870979487467,20.68,74.13,54.03,47.68,38.07,20.785,24.12,
2015-06-30,37.58,19.783904260185444,20.7,74.39,54.06,47.6,38.24,20.73,24.195,
2015-07-01,37.1,20.084152191943797,20.84,75.19,54.33,48.21,38.675,20.855,24.33,
2015-07-02,37.265,19.994889293312937,20.87,74.84,54.23,48.17,38.6,21.115,24.255,
2015-07-06,36.775,19.913741203648517,20.785,74.81,54.02,48.13,38.525,21.2,24.055,
2015-07-07,37.11,19.954315248480725,20.815,75.17,54.46,49.12,38.86,21.725,23.975,
2015-07-08,36.36,19.60537846292372,20.475,73.88,53.48,48.57,38.12,21.61,23.45,
2015-07-09,36.545,19.75955983328612,20.395,74.28,53.61,48.61,38.28,21.37,23.52,
2015-07-10,36.745,19.994889293312937,20.72,75.28,54.17,49.18,38.835,21.485,23.85,
2015-07-13,37.005,20.238333562306195,21.035,75.92,54.77,49.64,39.395,21.495,24.11,
2015-07-14,37.27,20.287022416104843,21.115,76.68,54.92,49.72,39.445,21.465,24.245,
2015-07-15,36.615,20.457433404400128,21.12,76.78,54.69,49.59,39.405,21.57,24.055,
2015-07-16,36.665,20.660303628561174,21.39,77.14,54.94,50.1,39.645,21.89,23.995,
2015-07-17,36.22,20.603499965796082,21.72,76.97,54.92,50.07,39.575,21.675,23.83,
2015-07-20,35.74,20.62784439269541,21.835,77.22,54.93,50.16,39.595,21.565,23.63,
2015-07-21,35.755,20.603499965796082,21.69,76.88,54.34,50.04,39.47,21.37,23.485,
2015-07-22,35.465,20.757681336158477,21.34,77.05,54.1,50.15,39.66,21.465,23.385,
2015-07-23,35.435,20.579155538896753,21.295,76.77,53.6,49.96,39.425,21.145,23.045,
2015-07-24,34.755,20.38440012370215,21.18,74.85,52.9,49.68,39.425,21.165,22.54,
2015-07-27,34.255,20.238333562306195,20.99,74.78,52.64,49.65,39.13,21.435,22.29,
2015-07-28,35.235,20.319481651970612,21.18,76.13,53.66,50.21,39.435,21.535,22.755,
2015-07-29,35.715,20.522351876131662,21.32,76.26,54.32,50.38,39.84,21.615,22.92,
2015-07-30,35.465,20.522351876131662,21.36,76.15,54.27,50.21,39.985,21.775,23.035,
2015-07-31,34.69,20.457433404400128,21.29,76.59,54.22,50.31,40.11,21.995,22.975,
2015-08-03,33.96,20.433088977500798,21.175,76.53,53.96,50.38,39.975,22.11,22.795,
2015-08-04,33.845,20.400629741635033,21.05,76.49,53.93,50.38,40.145,21.755,22.895,
2015-08-05,33.59,20.48177783129945,21.255,77.13,54.23,50.82,39.71,21.81,23.01,
2015-08-06,34.125,20.408744550601472,21.045,75.45,53.95,50.44,39.17,21.925,22.93,
2015-08-07,33.515,20.449318595433684,21.06,75.32,53.69,50.16,39.14,22.195,22.61,
2015-08-10,34.585,20.64407401062829,21.39,75.93,54.74,50.35,39.455,22.105,23.165,
2015-08-11,34.65,20.457433404400128,21.07,75.29,54.07,50.17,39.1,22.215,22.735,
2015-08-12,35.28,20.27079279817196,21.165,75.34,54.08,50.2,38.93,22.61,22.82,
2015-08-13,34.745,20.343826078869938,21.105,75.17,54.04,50.0,39.155,22.615,22.755,
2015-08-14,34.67,20.489892640265893,21.21,75.38,54.38,50.16,39.18,22.785,22.86,
2015-08-17,34.745,20.530466685098105,21.33,76.14,54.65,50.21,39.555,22.895,22.99,
2015-08-18,34.615,20.51423706716522,21.22,76.03,54.55,49.96,39.59,22.84,22.84,
2015-08-19,33.66,20.327596460937055,21.08,75.72,54.04,49.5,39.52,22.935,22.56,
2015-08-20,32.9,19.89751158571563,20.565,73.96,52.92,49.05,38.41,22.8,22.135,
2015-08-21,31.75,19.183408396668742,19.78,71.7,51.46,47.71,37.18,22.525,21.595,
2015-08-24,30.045,18.380042308990987,19.07,68.65,49.57,46.05,35.695,21.685,20.69,
2015-08-25,29.61,18.120368422064846,18.85,67.96,48.98,45.7,35.55,21.015,20.365,
2015-08-26,30.63,18.802012375245972,19.8,70.83,50.51,47.05,36.9,21.39,20.915,
2015-08-27,32.145,19.26455648633316,20.26,72.21,51.73,47.74,37.765,21.64,21.675,
2015-08-28,32.875,19.1752935877023,20.3,71.8,51.75,47.64,37.78,21.575,21.8,
2015-08-31,33.215,19.01299740837346,20.115,70.49,51.29,47.31,37.49,21.23,21.68,
2015-09-01,32.045,18.396271926923873,19.47,68.64,49.93,46.34,36.54,20.655,21.02,
2015-09-02,32.34,18.647831004883574,19.94,70.05,51.04,46.97,37.31,20.67,21.32,
2015-09-03,32.43,18.753323521447317,19.955,69.55,51.07,47.29,37.325,20.765,21.45,
2015-09-04,31.895,18.380042308990987,19.65,68.68,50.36,46.52,36.925,20.48,21.025,
2015-09-08,32.395,18.85070122904462,20.2,70.6,51.75,47.49,37.78,20.915,21.55,
2015-09-09,31.785,18.59102734211848,19.935,69.51,51.2,46.71,37.375,20.655,21.385,
2015-09-10,31.97,18.68029024074934,20.135,70.18,51.23,46.79,37.48,20.62,21.435,
2015-09-11,31.685,18.76143833041376,20.23,70.63,51.51,47.1,37.76,20.775,21.405,
2015-09-14,31.41,18.720864285581552,20.18,70.41,51.25,46.95,37.56,20.825,21.15,
2015-09-15,31.76,18.988652981474132,20.44,71.42,52.14,47.51,37.955,20.935,21.305,
2015-09-16,32.66,19.110375115970765,20.525,71.62,52.52,48.05,38.385,21.145,21.61,
2015-09-17,32.64,18.842586420078177,20.385,72.27,52.29,48.05,38.485,21.435,21.51,
2015-09-18,31.55,18.38815711795743,20.03,70.91,50.86,47.19,37.73,21.115,20.94,
2015-09-21,31.73,18.599142151084923,20.23,69.97,51.11,47.54,38.06,21.2,21.01,
2015-09-22,31.395,18.363812691058104,19.89,69.54,50.37,47.02,37.555,20.935,20.62,
2015-09-23,30.99,18.371927500024547,19.94,69.47,50.02,47.1,37.455,20.99,20.18,
2015-09-24,31.125,18.242090556561475,19.94,68.76,49.71,47.18,37.355,21.16,20.125,
2015-09-25,31.185,18.50987925245406,19.905,66.88,49.81,47.48,37.35,21.365,20.1,
2015-09-28,29.94,18.079794377232638,19.45,64.29,48.83,46.78,36.275,21.26,19.475,
2015-09-29,29.895,18.112253613098407,19.365,64.88,49.15,46.76,36.155,21.265,19.55,
2015-09-30,30.6,18.38815711795743,19.75,66.23,49.89,47.19,37.13,21.645,19.96,
2015-10-01,30.66,18.396271926923873,19.76,66.9,49.78,47.19,37.405,21.39,20.185,
2015-10-02,31.925,18.4206163538232,20.04,68.29,50.41,47.84,37.94,21.675,20.68,
2015-10-05,32.89,18.810127184212412,20.435,68.47,51.84,48.66,38.5,21.955,21.22,
2015-10-06,33.62,18.720864285581552,20.46,66.86,51.79,48.33,38.215,21.805,21.495,
2015-10-07,34.045,18.866930846977507,20.555,67.93,52.47,48.77,38.345,21.73,21.78,
2015-10-08,34.695,18.980538172507693,20.65,68.13,53.2,49.35,38.815,22.0,22.085,30.21
2015-10-09,34.47,18.858816038011064,20.74,68.44,53.38,49.46,38.86,21.895,22.075,30.16
2015-10-12,34.025,18.87504565594395,20.765,68.62,53.39,49.59,39.045,22.09,21.885,30.3499
2015-10-13,33.67,18.72897909454799,20.72,67.76,52.82,49.29,38.835,22.04,21.8,30.16
2015-10-14,33.96,18.574797724185597,20.68,67.63,52.25,48.72,38.44,22.035,21.975,29.915
2015-10-15,34.57,18.996767790440575,20.945,69.14,52.82,49.16,38.94,22.36,22.035,30.07
2015-10-16,34.615,19.110375115970765,20.985,69.76,52.55,49.63,39.145,22.39,22.045,30.642
2015-10-19,33.93,19.094145498037882,21.065,70.01,52.62,49.85,39.33,22.405,21.89,30.9999
2015-10-20,34.025,19.207752823568068,21.01,68.91,52.97,49.82,39.28,22.48,21.925,31.03
2015-10-21,33.605,19.069801071138553,20.85,68.29,52.98,49.83,39.105,22.435,21.73,31.055
2015-10-22,34.21,19.378163811863345,21.32,67.88,54.46,50.82,39.62,22.695,22.325,31.4475
2015-10-23,34.13,19.589148844990838,21.915,69.33,54.66,50.74,39.815,22.295,22.51,31.07
2015-10-26,33.295,19.508000755326417,21.83,69.6,54.54,50.64,40.095,22.215,22.325,31.11
2015-10-27,32.895,19.39439342979623,21.705,70.88,53.94,50.71,39.905,22.135,22.23,31.1183
2015-10-28,33.625,19.848822731916982,22.03,71.47,54.37,50.42,40.285,21.9,22.565,31.005
2015-10-29,33.795,19.824478305017653,21.97,71.79,54.34,50.44,40.4,21.775,22.61,31.146
2015-10-30,34.015,19.540459991192186,21.825,71.34,54.27,49.88,40.485,21.875,22.64,30.95
2015-11-02,34.81,19.80824868708477,22.02,72.86,54.9,50.18,40.67,21.9,22.78,31.675
2015-11-03,35.7,19.84070792295054,22.135,72.6,54.94,49.94,40.825,21.965,22.87,31.35
2015-11-04,35.38,19.783904260185444,22.16,72.28,54.79,49.73,40.56,22.08,22.72,31.22
2015-11-05,35.08,19.865052349849865,22.095,72.05,54.86,49.72,40.705,21.89,22.605,31.1
2015-11-06,34.9,20.06792257401091,22.17,71.75,54.86,49.18,40.71,21.125,22.665,29.95
2015-11-09,34.555,19.848822731916982,21.955,71.2,54.44,48.85,40.15,21.18,22.51,29.71
2015-11-10,34.63,19.938085630547842,21.81,71.68,54.43,48.98,40.53,21.37,22.345,30.03
2015-11-11,33.895,19.873167158816305,21.8,70.97,54.5,48.91,40.29,21.555,22.37,30.1339
2015-11-12,33.125,19.572919227057955,21.61,69.74,53.76,48.25,39.915,21.35,21.92,29.95
2015-11-13,32.99,19.410623047729118,21.185,69.57,53.52,47.83,38.865,21.27,22.2,29.56
2015-11-16,34.09,19.645952507755933,21.51,70.44,54.21,48.65,39.335,21.63,22.485,29.53
2015-11-17,33.715,19.60537846292372,21.515,70.74,54.1,48.63,39.41,21.24,22.46,29.99
2015-11-18,34.27,19.954315248480725,21.84,72.12,54.85,49.3,40.085,21.375,22.86,30.3448
2015-11-19,33.81,19.98677448434649,21.94,70.91,55.09,49.429,40.135,21.605,22.835,30.51
2015-11-20,33.45,20.019233720212263,22.1,71.52,55.37,49.08,40.615,21.695,22.765,30.76
2015-11-23,33.69,19.938085630547842,21.97,71.34,55.09,49.51,40.765,21.495,22.795,30.92
2015-11-24,34.41,19.881281967782748,21.975,71.56,55.0,49.64,40.68,21.465,22.985,30.45
2015-11-25,34.13,19.89751158571563,21.905,71.95,55.0,49.77,40.885,21.335,22.84,30.77
2015-11-27,33.885,19.946200439514282,21.955,72.09,55.095,49.96,40.735,21.375,22.81,30.97
2015-11-30,34.01,19.9299708215814,21.98,71.11,54.74,49.42,40.39,21.41,22.865,30.75
2015-12-01,34.28,20.14907066367533,22.175,72.31,55.0,49.84,40.805,21.58,23.025,31.2586
2015-12-02,33.22,19.913741203648517,22.035,71.7,54.44,49.59,40.45,21.1,22.715,30.62
2015-12-03,32.555,19.589148844990838,21.75,70.13,53.76,49.33,39.84,20.94,22.515,30.01
2015-12-04,32.35,20.108496618843123,22.285,71.78,54.56,50.44,40.61,21.235,22.91,30.62
2015-12-07,31.12,19.92185601261496,22.175,71.38,54.29,50.58,40.44,21.33,22.5,30.735
2015-12-08,30.8,19.670296934655255,22.12,71.54,53.42,50.45,40.32,21.3,22.075,30.72
2015-12-09,31.205,19.443082283594883,21.795,70.82,53.26,49.97,39.805,21.305,22.74,30.55
2015-12-10,31.405,19.459311901527766,21.855,71.35,53.51,50.03,39.94,20.9525,22.57,30.3
2015-12-11,30.23,19.029227026306344,21.4,70.3,52.61,49.48,39.03,20.895,21.97,30.1382
2015-12-14,30.39,19.069801071138553,21.565,70.76,52.8,49.97,39.23,21.0,21.68,30.2312
2015-12-15,31.155,19.51611556429286,21.66,71.68,52.81,50.29,39.445,21.165,21.8,30.58
2015-12-16,30.95,19.832593113984096,21.955,72.61,53.75,51.26,40.105,21.7,22.025,31.13
2015-12-17,30.19,19.54857480015863,21.61,71.83,52.86,50.6,39.445,21.745,21.585,31.09
2015-12-18,29.395,18.907504891809715,21.085,70.49,51.74,49.34,38.665,21.255,21.135,30.35
2015-12-21,29.425,19.094145498037882,21.3,71.13,52.14,49.9,38.86,21.24,21.325,30.4
2015-12-22,29.77,19.272671295299602,21.455,71.61,52.86,50.55,39.145,21.42,21.595,30.68
2015-12-23,31.065,19.499885946359978,21.635,72.38,53.48,50.92,39.345,21.75,22.105,30.98
2015-12-24,30.785,19.483656328427095,21.625,72.45,53.46,50.87,39.24,21.735,22.055,31.01
2015-12-28,30.225,19.46742671049421,21.61,72.11,53.34,50.8,39.34,21.775,21.9,30.9272
2015-12-29,30.435,19.670296934655255,21.905,72.99,53.85,51.24,39.795,21.895,22.105,31.44
2015-12-30,30.025,19.532345182225743,21.72,72.68,53.4,51.06,39.475,21.875,21.9,31.4399
2015-12-31,30.16,19.337589767031137,21.415,72.03,53.01,50.49,39.0804,21.64,21.71,31.184
2016-01-04,30.15,18.96430855457481,21.135,70.73,52.3,49.85,38.41,21.595,21.37,30.46
2016-01-05,30.265,19.037341835272787,21.08,71.07,52.44,50.17,38.36,21.75,21.36,31.383
2016-01-06,29.1,18.745208712480878,20.82,70.49,51.63,50.0,37.985,21.71,20.8,31.08
2016-01-07,28.39,18.21774612966215,20.205,69.06,50.23,49.4,37.205,21.565,20.235,30.51
2016-01-08,28.025,17.933727815836683,20.045,68.02,49.72,49.02,36.805,21.555,20.03,30.11
2016-01-11,27.425,17.95807224273601,20.175,67.21,49.75,49.48,37.095,21.67,19.69,30.2899
2016-01-12,27.49,18.09602399516552,20.415,68.07,50.15,49.75,37.505,21.585,19.72,29.96
2016-01-13,26.83,17.625365075111887,19.865,66.05,48.94,48.84,36.24,21.575,19.265,29.65
2016-01-14,27.985,17.779546445474285,20.24,67.82,49.52,49.07,36.5,21.9,19.525,29.75
2016-01-15,27.175,17.381920806118632,19.67,66.87,48.647,48.3,35.75,21.705,19.125,29.25
2016-01-19,26.59,17.37380599715219,19.69,66.86,48.64,48.88,35.885,22.03,18.89,29.45
2016-01-20,25.885,17.032984020561628,19.535,66.99,48.01,48.27,35.57,21.535,18.75,28.66
2016-01-21,26.69,16.95995073986365,19.645,66.79,48.22,48.46,36.025,21.515,18.915,28.88
2016-01-22,27.87,17.268313480588446,20.19,67.85,48.64,49.29,36.655,21.9,19.255,29.48
2016-01-25,26.57,16.919376695031442,19.955,67.22,48.04,48.85,36.235,21.715,18.64,29.285
2016-01-26,27.575,17.20339500885691,20.15,67.73,48.95,49.29,36.765,21.865,18.96,29.7422
2016-01-27,27.445,17.138476537125374,19.735,66.96,48.4,49.25,36.19,21.915,18.81,29.48
2016-01-28,28.28,17.146591346091814,19.99,65.4,48.68,49.75,36.655,22.265,18.84,29.16
2016-01-29,29.105,17.625365075111887,20.62,66.47,49.99,50.76,37.055,22.71,19.385,29.19
2016-02-01,28.6175,17.55233179441391,20.695,66.57,49.87,50.93,37.28,22.925,19.465,29.81
2016-02-02,27.665,17.065443256427397,20.325,65.61,48.87,50.28,36.555,23.025,19.335,29.43
2016-02-03,28.65,17.08167287436028,20.3,66.04,49.66,50.17,36.46,23.31,19.985,29.46
2016-02-04,28.635,17.227739435756234,20.32,65.68,50.52,49.71,36.25,23.21,20.54,29.6365
2016-02-05,27.97,17.00052478469586,19.75,64.4,50.04,49.63,35.08,23.285,20.305,29.098
2016-02-08,27.825,16.570439909474437,19.465,63.52,49.62,49.5,34.4,23.205,19.77,27.556
2016-02-09,27.155,16.54609548257511,19.375,63.9908,49.92,49.83,34.345,23.285,20.015,27.34
2016-02-10,27.045,16.45683258394425,19.415,64.56,49.68,49.77,34.285,23.26,19.825,27.92
2016-02-11,26.9305,15.95371442802485,19.365,63.52,48.69,49.37,34.265,22.85,19.395,27.22
2016-02-12,27.64,16.62724357223953,19.635,64.37,49.67,50.07,34.895,22.78,19.97,27.49
2016-02-16,27.915,16.895032268132116,19.985,65.58,50.67,50.47,35.74,22.925,20.275,28.03
2016-02-17,28.83,17.12224691919249,20.395,66.41,51.45,50.99,36.51,22.88,20.675,28.35
2016-02-18,28.47,17.024869211595185,20.315,66.0,51.42,50.76,36.27,23.255,20.615,28.7
2016-02-19,28.405,17.024869211595185,20.33,65.93,51.32,50.84,36.37,23.1,20.375,28.66
2016-02-22,29.13,17.29265790748777,20.6,66.87,52.19,51.09,37.075,23.37,20.765,29.1
2016-02-23,28.135,16.984295166762976,20.275,66.37,51.67,51.08,36.87,23.39,20.255,28.95
2016-02-24,28.42,16.943721121930764,20.43,66.59,51.7,51.24,37.085,23.5,20.465,28.974
2016-02-25,28.445,17.179050581957583,20.685,67.42,52.38,51.82,37.455,23.74,20.73,29.16
2016-02-26,28.615,17.30077271645421,20.63,67.3,52.45,51.09,37.415,23.085,21.03,29.37
2016-02-29,28.29,17.11413211022605,20.485,66.2292,52.12,50.92,37.22,23.15,20.9,29.33
2016-03-01,29.03,17.690283546843425,21.095,67.65,53.14,51.41,38.205,23.035,21.435,30.03
2016-03-02,29.74,17.88503896203803,21.155,67.7608,53.18,51.56,38.17,23.155,21.35,30.36
2016-03-03,30.19,18.00676109653466,21.155,67.57,53.56,51.82,38.395,23.295,21.48,30.402
2016-03-04,30.48,18.079794377232638,21.21,67.41,53.78,52.04,38.36,23.555,21.73,30.49
2016-03-07,31.195,18.071679568266195,21.08,67.9508,53.94,51.72,38.195,23.685,21.98,30.47
2016-03-08,29.885,17.779546445474285,20.95,67.1208,53.18,51.87,37.895,23.92,21.55,30.424
2016-03-09,30.37,17.803890872373614,21.13,67.24,53.35,52.26,37.97,24.03,21.685,30.3312
2016-03-10,30.395,17.787661254440728,21.11,67.28,53.27,52.28,38.065,24.0496,21.8,30.1884
2016-03-11,31.18,18.25020536552792,21.435,68.59,54.04,52.45,38.65,24.075,22.2,30.89
2016-03-14,30.975,18.193401702762827,21.46,68.3,54.09,52.42,38.795,24.105,22.05,30.9901
2016-03-15,30.915,18.185286893796384,21.54,67.24,54.06,52.55,38.785,24.15,22.1,31.195
2016-03-16,31.45,18.144712848964172,21.79,67.08,54.25,52.67,39.1,24.52,22.285,30.9601
2016-03-17,31.88025,18.363812691058104,21.87,66.3,55.44,52.99,39.155,24.655,22.695,31.9956
2016-03-18,31.745,18.444960780722525,21.795,66.84,55.63,52.65,39.045,24.315,22.71,31.47
2016-03-21,31.635,18.41250154485676,21.87,67.23,55.96,52.68,39.065,24.29,22.815,31.31
2016-03-22,31.46,18.355697882091665,21.875,67.9,55.64,52.37,39.0,24.21,22.555,31.2552
2016-03-23,30.77,18.21774612966215,21.75,67.42,55.28,52.38,38.725,24.39,22.275,31.14
2016-03-24,30.92,18.104138804131964,21.81,67.39,55.12,52.32,38.775,24.455,22.275,31.19
2016-03-28,30.755,18.160942466897055,21.755,67.2,55.14,52.6,38.95,24.365,22.37,31.39
2016-03-29,30.9,18.193401702762827,22.095,67.98,55.5,52.99,39.345,24.725,22.495,32.07
2016-03-30,30.9596,18.29889421932657,22.225,67.99,55.6,53.34,39.595,24.665,22.595,32.0
2016-03-31,30.945,18.25832017449436,22.18,67.78,55.47,53.06,39.55,24.81,22.405,32.16
2016-04-01,30.53,18.4206163538232,22.35,68.55,55.73,53.62,39.715,24.905,22.62,32.227
2016-04-04,30.3046,18.33135345519234,22.265,69.37,55.1,53.64,39.405,24.8,22.325,32.1799
2016-04-05,30.1,18.071679568266195,22.05,68.47,54.76,53.28,39.07,24.335,22.185,31.8916
2016-04-06,30.75,18.169057275863498,22.265,70.3108,55.03,53.7,39.44,24.305,22.44,31.98
2016-04-07,30.57,17.828235299272936,21.945,69.54,54.5,53.12,38.995,24.295,22.115,31.7202
2016-04-08,31.185,17.893153771004474,21.945,69.35,54.71,53.41,38.935,24.425,22.26,32.02
2016-04-11,31.055,17.966187051702452,21.885,68.82,54.73,53.03,38.79,24.32,22.36,32.0
2016-04-12,31.98,18.193401702762827,22.035,69.38,55.05,53.36,39.085,24.49,22.67,32.14
2016-04-13,32.13,18.607256960051362,22.26,70.03,55.87,52.95,39.635,24.34,22.895,32.0165
2016-04-14,32.205,18.647831004883574,22.255,70.07,55.97,52.71,39.635,24.31,22.91,31.89
2016-04-15,31.7696,18.582912533152037,22.17,70.02,56.05,53.035,39.745,24.445,23.015,32.11
2016-04-18,32.295,18.720864285581552,22.265,70.67,56.1,53.34,40.12,24.5396,23.12,32.23
2016-04-19,32.94,18.956193745608367,22.14,70.92,56.5,53.31,39.9,24.58,23.615,32.12
2016-04-20,33.235,19.10226030700432,22.185,71.3,56.41,52.59,39.95,23.965,23.545,31.8
2016-04-21,33.04,18.93184931870904,22.105,71.72,56.27,51.77,39.81,23.465,23.44,31.0636
2016-04-22,33.52,19.110375115970765,21.72,71.87,56.41,51.96,39.73,23.6746,23.605,31.4601
2016-04-25,33.145,19.069801071138553,21.725,71.59,56.14,52.32,39.775,23.72,23.525,31.6807
2016-04-26,33.675,19.191523205635182,21.62,71.32,56.64,52.11,39.87,23.755,23.715,31.77
2016-04-27,34.315,19.22398244150095,21.52,71.24,57.04,52.36,39.83,24.1,23.915,31.6499
2016-04-28,33.805,19.021112217339905,21.25,70.9,56.49,52.41,39.4,24.065,23.69,31.6824
2016-04-29,33.75,18.915619700776155,21.065,69.7908,56.16,52.3,39.6,24.21,23.55,31.38
2016-05-02,33.715,19.08603068907144,21.22,70.19,56.45,52.9,40.155,24.405,23.635,31.71
2016-05-03,32.92,18.842586420078177,21.025,69.975,55.99,52.8,39.785,24.385,23.245,31.8699
2016-05-04,32.445,18.696519858682223,20.96,69.3008,55.3,52.96,39.605,24.67,23.01,32.3299
2016-05-05,32.71,18.688405049715783,20.97,69.59,55.27,52.97,39.35,24.575,22.895,32.3599
2016-05-06,32.635,18.7695531393802,21.125,69.18,55.64,53.24,39.64,24.415,23.08,32.53
2016-05-09,32.16,18.720864285581552,21.125,69.97,55.39,53.53,39.75,24.555,22.8,32.858
2016-05-10,32.725,18.988652981474132,21.4,70.56,56.34,54.06,40.26,24.58,23.18,32.9799
2016-05-11,32.825,18.785782757313086,21.245,69.71,55.87,53.63,39.45,24.67,23.1,32.38
2016-05-12,32.9154,18.79389756627953,21.185,69.3,55.75,53.92,39.525,24.815,23.2,32.4899
2016-05-13,32.495,18.566682915219154,21.105,69.14,55.05,53.24,39.055,24.695,22.975,32.021
2016-05-16,33.045,18.664060622816457,21.4,70.08,55.73,53.58,39.3,24.725,23.37,32.4575
2016-05-17,33.2,18.558568106252714,21.185,69.35,55.46,52.53,38.855,24.3054,23.25,31.92
2016-05-18,32.88,18.88316046491039,21.225,69.64,55.27,51.92,38.63,23.85,22.895,31.133
2016-05-19,32.885,18.70463466764867,21.11,69.05,54.75,52.43,38.595,24.09,22.975,31.0701
2016-05-20,33.08,18.834471611111738,21.365,69.69,55.03,52.16,38.85,24.145,23.14,31.2816
2016-05-23,32.995,18.818241993178855,21.325,69.41,54.93,52.21,38.715,23.93,23.41,31.38
2016-05-24,33.16,19.10226030700432,21.725,70.41,55.5,52.65,39.18,24.17,23.565,31.5901
2016-05-25,33.685,19.30513053116537,21.875,70.85,55.88,52.73,39.395,24.1,23.855,31.8044
2016-05-26,33.545,19.191523205635182,21.945,70.86,55.72,52.94,39.475,24.3725,23.6,31.78
2016-05-27,33.565,19.321360149098254,22.05,71.18,55.93,53.0,39.66,24.415,23.59,31.9053
2016-05-31,33.435,19.272671295299602,22.095,71.35,55.92,52.66,39.62,24.575,23.47,31.92
2016-06-01,33.445,19.313245340131814,22.04,71.61,55.97,53.2,39.595,24.64,23.5,31.8
2016-06-02,33.4,19.353819384964023,22.02,72.53,56.04,53.22,39.815,24.65,23.63,31.9
2016-06-03,33.27,19.077915880104996,21.97,72.29,55.99,53.56,39.555,25.04,23.83,32.0443
2016-06-06,34.0054,19.191523205635182,22.01,72.6808,56.52,53.62,39.655,25.005,24.075,32.0599
2016-06-07,34.775,19.150949160802973,22.1,72.2292,56.79,53.56,39.705,24.985,24.085,32.086
2016-06-08,34.695,19.16717877873586,22.145,72.48,57.15,53.88,39.75,25.135,24.225,32.24
2016-06-09,34.43,19.029227026306344,22.15,72.36,57.14,54.09,39.66,25.35,24.05,32.3084
2016-06-10,33.685,18.79389756627953,21.98,71.78,56.47,54.13,39.245,25.285,23.87,32.15
2016-06-13,33.585,18.664060622816457,21.735,71.21,55.86,53.68,39.03,25.255,23.605,32.14
2016-06-14,33.565,18.38815711795743,21.785,71.32,55.87,53.89,38.93,25.39,23.43,31.99
2016-06-15,33.4854,18.41250154485676,21.73,70.83,55.89,53.73,39.04,25.23,23.535,32.32
2016-06-16,33.325,18.461190398655408,21.775,71.08,55.99,54.01,39.165,25.39,23.615,32.4858
2016-06-17,33.445,18.34758307312522,21.525,70.06,55.73,53.47,38.965,25.275,23.6,32.17
2016-06-20,33.735,18.453075589688964,21.615,70.5,56.24,53.64,39.315,25.18,23.735,32.2
2016-06-21,34.135,18.558568106252714,21.765,70.255,56.2,53.78,39.225,25.215,23.67,32.46
2016-06-22,33.945,18.542338488319828,21.69,70.46,56.04,53.81,39.17,25.095,23.695,32.43
2016-06-23,34.505,18.93184931870904,21.985,71.38,56.69,54.14,39.555,25.165,24.06,32.57
2016-06-24,33.39,17.917498197903797,21.14,69.29,54.38,53.1,38.075,25.305,23.01,32.16
2016-06-27,32.32,17.406265233017955,20.715,68.38,53.1,52.985,37.385,25.515,22.235,32.1101
2016-06-28,33.22,17.852579726172262,21.125,69.71,54.0,53.32,38.13,25.61,22.425,32.7
2016-06-29,33.85,18.25832017449436,21.45,71.04,54.96,53.94,38.745,25.68,22.805,33.32
2016-06-30,34.12,18.546395892803048,21.685,71.705,56.01,55.15,39.03,26.235,23.17,33.59
2016-07-01,34.3,18.453075589688964,21.735,72.16,56.19,54.89,39.435,26.24,23.18,33.5701
2016-07-05,33.61,18.17717208482994,21.575,72.09,55.68,55.2,39.115,26.435,22.76,33.815
2016-07-06,33.7546,18.225860938628593,21.725,72.9,55.96,55.25,39.45,26.49,22.85,33.77
2016-07-07,33.4096,18.25020536552792,21.725,72.79,56.11,55.1408,39.62,26.0,22.91,33.35
2016-07-08,33.855,18.599142151084923,22.065,73.69,57.23,55.69,40.31,26.27,23.48,33.928
2016-07-11,33.92,18.70463466764867,22.195,73.49,57.59,55.7,40.545,26.25,23.595,34.19
2016-07-12,34.76,18.939964127675484,22.375,73.85,58.12,55.4,40.705,25.89,24.025,34.26
2016-07-13,34.46,18.939964127675484,22.38,73.82,58.26,55.71,40.505,26.095,24.09,34.4199
2016-07-14,34.635,19.118489924937204,22.525,74.14,58.7,55.7,40.67,25.925,24.305,34.229
2016-07-15,34.615,19.08603068907144,22.505,74.08,58.69,55.7,40.49,26.0,24.39,34.179
2016-07-18,34.64,19.150949160802973,22.655,74.11,58.64,55.64,40.645,26.075,24.55,34.19
2016-07-19,34.4446,19.159063969769417,22.605,73.95,58.67,55.6,40.57,26.03,24.405,34.288
2016-07-20,34.395,19.191523205635182,22.9,74.62,58.78,55.4,40.74,25.88,24.415,34.2403
2016-07-21,34.055,19.094145498037882,22.78,74.84,58.18,55.24,40.63,26.035,24.265,34.34
2016-07-22,34.16,19.215867632534508,22.915,74.99,58.29,55.5,40.8,26.38,24.33,34.6
2016-07-25,33.48,19.1752935877023,22.885,74.91,57.98,55.44,40.865,26.335,24.29,34.55
2016-07-26,33.675,19.191523205635182,22.935,74.78,58.46,55.01,40.815,26.105,24.475,34.3553
2016-07-27,33.345,19.183408396668742,23.125,75.12,58.23,54.19,40.69,25.805,24.505,34.1
2016-07-28,33.35,19.22398244150095,23.14,75.05,58.21,54.43,40.765,25.905,24.47,34.31
2016-07-29,33.69,19.191523205635182,23.225,75.2,58.04,54.7,40.81,26.06,24.345,34.678
2016-08-01,32.58,19.14283435183653,23.27,75.68,57.97,54.76,40.875,26.075,24.21,34.79
2016-08-02,32.875,18.980538172507693,23.095,75.39,57.43,54.68,40.265,25.905,24.145,34.26
2016-08-03,33.51,19.1752935877023,23.175,75.18,57.71,54.38,40.38,25.75,24.205,34.0
2016-08-04,33.46,19.126604733903648,23.3,75.07,57.73,54.5,40.36,25.735,24.305,33.94
2016-08-05,33.765,19.491771137393535,23.525,75.25,58.31,54.59,40.785,25.365,24.385,33.94
2016-08-08,34.215,19.51611556429286,23.52,74.61,58.39,54.53,40.65,25.355,24.435,33.93
2016-08-09,34.035,19.532345182225743,23.57,74.79,58.37,54.7,40.53,25.35,24.36,34.16
2016-08-10,33.665,19.378163811863345,23.495,74.535,58.34,54.9,40.615,25.355,24.365,34.09
2016-08-11,34.16,19.418737856695557,23.58,74.97,58.72,54.9,41.02,25.415,24.47,33.77
2016-08-12,34.35,19.361934193930463,23.555,74.78,58.56,55.09,41.0,25.45,24.21,33.88
2016-08-15,34.625,19.491771137393535,23.67,74.91,58.95,54.95,41.08,25.06,24.455,33.8401
2016-08-16,34.68,19.443082283594883,23.495,74.24,58.69,54.71,40.845,24.765,24.325,33.43
2016-08-17,34.785,19.508000755326417,23.485,74.39,58.86,54.86,40.75,25.135,24.305,33.57
2016-08-18,35.5,19.491771137393535,23.495,74.42,59.04,55.05,40.725,25.445,24.46,33.5
2016-08-19,35.205,19.483656328427095,23.51,74.36,59.02,54.92,40.75,25.135,24.495,33.24
2016-08-22,34.8,19.483656328427095,23.51,74.51,58.97,55.0,40.71,25.2,24.46,33.4
2016-08-23,35.0446,19.508000755326417,23.595,74.58,59.02,54.89,40.915,25.09,24.67,33.38
2016-08-24,34.905,19.499885946359978,23.465,73.41,58.84,54.8,40.72,25.08,24.385,33.29
2016-08-25,34.81,19.540459991192186,23.515,72.79,58.83,54.59,40.585,25.095,24.505,33.43
2016-08-26,34.69,19.564804418091512,23.525,73.07,58.66,54.31,40.47,24.575,24.365,33.1
2016-08-29,34.925,19.735215406386793,23.615,73.23,59.08,54.63,40.61,24.775,24.585,33.43
2016-08-30,34.805,19.913741203648517,23.535,72.98,58.92,54.31,40.385,24.515,24.525,33.33
2016-08-31,34.255,19.9299708215814,23.495,72.76,58.59,54.38,40.28,24.615,24.28,33.38
2016-09-01,34.155,19.848822731916982,23.57,72.57,58.64,54.4,40.36,24.49,24.38,33.37
2016-09-02,34.54,19.938085630547842,23.675,72.65,58.93,54.82,40.44,24.815,24.625,33.59
2016-09-06,35.06,19.905626394682074,23.795,72.91,58.76,54.9392,40.515,25.085,24.57,33.87
2016-09-07,35.26,19.89751158571563,23.855,72.91,58.83,54.46,40.535,25.09,24.535,33.86
2016-09-08,35.92,19.881281967782748,23.66,72.97,58.78,54.16,40.185,25.175,24.43,33.43
2016-09-09,34.85,19.508000755326417,23.08,71.51,57.12,52.69,39.215,24.23,23.72,32.16
2016-09-12,35.195,19.72710059742035,23.465,72.57,57.85,53.68,39.765,24.66,23.945,32.29
2016-09-13,34.19,19.378163811863345,23.295,71.6,57.0,53.02,39.2,24.32,23.5,31.72
2016-09-14,33.785,19.329474958064697,23.405,71.6,56.95,52.86,39.205,24.415,23.445,31.78
2016-09-15,34.205,19.443082283594883,23.79,72.34,57.4,53.29,39.49,24.6,23.595,32.02
2016-09-16,33.725,19.16717877873586,23.605,72.11,56.61,52.79,39.255,24.63,23.38,31.91
2016-09-19,33.705,19.31,23.56,71.85,56.86,52.68,39.225,24.875,23.415,32.24
2016-09-20,33.46,19.32,23.545,72.07,56.91,52.82,39.255,24.83,23.345,32.18
2016-09-21,34.235,19.44,23.81,72.79,57.65,53.11,39.635,25.335,23.7,32.55
2016-09-22,34.275,19.48,23.955,73.34,58.06,53.58,39.925,25.49,23.775,33.19
2016-09-23,33.82,19.38,23.745,73.11,57.72,53.34,39.835,25.47,23.655,33.32
2016-09-26,33.67,19.07,23.605,72.26,57.47,52.89,39.395,25.405,23.545,33.39
2016-09-27,33.445,19.22,23.865,72.77,57.87,53.11,39.795,25.075,23.615,33.1
2016-09-28,34.89,19.31,23.91,72.66,58.32,53.2,39.905,25.04,23.885,33.33
2016-09-29,34.83,19.04,23.765,71.38,57.86,52.68,39.7,24.665,23.7,32.92
2016-09-30,35.305,19.3,23.89,72.11,58.38,53.21,40.02,24.495,23.875,32.77
2016-10-03,35.28,19.21,23.82,72.05,58.43,52.87,39.995,24.15,23.845,32.14
2016-10-04,34.92,19.29,23.735,71.91,57.94,52.42,39.855,23.645,23.52,31.65
2016-10-05,35.455,19.6,23.82,72.19,58.31,52.37,40.02,23.595,23.68,31.06
2016-10-06,35.51,19.63,23.875,71.92,58.31,52.47,40.05,23.59,23.875,31.12
2016-10-07,35.305,19.62,23.81,71.87,57.56,52.33,39.87,23.56,23.43,31.04
2016-10-10,35.86,19.72,23.975,72.2,57.62,52.33,39.935,23.755,23.57,31.16
2016-10-11,35.45,19.54,23.705,70.39,57.02,52.06,39.45,23.485,23.25,30.92
2016-10-12,35.3,19.52,23.745,70.06,57.13,52.35,39.635,23.715,23.205,31.36
2016-10-13,35.105,19.33,23.595,70.09,57.11,52.36,39.49,24.01,23.085,31.46
2016-10-14,34.9,19.42,23.685,69.62,57.23,52.37,39.445,23.875,23.16,31.42
2016-10-17,34.73,19.33,23.635,69.39,57.08,52.12,39.12,24.005,23.18,31.45
2016-10-18,34.87,19.49,23.765,70.22,57.2,52.28,39.38,24.21,23.39,31.61
2016-10-19,35.365,19.66,23.81,69.96,57.38,51.98,39.555,24.155,23.56,31.73
2016-10-20,35.325,19.66,23.7,70.29,57.07,51.95,39.48,24.14,23.54,31.62
2016-10-21,35.095,19.65,23.765,69.71,56.99,52.23,39.795,24.0,23.53,31.6
2016-10-24,34.99,19.71,23.995,69.58,57.1,52.57,40.08,24.09,23.585,31.64
2016-10-25,34.83,19.69,23.91,69.38,56.95,52.76,39.61,24.24,23.37,31.6
2016-10-26,34.91,19.81,23.775,68.96,57.15,52.69,39.44,24.3,23.335,31.19
2016-10-27,34.78,19.86,23.745,69.28,56.76,52.45,39.11,24.155,23.305,30.45
2016-10-28,34.685,19.77,23.72,67.78,57.1,52.67,39.02,24.23,23.365,30.53
2016-10-31,34.31,19.74,23.71,67.36,57.21,52.8,39.05,24.715,23.375,30.95
2016-11-01,34.315,19.66,23.505,67.0,56.72,52.57,38.775,24.265,23.24,30.34
2016-11-02,33.935,19.53,23.355,66.65,56.51,52.44,38.54,23.96,23.115,29.87
2016-11-03,34.07,19.55,23.13,66.02,56.42,52.08,38.44,24.05,23.12,29.74
2016-11-04,33.885,19.49,23.09,66.48,56.47,51.61,38.365,23.975,23.2,29.94
2016-11-07,34.615,19.98,23.59,68.18,57.86,52.48,39.25,24.395,23.555,30.49
2016-11-08,34.66,19.99,23.705,68.37,58.21,52.7,39.41,24.585,23.63,30.68
2016-11-09,35.225,20.84,23.675,70.78,59.67,51.98,39.49,23.68,24.13,29.99
2016-11-10,35.375,21.61,23.295,71.56,60.94,50.59,39.635,23.11,24.41,29.54
2016-11-11,34.73,21.67,23.365,70.49,61.05,50.54,39.86,23.015,24.075,29.57
2016-11-14,34.925,22.2,23.01,70.27,61.31,50.45,39.865,23.0,24.13,30.15
2016-11-15,35.91,22.18,23.335,70.47,61.54,50.76,40.02,23.37,24.23,29.95
2016-11-16,35.66,21.86,23.55,70.17,61.19,50.77,40.24,23.21,24.185,29.93
2016-11-17,35.42,22.16,23.7,70.45,61.32,50.68,40.725,23.215,24.195,29.65
2016-11-18,35.565,22.16,23.68,69.7,61.3,50.5,40.6,23.145,24.16,29.71
2016-11-21,36.41,22.24,23.92,69.95,61.63,50.84,40.865,23.39,24.445,29.63
2016-11-22,36.39,22.25,23.995,68.94,61.91,51.1,41.35,23.48,24.595,30.14
2016-11-23,36.54,22.38,23.9,69.21,62.37,50.82,41.39,23.245,24.705,29.93
2016-11-25,36.36,22.41,24.0,69.48,62.71,51.22,41.49,23.58,24.78,30.06
2016-11-28,35.855,22.15,24.02,68.96,62.28,51.33,41.16,24.035,24.68,30.17
2016-11-29,35.415,22.21,24.035,69.41,62.33,51.4,41.27,24.135,24.705,30.38
2016-11-30,37.215,22.51,23.75,68.75,62.41,50.58,40.925,23.375,24.97,30.01
2016-12-01,37.305,22.9,23.26,68.25,62.82,50.25,40.945,23.19,24.98,29.55
2016-12-02,37.415,22.65,23.345,68.41,62.81,50.57,40.72,23.4,24.99,29.83
2016-12-05,37.745,22.92,23.57,68.29,62.76,50.63,41.165,23.43,25.185,30.07
2016-12-06,37.675,23.12,23.64,68.48,62.88,50.78,41.26,23.385,25.215,30.2
2016-12-07,37.975,23.48,24.09,67.89,64.05,51.51,42.06,23.69,25.575,30.83
2016-12-08,38.18,23.7,24.15,68.02,63.69,51.3,42.06,23.73,25.745,30.99
2016-12-09,38.3,23.75,24.325,68.85,63.98,52.04,42.155,23.98,25.75,30.97
2016-12-12,38.48,23.52,24.25,69.18,63.75,52.25,41.805,24.23,25.635,31.29
2016-12-13,38.915,23.58,24.555,69.74,63.66,52.49,42.18,24.48,25.595,31.37
2016-12-14,38.135,23.47,24.47,69.38,63.02,51.92,41.895,23.975,25.29,30.82
2016-12-15,38.22,23.67,24.58,69.83,63.09,52.14,41.795,24.145,25.455,30.57
2016-12-16,38.255,23.36,24.295,69.58,62.58,52.05,41.345,24.205,25.21,30.44
2016-12-19,38.08,23.37,24.47,69.29,62.93,52.15,41.455,24.295,25.16,30.71
2016-12-20,37.995,23.66,24.56,69.24,63.29,52.05,41.785,24.325,25.18,30.73
2016-12-21,38.055,23.6,24.51,68.85,63.05,52.04,41.765,24.225,25.19,30.34
2016-12-22,38.21,23.54,24.46,68.94,62.93,51.96,41.315,24.31,25.085,30.3
2016-12-23,38.175,23.58,24.485,69.46,62.99,52.06,41.225,24.305,25.135,30.33
2016-12-27,38.26,23.61,24.585,69.6,63.12,52.05,41.385,24.325,25.27,30.41
2016-12-28,37.845,23.37,24.365,69.07,62.46,51.73,41.1,24.095,25.015,30.18
2016-12-29,37.77,23.2,24.37,69.19,62.44,51.97,41.045,24.42,25.015,30.46
2016-12-30,37.66,23.25,24.18,68.94,62.22,51.71,40.7,24.285,24.85,30.75
2017-01-03,38.085,23.51,24.395,69.84,62.59,51.9,40.94,24.225,24.995,30.85
2017-01-04,38.005,23.7,24.48,70.39,62.96,51.9,41.485,24.315,25.36,31.24
2017-01-05,37.91,23.46,24.52,70.75,62.78,52.07,41.455,24.34,25.285,31.4
2017-01-06,37.945,23.54,24.7,70.95,63.14,52.12,41.66,24.415,25.31,31.4
2017-01-09,37.395,23.38,24.695,71.25,62.65,51.7,41.625,24.095,25.305,31.2
2017-01-10,37.055,23.43,24.7,71.5,62.91,51.44,41.775,24.02,25.32,30.81
2017-01-11,37.455,23.58,24.815,70.78,63.24,51.54,41.865,24.27,25.525,30.64
2017-01-12,37.3,23.38,24.755,70.85,62.98,51.49,41.825,24.29,25.475,30.76
2017-01-13,37.19,23.51,24.83,70.92,63.22,51.52,41.98,24.255,25.435,30.69
2017-01-17,37.42,22.95,24.735,70.56,62.73,52.25,42.05,24.52,25.32,30.94
2017-01-18,37.335,23.14,24.8,70.47,62.97,52.43,41.975,24.49,25.48,31.01
2017-01-19,37.13,23.04,24.765,70.02,63.43,52.24,41.845,24.275,25.32,30.71
2017-01-20,37.27,23.15,24.9,69.84,63.44,52.58,41.965,24.32,25.545,30.9
2017-01-23,36.875,23.0,24.945,69.55,63.09,52.56,41.995,24.195,25.595,31.09
2017-01-24,37.28,23.29,25.1,69.07,63.72,52.91,42.34,24.19,26.255,31.1
2017-01-25,37.475,23.68,25.34,69.72,64.39,52.9,42.6,24.19,26.43,30.91
2017-01-26,37.505,23.74,25.27,69.18,64.54,52.67,42.665,24.2,26.5,30.89
2017-01-27,37.115,23.65,25.37,69.75,64.49,52.38,42.53,24.195,26.405,30.63
2017-01-30,36.435,23.46,25.165,69.41,63.94,52.34,42.48,24.215,26.135,30.46
2017-01-31,36.45,23.31,25.04,70.52,63.38,52.59,42.415,24.59,25.98,30.71
2017-02-01,36.18,23.34,25.23,71.13,63.27,52.18,42.335,24.165,26.11,30.37
2017-02-02,36.385,23.25,25.18,71.11,63.15,52.66,42.3,24.42,25.995,30.73
2017-02-03,36.7,23.72,25.345,71.42,63.62,53.0,42.245,24.45,26.04,30.93
2017-02-06,36.39,23.61,25.36,71.5,63.71,52.71,42.12,24.4,25.97,30.74
2017-02-07,35.875,23.55,25.46,71.57,63.82,53.14,42.08,24.46,25.765,30.68
2017-02-08,35.96,23.39,25.505,71.46,63.73,53.36,42.34,24.7,25.825,30.94
2017-02-09,36.365,23.71,25.585,71.72,64.22,53.58,42.605,24.49,25.815,31.07
2017-02-10,36.64,23.78,25.66,71.86,64.73,53.62,42.865,24.645,26.05,31.28
2017-02-13,36.71,24.05,25.775,72.3,65.38,53.62,42.915,24.765,26.265,31.43
2017-02-14,36.83,24.33,25.86,72.87,65.41,53.63,43.16,24.585,26.26,31.27
2017-02-15,36.685,24.52,25.945,73.66,65.76,54.12,43.385,24.525,26.225,31.18
2017-02-16,36.185,24.46,26.005,73.56,65.78,54.19,43.165,24.77,26.225,31.31
2017-02-17,35.985,24.47,26.095,73.66,65.89,54.46,43.305,24.785,26.15,31.4
2017-02-21,36.23,24.59,26.23,73.99,66.22,54.95,43.555,25.045,26.235,31.83
2017-02-22,35.68,24.61,26.26,73.88,66.04,54.96,43.555,25.15,26.305,31.71
2017-02-23,35.83,24.61,26.255,74.42,65.61,55.09,43.26,25.41,26.16,31.92
2017-02-24,35.495,24.42,26.315,74.78,65.89,55.28,43.46,25.795,26.215,32.08
2017-02-27,35.8,24.55,26.3,75.14,66.13,55.03,43.51,25.65,26.15,32.24
2017-02-28,35.69,24.54,26.175,74.99,65.86,55.1,43.185,25.885,26.125,32.14
2017-03-01,36.405,25.24,26.545,75.74,66.97,55.36,43.67,25.655,26.635,32.06
2017-03-02,36.06,24.85,26.37,75.5,66.25,55.35,43.565,25.84,26.35,31.96
2017-03-03,35.995,24.97,26.43,75.8,66.32,55.14,43.5,25.76,26.33,31.86
2017-03-06,36.075,24.78,26.39,75.51,66.16,54.9,43.36,25.71,26.16,31.73
2017-03-07,35.755,24.71,26.39,74.98,65.97,54.83,43.22,25.695,26.015,31.62
2017-03-08,34.825,24.72,26.42,75.28,65.74,54.71,43.4,25.325,26.015,31.15
2017-03-09,35.055,24.81,26.415,75.69,65.44,54.8,43.36,25.27,25.935,30.75
2017-03-10,35.005,24.79,26.555,75.98,65.84,55.05,43.425,25.48,26.055,30.72
2017-03-13,35.01,24.85,26.58,75.92,65.8,55.09,43.54,25.555,26.13,30.76
2017-03-14,34.615,24.78,26.52,75.64,65.18,54.93,43.53,25.53,25.905,30.72
2017-03-15,35.385,24.74,26.7,76.59,65.92,55.34,43.76,25.94,26.32,31.31
2017-03-16,35.135,24.78,26.715,75.85,65.62,55.42,43.755,25.655,26.14,31.24
2017-03-17,34.9,24.45,26.67,75.16,65.68,54.98,43.68,25.615,26.17,31.1
2017-03-20,34.873,24.271,26.6853,75.0359,65.56,55.0771,43.577,25.4519,26.31085,31.1311
2017-03-21,34.605,23.57,26.305,74.46,64.56,55.04,43.025,25.805,25.875,31.08
2017-03-22,34.555,23.52,26.47,74.48,64.79,54.93,43.075,25.93,25.95,31.15
2017-03-23,34.415,23.57,26.4,74.25,64.7,54.81,43.175,25.85,26.06,31.38
2017-03-24,34.28,23.54,26.42,74.29,64.53,54.7,43.28,25.945,25.83,31.35
2017-03-27,34.12,23.45,26.42,74.49,64.3,54.65,43.265,25.845,25.885,31.1
2017-03-28,34.605,23.77,26.61,74.54,64.98,54.75,43.595,25.825,26.185,31.28
2017-03-29,35.08,23.62,26.655,74.56,64.97,54.85,43.855,25.755,26.205,31.39
2017-03-30,35.07,23.93,26.705,74.57,65.33,54.74,43.97,25.555,26.21,31.46
2017-03-31,34.95,23.73,26.655,74.36,65.06,54.58,43.975,25.655,26.205,31.6
2017-04-03,34.89,23.68,26.63,74.42,64.92,54.49,43.8,25.65,26.105,31.64
2017-04-04,35.145,23.65,26.65,74.38,65.09,54.65,43.73,25.73,26.2,31.55
2017-04-05,35.035,23.47,26.54,74.15,64.88,54.55,43.625,25.875,26.18,31.6
2017-04-06,35.315,23.62,26.545,74.28,65.06,54.55,43.76,25.81,26.32,31.78
2017-04-07,35.18,23.52,26.53,74.41,65.13,54.7,43.63,25.7,26.295,31.82
2017-04-10,35.445,23.46,26.48,74.27,65.29,54.86,43.79,25.745,26.3,32.04
2017-04-11,35.45,23.39,26.38,74.17,65.38,54.88,43.755,25.735,26.23,32.19
2017-04-12,35.3,23.2,26.29,74.17,64.48,55.09,43.58,25.925,25.905,32.14
2017-04-13,34.655,22.9,26.185,73.98,64.02,54.84,43.275,25.84,25.655,32.07
2017-04-17,34.73,23.3,26.425,74.25,64.72,55.23,43.72,25.955,25.84,32.44
2017-04-18,34.405,23.08,26.42,73.44,64.51,55.48,43.725,26.015,25.81,32.52
2017-04-19,33.9,23.01,26.4,73.66,64.57,55.27,43.765,25.835,25.845,32.45
2017-04-20,34.065,23.4,26.64,74.12,65.35,55.16,44.225,25.735,26.13,32.44
2017-04-21,33.895,23.16,26.585,73.68,65.41,55.0,44.125,25.865,26.1,32.33
2017-04-24,34.095,23.68,26.9,74.41,66.34,55.5,44.41,26.0,26.4,32.01
2017-04-25,34.385,23.89,27.04,74.73,66.66,55.72,44.76,25.965,26.825,32.08
2017-04-26,34.27,23.87,27.01,75.14,66.67,55.27,44.97,25.885,26.82,31.81
2017-04-27,33.895,23.76,27.12,75.3,66.65,55.2,45.21,25.975,26.76,31.83
2017-04-28,33.92,23.53,27.19,75.5,66.34,55.18,45.03,25.85,26.535,31.65
2017-05-01,33.825,23.68,27.395,75.67,66.14,54.97,45.09,25.695,26.55,31.85
2017-05-02,33.655,23.65,27.455,75.88,66.46,54.6,45.14,25.725,26.595,31.86
2017-05-03,33.75,23.84,27.405,75.51,66.51,54.65,44.875,25.635,26.335,31.47
2017-05-04,33.13,23.88,27.385,76.01,66.58,55.07,44.805,25.725,26.365,31.5
2017-05-05,33.655,23.84,27.485,75.97,66.92,55.22,45.085,25.865,26.74,31.75
2017-05-08,33.895,23.82,27.605,75.5,66.74,55.2,45.17,25.855,26.525,31.58
2017-05-09,33.615,23.73,27.64,75.59,66.83,55.0,45.43,25.665,26.325,31.46
2017-05-10,34.06,23.81,27.745,75.37,66.69,55.04,45.275,25.705,26.41,31.63
2017-05-11,33.99,23.66,27.71,75.41,66.67,55.12,45.005,25.74,26.37,31.48
2017-05-12,33.875,23.56,27.78,75.28,66.3,54.96,44.94,25.865,26.305,31.36
2017-05-15,34.14,23.74,27.935,75.77,66.61,55.14,44.95,25.975,26.535,31.5
2017-05-16,33.97,23.81,28.065,75.48,66.54,55.09,44.795,25.785,26.54,31.34
2017-05-17,33.635,23.06,27.3,74.49,65.21,55.01,44.07,25.85,25.98,31.54
2017-05-18,33.625,23.15,27.46,74.82,65.3,55.05,44.325,25.94,25.995,31.6
2017-05-19,34.04,23.35,27.62,75.03,66.16,55.35,44.625,26.04,26.22,31.78
2017-05-22,33.965,23.41,27.84,75.23,66.67,55.66,44.85,26.265,26.25,31.86
2017-05-23,34.045,23.59,27.89,75.48,66.81,55.72,44.68,26.335,26.27,31.9
2017-05-24,33.865,23.58,28.005,75.67,66.89,55.94,44.84,26.485,26.445,32.08
2017-05-25,33.25,23.62,28.205,76.03,67.33,56.29,45.235,26.7,26.415,32.2
2017-05-26,33.305,23.61,28.19,75.89,67.41,56.5,45.37,26.7,26.465,32.0
2017-05-30,32.86,23.45,28.31,75.78,67.39,56.48,45.405,26.785,26.46,31.91
2017-05-31,32.72,23.25,28.265,76.08,67.52,56.64,45.525,26.92,26.54,31.86
2017-06-01,32.925,23.54,28.335,76.92,67.94,57.1,45.955,27.11,26.86,31.96
2017-06-02,32.545,23.45,28.595,77.42,68.21,57.27,46.12,27.14,26.925,32.24
2017-06-05,32.605,23.49,28.62,77.2,67.97,57.33,45.995,27.055,26.84,32.16
2017-06-06,32.99,23.39,28.565,77.01,67.51,57.19,45.6,26.995,26.855,32.01
2017-06-07,32.525,23.57,28.655,77.22,67.43,57.17,45.68,27.085,26.89,32.18
2017-06-08,32.43,23.84,28.72,77.0,67.65,56.74,45.385,26.86,26.97,32.03
2017-06-09,33.21,24.29,28.01,77.52,67.91,56.67,45.185,26.835,27.315,32.18
2017-06-12,33.445,24.34,27.845,77.42,68.16,56.66,45.16,26.785,27.21,32.39
2017-06-13,33.695,24.47,28.045,77.58,68.44,56.75,45.44,26.85,27.55,32.47
2017-06-14,33.085,24.51,27.91,77.95,68.37,57.11,45.415,26.995,27.26,32.57
2017-06-15,32.835,24.41,27.785,77.87,68.78,56.98,45.225,27.15,27.02,32.73
2017-06-16,33.15,24.29,27.625,77.69,68.68,55.95,45.075,27.055,27.01,32.44
2017-06-19,32.94,24.54,28.035,78.5,69.1,56.22,45.42,26.965,27.225,32.46
2017-06-20,32.52,24.33,27.81,78.76,68.36,56.0,44.85,26.98,27.075,32.4
2017-06-21,31.995,24.13,27.965,79.76,67.9,55.84,44.92,26.82,26.79,32.33
2017-06-22,31.975,23.98,27.975,80.59,67.76,55.47,44.815,26.695,26.82,32.35
2017-06-23,32.19,23.89,28.15,80.47,68.01,55.49,44.76,26.605,26.925,32.49
2017-06-26,32.12,24.02,28.0,80.39,68.03,55.71,44.92,26.785,27.005,32.64
2017-06-27,32.07,24.14,27.54,79.66,67.52,55.23,44.565,26.485,26.84,32.51
2017-06-28,32.245,24.52,27.885,80.08,68.13,55.43,45.015,26.23,27.085,32.55
2017-06-29,32.315,24.69,27.385,79.35,67.55,54.84,44.58,26.02,26.76,32.22
2017-06-30,32.46,24.67,27.36,79.24,68.11,54.94,44.815,25.98,26.905,32.2
2017-07-03,33.085,25.03,27.17,79.38,68.53,54.89,44.77,25.86,27.14,32.5
2017-07-05,32.415,25.07,27.44,79.85,68.73,54.85,44.66,25.735,27.05,32.11
2017-07-06,32.055,24.88,27.19,78.82,68.13,54.54,44.205,25.725,26.93,31.53
2017-07-07,32.005,25.05,27.505,79.22,68.66,54.51,44.6,25.745,27.07,31.71
2017-07-10,32.11,25.02,27.705,79.07,68.86,54.13,44.695,25.725,27.24,31.46
2017-07-11,32.285,24.8,27.765,78.98,68.8,53.98,44.605,25.71,27.2,31.41
2017-07-12,32.375,24.88,28.125,79.52,69.18,54.28,44.945,25.93,27.515,31.82
2017-07-13,32.505,25.03,28.18,79.59,69.13,54.29,44.95,25.84,27.485,31.88
2017-07-14,32.7,24.92,28.43,80.13,69.43,54.72,45.095,25.96,27.625,32.2
2017-07-17,32.66,24.84,28.435,79.84,69.39,54.78,45.205,26.08,27.68,32.27
2017-07-18,32.505,24.8,28.565,79.9,69.23,54.78,45.41,26.155,27.565,32.23
2017-07-19,32.98,24.81,28.71,80.55,69.3,54.98,45.63,26.265,27.83,32.47
2017-07-20,32.88,24.8,28.77,81.08,68.91,54.99,45.535,26.455,27.625,32.38
2017-07-21,32.555,24.8,28.735,80.99,68.78,55.08,45.565,26.645,27.63,32.44
2017-07-24,32.495,24.91,28.805,80.96,68.63,54.9,45.41,26.395,27.605,32.42
2017-07-25,32.905,25.22,28.75,80.38,68.54,55.28,45.73,26.245,27.9,32.42
2017-07-26,32.94,25.05,28.86,80.11,68.63,55.27,45.71,26.495,27.73,32.69
2017-07-27,33.275,24.91,28.75,79.56,68.24,55.81,46.045,26.56,27.63,32.66
2017-07-28,33.235,24.91,28.72,79.96,68.4,55.34,45.695,26.52,27.53,32.64
2017-07-31,33.31,25.09,28.58,79.89,68.31,55.32,45.68,26.61,27.32,32.59
2017-08-01,33.305,25.27,28.725,79.71,68.11,55.26,45.76,26.76,27.34,32.73
2017-08-02,33.18,25.31,28.805,79.53,68.41,55.22,45.635,26.875,27.365,32.57
2017-08-03,32.715,25.22,28.74,79.66,68.75,55.17,45.51,27.01,27.16,32.49
2017-08-04,32.82,25.39,28.805,79.48,68.88,55.02,45.515,26.89,27.29,32.59
2017-08-07,32.57,25.35,28.98,79.65,68.88,55.43,45.62,26.975,27.305,32.57
2017-08-08,32.495,25.28,28.94,79.28,68.67,55.22,45.645,27.085,27.09,32.42
2017-08-09,32.525,25.28,28.925,79.37,68.69,55.31,45.38,26.945,27.115,32.46
2017-08-10,32.18,24.83,28.355,78.38,67.82,55.08,44.7,27.03,26.805,32.17
2017-08-11,31.97,24.73,28.55,78.6,67.86,55.12,44.93,26.87,26.74,31.96
2017-08-14,31.875,25.07,29.005,79.13,68.57,55.39,45.25,27.025,26.99,32.49
2017-08-15,31.755,25.09,29.05,79.13,68.42,55.67,44.835,27.175,26.995,32.43
2017-08-16,31.45,25.04,29.135,79.35,68.61,55.86,45.065,27.285,27.26,32.53
2017-08-17,31.005,24.61,28.565,78.36,67.42,55.35,44.345,27.09,26.845,32.3
2017-08-18,31.16,24.62,28.535,78.0,67.15,55.2,44.125,27.25,26.855,32.06
2017-08-21,31.0,24.55,28.525,78.35,67.26,55.4,44.205,27.35,26.88,32.39
2017-08-22,31.205,24.82,28.95,79.3,68.03,55.41,44.68,27.41,27.23,32.37
2017-08-23,31.34,24.74,28.88,78.7,67.39,55.25,44.3,27.5,27.18,32.7
2017-08-24,31.36,24.74,28.855,78.93,67.18,54.49,44.205,27.48,27.13,32.64
2017-08-25,31.5,24.81,28.85,78.95,67.5,54.67,44.315,27.57,27.215,32.8
2017-08-28,31.36,24.65,28.905,79.37,67.46,54.51,44.34,27.62,27.255,32.63
2017-08-29,31.32,24.57,29.03,79.52,67.95,54.7,44.3,27.56,27.125,32.61
2017-08-30,31.335,24.67,29.24,79.93,68.23,54.69,44.62,27.48,27.325,32.76
2017-08-31,31.485,24.7,29.415,81.29,68.46,54.71,44.83,27.485,27.535,32.92
2017-09-01,31.79,24.77,29.39,81.23,68.52,54.97,45.035,27.4,27.715,32.92
2017-09-05,31.965,24.24,29.13,80.88,67.83,55.05,44.85,27.47,27.4,32.89
2017-09-06,32.485,24.3,29.155,81.27,67.9,55.28,45.13,27.345,27.47,32.94
2017-09-07,32.545,23.88,29.255,82.17,68.04,55.36,44.74,27.55,27.515,33.19
2017-09-08,32.2,24.1,29.015,82.54,68.27,55.09,44.585,27.68,27.505,33.2
2017-09-11,32.505,24.52,29.425,83.18,68.86,55.43,44.82,27.915,27.865,33.44
2017-09-12,32.705,24.81,29.495,83.36,69.19,55.55,45.02,27.45,28.1,33.08
2017-09-13,33.115,24.85,29.455,83.05,69.09,55.58,45.345,27.315,28.09,32.94
2017-09-14,33.275,24.8,29.355,83.16,69.42,55.47,45.1,27.545,28.185,33.17
2017-09-15,32.92,24.77,29.37,82.59,69.39,55.22,44.815,27.375,28.035,33.05
2017-09-18,33.06,25.06,29.395,82.57,69.78,55.3,44.66,27.095,28.19,32.86
2017-09-19,33.195,25.25,29.525,81.92,69.85,55.13,44.62,27.04,28.335,32.53
2017-09-20,33.42,25.4,29.405,82.0,70.36,54.6,44.77,26.84,28.435,32.44
2017-09-21,33.43,25.46,29.245,81.58,70.57,54.08,44.695,26.835,28.375,32.39
2017-09-22,33.6,25.43,29.26,81.58,70.75,53.92,44.77,26.615,28.275,32.11
2017-09-25,34.085,25.4,28.915,81.34,70.75,54.31,44.675,26.86,28.325,32.23
2017-09-26,34.07,25.39,29.02,81.21,70.75,54.44,44.68,26.81,28.2,32.26
2017-09-27,34.215,25.7,29.315,81.18,70.83,54.02,44.925,26.45,28.2,31.99
2017-09-28,34.245,25.74,29.35,81.25,70.79,54.02,44.87,26.545,28.4,32.22
2017-09-29,34.24,25.86,29.55,81.73,71.0,53.98,45.04,26.525,28.4,32.24
2017-10-02,34.23,26.08,29.595,82.56,71.49,53.88,45.125,26.57,28.71,32.12
2017-10-03,34.195,26.17,29.665,82.54,71.8,53.94,45.315,26.495,28.83,32.11
2017-10-04,34.17,26.05,29.645,82.94,71.78,54.11,45.55,26.76,28.84,32.39
2017-10-05,34.325,26.32,29.93,83.0,71.95,54.35,45.805,26.735,29.015,32.49
2017-10-06,34.035,26.35,29.975,82.89,71.94,53.81,45.86,26.715,28.95,32.4
2017-10-09,34.105,26.25,30.05,82.37,71.74,53.66,45.715,26.75,28.945,32.47
2017-10-10,34.135,26.37,30.08,82.56,71.85,54.13,45.67,27.01,28.965,32.52
2017-10-11,34.215,26.32,30.18,82.72,71.81,54.24,45.695,27.125,28.98,32.7
2017-10-12,34.09,26.12,30.105,82.63,72.19,54.47,45.39,27.265,29.035,32.93
2017-10-13,34.07,26.13,30.25,82.42,72.06,54.57,45.61,27.075,29.175,33.02
2017-10-16,34.145,26.3,30.36,82.06,72.14,54.59,45.67,27.015,29.155,32.86
2017-10-17,34.165,26.17,30.36,83.16,71.95,54.39,45.695,27.175,29.08,32.86
2017-10-18,33.925,26.31,30.435,83.28,71.98,54.32,45.57,27.125,29.01,32.8
2017-10-19,33.82,26.33,30.345,83.79,72.18,54.03,45.57,27.41,29.12,32.78
2017-10-20,33.885,26.64,30.55,83.88,72.96,53.9,45.68,27.43,29.37,32.73
2017-10-23,33.71,26.62,30.405,83.67,72.5,53.86,45.37,27.445,29.315,32.61
2017-10-24,33.775,26.81,30.49,83.11,72.91,53.67,45.48,27.47,29.48,32.4
2017-10-25,33.54,26.65,30.325,82.99,72.19,53.52,45.305,27.35,29.325,32.32
2017-10-26,33.61,26.8,30.45,82.16,72.29,53.56,45.465,27.355,29.715,32.14
2017-10-27,33.67,26.78,31.27,82.14,72.32,53.1,46.2,27.525,29.56,32.19
2017-10-30,33.845,26.67,31.34,81.26,71.82,52.65,45.99,27.53,29.42,32.39
2017-10-31,33.955,26.6,31.475,81.11,71.53,53.09,45.995,27.56,29.5,32.5
2017-11-01,34.34,26.64,31.48,81.31,71.49,53.26,46.01,27.405,29.645,32.47
2017-11-02,34.24,26.89,31.495,80.94,71.9,53.13,45.665,27.505,29.43,32.75
2017-11-03,34.34,26.78,31.745,81.61,71.83,53.14,45.85,27.605,29.415,32.75
2017-11-06,35.125,26.75,31.815,81.36,71.87,52.57,46.185,27.5,29.29,33.25
2017-11-07,35.08,26.38,31.83,81.53,71.98,53.16,45.91,27.83,29.32,33.56
2017-11-08,34.91,26.25,32.005,81.72,71.86,53.74,45.96,27.85,29.35,33.81
2017-11-09,35.015,26.16,31.75,81.73,70.96,53.73,46.03,27.885,29.1,33.81
2017-11-10,34.83,26.08,31.75,81.2,71.06,54.28,46.185,27.755,29.055,33.81
2017-11-13,34.63,26.12,31.74,81.28,70.82,54.59,46.34,28.085,29.205,33.91
2017-11-14,34.07,26.11,31.675,80.95,70.63,54.78,46.38,28.435,28.94,33.88
2017-11-15,33.685,26.18,31.44,80.72,70.23,54.2,46.18,28.19,28.765,33.63
2017-11-16,33.55,26.19,31.88,81.56,70.89,54.95,46.565,28.1,29.115,33.76
2017-11-17,33.715,26.16,31.675,81.24,70.5,54.76,46.77,27.905,29.155,33.56
2017-11-20,33.635,26.28,31.795,80.9,70.82,54.7,46.86,27.82,29.195,33.48
2017-11-21,33.71,26.36,32.13,81.61,71.33,54.88,47.15,27.895,29.35,33.66
2017-11-22,33.845,26.23,32.07,81.58,71.41,54.81,47.195,27.895,29.27,33.55
2017-11-24,33.94,26.22,32.25,81.77,71.41,54.77,47.315,27.94,29.42,33.67
2017-11-27,33.595,26.2,32.25,81.84,71.53,54.8,47.35,28.06,29.245,33.57
2017-11-28,33.855,26.88,32.355,82.44,72.62,55.25,47.875,28.19,29.57,33.49
2017-11-29,34.04,27.34,31.64,82.85,73.26,55.54,48.08,28.205,29.615,33.41
2017-11-30,34.55,27.52,31.92,83.47,74.51,56.05,48.325,28.3,29.78,33.45
2017-12-01,34.84,27.58,31.755,83.3,73.59,56.19,48.305,28.205,29.535,33.51
2017-12-04,34.825,28.0,31.245,82.28,74.21,56.72,48.865,28.045,29.84,33.07
2017-12-05,34.675,27.85,31.255,82.14,73.58,56.63,48.585,27.69,29.69,32.94
2017-12-06,34.225,27.75,31.455,82.07,73.69,56.99,48.27,27.795,29.515,32.99
2017-12-07,34.325,27.84,31.65,82.09,74.37,56.44,48.395,27.845,29.715,33.12
2017-12-08,34.64,28.01,31.8,83.01,74.69,56.59,48.625,27.935,29.715,33.2
2017-12-11,34.89,27.94,32.075,83.36,74.54,56.58,48.73,28.105,29.755,33.28
2017-12-12,34.795,28.22,32.065,83.69,74.62,56.59,48.75,27.625,29.76,33.43
2017-12-13,34.745,27.87,32.075,83.98,74.91,56.91,48.79,27.7,29.84,33.42
2017-12-14,34.62,27.69,32.035,83.13,74.4,56.66,48.94,27.665,29.51,33.45
2017-12-15,34.36,27.81,32.28,83.71,74.52,56.88,48.985,27.51,29.54,33.19
2017-12-18,34.625,28.06,32.565,83.74,75.05,56.85,49.425,27.205,29.975,33.3
2017-12-19,34.675,27.94,32.365,83.64,75.07,56.92,49.36,26.71,29.94,32.67
2017-12-20,35.165,27.89,32.355,83.37,75.32,56.82,49.265,26.5,29.95,32.32
2017-12-21,35.91,28.13,32.29,83.18,75.38,56.78,49.585,26.185,30.055,32.21
2017-12-22,35.985,28.05,32.27,82.91,75.4,56.87,49.49,26.225,30.17,32.42
2017-12-26,36.3,27.97,32.055,82.93,75.48,57.0,49.6,26.07,30.145,32.59
2017-12-27,36.18,28.0,32.09,83.07,75.66,56.99,49.5,26.18,30.185,32.72
2017-12-28,36.235,28.11,32.145,83.19,75.81,56.9,49.635,26.325,30.32,32.91
2017-12-29,36.13,27.91,31.975,82.68,75.67,56.89,49.345,26.34,30.265,32.94
2018-01-02,36.725,27.92,32.37,83.61,76.12,56.54,50.095,26.095,30.695,32.75
2018-01-03,37.275,28.07,32.64,84.41,76.53,56.52,50.325,25.89,30.91,32.76
2018-01-04,37.5,28.33,32.805,84.53,77.09,56.68,50.49,25.675,31.18,32.2
2018-01-05,37.485,28.41,33.15,85.25,77.62,56.93,50.89,25.665,31.43,32.27
2018-01-08,37.71,28.37,33.275,84.94,77.94,57.07,50.95,25.905,31.475,32.49
2018-01-09,37.615,28.59,33.19,85.94,78.44,56.99,51.05,25.65,31.425,32.12
2018-01-10,37.57,28.83,33.075,85.79,78.43,56.71,51.015,25.37,31.235,31.62
2018-01-11,38.34,28.97,33.21,86.16,79.43,56.63,51.845,25.275,31.645,31.42
2018-01-12,38.71,29.23,33.405,86.82,80.17,56.65,52.515,25.13,31.695,31.19
2018-01-16,38.22,29.15,33.275,87.25,79.45,56.91,52.14,25.075,31.325,31.34
2018-01-17,38.555,29.37,33.775,88.09,79.89,57.56,52.39,25.23,31.47,31.52
2018-01-18,38.24,29.33,33.835,88.11,79.46,57.39,52.345,25.07,31.45,31.22
2018-01-19,38.19,29.54,33.9,88.44,79.69,58.03,52.8,24.995,31.64,31.44
2018-01-22,39.015,29.78,34.23,89.02,79.69,58.47,53.385,25.03,31.565,31.74
2018-01-23,38.955,29.81,34.38,88.59,79.73,58.28,53.835,25.27,31.56,32.23
2018-01-24,38.85,30.01,34.115,88.85,79.66,58.4,54.065,25.115,31.695,32.14
2018-01-25,38.545,29.95,34.055,89.61,79.74,58.43,53.97,25.505,31.905,32.07
2018-01-26,38.755,30.17,34.595,91.54,80.66,58.71,54.5,25.52,32.045,32.16
2018-01-29,38.17,30.05,34.28,91.29,80.12,58.48,54.35,25.195,31.68,31.79
2018-01-30,37.4,29.66,33.97,89.37,79.49,58.09,54.08,25.24,31.45,31.66
2018-01-31,37.425,29.74,34.225,88.1,79.73,57.82,53.905,25.52,31.475,32.31
2018-02-01,37.81,30.02,34.255,88.13,79.59,57.57,53.305,25.12,31.045,31.72
2018-02-02,36.23,29.36,33.24,86.89,77.99,56.47,52.795,24.94,30.23,31.36
2018-02-05,34.71,27.88,31.85,83.04,74.45,54.42,51.015,24.53,29.075,30.55
2018-02-06,34.985,28.39,32.765,83.96,75.81,55.02,52.32,24.165,30.025,30.49
2018-02-07,34.4,28.41,32.345,83.86,75.95,54.78,52.16,24.05,29.755,30.35
2018-02-08,33.36,27.16,31.005,80.95,73.02,53.6,50.08,23.78,28.71,29.4
2018-02-09,33.335,27.68,31.765,82.1,73.81,53.71,50.415,24.28,29.21,30.09
2018-02-12,33.88,28.07,32.335,82.87,75.0,54.26,51.1,24.465,29.8,30.17
2018-02-13,33.74,28.19,32.415,82.93,75.17,54.51,51.365,24.575,29.725,30.39
2018-02-14,34.23,28.86,33.01,83.87,76.12,54.48,52.185,24.3,30.125,30.2
2018-02-15,34.145,29.02,33.64,84.8,77.27,55.38,52.65,24.84,30.35,30.48
2018-02-16,34.06,28.98,33.59,85.41,77.29,55.6,52.395,25.06,30.24,30.68
2018-02-20,33.875,28.89,33.62,84.47,76.51,54.34,52.235,24.735,30.105,30.37
2018-02-21,33.305,28.93,33.405,84.12,76.53,53.69,52.16,24.41,30.0,29.81
2018-02-22,33.67,28.69,33.445,83.99,77.04,53.83,52.225,24.535,30.2,30.15
2018-02-23,34.4,29.12,34.145,85.33,77.68,54.35,52.955,25.175,30.645,30.7
2018-02-26,34.605,29.56,34.68,86.41,78.75,54.69,53.4,25.1,30.78,30.81
2018-02-27,34.155,29.28,34.33,85.51,77.76,53.97,52.27,24.7,30.355,30.15
2018-02-28,33.37,28.87,34.085,84.14,76.65,53.41,52.035,24.53,29.815,30.11
2018-03-01,33.32,28.37,33.52,82.8,75.15,53.29,51.475,24.535,29.51,29.96
2018-03-02,33.475,28.44,33.84,83.64,75.13,53.74,51.525,24.47,29.48,29.86
2018-03-05,33.83,28.84,34.185,84.4,76.03,54.21,52.14,24.97,29.87,30.28
2018-03-06,33.85,28.96,34.26,84.28,76.37,54.25,52.5,24.635,30.2,30.4
2018-03-07,33.595,28.91,34.45,84.71,76.36,53.76,52.145,24.45,30.09,30.53
2018-03-08,33.585,29.0,34.6,85.28,76.76,54.25,52.31,24.63,30.115,30.77
2018-03-09,34.225,29.7,35.255,86.51,78.45,54.6,53.12,24.7,30.66,30.97
2018-03-12,34.215,29.6,35.365,86.14,77.48,54.5,53.295,24.805,30.585,31.12
2018-03-13,33.97,29.27,34.96,86.25,77.1,54.46,52.92,24.86,30.46,31.22
2018-03-14,33.77,28.94,34.93,85.83,76.26,53.91,52.855,25.115,30.085,31.28
2018-03-15,33.595,28.95,34.95,85.69,76.48,53.53,52.8,25.1,29.69,31.28
2018-03-16,33.655,28.87,34.805,85.39,76.58,53.25,52.59,25.125,29.575,31.26
2018-03-19,33.135,28.66,34.115,84.01,75.99,52.73,51.935,24.97,29.15,30.95
2018-03-20,33.415,28.73,34.1,84.13,76.25,52.58,52.245,24.855,29.12,30.94
2018-03-21,34.29,28.72,33.895,83.77,76.34,51.93,52.205,24.77,29.45,30.66
2018-03-22,33.59,27.66,33.02,81.36,73.82,51.5,51.095,24.88,28.57,30.55
2018-03-23,33.385,26.82,32.14,79.67,72.74,50.86,50.09,24.53,28.01,30.07
2018-03-26,33.985,27.69,33.36,81.32,74.5,51.59,51.57,24.785,28.585,30.48
2018-03-27,33.665,27.15,32.29,80.36,73.47,51.56,50.56,25.14,28.295,30.53
2018-03-28,33.01,27.2,32.075,80.79,73.22,52.27,49.945,25.13,27.935,31.09
2018-03-29,33.705,27.57,32.71,81.4,74.29,52.63,50.645,25.265,28.47,31.08
2018-04-02,33.03,26.96,31.93,79.55,72.76,51.34,49.215,25.07,27.85,30.7
2018-04-03,33.735,27.33,32.245,80.76,73.77,52.02,49.84,25.155,28.245,30.81
2018-04-04,33.69,27.62,32.695,81.91,74.09,52.83,50.755,25.21,28.43,31.17
2018-04-05,34.295,27.84,32.83,81.85,74.84,52.96,51.435,25.41,28.96,31.2
2018-04-06,33.675,27.17,32.025,79.88,72.77,52.42,50.34,25.21,28.255,30.88
2018-04-09,33.835,27.32,32.275,80.67,72.55,52.39,50.22,25.26,28.41,30.87
2018-04-10,34.955,27.73,33.07,82.03,73.66,52.51,50.83,25.065,28.995,30.66
2018-04-11,35.32,27.4,32.875,81.36,73.12,52.41,50.675,25.03,28.78,30.74
2018-04-12,35.315,27.88,33.27,81.91,74.17,52.33,50.895,24.7,29.085,30.38
2018-04-13,35.705,27.46,33.16,81.87,73.99,52.59,50.61,24.895,29.055,30.54
2018-04-16,36.07,27.58,33.415,82.52,74.73,53.16,50.99,25.235,29.445,30.68
2018-04-17,36.21,27.58,34.035,83.16,75.36,53.28,51.94,25.49,29.78,31.09
2018-04-18,36.78,27.45,33.945,83.23,76.14,52.88,52.185,25.395,29.995,31.01
2018-04-19,36.825,27.87,33.57,82.53,75.93,51.35,52.02,25.38,29.66,30.49
2018-04-20,36.65,27.88,33.105,82.09,75.6,50.49,51.49,25.15,29.5,30.22
2018-04-23,36.875,27.85,32.985,82.41,75.51,50.43,51.6,25.165,29.415,30.28
2018-04-24,36.48,27.67,32.41,81.79,73.4,50.11,50.785,25.335,28.62,30.31
2018-04-25,36.77,27.65,32.415,82.16,73.61,50.2,50.995,25.34,28.775,30.21
2018-04-26,37.305,27.66,33.005,83.2,73.34,50.5,51.82,25.595,28.955,30.6
2018-04-27,36.91,27.7,32.945,83.54,73.19,50.77,52.055,25.855,28.88,31.01
2018-04-30,36.905,27.45,32.73,82.26,72.22,50.45,51.85,25.78,28.505,30.89
2018-05-01,36.68,27.46,33.14,82.22,71.89,50.01,51.92,25.7,28.48,31.11
2018-05-02,36.83,27.15,33.105,81.09,71.26,49.03,51.565,25.675,28.415,30.97
2018-05-03,36.745,26.92,33.18,80.36,71.43,48.98,51.335,25.64,28.545,30.96
2018-05-04,36.925,27.27,33.81,81.0,72.26,49.69,52.01,25.755,28.9,31.31
2018-05-07,36.975,27.45,34.045,80.88,72.74,49.38,52.185,25.62,28.89,31.37
2018-05-08,37.265,27.64,34.12,80.27,73.26,49.18,51.965,24.98,28.83,31.15
2018-05-09,38.025,28.05,34.54,80.73,74.05,49.25,52.145,24.805,29.245,31.39
2018-05-10,38.31,28.28,34.99,81.81,74.55,49.54,52.335,25.155,29.455,31.68
2018-05-11,38.365,28.26,34.94,83.03,74.71,49.54,52.445,25.19,29.445,31.53
2018-05-14,38.63,28.24,34.935,83.58,74.58,49.52,52.545,25.095,29.56,31.31
2018-05-15,38.64,28.19,34.605,82.5,74.33,49.33,52.24,24.885,29.47,30.78
2018-05-16,38.775,28.24,34.76,82.96,74.6,49.68,52.675,24.69,29.82,30.7
2018-05-17,39.36,28.18,34.58,82.99,74.89,49.85,52.5,24.49,29.89,30.54
2018-05-18,39.055,27.95,34.435,83.2,75.33,49.54,52.435,24.495,29.93,30.56
2018-05-21,39.455,28.15,34.735,83.28,76.47,49.75,52.725,24.62,30.09,30.87
2018-05-22,38.93,28.34,34.685,83.12,75.53,49.66,52.49,24.71,29.84,30.91
2018-05-23,38.925,28.16,34.94,83.39,75.46,49.84,52.87,24.935,29.77,31.16
2018-05-24,38.285,27.94,34.9,83.06,75.83,49.8,52.985,25.14,29.665,31.04
2018-05-25,37.29,27.85,34.875,82.94,75.69,49.88,53.065,25.25,29.505,31.19
2018-05-29,37.175,26.92,34.685,82.09,74.48,49.77,52.655,25.25,28.995,31.27
2018-05-30,38.3,27.41,34.94,83.32,75.53,50.47,53.135,25.455,29.335,31.68
2018-05-31,38.01,27.18,34.95,82.41,74.44,49.66,52.88,25.495,29.09,31.58
2018-06-01,38.19,27.48,35.545,83.36,75.26,49.66,53.27,25.105,29.535,31.71
2018-06-04,37.86,27.57,35.83,83.67,75.15,50.07,53.865,24.905,29.705,32.02
2018-06-05,37.77,27.45,35.955,83.5,75.24,49.84,54.18,24.775,29.93,31.86
2018-06-06,37.95,27.95,36.19,84.44,75.87,49.9,54.685,24.185,30.485,31.95
2018-06-07,38.525,28.04,35.9,84.55,76.19,50.21,54.845,24.355,30.33,31.95
2018-06-08,38.45,28.08,35.84,85.04,76.44,50.83,54.96,24.345,30.415,32.06
2018-06-11,38.65,28.02,35.88,85.2,76.59,51.25,55.18,24.295,30.46,32.05
2018-06-12,38.355,27.95,36.055,85.15,76.51,51.35,55.445,24.575,30.5,32.23
2018-06-13,38.21,27.85,35.87,85.17,75.9,51.19,55.53,24.51,30.17,31.51
2018-06-14,38.155,27.59,36.125,85.61,75.61,51.28,56.11,24.815,30.215,31.81
2018-06-15,37.085,27.47,35.86,85.46,75.12,51.54,56.055,24.77,29.865,31.49
2018-06-18,37.455,27.42,35.9,84.64,74.81,50.79,55.96,24.85,29.79,31.46
2018-06-19,37.37,27.35,35.715,84.86,73.23,51.06,55.89,25.095,29.245,31.5
2018-06-20,37.535,27.28,35.79,85.04,73.28,51.11,56.155,25.115,29.15,31.84
2018-06-21,36.84,27.2,35.515,84.55,72.36,51.21,55.755,25.2,28.84,32.03
2018-06-22,37.575,27.07,35.4,84.93,72.61,51.63,55.66,25.375,29.26,32.31
2018-06-25,36.82,26.78,34.665,84.15,71.69,51.89,54.45,25.795,28.805,32.23
2018-06-26,37.285,26.69,34.805,83.89,71.96,51.67,54.84,25.825,28.915,32.4
2018-06-27,37.785,26.36,34.33,83.18,71.38,51.56,54.13,25.95,28.825,32.31
2018-06-28,37.735,26.59,34.75,83.29,71.48,51.56,54.555,25.94,28.935,32.63
2018-06-29,37.97,26.59,34.735,83.46,71.63,51.53,54.65,25.98,29.035,32.71
2018-07-02,37.41,26.72,35.045,83.72,71.79,51.23,54.725,26.165,28.88,32.52
2018-07-03,37.645,26.48,34.63,83.92,71.56,51.35,54.45,26.24,28.83,32.71
2018-07-05,37.605,26.54,35.12,84.79,71.91,52.06,54.72,26.38,29.08,33.14
2018-07-06,37.835,26.67,35.53,86.01,72.16,52.22,55.15,26.585,29.225,33.28
2018-07-09,38.4,27.28,35.8,86.64,73.5,52.02,55.81,25.765,29.485,32.97
2018-07-10,38.685,27.18,35.885,86.97,73.73,52.64,55.93,26.01,29.735,33.13
2018-07-11,37.865,27.05,35.745,86.28,72.52,52.47,55.8,26.245,29.235,33.03
2018-07-12,37.93,27.1,36.31,87.24,73.37,52.4,56.17,26.265,29.305,33.11
2018-07-13,38.13,26.98,36.27,87.4,73.75,52.74,56.295,26.27,29.29,33.0
2018-07-16,37.69,27.46,36.185,86.87,73.45,52.49,56.435,26.245,29.055,32.82
2018-07-17,37.54,27.49,36.455,87.35,73.74,52.94,56.49,26.225,29.435,32.6
2018-07-18,37.565,27.93,36.395,87.42,74.55,52.51,56.455,26.09,29.16,32.48
2018-07-19,37.575,27.51,36.265,86.93,74.52,52.54,56.325,26.33,29.265,32.79
2018-07-20,37.445,27.56,36.275,86.76,74.44,52.86,56.075,26.145,29.145,32.5
2018-07-23,37.28,27.94,36.46,86.94,73.98,52.53,56.015,25.96,28.985,32.41
2018-07-24,37.75,28.02,36.66,87.73,74.29,52.63,55.85,26.05,29.36,32.32
2018-07-25,38.065,28.08,37.12,88.85,75.42,53.03,56.26,26.125,29.59,32.64
2018-07-26,38.48,28.07,36.55,88.6,76.0,53.31,55.965,26.405,29.76,32.75
2018-07-27,38.315,28.13,35.925,87.96,76.01,53.38,55.82,26.32,29.65,32.45
2018-07-30,38.63,28.15,35.365,88.01,75.26,53.32,55.375,26.16,29.595,32.42
2018-07-31,38.56,27.95,35.46,88.93,76.92,53.57,55.635,26.395,29.865,33.05
2018-08-01,38.025,27.95,35.78,88.95,75.88,53.12,55.36,26.225,29.56,33.27
2018-08-02,37.815,27.96,36.23,89.28,75.78,53.66,55.74,26.355,29.365,33.11
2018-08-03,37.62,28.12,36.36,89.81,75.85,54.29,55.93,26.65,29.645,33.54
2018-08-06,37.76,28.27,36.555,89.97,75.96,54.34,56.305,26.67,29.635,33.47
2018-08-07,38.04,28.4,36.695,89.98,76.5,54.01,56.565,26.63,29.735,33.4
2018-08-08,37.765,28.47,36.795,90.12,76.16,53.6,56.625,26.49,29.61,33.19
2018-08-09,37.415,28.3,36.81,90.02,75.74,53.44,56.835,26.61,29.77,33.25
2018-08-10,37.645,27.97,36.515,89.63,75.07,53.24,56.36,26.495,29.34,32.93
2018-08-13,37.165,27.7,36.465,89.66,74.71,53.24,56.075,26.53,29.045,32.92
2018-08-14,37.255,27.96,36.69,90.08,75.23,53.61,56.62,26.585,29.29,33.05
2018-08-15,35.955,27.74,36.36,89.93,74.87,53.83,55.93,26.83,28.825,33.34
2018-08-16,36.215,28.11,36.52,90.81,75.82,54.6,56.205,27.12,29.0,33.6
2018-08-17,36.305,28.17,36.575,91.09,76.28,55.02,56.255,27.26,29.215,33.92
2018-08-20,36.55,28.26,36.52,91.39,76.79,54.99,56.655,27.165,29.42,33.96
2018-08-21,36.735,28.37,36.58,91.39,77.36,54.6,57.105,26.97,29.535,33.65
2018-08-22,37.175,28.27,36.69,91.48,76.61,54.26,57.165,26.77,29.385,33.44
2018-08-23,37.0,28.14,36.77,91.45,76.39,54.13,57.11,26.75,29.185,33.36
2018-08-24,37.27,28.24,37.14,91.89,76.72,54.06,57.445,26.865,29.565,33.59
2018-08-27,37.545,28.62,37.48,92.22,77.69,54.09,57.815,26.7,29.97,33.54
2018-08-28,37.385,28.59,37.545,92.27,77.53,53.91,57.93,26.645,29.855,33.95
2018-08-29,37.615,28.58,37.885,92.87,77.59,53.97,58.58,26.84,30.08,33.9
2018-08-30,37.51,28.36,37.77,92.8,77.05,53.8,58.245,26.85,29.725,33.72
2018-08-31,37.22,28.33,37.8,92.78,77.1,53.78,58.475,26.735,29.635,33.85
2018-09-04,37.14,28.47,37.655,92.04,77.04,53.71,58.585,26.855,29.43,33.55
2018-09-05,37.09,28.49,37.185,92.41,77.59,54.33,57.955,27.23,29.625,33.76
2018-09-06,36.405,28.36,36.915,92.41,77.83,54.48,57.795,27.385,29.685,33.87
2018-09-07,36.4,28.33,36.79,92.55,77.59,54.37,57.79,27.05,29.49,33.44
2018-09-10,36.385,28.3,36.905,92.31,77.99,54.56,58.005,27.185,29.525,33.62
2018-09-11,36.73,28.33,37.22,92.23,77.97,54.36,58.47,27.115,29.585,33.63
2018-09-12,36.92,28.07,37.065,92.69,78.21,54.99,58.58,27.09,29.6,33.66
2018-09-13,36.935,28.03,37.5,93.84,78.68,54.91,58.68,27.295,29.715,33.87
2018-09-14,37.13,28.23,37.47,93.53,79.07,54.76,58.46,27.15,29.705,33.58
2018-09-17,37.19,28.11,37.0,93.19,79.1,54.96,57.735,27.24,29.81,33.77
2018-09-18,37.435,28.25,37.235,93.73,79.82,54.73,58.47,27.19,29.84,33.57
2018-09-19,37.55,28.73,37.14,93.6,79.75,54.63,58.495,26.6,30.165,33.25
2018-09-20,37.56,28.98,37.58,94.51,79.87,55.32,58.895,26.655,30.49,33.5
2018-09-21,37.55,28.74,37.305,94.27,80.0,55.02,58.46,26.53,30.28,33.15
2018-09-24,38.1,28.42,37.49,94.46,78.63,54.18,58.08,26.295,29.855,32.5
2018-09-25,38.345,28.31,37.445,94.17,78.39,53.86,58.325,25.935,29.7,32.47
2018-09-26,37.975,27.97,37.305,94.38,78.34,53.92,58.46,25.68,29.405,32.11
2018-09-27,37.975,27.87,37.525,94.86,78.45,53.85,58.66,25.945,29.15,32.21
2018-09-28,37.87,27.58,37.665,95.15,78.4,53.93,58.61,26.325,28.965,32.61
2018-10-01,38.395,27.69,37.845,95.62,79.09,53.89,58.43,26.235,29.255,32.36
2018-10-02,38.435,27.69,37.85,95.51,79.27,54.2,57.64,26.59,29.38,32.26
2018-10-03,38.745,27.95,37.965,95.33,79.6,53.62,57.445,26.27,29.17,31.89
2018-10-04,38.585,28.14,37.28,94.4,79.34,53.49,56.545,26.41,29.035,31.74
2018-10-05,38.58,28.0,36.81,94.29,78.93,53.44,56.12,26.815,28.82,31.75
2018-10-08,38.55,28.19,36.395,94.25,79.13,54.18,56.265,27.04,28.805,32.16
2018-10-09,38.895,28.08,36.525,94.41,77.91,54.06,56.1,27.15,27.85,32.27
2018-10-10,37.675,27.21,34.755,92.18,75.4,53.41,54.21,27.0,27.12,31.76
2018-10-11,36.4,26.4,34.315,89.69,73.41,52.09,53.255,26.505,26.805,30.83
2018-10-12,36.5,26.43,35.415,91.07,73.9,52.38,54.24,26.475,26.88,30.81
2018-10-15,36.195,26.31,34.835,90.44,74.04,52.7,54.115,26.6,26.79,31.0
2018-10-16,36.495,26.75,35.885,92.92,75.29,53.29,55.2,26.875,27.22,31.58
2018-10-17,36.265,27.02,35.72,93.41,74.74,53.54,54.745,26.825,27.045,31.49
2018-10-18,36.085,26.57,35.02,92.35,73.45,53.47,53.695,26.865,26.74,31.5
2018-10-19,35.765,26.67,35.005,91.51,73.18,54.69,53.17,27.285,26.55,31.82
2018-10-22,35.37,26.1,35.295,90.76,72.93,54.28,53.385,27.11,26.34,31.37
2018-10-23,34.445,25.89,35.16,90.27,71.73,54.52,53.395,26.96,26.08,31.57
2018-10-24,33.085,25.24,33.585,87.29,69.3,54.75,51.8,27.615,25.255,31.94
2018-10-25,33.49,25.63,34.74,88.42,69.79,54.88,53.365,27.185,25.58,32.32
2018-10-26,33.24,25.26,34.045,87.42,69.1,53.83,51.705,26.685,25.43,31.48
2018-10-29,32.62,25.48,33.47,87.64,67.95,54.45,51.25,27.06,25.37,32.0
2018-10-30,33.375,25.92,33.845,88.58,69.35,55.53,52.02,27.165,25.95,32.53
2018-10-31,33.58,26.28,34.65,88.7,69.88,55.01,52.69,26.845,26.305,32.09
2018-11-01,33.865,26.4,35.055,89.82,71.11,55.4,53.765,26.725,27.045,32.21
2018-11-02,33.78,26.38,34.37,89.26,70.99,55.11,53.985,26.575,26.98,31.94
2018-11-05,34.345,26.8,34.335,90.05,71.36,55.8,54.06,26.95,27.06,32.47
2018-11-06,34.505,26.94,34.55,90.51,72.11,56.14,54.3,27.13,27.505,32.65
2018-11-07,35.07,27.29,35.565,93.17,73.28,56.46,55.77,27.44,28.0,33.01
2018-11-08,34.31,27.37,35.535,93.22,73.16,56.49,55.785,27.395,27.88,33.08
2018-11-09,34.25,27.12,34.92,92.95,72.42,56.82,55.01,27.435,27.49,33.12
2018-11-12,33.54,26.58,33.69,91.69,70.99,56.52,53.905,27.42,27.085,33.19
2018-11-13,32.77,26.73,33.73,91.05,71.31,56.39,53.88,27.535,27.005,33.26
2018-11-14,32.715,26.37,33.325,90.32,71.07,56.01,53.475,27.25,26.975,33.25
2018-11-15,33.195,26.76,34.16,91.12,72.01,55.92,53.395,27.025,27.345,32.99
2018-11-16,33.59,26.79,34.105,92.04,71.99,56.06,53.185,27.44,27.62,33.46
2018-11-19,33.58,26.78,32.805,90.87,70.85,55.97,51.885,27.56,27.225,33.55
2018-11-20,32.48,26.19,32.1,90.02,69.38,55.04,50.71,27.445,26.73,33.11
2018-11-21,32.99,26.21,32.335,89.51,69.87,54.6,51.24,27.04,26.945,33.09
2018-11-23,31.955,26.0,32.04,89.64,69.73,54.79,51.01,27.055,26.655,32.97
2018-11-26,32.435,26.53,32.765,90.51,70.24,54.86,52.155,27.215,26.96,33.04
2018-11-27,32.345,26.55,32.83,91.45,70.12,55.35,52.31,27.42,26.63,33.22
2018-11-28,32.9,27.06,33.98,93.65,71.8,55.81,53.855,27.4,27.04,33.49
2018-11-29,33.115,26.83,33.65,93.96,71.84,55.9,53.605,27.39,27.235,33.53
2018-11-30,33.055,26.97,33.97,95.87,72.54,56.26,53.995,27.795,27.305,33.85
2018-12-03,33.79,27.14,34.72,95.41,73.38,56.31,55.005,28.075,27.785,34.01
2018-12-04,32.82,25.96,33.405,93.28,70.26,55.36,53.025,28.095,26.96,33.56
2018-12-06,32.215,25.6,33.48,92.93,69.87,55.42,53.28,28.125,26.595,34.48
2018-12-07,32.035,25.11,32.3,90.56,68.03,54.72,51.685,28.23,25.955,33.96
2018-12-10,31.535,24.76,32.745,90.91,68.2,54.72,51.725,28.285,26.025,33.83
2018-12-11,31.545,24.52,32.785,91.19,67.8,55.17,51.745,28.4,25.94,33.89
2018-12-12,31.67,24.66,33.04,91.97,68.18,55.1,52.29,28.22,26.165,33.25
2018-12-13,31.77,24.48,33.095,92.06,67.99,55.44,52.03,28.465,25.86,33.48
2018-12-14,31.045,24.24,32.285,88.96,67.05,54.5,51.165,28.41,25.66,33.42
2018-12-17,30.48,24.0,31.6,87.19,65.95,53.24,49.865,27.495,25.22,32.17
2018-12-18,29.76,23.91,31.85,86.43,66.28,52.61,50.255,27.31,25.36,32.49
2018-12-19,29.41,23.61,31.22,85.3,65.03,52.1,49.26,27.265,25.015,32.19
2018-12-20,28.595,23.4,30.66,84.1,63.84,51.17,48.155,27.25,24.68,31.8
2018-12-21,28.055,22.79,29.6,82.68,62.25,50.18,46.88,26.905,24.3,30.95
2018-12-24,26.92,22.31,28.81,80.7,60.34,48.73,45.99,25.78,23.67,29.81
2018-12-26,28.595,23.32,30.55,84.22,63.15,50.09,48.715,26.13,24.73,30.76
2018-12-27,28.745,23.6,30.77,85.15,63.94,50.57,48.975,26.35,25.185,30.83
2018-12-28,28.525,23.59,30.7,85.25,63.77,50.57,48.98,26.415,25.05,30.94
2018-12-31,28.675,23.82,30.99,86.51,64.41,50.78,49.505,26.46,25.26,31.0
2019-01-02,29.24,24.02,31.01,85.2,64.74,50.48,49.88,26.005,25.39,30.29
2019-01-03,28.95,23.48,29.445,83.47,62.77,50.19,48.8,26.0,24.67,30.43
2019-01-04,29.935,24.26,30.75,85.96,65.15,51.26,50.415,26.385,25.64,30.74
2019-01-07,30.38,24.29,31.025,86.29,65.68,51.19,51.555,26.205,25.73,31.0
2019-01-08,30.615,24.31,31.285,86.96,66.58,51.66,52.125,26.53,26.0,31.54
2019-01-09,31.1,24.43,31.69,87.35,67.03,51.18,52.39,26.37,26.01,31.41
2019-01-10,31.19,24.44,31.83,87.52,67.94,51.48,52.24,26.715,26.24,31.91
2019-01-11,31.005,24.5,31.77,87.81,67.87,51.63,52.29,26.615,26.135,31.97
2019-01-14,30.93,24.67,31.475,86.84,67.86,51.38,51.97,26.015,25.935,31.87
2019-01-15,31.04,24.89,31.95,88.4,67.65,51.89,52.44,26.335,25.765,32.23
2019-01-16,31.0,25.42,31.98,88.24,67.72,51.61,52.32,26.43,25.865,32.38
2019-01-17,31.285,25.56,32.185,89.02,68.88,51.83,52.675,26.54,26.32,32.54
2019-01-18,31.92,26.0,32.675,90.08,70.19,52.45,53.405,26.57,26.755,32.66
2019-01-22,31.225,25.7,32.125,89.46,68.74,51.97,52.605,26.62,26.385,32.6
2019-01-23,30.905,25.73,32.235,89.56,68.84,52.59,52.71,26.89,26.205,32.62
2019-01-24,31.07,25.79,32.505,88.81,69.19,51.94,52.93,27.03,26.065,32.75
2019-01-25,31.465,26.0,32.965,88.92,70.07,51.73,53.515,26.66,26.56,33.13
2019-01-28,31.15,25.92,32.525,87.91,69.4,51.95,53.205,26.535,26.52,33.46
2019-01-29,31.245,25.83,32.175,88.34,70.36,52.07,52.86,26.61,26.795,33.72
2019-01-30,31.685,25.98,33.175,89.55,71.46,52.42,53.9,26.815,27.08,34.0
2019-01-31,31.89,25.94,33.14,90.67,71.77,53.39,54.39,27.38,26.675,34.33
2019-02-01,32.445,26.05,33.335,90.75,71.88,53.22,53.595,27.275,26.755,34.12
2019-02-04,32.52,26.16,33.87,90.49,72.81,53.56,53.945,27.32,26.71,34.32
2019-02-05,32.57,26.09,34.155,90.36,73.44,53.57,54.45,27.375,26.905,34.55
2019-02-06,32.33,26.06,34.27,90.77,73.46,53.58,54.225,27.36,26.745,34.28
2019-02-07,31.615,25.8,33.8,89.77,72.96,53.54,53.78,27.72,26.375,34.57
2019-02-08,31.47,25.67,33.995,89.94,73.07,53.79,53.565,27.84,26.35,34.57
2019-02-11,31.62,25.75,33.98,89.83,73.46,53.93,53.66,27.83,26.39,34.67
2019-02-12,32.02,26.13,34.43,91.06,74.6,54.35,54.485,27.895,26.98,34.43
2019-02-13,32.42,26.2,34.475,91.26,75.04,54.45,54.855,27.815,27.015,34.66
2019-02-14,32.535,25.88,34.535,91.47,74.69,53.84,54.655,27.77,26.875,34.79
2019-02-15,33.06,26.43,34.81,92.85,75.69,54.35,55.03,27.855,27.24,35.0
2019-02-19,33.16,26.47,34.82,92.63,75.66,54.63,55.255,28.02,27.41,35.04
2019-02-20,33.3,26.64,34.86,92.52,76.02,54.53,55.365,28.145,27.88,34.82
2019-02-21,32.785,26.5,34.875,91.71,75.71,54.69,55.255,28.35,27.77,34.88
2019-02-22,32.88,26.46,35.32,92.55,76.21,54.43,55.555,28.525,27.89,35.08
2019-02-25,32.935,26.57,35.49,92.68,76.51,54.13,55.37,28.34,28.07,34.79
2019-02-26,32.83,26.49,35.565,92.35,76.3,54.16,55.445,28.305,27.91,34.72
2019-02-27,32.955,26.59,35.53,91.92,76.6,54.08,55.405,28.34,27.865,34.61
2019-02-28,32.625,26.52,35.43,91.65,76.34,54.34,55.105,28.505,27.525,34.71
2019-03-01,33.225,26.69,35.67,92.95,76.41,54.24,55.55,28.565,27.49,34.67
2019-03-04,33.285,26.52,35.535,91.69,76.07,54.15,55.375,28.615,27.615,34.81
2019-03-05,33.175,26.42,35.43,91.64,75.58,54.11,55.515,28.58,27.485,34.91
2019-03-06,32.755,26.25,35.245,90.3,74.87,54.03,55.255,28.58,27.545,34.82
2019-03-07,32.56,25.98,34.91,89.59,74.42,53.68,54.585,28.675,27.32,34.79
2019-03-08,31.95,25.97,34.905,89.4,74.27,53.71,54.205,28.775,27.365,34.82
2019-03-11,32.45,26.24,35.655,90.42,74.9,54.41,54.95,28.98,27.755,35.36
2019-03-12,32.66,26.3,35.865,91.08,74.28,54.43,55.105,29.18,27.86,35.55
2019-03-13,32.99,26.48,36.1,92.06,74.93,54.74,55.3,29.21,27.995,35.72
2019-03-14,33.025,26.58,36.175,91.91,74.68,54.69,55.135,29.205,27.785,35.81
2019-03-15,32.755,26.63,36.495,91.99,73.99,54.7,55.3,29.095,27.7,35.46
2019-03-18,33.21,26.9,36.65,91.85,74.71,54.78,55.835,28.985,27.765,35.28
2019-03-19,33.12,26.69,36.725,92.58,74.44,54.74,56.115,28.655,27.73,35.18
2019-03-20,33.41,26.14,36.625,91.94,73.93,54.51,56.195,28.73,27.705,35.34
2019-03-21,33.645,26.06,37.545,92.3,74.64,55.15,56.965,29.035,28.0,35.97
2019-03-22,32.735,25.34,36.66,90.62,72.95,55.08,55.835,29.245,27.165,35.8
2019-03-25,32.75,25.23,36.5,90.57,73.12,55.19,56.165,29.27,27.115,35.83
2019-03-26,33.22,25.53,36.7,91.19,73.61,55.66,56.405,29.48,27.28,36.05
2019-03-27,32.985,25.42,36.49,90.43,73.69,55.47,56.29,29.275,27.245,35.93
2019-03-28,33.11,25.64,36.64,90.66,74.23,55.74,56.63,28.93,27.51,36.23
2019-03-29,33.06,25.71,37.0,91.75,75.03,56.11,56.925,29.085,27.75,36.22
2019-04-01,33.495,26.34,37.505,91.89,76.58,55.92,57.55,28.885,28.165,36.11
2019-04-02,33.265,26.32,37.635,91.68,76.55,55.46,57.54,28.925,28.26,36.42
2019-04-03,32.945,26.4,37.94,91.56,76.32,55.19,57.945,28.88,28.63,36.38
2019-04-04,33.22,26.56,37.78,91.37,76.79,55.4,58.415,28.78,28.92,36.27
2019-04-05,33.805,26.6,37.96,92.0,77.01,55.59,58.76,29.05,28.91,36.55
2019-04-08,33.955,26.63,38.105,91.98,76.68,55.82,58.97,28.845,28.92,36.37
2019-04-09,33.54,26.41,37.925,91.74,75.64,55.75,58.44,28.915,28.71,36.26
2019-04-10,33.665,26.49,38.19,91.77,75.62,55.91,58.72,28.825,28.695,36.55
2019-04-11,33.69,26.65,38.14,90.64,76.27,56.02,58.795,28.97,28.68,36.5
2019-04-12,33.78,27.14,38.405,89.81,77.28,56.2,59.16,29.105,29.06,36.7
2019-04-15,33.58,26.97,38.39,90.17,76.85,56.53,59.28,29.1,28.925,36.48
2019-04-16,33.8,27.35,38.585,88.32,77.32,56.54,59.54,28.74,29.055,35.62
2019-04-17,33.755,27.42,38.8,85.78,77.42,56.82,59.655,28.63,28.875,35.25
2019-04-18,33.595,27.34,38.91,85.92,78.31,56.87,59.635,28.645,28.91,35.53
2019-04-22,34.305,27.26,39.0,85.97,78.07,56.89,59.41,28.62,28.715,35.14
2019-04-23,34.25,27.43,39.425,87.33,78.75,56.71,60.12,28.7,28.845,35.54
2019-04-24,33.65,27.4,39.44,87.23,78.52,56.83,60.175,28.885,28.665,35.79
2019-04-25,33.545,27.45,39.43,88.13,76.94,56.47,59.86,29.005,28.3,35.75
2019-04-26,33.11,27.7,39.28,89.01,77.52,56.98,60.335,29.05,28.535,35.99
2019-04-29,33.08,27.98,39.29,88.85,77.7,57.05,60.125,28.88,28.48,35.62
2019-04-30,33.055,28.02,39.355,89.26,78.01,57.71,60.035,29.355,28.725,36.03
2019-05-01,32.395,27.79,39.255,89.1,77.5,57.0,59.305,29.055,28.205,36.03
2019-05-02,31.83,27.82,39.05,89.48,77.46,56.98,59.35,28.99,28.06,36.1
2019-05-03,32.125,28.07,39.42,90.16,78.4,57.41,60.05,29.15,28.335,36.35
2019-05-06,32.155,27.88,39.115,90.62,77.65,57.32,59.685,28.99,27.93,36.2
2019-05-07,31.875,27.42,38.275,88.88,76.08,56.75,58.78,28.9,27.44,35.58
2019-05-08,31.875,27.36,38.23,89.07,76.08,56.74,58.8,28.505,27.415,35.58
2019-05-09,31.875,27.3,37.97,88.88,75.97,56.62,58.56,28.47,27.2,35.7
2019-05-10,32.025,27.48,38.09,88.91,76.27,57.31,58.645,28.98,27.57,36.11
2019-05-13,31.475,26.68,36.655,87.24,74.1,56.77,56.9,29.29,26.95,36.11
2019-05-14,31.86,26.89,37.245,87.68,74.87,57.04,57.475,29.095,27.18,36.24
2019-05-15,32.025,26.79,37.65,87.94,74.97,57.49,57.865,29.045,27.11,36.48
2019-05-16,32.2,27.06,37.995,88.63,75.66,57.94,58.4,29.24,27.49,36.69
2019-05-17,31.875,26.88,37.69,88.44,74.82,57.75,57.955,29.39,27.325,36.64
2019-05-20,31.89,26.91,37.035,88.4,74.63,57.61,57.545,29.43,26.935,36.05
2019-05-21,32.26,27.19,37.49,89.23,75.51,57.49,57.945,29.485,27.35,36.35
2019-05-22,31.76,27.03,37.295,89.74,74.89,57.75,57.35,29.705,27.16,36.52
2019-05-23,30.695,26.65,36.64,89.43,73.75,57.73,56.64,29.96,26.745,36.7
2019-05-24,30.81,26.86,36.65,89.56,73.78,57.52,56.715,29.915,26.895,36.75
2019-05-28,30.49,26.55,36.545,88.28,73.1,56.58,56.34,29.425,26.625,36.37
2019-05-29,30.295,26.5,36.33,87.43,72.77,56.17,55.84,29.035,26.63,35.95
2019-05-30,29.91,26.41,36.555,87.91,73.05,56.41,56.205,28.99,26.675,36.17
2019-05-31,29.385,26.01,35.945,87.28,72.05,55.61,55.47,29.125,26.375,36.47
2019-06-03,29.76,26.18,35.315,87.49,72.54,56.31,55.005,29.415,27.205,36.61
2019-06-04,30.275,26.89,36.495,88.94,74.27,56.82,56.495,29.44,27.97,36.41
2019-06-05,29.94,27.06,36.97,89.61,74.99,57.47,56.775,30.07,28.175,37.24
2019-06-06,30.495,27.16,37.4,90.07,75.12,58.07,57.065,30.255,28.51,37.31
2019-06-07,30.635,27.12,38.095,91.01,75.72,58.63,57.89,30.03,28.765,37.43
2019-06-10,30.725,27.35,38.485,91.28,75.82,58.65,58.38,29.825,28.815,37.3
2019-06-11,30.785,27.36,38.485,91.13,75.17,58.84,58.605,29.645,28.795,37.37
2019-06-12,30.35,27.09,38.27,91.57,75.33,58.93,58.59,30.03,28.89,37.51
2019-06-13,30.705,27.18,38.385,91.46,75.71,59.06,59.115,30.09,29.06,37.56
2019-06-14,30.505,27.24,38.05,91.25,75.41,59.09,59.245,30.405,28.935,37.72
2019-06-17,30.76,26.99,38.08,91.66,75.15,58.92,59.27,30.32,28.67,38.13
2019-06-18,31.185,27.35,38.77,92.44,76.61,58.6,59.72,30.195,28.895,38.02
2019-06-19,31.15,27.3,38.91,93.27,76.55,58.84,59.83,30.425,28.735,38.27
2019-06-20,31.84,27.42,39.48,93.68,77.83,59.36,60.245,30.62,29.1,38.5
2019-06-21,31.78,27.22,39.155,93.73,77.08,58.72,59.76,30.495,28.835,37.77
2019-06-24,31.495,27.11,39.23,93.24,76.93,58.87,59.44,30.505,28.945,37.58
2019-06-25,31.245,27.02,38.51,92.86,76.35,58.84,58.87,30.32,28.96,37.07
2019-06-26,31.725,26.97,38.925,91.69,76.54,58.0,59.06,29.66,28.91,36.35
2019-06-27,31.49,27.21,39.025,92.33,76.61,58.11,59.43,29.7,29.005,36.65
2019-06-28,31.855,27.6,39.02,92.64,77.42,58.07,59.6,29.815,29.25,36.77
2019-07-01,31.885,27.93,39.64,93.1,77.49,58.42,60.125,29.74,29.475,36.7
2019-07-02,31.375,27.86,39.745,93.6,77.39,58.93,60.255,30.145,29.445,37.38
2019-07-03,31.5,28.08,40.05,94.4,77.82,59.66,60.78,30.355,29.595,37.92
2019-07-05,31.545,28.16,39.975,93.75,77.51,59.4,60.85,30.34,29.46,37.71
2019-07-08,31.59,28.02,39.67,93.05,76.87,59.48,60.925,30.385,29.12,37.85
2019-07-09,31.615,28.07,39.81,93.14,76.7,59.13,60.99,30.425,28.835,38.05
2019-07-10,32.02,27.97,40.125,93.46,76.52,59.51,61.21,30.495,28.775,38.26
2019-07-11,32.085,28.13,40.275,93.48,77.04,59.66,61.335,30.505,28.9,37.77
2019-07-12,32.22,28.32,40.57,92.44,78.39,59.83,62.04,30.305,29.185,37.62
2019-07-15,31.93,28.16,40.705,92.64,78.07,59.97,62.24,30.425,29.205,37.67
2019-07-16,31.59,28.09,40.325,92.18,78.57,59.99,62.16,30.25,29.275,37.61
2019-07-17,31.23,27.85,40.22,92.2,76.89,59.92,61.565,30.365,29.015,37.42
2019-07-18,31.235,28.06,40.52,92.72,77.03,60.32,61.485,30.63,29.14,37.41
2019-07-19,31.38,27.94,40.345,91.76,77.45,59.94,61.08,30.185,29.205,36.8
2019-07-22,31.525,28.0,40.81,91.57,77.51,59.59,61.115,30.12,29.13,36.76
2019-07-23,31.61,28.29,41.035,92.14,78.49,60.02,61.53,29.93,29.73,37.12
2019-07-24,31.745,28.58,41.375,92.19,78.83,59.62,61.84,29.955,29.71,37.09
2019-07-25,31.385,28.38,41.205,91.74,78.67,59.7,61.495,29.88,29.495,36.93
2019-07-26,31.225,28.69,41.295,92.07,78.5,60.37,61.775,29.99,29.53,37.05
2019-07-29,31.1,28.47,41.27,92.45,78.36,60.48,61.475,30.145,29.43,37.19
2019-07-30,31.45,28.39,41.005,92.05,78.7,60.66,61.06,29.915,29.625,37.56
2019-07-31,31.35,28.25,40.385,91.14,77.82,59.43,60.36,29.775,29.17,37.41
2019-08-01,30.64,27.61,40.18,91.26,76.31,59.22,59.54,30.08,29.005,37.5
2019-08-02,30.2,27.6,39.525,91.05,75.82,59.23,59.05,30.075,28.665,37.79
2019-08-05,29.3,26.68,37.875,88.91,73.72,57.69,57.465,29.645,28.125,37.07
2019-08-06,29.265,27.11,38.505,90.06,74.83,58.21,58.34,30.015,28.16,37.53
2019-08-07,29.045,26.75,38.745,90.09,74.79,58.89,58.575,30.09,28.55,37.88
2019-08-08,29.88,27.26,39.695,91.29,76.06,59.65,59.705,30.4,29.095,38.48
2019-08-09,29.55,27.17,39.245,91.4,75.42,59.32,59.145,30.435,28.865,38.47
2019-08-12,29.175,26.65,38.73,90.51,74.38,58.92,58.285,30.375,28.415,38.43
2019-08-13,29.47,26.98,39.7,91.69,75.27,59.59,59.245,30.395,28.72,38.46
2019-08-14,28.315,25.98,38.48,89.14,72.97,58.65,57.39,30.145,27.81,37.86
2019-08-15,28.14,26.11,38.41,89.45,72.89,59.53,57.295,30.535,27.82,38.39
2019-08-16,28.51,26.57,39.14,90.55,74.3,60.21,57.945,30.69,28.31,38.66
2019-08-19,29.14,26.84,39.735,91.42,75.0,60.81,58.675,30.885,28.535,39.01
2019-08-20,28.895,26.48,39.535,90.64,74.56,60.15,58.69,30.835,28.2,38.72
2019-08-21,29.08,26.6,40.0,91.31,75.02,60.31,59.82,31.04,28.345,38.88
2019-08-22,28.95,26.78,39.905,90.86,75.13,60.63,59.835,31.07,28.155,39.07
2019-08-23,27.98,26.1,38.585,88.76,73.12,59.62,58.245,30.74,27.475,38.58
2019-08-26,28.1,26.35,39.12,89.69,73.66,60.36,58.82,31.095,27.565,38.94
2019-08-27,27.925,26.19,39.06,89.16,73.28,60.19,58.53,31.15,27.585,38.81
2019-08-28,28.325,26.43,39.095,89.81,74.18,60.77,59.26,31.065,27.8,38.92
2019-08-29,28.74,26.83,39.775,90.49,75.45,60.8,60.15,31.28,28.155,39.2
2019-08-30,28.74,26.92,39.765,90.6,75.76,60.72,59.79,31.29,28.345,39.21
2019-09-03,28.6,26.64,39.28,90.07,74.73,61.07,59.545,31.845,28.12,39.77
2019-09-04,29.0,26.9,39.95,90.13,75.68,61.62,60.135,31.875,28.465,40.1
2019-09-05,29.36,27.45,40.785,91.02,77.04,61.24,61.285,31.53,28.51,39.75
2019-09-06,29.515,27.44,40.75,91.27,77.2,61.44,61.435,31.405,28.62,39.8
2019-09-09,30.105,27.86,40.445,90.43,77.43,61.3,61.67,31.25,28.47,39.5
2019-09-10,30.46,27.96,40.24,90.69,78.14,60.92,61.425,31.29,28.75,38.92
2019-09-11,30.49,28.12,40.66,91.59,78.87,61.14,61.54,31.6,29.025,38.83
2019-09-12,30.3,28.27,40.88,91.56,78.92,61.39,61.835,31.67,29.25,39.06
2019-09-13,30.54,28.49,40.58,91.51,79.35,61.04,61.71,31.47,29.57,38.59
2019-09-16,31.565,28.39,40.48,91.31,79.28,60.45,60.92,31.495,29.085,38.99
2019-09-17,31.125,28.42,40.645,91.45,79.24,60.78,61.29,31.77,29.32,39.54
2019-09-18,30.975,28.52,40.64,91.44,79.12,60.88,61.26,31.905,29.335,39.42
2019-09-19,30.895,28.39,40.73,91.87,78.72,60.87,61.095,32.055,29.385,39.55
2019-09-20,30.64,28.08,40.13,92.0,77.81,60.32,60.195,31.935,29.17,39.12
2019-09-23,30.65,28.13,40.255,91.51,77.66,60.56,60.405,31.94,29.1,39.26
2019-09-24,30.165,27.86,39.865,90.67,77.22,60.81,59.76,32.315,28.85,39.21
2019-09-25,30.215,28.09,40.34,90.23,77.72,60.85,60.305,32.295,29.0,39.17
2019-09-26,29.82,27.96,40.385,89.73,77.83,61.19,60.045,32.465,28.935,39.55
2019-09-27,29.815,28.07,39.845,89.33,77.52,61.12,59.835,32.35,28.855,39.29
2019-09-30,29.6,28.0,40.265,90.13,77.63,61.42,60.35,32.37,29.1,39.34
2019-10-01,28.915,27.41,39.89,89.25,75.77,61.26,59.845,32.295,28.415,39.0
2019-10-02,28.205,26.85,39.14,87.95,74.34,60.03,58.77,31.865,27.905,38.76
2019-10-03,28.51,26.96,39.62,88.74,74.83,60.45,59.055,31.94,28.005,39.22
2019-10-04,28.69,27.46,40.275,90.13,75.61,61.4,59.61,32.385,28.155,39.4
2019-10-07,28.435,27.32,40.105,89.83,75.23,60.9,59.35,32.26,28.055,39.33
2019-10-08,27.95,26.78,39.37,88.12,74.07,60.32,58.725,31.96,27.565,39.14
2019-10-09,28.205,27.03,39.955,88.76,74.7,60.78,59.225,32.115,27.875,39.26
2019-10-10,28.56,27.31,40.23,89.2,75.38,60.9,59.62,32.08,28.13,39.36
2019-10-11,28.945,27.65,40.785,89.94,76.8,60.84,60.295,31.96,28.675,39.23
2019-10-14,28.93,27.69,40.76,89.9,76.65,60.54,60.265,31.755,28.47,39.29
2019-10-15,29.05,28.09,41.21,91.54,77.27,60.28,60.795,31.655,28.67,39.32
2019-10-16,28.645,28.02,40.925,91.42,77.23,60.34,61.045,31.725,28.73,39.27
2019-10-17,28.665,28.04,40.845,92.1,77.61,60.62,61.205,31.805,28.805,39.53
2019-10-18,28.515,28.11,40.455,91.76,76.94,60.74,61.085,31.91,28.755,39.91
2019-10-21,29.025,28.5,40.89,91.66,77.4,60.94,61.3,32.035,28.665,40.18
2019-10-22,29.4,28.42,40.34,91.86,78.01,60.96,60.91,32.17,28.545,40.06
2019-10-23,29.645,28.54,40.375,92.43,78.0,61.24,60.63,32.3,28.725,40.13
2019-10-24,29.52,28.5,40.965,91.96,78.11,61.45,60.6,32.41,28.815,39.98
2019-10-25,29.76,28.64,41.46,92.06,78.6,61.09,60.53,32.08,29.13,39.49
2019-10-28,29.59,28.79,41.985,93.01,78.82,60.97,60.72,31.64,29.22,39.07
2019-10-29,29.71,28.86,41.605,94.33,79.08,60.97,60.375,31.67,29.4,39.17
2019-10-30,29.105,28.84,41.86,94.86,79.36,61.25,60.75,31.95,29.425,39.46
2019-10-31,28.98,28.7,41.835,94.75,78.51,61.16,60.425,32.125,29.095,39.33
2019-11-01,29.64,29.12,42.335,94.87,80.22,61.15,60.825,32.045,29.505,39.23
2019-11-04,30.605,29.37,42.555,94.58,81.15,60.56,60.855,31.635,29.735,38.79
2019-11-05,30.645,29.48,42.505,93.91,81.32,60.76,60.945,31.31,29.785,38.12
2019-11-06,30.02,29.63,42.485,94.23,81.37,61.01,61.01,31.43,29.765,38.26
2019-11-07,30.47,29.85,42.82,94.44,81.65,60.8,60.645,31.005,29.965,37.85
2019-11-08,30.345,29.84,43.06,95.13,81.76,60.76,60.67,30.875,30.085,37.78
2019-11-11,30.175,29.76,43.08,94.74,81.8,60.67,60.545,30.685,30.04,37.85
2019-11-12,30.02,29.8,43.225,95.31,81.79,60.87,60.505,30.76,30.195,37.6
2019-11-13,29.89,29.61,43.32,95.42,81.45,61.33,60.315,31.215,30.02,37.98
2019-11-14,29.81,29.67,43.27,95.43,81.71,61.31,60.575,31.325,30.205,38.36
2019-11-15,30.04,29.75,43.62,97.46,82.31,61.33,60.685,31.425,30.18,38.55
2019-11-18,29.675,29.81,43.75,97.13,82.0,61.65,60.895,31.49,30.105,38.76
2019-11-19,29.235,29.87,43.835,97.79,81.93,61.57,60.225,31.41,30.04,38.84
2019-11-20,29.53,29.73,43.57,97.66,81.28,61.71,60.085,31.6,29.665,38.86
2019-11-21,30.015,29.7,43.35,97.91,81.25,61.4,59.745,31.49,29.615,38.34
2019-11-22,29.915,29.92,43.295,98.26,81.67,61.3,60.155,31.5,29.665,38.12
2019-11-25,29.945,30.11,43.925,99.41,82.26,61.37,60.685,31.395,29.86,38.15
2019-11-26,29.67,30.08,43.965,99.33,82.5,61.87,61.1,31.5,30.01,38.68
2019-11-27,29.745,30.2,44.21,99.84,82.42,62.02,61.625,31.555,30.13,38.8
2019-11-29,29.445,30.15,44.08,99.49,82.04,62.0,61.225,31.525,30.02,38.65
2019-12-02,29.445,29.96,43.45,99.05,80.69,62.14,60.72,31.32,29.72,37.94
2019-12-03,29.005,29.54,43.065,98.83,79.81,62.04,60.11,31.405,29.53,38.25
2019-12-04,29.44,29.82,43.24,99.75,80.12,62.45,60.445,31.645,29.595,38.45
2019-12-05,29.3,29.96,43.4,99.75,80.14,62.43,60.385,31.7,29.745,38.51
2019-12-06,29.86,30.36,43.88,100.41,81.11,62.67,60.87,31.605,30.05,38.52
2019-12-09,29.825,30.29,43.65,99.71,80.8,62.72,60.945,31.495,29.99,38.57
2019-12-10,29.885,30.3,43.685,99.93,80.7,62.52,60.84,31.49,29.81,38.3
2019-12-11,29.835,30.23,43.98,100.02,81.21,62.61,60.995,31.575,30.035,38.01
2019-12-12,30.385,30.82,44.45,100.95,81.93,62.56,61.53,31.44,30.455,37.55
2019-12-13,30.155,30.71,44.745,100.88,81.71,62.78,61.585,31.685,30.22,37.59
2019-12-16,30.56,30.82,45.145,101.97,81.67,63.0,61.855,32.08,30.35,37.88
2019-12-17,30.58,30.94,45.04,101.86,81.59,62.9,62.13,32.185,30.395,37.47
2019-12-18,30.695,30.81,45.035,102.0,81.25,62.8,62.19,32.315,30.355,38.0
2019-12-19,30.685,30.8,45.36,102.4,81.47,63.14,62.385,32.325,30.46,38.36
2019-12-20,30.68,30.68,45.475,102.7,81.44,63.1,62.275,32.295,30.44,38.24
2019-12-23,30.995,30.61,45.605,103.11,82.11,62.83,62.13,31.995,30.525,38.01
2019-12-24,30.98,30.68,45.62,102.98,81.78,62.91,62.27,32.04,30.56,38.06
2019-12-26,30.97,30.85,45.96,102.91,81.97,62.97,63.03,32.095,30.695,38.29
2019-12-27,30.84,30.77,45.955,102.94,81.9,63.25,63.025,32.19,30.58,38.43
2019-12-30,29.85,30.68,45.69,101.66,81.52,62.92,62.62,32.185,30.485,38.4
2019-12-31,30.02,30.78,45.835,101.86,81.47,62.98,62.71,32.31,30.71,38.67
2020-01-02,30.29,31.08,46.695,102.13,83.01,62.48,63.455,31.905,30.35,38.22
2020-01-03,30.2,30.75,46.17,101.24,82.85,62.38,62.915,31.97,29.86,38.5
2020-01-06,30.435,30.73,46.28,101.87,82.88,62.51,63.09,32.0,29.73,38.51
2020-01-07,30.355,30.53,46.26,101.67,82.71,62.03,62.99,31.955,29.695,38.09
2020-01-08,29.855,30.73,46.755,102.33,82.99,62.26,63.18,31.94,29.8,38.28
2020-01-09,30.075,30.92,47.285,102.77,83.34,62.7,63.515,32.115,29.91,38.27
2020-01-10,29.905,30.69,47.175,102.8,82.75,62.66,63.17,32.2,29.79,38.64
2020-01-13,29.915,30.9,47.765,102.44,83.43,63.07,63.37,32.395,30.175,39.11
2020-01-14,29.92,30.84,47.54,103.06,83.44,63.09,63.35,32.49,30.05,38.92
2020-01-15,29.7,30.67,47.595,103.95,83.57,63.54,63.205,32.945,30.255,39.19
2020-01-16,29.75,30.94,48.235,104.49,84.4,63.71,63.77,33.15,30.435,39.54
2020-01-17,29.56,31.03,48.56,104.49,84.41,63.82,63.995,33.38,30.57,39.59
2020-01-21,29.03,30.77,48.54,104.6,83.48,64.04,63.8,33.685,30.24,39.99
2020-01-22,28.75,30.86,48.715,104.73,83.04,64.09,63.77,33.79,30.12,39.67
2020-01-23,28.64,30.78,48.945,104.2,83.94,64.03,63.865,34.09,30.085,40.05
2020-01-24,28.31,30.39,48.715,102.46,83.55,63.59,62.975,34.18,29.87,39.99
2020-01-27,27.525,29.92,47.555,101.68,81.97,63.39,62.035,34.095,29.225,39.82
2020-01-28,27.65,30.27,48.465,102.18,82.5,63.47,62.64,34.235,29.555,39.92
2020-01-29,27.36,30.22,48.59,101.9,82.94,63.15,62.605,34.325,29.65,39.71
2020-01-30,27.58,30.6,49.01,101.16,83.03,63.9,62.5,34.645,29.465,39.8
2020-01-31,26.72,29.96,47.665,99.14,81.11,63.18,62.66,34.49,28.815,39.23
2020-02-03,26.37,30.17,48.295,100.04,81.08,63.18,63.105,34.6,29.42,39.27
2020-02-04,26.465,30.46,49.56,101.8,82.61,63.56,64.255,34.255,29.94,39.78
2020-02-05,27.46,31.07,49.85,103.76,83.99,64.07,64.58,34.395,30.495,39.75
2020-02-06,27.18,31.03,50.305,103.85,84.26,64.18,64.435,34.405,30.48,39.92
2020-02-07,26.99,30.92,49.845,103.04,83.65,64.26,64.155,34.295,30.045,39.94
2020-02-10,26.855,31.01,50.52,103.59,84.12,64.53,64.88,34.425,30.03,40.4
2020-02-11,27.155,31.12,50.35,104.21,84.44,64.29,65.39,34.55,30.195,40.89
2020-02-12,27.52,31.14,50.895,104.34,85.23,64.26,66.06,34.575,30.36,41.15
2020-02-13,27.435,31.13,50.76,103.85,84.75,64.64,65.945,34.96,30.25,41.4
2020-02-14,27.29,31.17,50.98,103.93,84.64,64.79,65.845,35.195,30.255,41.88
2020-02-18,27.065,30.9,50.79,103.56,84.16,64.56,65.84,35.49,30.18,41.84
2020-02-19,27.425,31.13,51.395,104.04,84.13,64.49,66.135,35.105,30.26,41.25
2020-02-20,27.395,31.07,50.86,103.37,84.01,64.54,66.16,35.23,30.31,41.71
2020-02-21,27.07,30.77,49.72,103.43,83.59,64.65,65.15,35.165,30.17,41.93
2020-02-24,25.82,29.77,47.665,100.17,81.21,63.16,62.91,34.755,29.32,41.37
2020-02-25,24.68,28.76,46.14,97.13,77.9,62.02,61.23,34.025,28.055,40.33
2020-02-26,23.935,28.55,46.35,97.12,77.31,61.67,60.745,33.68,27.96,39.98
2020-02-27,22.655,27.33,43.85,93.82,74.44,59.16,58.29,32.165,26.65,37.72
2020-02-28,22.635,26.59,44.185,92.61,73.08,57.99,57.915,31.09,26.36,36.79
2020-03-02,23.55,27.95,46.74,96.95,75.65,61.09,59.905,32.92,27.49,38.62
2020-03-03,22.83,26.9,44.965,94.54,73.8,60.26,58.455,32.515,27.25,38.59
2020-03-04,23.37,27.79,46.895,99.99,76.85,63.22,60.475,34.36,28.38,40.09
2020-03-05,22.515,26.45,45.415,97.67,73.09,62.03,58.22,33.83,27.48,39.17
2020-03-06,21.25,25.55,44.455,97.15,72.45,61.54,57.325,33.555,26.765,38.5
2020-03-09,16.97,22.81,41.08,92.1,65.77,58.86,53.715,31.73,24.26,35.78
2020-03-10,17.775,24.15,43.82,95.26,69.18,60.55,56.685,32.025,25.245,37.52
2020-03-11,16.835,22.84,41.75,91.62,65.12,57.58,53.585,30.415,24.045,35.51
2020-03-12,14.735,20.37,37.675,84.78,58.38,52.17,48.17,27.345,21.73,32.46
2020-03-13,16.095,23.05,42.095,90.66,62.94,56.61,51.15,28.835,23.255,35.31
2020-03-16,13.905,19.89,36.28,81.72,55.8,52.77,44.67,25.56,20.695,29.66
2020-03-17,14.0,20.97,38.75,86.85,58.37,57.22,46.39,28.83,21.975,31.46
2020-03-18,11.99,19.19,37.29,83.97,54.07,55.75,43.725,27.575,20.57,29.25
2020-03-19,12.805,19.61,37.425,82.25,54.11,53.89,45.25,25.97,21.095,28.79
2020-03-20,12.93,18.91,35.71,79.09,51.4,50.4,43.905,23.91,20.34,27.16
2020-03-23,11.785,17.66,35.2,74.62,48.77,48.63,43.765,22.465,19.175,25.46
2020-03-24,13.675,19.85,38.805,80.37,54.94,51.11,47.87,24.88,21.43,27.68
2020-03-25,14.32,20.39,38.755,81.44,57.83,50.97,48.71,25.515,21.93,28.91
2020-03-26,15.195,21.67,41.155,86.85,61.48,53.76,50.725,27.69,22.96,31.13
2020-03-27,14.165,21.01,39.295,84.99,58.89,53.51,49.025,27.84,22.13,31.21
2020-03-30,14.31,21.41,40.95,88.97,59.75,55.6,50.05,28.87,22.835,32.02
2020-03-31,14.53,20.82,40.185,88.58,59.01,54.47,49.04,27.705,22.52,31.0
2020-04-01,13.81,19.55,38.27,85.21,56.35,53.55,46.85,26.04,21.505,29.12
2020-04-02,15.075,20.04,39.165,87.57,57.1,54.92,47.025,26.855,21.83,29.55
2020-04-03,14.915,19.64,38.56,86.78,56.34,55.35,46.205,25.895,21.305,29.3
2020-04-06,15.705,21.05,41.85,91.33,60.24,57.41,50.05,27.895,22.89,31.42
2020-04-07,16.04,21.26,41.475,90.58,60.1,56.75,50.795,27.545,23.5,31.43
2020-04-08,17.11,22.19,42.59,94.31,62.28,57.59,52.395,29.045,24.65,33.79
2020-04-09,16.955,23.38,42.6,94.83,63.22,58.13,53.34,30.415,25.71,35.53
2020-04-13,16.9,22.53,42.695,94.0,61.37,57.7,53.325,29.45,25.145,33.9
2020-04-14,16.82,22.63,44.485,97.12,62.54,60.15,55.41,30.315,25.47,35.03
2020-04-15,16.03,21.65,43.515,96.62,60.81,59.2,54.195,29.315,24.3,33.68
2020-04-16,15.345,21.27,44.045,98.73,60.27,59.59,54.845,29.32,24.16,33.46
2020-04-17,16.975,22.39,44.63,100.78,63.1,60.5,56.465,30.265,25.13,34.54
2020-04-20,16.445,22.0,43.915,99.98,61.42,59.31,55.48,29.12,24.51,33.26
2020-04-21,16.155,21.29,42.075,96.94,59.97,58.05,54.04,28.64,23.905,32.77
2020-04-22,16.73,21.52,43.695,98.42,60.6,58.61,55.205,29.475,24.375,33.34
2020-04-23,17.27,21.43,43.395,98.96,61.08,58.09,55.19,28.98,24.545,32.96
2020-04-24,17.31,21.74,44.315,100.29,61.57,58.71,56.125,29.16,24.93,33.08
2020-04-27,17.685,22.48,44.695,101.58,63.1,58.88,57.175,29.465,25.595,34.04
2020-04-28,18.09,22.72,44.1,99.53,64.28,59.21,57.4,29.575,26.07,34.07
2020-04-29,19.43,23.38,45.91,100.19,65.51,58.96,58.665,29.305,26.735,34.16
2020-04-30,19.0,22.79,45.705,99.73,64.21,58.26,58.3,28.63,25.94,33.92
2020-05-01,17.925,22.06,44.45,97.83,62.27,57.62,56.12,27.94,25.395,32.88
2020-05-04,18.545,21.86,45.04,97.78,61.48,57.59,56.425,28.15,25.485,32.86
2020-05-05,18.56,21.79,45.66,99.9,61.72,57.64,56.63,28.38,25.55,33.07
2020-05-06,18.075,21.32,46.015,98.91,60.87,57.01,56.62,27.415,25.11,32.46
2020-05-07,18.545,21.82,46.705,98.9,61.58,56.85,57.51,27.525,25.625,32.75
2020-05-08,19.39,22.29,47.39,99.41,63.11,58.12,58.63,28.08,26.24,33.35
2020-05-11,19.05,21.86,47.705,101.12,62.32,58.04,58.5,27.96,25.84,32.95
2020-05-12,18.715,21.29,46.72,99.58,60.57,57.55,57.22,27.715,25.445,31.55
2020-05-13,17.865,20.66,45.915,98.5,59.05,57.03,56.235,27.48,24.91,31.05
2020-05-14,18.065,21.19,46.5,99.58,59.67,56.89,57.075,27.775,25.215,31.09
2020-05-15,17.995,21.05,46.735,100.42,59.46,57.39,57.74,27.405,25.435,30.98
2020-05-18,19.465,22.13,47.88,101.25,63.38,58.3,59.925,28.53,26.595,32.49
2020-05-19,18.92,21.59,47.705,100.03,62.57,57.23,59.71,28.06,26.34,31.86
2020-05-20,19.675,22.07,48.75,100.15,63.74,57.91,60.49,28.215,26.76,32.16
2020-05-21,19.36,22.0,48.07,99.41,63.89,57.27,60.705,27.93,26.505,32.0
2020-05-22,19.24,21.92,48.245,99.62,63.84,57.47,60.615,28.24,26.465,32.7
2020-05-26,19.775,23.06,48.195,99.44,66.52,57.78,61.575,28.425,27.19,33.74
2020-05-27,20.03,24.06,48.47,100.47,68.74,58.65,62.63,28.765,27.465,34.46
2020-05-28,19.47,23.68,48.375,101.78,68.09,59.17,61.87,29.615,27.72,34.85
2020-05-29,19.38,23.41,48.985,103.01,67.67,59.23,62.095,29.845,27.725,34.65
2020-06-01,19.72,23.68,48.97,101.99,67.82,59.64,62.685,30.2,27.915,35.34
2020-06-02,20.27,23.87,49.43,102.58,68.7,59.8,63.22,30.395,28.42,35.57
2020-06-03,20.865,24.76,49.815,102.38,71.38,59.88,64.415,30.76,29.065,36.42
2020-06-04,20.87,25.3,49.405,101.57,72.14,59.59,64.09,30.21,29.17,35.74
2020-06-05,22.42,26.24,50.705,103.21,74.79,60.42,65.625,30.595,29.915,37.05
2020-06-08,23.43,26.74,50.96,103.92,76.29,61.07,66.625,31.415,29.955,37.86
2020-06-09,22.55,26.17,51.2,102.84,74.39,60.57,66.105,30.785,29.59,37.42
2020-06-10,21.44,25.19,52.055,102.68,72.61,60.4,65.485,30.605,29.255,36.72
2020-06-11,19.42,23.13,49.07,96.97,67.51,58.11,62.055,29.41,26.995,34.45
2020-06-12,19.91,23.83,49.705,97.6,68.82,58.12,62.67,29.335,27.52,35.54
2020-06-15,19.97,24.16,50.185,97.82,69.5,58.79,63.265,29.535,27.81,35.99
2020-06-16,20.545,24.54,51.255,100.23,70.86,59.71,64.595,29.67,28.39,36.59
2020-06-17,19.845,24.17,51.245,100.13,70.35,59.62,64.425,29.58,28.155,36.16
2020-06-18,20.09,24.14,51.475,99.79,70.09,59.93,64.19,29.575,28.175,35.71
2020-06-19,19.785,23.98,51.12,100.75,69.23,59.62,63.69,28.745,28.09,35.35
2020-06-22,19.625,23.71,51.94,99.94,69.04,58.99,64.195,28.785,28.04,34.98
2020-06-23,19.645,23.82,52.315,100.37,69.05,58.9,64.7,28.495,28.105,34.85
2020-06-24,18.555,22.98,51.135,97.75,66.65,57.91,63.275,28.235,27.285,33.96
2020-06-25,18.91,23.59,51.79,98.71,67.39,58.32,63.36,27.885,27.625,34.32
2020-06-26,18.255,22.58,50.77,97.51,66.14,57.13,61.875,27.59,27.245,33.73
2020-06-29,18.5,22.83,51.325,98.39,68.31,58.21,63.05,28.11,27.775,34.31
2020-06-30,18.925,23.14,52.245,100.07,68.7,58.64,63.855,28.215,28.175,34.81
2020-07-01,18.465,22.94,52.33,100.84,68.39,58.69,64.5,28.875,28.235,35.76
2020-07-02,18.67,22.97,52.635,101.6,68.98,58.99,64.755,28.95,28.765,35.64
2020-07-06,18.725,23.41,53.555,102.63,69.97,59.28,66.29,28.595,29.175,35.68
2020-07-07,18.13,22.93,52.995,101.74,68.63,59.82,65.25,28.48,29.185,35.1
2020-07-08,18.115,23.17,53.86,101.75,68.63,59.67,65.945,28.735,28.77,35.08
2020-07-09,17.22,22.68,54.055,100.95,67.14,59.2,65.87,28.35,28.5,34.96
2020-07-10,17.77,23.46,54.04,100.71,68.01,60.29,66.655,28.885,28.995,35.0
2020-07-13,17.675,23.56,52.92,101.28,68.29,60.2,65.81,28.915,28.995,34.45
2020-07-14,18.295,23.68,53.53,103.29,69.77,61.08,66.465,29.185,29.725,34.79
2020-07-15,18.69,24.15,53.82,104.63,71.55,61.13,67.415,29.07,30.225,34.95
2020-07-16,18.605,24.15,53.155,104.46,71.57,61.26,67.235,29.44,30.325,34.54
2020-07-17,18.345,23.95,53.415,105.89,72.0,61.59,66.92,30.105,30.58,35.02
2020-07-20,18.04,23.84,54.78,105.87,71.12,60.97,67.99,29.71,30.315,34.69
2020-07-21,19.13,24.31,54.23,105.8,72.06,61.5,68.095,29.845,30.58,34.7
2020-07-22,18.895,24.31,54.665,106.75,72.64,61.99,68.68,30.305,30.935,35.12
2020-07-23,18.86,24.33,53.245,106.27,72.42,62.21,67.65,30.34,30.84,34.94
2020-07-24,18.755,24.27,52.6,105.1,71.84,62.13,67.77,30.14,30.735,34.8
2020-07-27,18.775,24.07,53.43,105.89,72.14,62.44,68.19,29.775,31.18,35.21
2020-07-28,18.455,24.01,52.805,105.77,71.64,62.67,67.515,30.225,30.495,35.92
2020-07-29,18.84,24.46,53.57,106.88,72.73,62.76,68.2,30.365,30.745,36.6
2020-07-30,18.1,24.02,53.87,106.14,72.0,62.76,68.145,30.365,30.15,36.3
2020-07-31,18.015,24.03,55.215,105.53,71.73,62.7,68.5,30.415,30.18,36.26
2020-08-03,18.08,24.1,56.575,106.62,72.03,62.53,68.355,30.085,30.01,35.68
2020-08-04,18.52,24.0,56.72,106.15,72.21,63.31,68.905,30.415,30.435,36.21
2020-08-05,18.715,24.33,56.93,106.64,73.59,63.18,69.745,30.025,30.88,35.94
2020-08-06,18.565,24.32,57.73,106.07,73.87,63.17,70.085,30.2,30.75,36.01
2020-08-07,18.59,24.84,56.87,106.41,75.13,63.51,70.19,30.745,30.855,36.5
2020-08-10,19.165,25.02,56.71,106.05,76.98,63.84,71.03,30.735,31.155,36.44
2020-08-11,19.1,25.31,55.69,105.38,77.39,63.4,70.89,30.07,31.1,35.74
2020-08-12,19.29,25.24,56.955,107.15,77.64,64.22,71.83,30.505,31.285,36.19
2020-08-13,18.915,25.08,56.98,107.01,77.23,64.17,71.8,30.455,31.28,35.77
2020-08-14,19.095,25.18,56.94,106.8,77.53,64.16,71.795,30.19,31.315,35.86
2020-08-17,18.985,24.76,57.32,107.43,77.17,64.52,72.72,30.15,31.455,36.18
2020-08-18,18.745,24.6,57.535,107.4,76.75,64.78,73.17,30.015,31.325,36.14
2020-08-19,18.53,24.59,57.465,107.05,76.55,64.27,72.825,29.925,31.235,35.4
2020-08-20,18.13,24.36,58.23,106.71,76.14,64.14,72.715,29.66,31.125,35.78
2020-08-21,18.015,24.31,58.97,106.82,76.45,64.3,73.09,29.71,30.945,35.9
2020-08-24,18.51,24.89,59.48,106.33,77.83,64.85,74.2,29.97,31.49,35.95
2020-08-25,18.25,24.96,59.78,107.05,77.73,64.71,74.445,29.685,31.365,36.06
2020-08-26,17.865,24.84,60.995,106.92,77.77,64.79,75.18,29.355,31.695,35.81
2020-08-27,17.9,25.26,61.045,107.76,78.05,65.19,74.775,29.45,31.61,36.29
2020-08-28,18.22,25.36,61.58,108.0,78.79,65.77,75.265,29.535,31.985,36.57
2020-08-31,17.825,25.06,61.775,108.26,77.81,65.58,75.045,29.625,31.495,36.25
2020-09-01,17.705,25.13,62.955,107.29,78.6,65.65,75.83,29.285,32.38,36.19
2020-09-02,17.62,25.49,63.515,109.44,79.9,66.84,76.88,30.195,33.115,37.0
2020-09-03,17.49,25.1,59.895,106.46,77.66,65.69,74.44,29.855,32.2,36.38
2020-09-04,17.435,25.29,59.06,105.7,77.84,65.54,73.58,29.685,32.22,36.25
2020-09-08,16.8,24.64,56.39,103.96,76.38,64.16,72.615,29.52,31.615,35.79
2020-09-09,16.915,24.89,58.23,105.8,77.56,65.09,73.985,29.91,32.43,36.18
2020-09-10,16.295,24.54,56.915,104.18,76.57,64.29,72.925,29.395,32.125,35.67
2020-09-11,16.31,24.71,56.48,104.59,77.61,64.65,73.035,29.465,32.535,35.55
2020-09-14,16.435,25.05,57.665,106.09,78.66,65.07,73.81,29.87,33.005,36.42
2020-09-15,16.315,24.71,58.235,106.23,78.71,64.98,74.415,30.07,33.165,36.9
2020-09-16,16.97,24.99,57.335,106.05,79.51,64.69,74.0,30.03,33.19,37.14
2020-09-17,16.995,24.73,56.86,105.7,79.67,64.28,72.96,29.785,33.435,36.32
2020-09-18,16.805,24.68,55.88,105.54,78.78,63.69,71.945,29.26,32.86,35.6
2020-09-21,15.985,23.93,56.22,103.18,75.87,62.83,70.755,28.83,31.605,34.44
2020-09-22,15.82,23.73,57.11,102.96,76.62,63.2,72.25,29.01,31.665,34.85
2020-09-23,15.105,23.2,55.33,101.9,75.25,62.25,71.065,28.565,30.735,33.85
2020-09-24,15.1,23.25,55.64,101.39,75.36,62.71,71.035,28.885,30.955,34.01
2020-09-25,15.09,23.49,56.97,103.02,76.49,63.04,71.96,29.36,31.23,34.67
2020-09-28,15.445,24.05,58.06,103.95,77.87,63.75,73.465,29.435,31.735,35.27
2020-09-29,15.02,23.75,57.865,103.82,77.18,63.33,72.895,29.425,31.5,35.09
2020-09-30,14.975,24.07,58.35,105.48,76.98,64.1,73.49,29.69,31.82,35.27
2020-10-01,14.515,24.11,58.965,105.12,76.75,64.46,74.45,29.99,31.37,35.85
2020-10-02,14.655,24.3,57.47,104.16,77.61,64.1,74.135,30.345,31.65,36.43
2020-10-05,15.095,24.7,58.73,106.3,78.86,64.53,75.115,30.725,32.255,36.63
2020-10-06,14.87,24.45,57.82,104.89,77.9,64.11,73.725,30.985,31.85,36.32
2020-10-07,15.08,24.86,58.88,106.87,79.62,64.8,75.41,31.175,32.67,36.42
2020-10-08,15.645,25.2,59.185,107.39,80.41,65.23,75.905,31.745,33.0,37.03
2020-10-09,15.395,25.23,60.09,108.36,80.71,65.74,76.695,31.74,33.255,36.93
2020-10-12,15.435,25.51,61.73,109.1,81.17,66.5,77.715,31.94,33.2,37.12
2020-10-13,15.195,25.02,61.335,108.27,80.27,66.45,77.7,31.72,32.905,36.49
2020-10-14,15.26,24.78,61.01,107.64,80.72,66.11,76.84,31.68,33.0,36.07
2020-10-15,15.445,24.97,60.735,106.86,81.01,66.15,77.125,31.66,32.905,36.24
2020-10-16,15.095,24.99,60.56,107.92,81.6,66.17,76.425,32.0,33.135,36.11
2020-10-19,14.775,24.61,59.45,106.21,80.59,65.31,75.485,31.73,32.75,35.54
2020-10-20,14.95,24.81,59.655,106.35,81.01,65.24,76.09,31.92,32.825,35.78
2020-10-21,14.665,24.68,59.565,105.82,80.19,65.3,75.675,31.835,32.7,35.65
2020-10-22,15.27,25.17,59.285,107.42,80.85,65.27,75.83,32.285,32.88,35.4
2020-10-23,15.195,25.25,59.22,107.82,81.17,65.39,76.495,32.375,33.0,35.63
2020-10-26,14.65,24.68,57.935,106.62,79.14,64.55,75.025,32.365,32.175,35.2
2020-10-27,14.46,24.23,58.225,105.89,77.41,64.38,74.99,32.34,31.87,34.75
2020-10-28,13.855,23.61,55.755,102.53,74.87,62.5,72.62,31.4,30.97,33.98
2020-10-29,14.28,23.79,56.685,101.69,75.96,62.48,73.08,31.485,31.61,34.37
2020-10-30,14.36,23.86,55.43,101.66,75.87,62.26,71.485,31.19,31.59,34.15
2020-11-02,14.85,24.31,55.57,103.49,77.92,63.25,71.995,31.875,32.64,34.99
2020-11-03,14.765,24.85,56.55,105.0,80.22,64.29,73.58,32.335,33.15,35.54
2020-11-04,14.785,24.56,58.75,109.66,79.39,64.32,75.145,31.85,32.585,35.64
2020-11-05,14.785,25.16,60.575,109.88,81.26,64.79,76.61,32.135,33.915,35.77
2020-11-06,14.465,24.96,60.79,109.92,81.34,65.09,76.38,32.065,34.0,35.63
2020-11-09,16.53,27.01,60.35,110.95,84.11,64.94,76.13,32.66,34.765,36.57
2020-11-10,17.065,27.15,59.225,111.27,85.59,66.22,75.86,33.13,35.175,36.77
2020-11-11,16.89,27.04,60.63,111.13,84.87,66.79,76.525,33.255,34.65,37.05
2020-11-12,16.345,26.59,60.09,110.72,83.9,66.61,75.5,32.72,33.92,36.67
2020-11-13,16.94,27.03,60.6,112.12,85.76,67.53,76.725,33.045,34.505,37.51
2020-11-16,18.055,27.63,61.185,111.93,87.85,68.15,77.73,33.38,35.185,37.75
2020-11-17,18.24,27.59,60.845,111.2,87.62,67.67,77.4,32.725,35.055,37.77
2020-11-18,17.71,27.33,60.195,109.13,87.23,66.74,76.87,32.085,34.765,37.13
2020-11-19,18.0,27.42,60.68,109.05,87.45,66.92,77.25,31.765,34.91,37.19
2020-11-20,17.905,27.18,60.055,108.8,86.66,66.5,76.845,31.77,34.88,36.94
2020-11-23,19.17,27.69,60.04,108.52,88.11,66.52,77.69,31.775,35.17,36.82
2020-11-24,20.155,28.66,60.875,108.84,89.65,66.97,78.845,32.115,36.045,36.8
2020-11-25,19.685,28.56,61.005,108.44,88.97,66.93,78.94,32.2,35.67,36.89
2020-11-27,19.455,28.47,61.33,109.44,88.82,66.92,79.11,31.88,35.855,36.82
2020-11-30,18.38,27.88,61.74,109.74,88.03,66.91,78.63,31.42,35.495,36.5
2020-12-01,18.465,28.31,62.53,110.66,87.81,67.5,79.215,31.64,35.885,36.96
2020-12-02,19.065,28.62,62.435,111.49,87.93,66.94,78.72,31.85,35.425,36.57
2020-12-03,19.265,28.63,62.395,111.35,88.16,67.11,78.94,31.52,35.18,36.84
2020-12-04,20.315,28.98,63.02,112.54,89.21,67.63,79.015,31.205,35.89,37.33
2020-12-07,19.84,28.78,63.2,111.85,88.78,67.37,78.835,31.38,35.655,36.96
2020-12-08,20.135,28.77,63.405,112.7,89.21,67.74,78.67,31.285,35.855,36.79
2020-12-09,20.18,28.7,62.19,112.31,89.41,67.47,78.595,31.23,35.875,36.45
2020-12-10,20.8,28.75,62.28,112.12,88.56,67.17,78.525,31.07,35.655,36.25
2020-12-11,20.56,28.46,62.15,111.68,88.77,67.32,78.15,31.12,35.45,36.27
2020-12-14,19.84,28.13,62.375,110.84,87.62,67.06,78.265,30.96,35.0,36.01
2020-12-15,20.23,28.61,63.415,112.04,88.84,67.22,79.32,31.57,35.635,36.64
2020-12-16,20.13,28.66,63.845,111.71,88.29,67.35,79.84,31.205,35.535,36.65
2020-12-17,20.035,28.74,64.35,112.91,88.83,67.78,80.385,31.415,35.945,37.08
2020-12-18,19.7,28.49,64.125,113.0,88.84,67.93,79.995,31.145,36.105,36.44
2020-12-21,19.065,28.72,64.04,111.41,87.94,66.64,78.945,30.51,35.735,35.65
2020-12-22,18.745,28.44,64.595,111.07,87.53,66.17,78.605,30.45,35.515,35.9
2020-12-23,19.16,28.91,64.105,111.15,87.99,66.39,78.775,30.39,35.565,35.56
2020-12-24,19.06,28.95,64.53,111.47,88.0,66.72,78.94,30.605,35.79,35.91
2020-12-28,18.94,29.09,65.26,111.75,88.11,67.25,79.84,30.74,35.65,36.2
2020-12-29,18.815,28.99,64.95,112.28,87.58,67.05,79.865,30.735,35.565,35.92
2020-12-30,19.11,29.12,64.915,112.26,88.14,66.98,80.345,30.89,36.055,36.12
2020-12-31,18.95,29.48,65.01,113.44,88.55,67.45,80.39,31.35,36.195,36.56
2021-01-04,18.98,29.08,63.95,112.95,86.41,66.72,79.71,30.56,35.85,35.38
2021-01-05,19.83,29.21,64.365,113.77,87.26,66.72,80.305,30.555,36.655,35.34
2021-01-06,20.435,30.5,63.255,115.33,89.34,66.77,81.125,31.315,38.155,35.17
2021-01-07,20.735,30.94,64.96,116.83,89.83,66.57,82.69,30.905,38.44,35.28
2021-01-08,20.71,30.92,65.38,117.39,89.61,66.9,84.395,31.165,38.255,35.66
2021-01-11,21.035,31.02,64.84,117.94,89.58,66.33,82.82,30.875,38.255,35.06
2021-01-12,21.77,31.34,64.53,116.66,90.47,66.11,84.085,30.71,38.74,35.09
2021-01-13,21.6,31.32,64.94,116.98,89.69,66.21,84.08,31.31,38.345,35.57
2021-01-14,22.24,31.46,64.37,116.61,90.0,65.86,83.545,31.19,38.215,35.79
2021-01-15,21.375,30.94,63.71,116.97,88.83,65.63,82.9,31.495,37.67,36.34
2021-01-19,21.805,31.02,64.54,117.85,89.12,65.34,83.37,31.375,37.8,36.1
2021-01-20,21.885,30.89,65.82,118.5,89.67,65.46,84.945,31.56,37.925,36.85
2021-01-21,21.145,30.56,66.67,117.94,88.97,65.24,85.34,31.375,37.37,36.73
2021-01-22,21.035,30.34,66.415,117.59,88.51,65.07,85.05,31.42,37.19,36.82
2021-01-25,20.82,30.12,66.97,118.36,87.91,65.72,85.365,32.05,36.995,37.15
2021-01-26,20.375,29.88,67.015,117.92,87.1,66.31,85.31,31.73,36.485,37.53
2021-01-27,20.1,29.0,65.75,114.34,85.37,65.19,82.68,30.875,35.41,37.05
2021-01-28,20.335,29.54,66.02,116.01,86.64,65.44,82.94,31.245,36.02,37.15
2021-01-29,19.66,28.95,64.465,115.03,84.77,64.09,81.005,31.075,35.32,36.76
2021-02-01,19.8,29.33,66.08,115.47,85.65,64.15,83.11,31.225,35.735,37.59
2021-02-02,20.015,30.04,66.975,115.8,87.47,64.58,84.875,31.48,36.205,37.75
2021-02-03,20.87,30.21,66.745,114.98,87.53,64.68,84.4,31.38,36.275,37.6
2021-02-04,21.1,30.88,67.81,115.46,88.47,65.15,85.3,31.625,36.145,37.81
2021-02-05,21.28,30.89,67.66,115.67,88.99,65.76,86.115,31.795,36.765,37.94
2021-02-08,22.17,31.29,68.37,115.81,89.75,66.01,86.605,31.55,37.07,38.02
2021-02-09,21.935,31.3,68.29,115.98,89.98,65.95,86.125,31.595,36.795,38.19
2021-02-10,22.355,31.3,68.19,116.19,89.84,65.88,85.275,31.72,36.755,38.45
2021-02-11,22.01,31.2,68.94,116.41,89.65,65.59,85.04,31.54,36.79,38.38
2021-02-12,22.335,31.52,69.295,117.28,90.3,65.69,85.16,31.31,37.17,38.37
2021-02-16,22.895,32.06,69.07,116.12,90.21,65.57,84.79,30.96,37.1,37.96
2021-02-17,23.235,32.22,68.46,116.54,89.96,65.81,85.28,30.985,37.08,37.99
2021-02-18,22.71,32.03,68.125,115.81,89.51,65.77,85.305,31.17,36.85,37.97
2021-02-19,23.09,32.41,68.025,114.41,90.98,64.94,84.81,30.705,37.525,38.09
2021-02-22,23.89,32.71,66.525,114.14,91.27,65.0,83.02,30.105,37.67,38.31
2021-02-23,24.285,32.91,66.34,113.95,91.55,65.09,82.475,30.355,37.8,38.45
2021-02-24,25.145,33.55,67.355,114.74,93.28,65.05,83.34,30.0,38.13,38.63
2021-02-25,24.66,32.94,65.0,113.59,91.56,64.34,80.24,29.73,37.25,38.0
2021-02-26,24.075,32.31,65.345,112.61,90.61,63.3,80.575,29.18,36.775,37.34
2021-03-01,24.7,33.32,67.45,114.08,92.93,63.94,82.465,29.825,37.705,37.38
2021-03-02,24.565,33.2,66.38,113.75,92.66,63.83,81.515,29.735,37.915,37.15
2021-03-03,24.925,33.46,64.71,112.31,92.76,63.53,79.6,29.385,37.54,36.69
2021-03-04,25.52,33.08,63.28,110.8,91.28,63.3,77.915,29.36,36.81,36.42
2021-03-05,26.475,33.71,64.475,113.02,93.44,64.7,78.41,29.84,37.655,36.84
2021-03-08,26.525,34.14,62.915,112.74,94.42,64.98,78.505,30.26,38.16,37.02
2021-03-09,26.06,33.83,65.055,113.4,94.03,64.92,81.47,30.66,38.395,37.44
2021-03-10,26.72,34.52,64.795,113.66,95.42,65.77,81.885,30.87,39.03,37.81
2021-03-11,26.73,34.42,66.18,114.35,95.49,65.61,83.14,30.79,39.24,38.37
2021-03-12,26.785,34.77,65.705,114.6,96.77,66.15,83.385,31.205,39.345,39.03
2021-03-15,26.48,34.57,66.405,115.39,97.58,66.44,84.505,31.605,39.39,39.47
2021-03-16,25.725,34.21,66.905,115.32,96.19,66.52,83.63,31.645,39.065,39.47
2021-03-17,25.925,34.44,66.85,114.9,97.3,66.42,84.805,31.13,39.415,39.41
2021-03-18,24.76,34.62,64.995,114.66,97.21,66.15,82.73,31.015,39.195,39.16
2021-03-19,24.765,34.22,64.8,115.07,96.47,66.38,83.225,31.1,39.0,38.64
2021-03-22,24.27,33.63,65.935,115.67,96.12,66.72,83.64,30.825,38.86,38.68
2021-03-23,23.915,33.16,65.525,114.5,94.44,67.0,82.855,31.285,38.05,38.8
2021-03-24,24.515,33.28,64.73,114.37,95.13,66.74,81.63,31.295,38.325,38.63
2021-03-25,24.605,33.84,64.69,114.85,96.65,67.39,82.345,31.63,38.88,38.96
2021-03-26,25.215,34.37,66.335,117.02,98.32,68.58,83.03,31.735,39.845,39.91
2021-03-29,24.915,34.07,65.99,117.57,98.34,69.27,82.575,32.075,39.71,39.82
2021-03-30,24.7,34.31,65.365,116.51,98.77,68.53,83.385,31.785,39.595,39.65
2021-03-31,24.53,34.05,66.405,116.74,98.45,68.31,84.035,32.02,39.4,39.49
2021-04-01,25.155,34.47,67.74,116.39,98.78,67.98,84.71,31.99,39.745,40.12
2021-04-05,24.555,34.74,69.14,117.2,100.0,68.85,86.635,32.34,40.235,40.33
2021-04-06,24.49,34.67,68.845,116.75,99.76,69.14,87.01,32.51,40.325,40.43
2021-04-07,24.575,34.84,69.21,116.49,99.3,68.97,86.75,32.47,39.63,40.48
2021-04-08,24.255,34.85,70.21,116.67,99.54,69.04,87.16,32.445,39.68,40.28
2021-04-09,24.095,35.15,70.885,117.95,100.51,68.92,87.99,32.41,40.025,40.34
2021-04-12,23.905,35.3,70.545,118.07,100.88,69.29,88.555,32.44,40.165,40.58
2021-04-13,23.93,34.97,71.21,118.56,100.39,68.92,89.49,32.825,40.07,40.82
2021-04-14,24.595,35.18,70.455,118.55,100.52,68.86,88.61,32.97,40.36,40.57
2021-04-15,24.395,35.15,71.665,120.58,100.92,69.41,89.245,33.335,40.835,41.34
2021-04-16,24.2,35.4,71.65,121.48,101.14,69.81,89.935,33.605,41.33,41.4
2021-04-19,24.175,35.3,71.055,121.51,100.72,69.54,88.925,33.435,41.14,41.53
2021-04-20,23.535,34.64,70.425,121.98,99.61,69.92,87.805,33.86,40.745,41.99
2021-04-21,23.835,35.12,71.135,123.42,100.97,70.27,88.975,33.575,41.485,42.18
2021-04-22,23.555,34.73,70.3,122.87,100.46,69.75,87.99,33.335,40.785,42.0
2021-04-23,23.77,35.38,71.35,123.68,101.56,69.57,88.91,33.29,41.455,42.24
2021-04-26,23.93,35.52,71.715,123.26,101.26,68.79,89.3,33.1,41.7,42.33
2021-04-27,24.22,35.8,71.54,122.55,102.1,68.74,89.195,32.845,41.59,42.33
2021-04-28,25.055,35.94,70.875,122.18,101.89,68.79,89.09,32.8,41.705,42.18
2021-04-29,25.335,36.58,70.815,121.69,102.61,69.52,89.115,33.1,41.965,42.49
2021-04-30,24.695,36.26,69.85,121.33,101.93,69.58,89.46,33.36,41.52,42.77
2021-05-03,25.375,36.44,69.655,122.71,102.98,70.15,89.035,33.355,42.14,42.54
2021-05-04,25.39,36.73,68.405,122.84,103.43,69.79,88.105,33.23,42.6,42.28
2021-05-05,26.21,37.03,68.24,123.06,103.53,69.74,87.83,32.67,43.14,41.66
2021-05-06,26.345,37.58,68.925,123.22,104.25,70.64,88.02,32.92,43.505,41.86
2021-05-07,26.815,37.78,69.515,124.07,105.35,70.64,88.81,33.02,43.935,42.37
2021-05-10,26.825,37.75,67.76,124.23,105.45,71.18,87.23,33.355,43.74,42.56
2021-05-11,26.135,37.08,67.555,122.89,103.89,70.56,86.245,32.945,43.885,42.06
2021-05-12,26.26,36.7,65.655,121.73,101.4,69.62,83.325,32.175,42.78,41.04
2021-05-13,25.94,37.29,66.525,122.83,103.3,70.6,83.915,32.795,43.435,41.56
2021-05-14,26.745,37.88,67.99,123.45,104.73,70.91,85.37,32.955,43.955,41.95
2021-05-17,27.365,37.95,67.49,123.22,104.41,70.81,85.215,32.685,44.34,41.97
2021-05-18,26.73,37.42,66.95,123.26,102.89,70.59,84.55,32.68,43.85,42.05
2021-05-19,26.065,37.19,67.185,123.05,102.31,70.36,83.84,32.625,43.18,41.89
2021-05-20,26.025,37.21,68.47,124.34,102.54,71.01,84.7,32.91,43.205,42.41
2021-05-21,26.08,37.58,68.095,124.36,103.04,71.02,84.275,33.08,43.3,42.34
2021-05-24,26.34,37.76,69.305,124.48,103.68,71.23,85.11,33.02,43.685,42.8
2021-05-25,25.805,37.38,69.325,124.11,103.37,71.25,85.38,32.62,43.315,42.92
2021-05-26,26.035,37.49,69.32,123.39,103.7,71.1,86.195,32.625,43.33,43.02
2021-05-27,26.055,37.92,68.955,123.12,105.12,70.66,86.54,32.405,43.675,42.97
2021-05-28,26.105,37.99,69.2,123.6,105.12,70.81,86.42,32.58,43.63,43.26
2021-06-01,27.11,38.22,68.86,121.57,105.53,70.57,86.255,32.38,44.24,44.0
2021-06-02,27.615,38.28,69.335,121.33,105.23,70.83,85.855,32.55,43.87,44.61
2021-06-03,27.69,38.37,68.69,121.7,105.0,71.27,84.835,32.745,43.86,44.52
2021-06-04,27.875,38.47,70.01,122.09,105.34,71.52,85.515,32.695,43.955,44.56
2021-06-07,27.755,38.22,69.995,122.53,104.61,71.4,85.515,32.755,43.42,44.98
2021-06-08,27.995,38.12,70.0,122.15,104.88,70.8,86.205,32.475,43.5,45.22
2021-06-09,27.82,37.76,70.05,123.33,103.81,70.46,85.73,32.765,43.16,45.27
2021-06-10,27.785,37.32,70.565,125.44,103.3,70.9,86.135,32.98,42.9,45.73
2021-06-11,27.69,37.56,70.985,124.55,103.51,70.94,86.605,33.055,43.06,45.44
2021-06-14,27.57,37.17,71.705,124.66,103.04,70.9,86.63,33.125,42.53,45.7
2021-06-15,28.095,37.24,71.265,124.7,103.48,70.73,86.17,33.225,42.44,45.28
2021-06-16,27.945,37.2,70.88,124.22,102.5,69.79,86.21,32.725,41.97,44.87
2021-06-17,26.995,36.1,71.7,125.17,100.92,70.04,86.535,32.905,41.035,45.04
2021-06-18,26.195,35.23,71.045,123.74,99.61,68.8,86.08,32.05,40.37,44.33
2021-06-21,27.035,35.91,71.675,124.74,101.48,69.14,86.615,32.215,41.03,44.92
2021-06-22,27.215,35.97,72.325,125.01,101.59,69.24,87.43,32.02,41.195,44.72
2021-06-23,27.29,36.04,72.245,124.49,101.36,68.81,88.105,31.68,40.93,44.58
2021-06-24,27.525,36.49,72.7,125.13,102.15,69.15,88.405,31.65,41.06,44.37
2021-06-25,27.67,36.93,72.615,125.7,102.35,69.68,88.965,31.99,41.065,44.69
2021-06-28,26.735,36.66,73.375,125.89,101.81,69.74,88.985,32.195,41.065,44.71
2021-06-29,26.605,36.53,73.91,126.03,101.61,69.43,89.205,31.675,41.045,44.68
2021-06-30,26.935,36.69,73.83,125.95,102.4,69.97,89.275,31.615,41.155,44.33
2021-07-01,27.405,36.98,73.955,127.07,103.13,69.76,89.78,31.96,41.38,44.51
2021-07-02,27.345,36.94,74.93,128.29,103.29,69.93,90.57,32.01,41.44,44.72
2021-07-06,26.455,36.36,75.215,128.17,102.3,69.64,90.675,32.145,40.825,45.12
2021-07-07,26.025,36.41,75.625,128.98,103.32,70.01,90.625,32.355,41.25,45.35
2021-07-08,25.875,35.68,74.91,128.27,101.88,69.75,90.4,32.26,40.69,45.31
2021-07-09,26.425,36.71,75.6,128.71,103.49,70.15,91.245,32.3,41.49,45.91
2021-07-12,26.385,37.07,75.66,128.96,103.63,70.04,91.87,32.405,41.625,46.31
2021-07-13,26.185,36.67,75.97,128.84,102.63,70.02,90.77,32.16,41.245,45.71
2021-07-14,25.405,36.5,76.53,128.72,102.62,70.64,90.605,32.44,41.16,46.11
2021-07-15,25.05,36.62,75.9,128.27,102.82,70.93,90.115,32.805,41.165,46.18
2021-07-16,24.34,36.12,75.15,128.62,101.91,71.04,89.005,33.135,40.545,46.23
2021-07-19,23.48,35.11,74.115,127.27,99.78,70.83,87.985,32.61,39.675,45.51
2021-07-20,23.795,35.98,75.215,128.82,102.57,70.85,89.61,32.75,40.125,46.33
2021-07-21,24.625,36.6,75.94,129.03,103.55,70.67,90.435,32.39,40.565,46.19
2021-07-22,24.35,36.2,76.5,129.98,103.17,70.55,90.825,32.44,40.58,45.86
2021-07-23,24.26,36.26,77.26,131.48,103.61,71.4,91.635,32.855,40.865,46.28
2021-07-26,24.86,36.47,77.22,130.63,103.56,71.52,92.315,32.865,41.21,46.28
2021-07-27,24.63,36.46,76.49,131.24,102.99,71.67,91.38,33.43,41.265,46.65
2021-07-28,24.855,36.41,76.395,131.71,102.75,71.04,91.085,33.175,41.385,46.37
2021-07-29,25.095,36.81,76.75,132.03,103.56,71.39,92.11,33.265,41.84,46.23
2021-07-30,24.695,36.52,76.7,132.15,103.36,71.51,90.215,32.985,42.01,46.38
2021-08-02,24.51,36.53,76.425,132.33,102.65,71.21,90.475,33.24,41.5,46.4
2021-08-03,24.93,36.94,76.915,134.17,103.99,71.53,91.145,33.43,41.93,46.59
2021-08-04,24.255,36.63,77.07,133.6,102.58,70.6,90.26,33.38,41.53,46.44
2021-08-05,24.53,37.11,77.495,133.05,103.06,70.94,91.125,33.745,41.47,46.81
2021-08-06,24.755,37.86,77.43,132.94,103.54,70.94,90.505,33.725,42.07,46.73
2021-08-09,24.405,37.96,77.18,133.45,103.13,71.2,90.38,33.715,42.02,46.52
2021-08-10,24.835,38.36,76.625,133.14,104.18,71.71,90.735,33.75,42.655,46.02
2021-08-11,25.03,38.8,76.635,131.82,105.53,71.95,91.0,34.065,43.255,46.27
2021-08-12,25.005,38.87,77.075,132.86,105.33,71.91,91.04,34.1,43.185,46.43
2021-08-13,24.71,38.58,77.495,133.69,105.0,72.51,90.78,34.34,43.225,46.74
2021-08-16,24.255,38.48,77.845,135.21,105.36,72.93,90.36,34.55,43.01,46.79
2021-08-17,24.005,38.21,77.2,136.81,104.22,72.97,88.215,34.57,42.515,46.88
2021-08-18,23.505,37.74,76.135,134.73,103.08,72.06,88.53,34.395,42.02,46.39
2021-08-19,22.895,37.46,76.88,135.34,102.36,72.64,87.965,34.535,41.645,46.78
2021-08-20,22.945,37.69,77.87,136.11,102.63,72.76,88.81,34.965,41.89,47.0
2021-08-23,23.805,38.0,78.875,136.16,103.47,72.53,89.955,34.515,42.25,46.82
2021-08-24,24.2,38.23,78.785,135.68,103.99,71.98,90.59,34.29,42.515,46.47
2021-08-25,24.385,38.68,78.74,135.31,104.66,71.86,90.94,34.355,42.71,46.42
2021-08-26,24.015,38.49,78.245,134.78,104.2,71.53,90.1,34.27,42.415,46.45
2021-08-27,24.655,39.0,79.0,134.63,104.92,71.78,90.92,34.26,42.975,46.83
2021-08-30,24.365,38.45,79.85,135.39,104.8,72.1,91.605,34.31,42.93,47.4
2021-08-31,24.2,38.4,79.43,135.21,104.51,72.26,91.825,34.27,42.805,47.68
2021-09-01,23.845,38.18,79.45,135.25,104.11,72.64,91.82,34.72,42.695,48.5
2021-09-02,24.45,38.31,79.365,136.7,105.23,72.92,91.815,35.035,42.97,48.73
2021-09-03,24.31,38.07,79.68,136.85,104.59,72.83,91.76,34.745,42.685,48.73
2021-09-07,24.165,37.84,79.7,136.05,102.78,71.99,92.03,34.285,42.405,48.19
2021-09-08,23.855,37.75,79.395,135.99,102.92,72.61,92.135,34.9,42.0,48.48
2021-09-09,23.905,37.86,79.095,134.42,102.42,72.19,92.015,34.71,42.015,47.45
2021-09-10,23.895,37.58,78.315,133.19,101.96,71.88,91.45,34.225,42.005,46.85
2021-09-13,24.58,38.01,78.34,132.37,102.23,72.06,91.675,34.165,41.995,47.11
2021-09-14,24.225,37.5,78.24,132.35,101.0,71.73,91.37,34.05,41.535,47.01
2021-09-15,25.13,37.86,78.925,133.21,102.11,71.99,91.96,34.005,41.975,47.19
2021-09-16,24.845,37.75,78.97,132.87,101.41,71.75,92.38,33.72,41.52,47.28
2021-09-17,24.66,37.58,77.74,133.0,100.33,71.36,92.055,33.2,40.665,46.85
2021-09-20,23.62,36.55,76.19,131.15,98.86,70.21,89.82,32.89,39.71,46.27
2021-09-21,23.675,36.5,76.22,131.35,98.34,70.13,89.955,32.8,39.615,46.28
2021-09-22,24.405,37.11,77.265,131.57,99.12,70.33,91.18,32.78,40.025,46.67
2021-09-23,25.26,38.02,78.3,132.52,100.64,70.59,92.105,32.605,40.595,46.44
2021-09-24,25.45,38.22,78.355,131.98,100.85,70.62,92.45,32.57,40.535,45.91
2021-09-27,26.355,38.74,77.595,130.1,100.95,70.3,92.945,32.185,40.85,45.15
2021-09-28,26.445,38.1,75.295,127.87,99.78,69.47,91.155,31.78,40.345,44.88
2021-09-29,26.445,38.13,75.2,128.88,99.89,70.1,91.245,32.195,40.18,45.17
2021-09-30,26.045,37.53,74.66,127.3,97.84,68.84,89.725,31.94,39.555,44.45
2021-10-01,26.92,38.15,75.785,127.33,99.18,69.02,90.4,31.94,40.185,44.93
2021-10-04,27.36,37.82,74.03,125.39,98.64,68.8,89.685,32.38,40.01,44.98
2021-10-05,27.52,38.56,75.085,126.14,99.74,69.15,90.045,32.3,40.365,44.63
2021-10-06,27.23,38.6,75.575,125.91,100.18,69.82,90.33,32.8,40.29,45.06
2021-10-07,27.44,38.83,76.265,127.58,100.96,70.13,91.735,32.625,40.815,45.11
2021-10-08,28.285,39.02,75.98,126.94,100.95,70.05,91.315,32.385,40.59,44.62
2021-10-11,28.18,38.63,75.56,125.95,100.14,70.03,90.945,31.945,40.595,44.68
2021-10-12,28.205,38.51,75.17,125.34,99.81,70.06,91.665,32.16,40.65,45.28
2021-10-13,28.18,38.29,75.63,125.54,100.02,70.19,92.115,32.535,40.955,45.54
2021-10-14,28.525,38.93,77.335,127.34,101.91,70.98,93.08,32.935,41.95,46.18
2021-10-15,28.665,39.51,77.955,127.97,102.89,70.81,94.505,32.84,42.075,46.2
2021-10-18,28.685,39.52,78.615,127.1,102.96,70.39,95.66,32.525,42.045,46.28
2021-10-19,29.01,39.91,79.395,128.77,103.57,70.42,95.39,32.935,42.265,46.49
2021-10-20,29.245,40.23,79.175,130.61,104.22,70.83,95.32,33.455,42.605,47.2
2021-10-21,28.705,40.06,79.48,131.14,104.43,70.74,96.72,33.455,42.495,47.35
2021-10-22,28.975,40.62,79.205,131.67,104.8,71.29,96.375,33.625,42.415,47.69
2021-10-25,29.4,40.57,79.465,131.83,105.04,71.24,98.765,33.48,42.84,47.83
2021-10-26,29.57,40.6,79.69,132.48,104.39,71.49,98.78,33.66,42.96,48.05
2021-10-27,28.72,39.93,79.62,131.43,103.17,71.07,99.0,33.435,42.345,47.7
2021-10-28,28.925,40.42,80.42,132.53,104.46,71.32,100.315,33.655,42.765,48.4
2021-10-29,28.735,40.26,80.765,133.82,104.49,71.25,100.575,33.455,42.56,47.82
2021-11-01,29.23,40.28,80.645,133.66,104.78,71.36,102.42,33.575,42.66,47.93
2021-11-02,28.955,40.38,81.355,134.5,105.13,71.84,101.73,33.605,43.145,48.38
2021-11-03,28.715,40.53,81.83,135.29,104.9,72.51,103.56,33.48,43.595,48.66
2021-11-04,28.755,40.0,83.11,134.36,105.32,72.58,104.955,33.295,43.57,48.11
2021-11-05,29.13,40.02,83.54,132.86,106.39,73.0,105.63,33.61,43.91,48.22
2021-11-08,29.395,40.24,83.99,133.65,106.83,72.42,104.135,33.11,44.46,48.21
2021-11-09,29.515,40.02,83.645,133.16,107.1,72.67,102.21,33.28,44.665,48.39
2021-11-10,28.735,39.95,82.265,133.54,106.5,72.89,101.83,33.55,44.36,48.15
2021-11-11,28.845,40.06,82.65,133.15,106.06,72.84,101.555,33.345,44.715,48.17
2021-11-12,28.775,40.15,83.655,133.81,106.9,72.84,101.895,33.325,45.05,48.19
2021-11-15,29.015,40.15,83.57,132.98,107.1,73.19,101.81,33.765,44.845,48.46
2021-11-16,29.06,40.11,84.45,133.54,107.12,72.73,103.415,33.605,44.72,48.16
2021-11-17,28.615,39.65,84.195,133.73,106.48,72.57,104.075,33.635,44.425,48.48
2021-11-18,28.445,39.45,85.035,133.78,106.26,72.31,105.255,33.46,44.235,48.47
2021-11-19,27.335,39.02,85.655,132.97,105.73,72.05,105.71,33.65,44.155,48.21
2021-11-22,27.82,39.57,84.7,132.37,106.02,72.62,105.445,33.855,44.225,47.97
2021-11-23,28.675,40.19,84.505,132.51,106.2,73.1,104.68,33.89,44.27,48.48
2021-11-24,28.955,40.1,85.12,132.46,106.08,72.88,104.895,33.91,43.955,49.13
2021-11-26,27.79,38.77,82.995,131.97,103.21,71.96,102.035,33.38,43.2,47.8
2021-11-29,27.95,38.89,85.07,132.33,103.39,72.14,103.62,33.875,43.4,48.4
2021-11-30,27.295,37.96,84.36,129.73,100.77,70.29,102.22,32.885,42.325,47.39
2021-12-01,27.005,37.54,83.205,129.5,99.37,69.95,100.375,32.945,41.895,46.77
2021-12-02,27.79,38.66,83.97,130.13,102.32,70.69,101.805,33.365,42.75,48.05
2021-12-03,27.57,38.03,82.565,130.37,102.2,71.57,99.825,33.7,42.655,47.81
2021-12-06,27.98,38.61,83.35,131.11,103.93,72.83,100.965,34.215,43.28,48.5
2021-12-07,28.635,39.3,86.26,132.8,104.99,72.99,103.32,34.47,43.94,49.36
2021-12-08,28.63,39.09,86.655,133.8,105.25,72.76,103.58,34.435,44.125,49.57
2021-12-09,28.41,39.01,85.72,134.11,104.92,72.96,101.785,34.39,43.88,48.94
2021-12-10,28.62,39.05,87.44,134.58,105.35,74.19,102.495,34.575,44.15,49.19
2021-12-13,27.825,38.63,86.14,135.85,104.26,75.16,99.855,35.0,43.885,49.85
2021-12-14,27.71,38.86,84.725,135.3,103.27,75.21,99.275,34.79,43.84,49.3
2021-12-15,27.575,38.97,86.97,138.07,104.17,75.97,100.535,35.36,43.935,50.03
2021-12-16,27.75,39.46,84.505,138.89,104.22,76.51,98.315,35.54,44.385,50.22
2021-12-17,27.185,38.59,83.94,137.92,102.44,75.2,97.645,35.005,43.83,50.05
2021-12-20,26.505,37.66,82.785,136.56,100.42,74.71,95.925,34.765,42.83,49.3
2021-12-21,27.26,38.44,84.88,137.13,102.42,74.61,98.41,34.715,43.37,49.58
2021-12-22,27.435,38.62,85.99,138.73,102.71,75.08,100.205,34.865,43.715,50.07
2021-12-23,27.45,38.82,86.47,139.3,103.92,75.25,101.595,34.86,44.155,49.92
2021-12-27,28.05,39.22,88.325,140.77,105.02,76.05,102.585,35.03,44.82,50.94
2021-12-28,28.03,39.24,87.865,140.4,105.55,76.48,102.63,35.345,45.08,51.16
2021-12-29,27.85,39.19,87.94,141.2,105.74,76.83,102.835,35.535,45.265,51.47
2021-12-30,27.68,39.12,87.36,141.49,105.36,76.59,102.465,35.665,45.105,51.7
2021-12-31,27.75,39.05,86.935,140.89,105.81,77.11,102.22,35.79,45.305,51.81
2022-01-03,28.61,39.53,87.76,139.44,104.94,77.1,105.155,35.435,44.715,51.33
2022-01-04,29.6,40.57,86.83,137.6,107.05,77.62,104.515,35.325,45.265,51.13
2022-01-05,29.595,40.1,84.16,136.62,106.03,77.55,101.695,35.305,45.26,49.47
2022-01-06,30.255,40.69,83.735,135.04,106.52,77.34,101.43,34.94,44.69,49.53
2022-01-07,30.67,41.17,82.965,134.35,106.49,77.42,99.74,35.205,44.65,49.27
2022-01-10,30.575,41.03,82.98,135.73,105.29,76.81,99.13,34.975,44.195,48.98
2022-01-11,31.615,41.39,83.975,136.81,105.92,76.72,100.085,34.66,44.68,48.9
2022-01-12,31.675,41.42,84.37,136.42,106.26,76.75,100.745,34.77,45.13,49.03
2022-01-13,31.515,41.26,82.185,134.3,106.49,76.89,98.72,34.94,44.78,48.86
2022-01-14,32.255,40.83,82.88,134.07,105.85,77.03,98.26,34.7,44.4,48.29
2022-01-18,32.385,39.92,80.89,132.19,104.63,75.92,96.4,34.285,43.815,47.96
2022-01-19,32.15,39.25,79.76,131.65,103.46,76.4,94.66,34.44,43.705,47.34
2022-01-20,31.855,39.0,78.73,130.79,102.14,75.9,92.935,34.485,43.07,46.92
2022-01-21,31.225,38.2,77.165,129.47,101.2,75.96,90.21,34.42,42.02,46.89
2022-01-24,31.435,38.31,77.565,129.04,101.78,75.71,91.295,34.09,42.045,46.99
2022-01-25,32.655,38.47,75.77,128.21,100.78,74.87,89.75,33.555,41.665,46.86
2022-01-26,32.6,38.57,76.215,127.54,99.9,74.3,89.315,33.28,41.23,46.08
2022-01-27,32.955,38.22,75.69,127.87,99.01,74.8,87.15,33.575,41.37,45.25
2022-01-28,32.815,38.72,79.0,130.48,99.7,75.68,89.05,33.98,41.61,46.82
2022-01-31,32.96,39.06,80.985,131.23,100.74,75.97,92.475,34.625,42.225,47.34
2022-02-01,34.135,39.6,81.195,131.58,102.13,75.9,93.035,34.165,42.875,47.02
2022-02-02,34.245,39.87,81.855,133.35,102.84,76.81,92.48,34.67,43.01,47.83
2022-02-03,33.92,39.43,79.48,132.78,101.2,76.83,89.65,34.515,42.26,47.34
2022-02-04,34.45,40.1,79.8,132.3,100.11,75.89,92.2,34.24,41.56,46.69
2022-02-07,34.89,40.22,79.27,132.07,100.19,76.03,92.01,34.19,41.355,46.7
2022-02-08,34.14,40.78,80.25,133.15,101.19,76.32,93.305,34.215,41.995,46.28
2022-02-09,34.425,41.04,82.03,134.18,102.58,76.34,94.54,34.365,42.91,47.4
2022-02-10,34.21,40.68,79.885,132.08,100.9,75.52,92.91,33.495,42.66,46.05
2022-02-11,35.205,40.11,77.445,130.25,99.36,75.25,90.24,33.515,42.0,45.42
2022-02-14,34.375,39.66,77.42,128.92,98.99,75.04,90.755,33.23,41.655,44.93
2022-02-15,34.015,40.2,79.455,130.37,100.48,75.17,92.785,33.075,42.42,45.15
2022-02-16,34.29,40.23,79.375,130.57,101.01,75.31,93.05,33.15,42.73,45.27
2022-02-17,34.235,39.23,77.0,128.47,99.16,75.89,90.56,33.17,42.0,44.88
2022-02-18,34.025,39.22,76.22,127.51,98.34,76.03,90.0,33.11,41.93,44.68
2022-02-22,33.475,39.02,75.515,127.19,97.39,75.44,87.375,33.075,41.335,44.56
2022-02-23,33.82,38.34,73.625,126.55,95.6,74.83,84.455,32.515,40.805,43.98
2022-02-24,33.555,37.88,76.14,127.06,96.82,73.54,86.385,32.775,40.685,44.74
2022-02-25,34.44,39.1,77.175,130.95,99.13,75.91,88.095,33.79,42.17,45.86
2022-02-28,35.29,38.52,77.035,129.96,99.89,74.9,88.715,33.965,41.69,45.07
2022-03-01,35.645,37.1,75.495,129.24,98.4,74.46,87.37,33.67,40.73,44.98
2022-03-02,36.46,38.06,77.13,131.19,100.5,75.25,89.205,34.08,41.625,45.78
2022-03-03,36.56,37.94,76.21,131.86,100.61,75.86,87.185,34.68,41.675,46.28
2022-03-04,37.615,37.23,74.875,132.52,100.39,75.87,85.8,35.445,41.53,46.67
2022-03-07,38.17,35.87,72.135,130.21,97.7,74.49,81.595,35.905,40.09,45.82
2022-03-08,38.77,35.66,71.785,127.55,97.1,72.48,81.765,35.35,39.885,45.41
2022-03-09,37.585,36.97,74.625,129.96,98.86,72.97,84.395,35.1,41.12,46.17
2022-03-10,38.735,36.66,73.32,129.91,98.73,72.28,84.995,35.335,41.23,46.33
2022-03-11,38.425,36.4,72.03,128.94,97.94,71.44,83.36,35.215,40.925,45.87
2022-03-14,37.275,36.86,70.695,129.85,98.27,71.82,81.97,35.175,40.865,45.59
2022-03-15,35.91,37.38,73.07,132.44,99.83,73.43,84.715,35.625,41.335,45.95
2022-03-16,35.745,38.43,75.445,134.03,101.15,73.51,87.605,35.56,41.985,46.46
2022-03-17,36.975,38.91,75.98,136.15,102.45,74.02,89.065,35.71,42.79,47.12
2022-03-18,36.94,39.0,77.535,136.99,102.84,74.19,90.94,35.405,43.05,47.23
2022-03-21,38.065,38.81,77.245,136.46,102.73,73.95,90.04,35.405,43.245,46.72
2022-03-22,37.785,39.44,78.355,136.49,103.29,74.5,92.275,35.455,43.48,46.75
2022-03-23,38.435,38.71,77.15,134.04,102.3,73.9,91.13,35.505,43.28,46.22
2022-03-24,38.53,39.02,79.155,135.64,103.08,74.42,91.84,35.87,44.15,46.58
2022-03-25,39.375,39.52,79.11,136.27,103.72,75.04,91.68,36.39,44.645,47.13
2022-03-28,38.4,39.41,80.05,137.26,103.75,75.35,94.125,36.625,44.445,47.73
2022-03-29,38.3,39.5,81.75,138.07,104.71,76.02,95.765,36.965,44.82,49.13
2022-03-30,38.745,39.22,80.66,138.34,104.59,76.07,94.31,37.27,44.67,48.86
2022-03-31,38.22,38.32,79.465,136.99,102.98,75.89,92.5,37.23,44.075,48.32
2022-04-01,38.53,38.22,79.23,138.07,102.18,76.65,92.615,37.75,44.54,49.28
2022-04-04,38.58,38.05,80.735,136.92,102.05,76.41,94.695,37.46,44.55,49.13
2022-04-05,37.975,37.81,79.035,137.21,100.6,76.48,92.475,37.695,44.195,49.17
2022-04-06,38.2,37.55,77.165,139.3,99.82,77.45,90.115,38.445,43.685,49.9
2022-04-07,38.7,37.51,77.285,141.98,100.16,78.39,90.575,38.35,43.97,49.49
2022-04-08,39.765,37.89,76.205,142.83,99.6,78.72,89.74,38.48,44.24,49.67
2022-04-11,38.57,37.72,74.285,139.99,99.28,78.4,88.075,37.955,44.02,48.99
2022-04-12,39.21,37.31,73.955,138.63,99.12,78.42,88.27,38.1,44.03,48.84
2022-04-13,39.795,37.31,75.145,139.31,100.05,78.86,90.465,38.025,44.68,49.04
2022-04-14,39.925,36.89,73.32,138.64,99.94,78.84,89.2,38.045,44.53,48.76
2022-04-18,40.51,37.11,73.56,137.11,99.59,78.19,89.47,37.84,44.57,48.64
2022-04-19,40.18,37.62,74.94,138.42,101.4,79.38,92.065,38.085,44.99,49.66
2022-04-20,40.335,37.88,74.87,140.28,101.95,80.57,90.88,38.395,45.275,50.6
2022-04-21,39.055,37.28,73.6,138.73,100.91,80.5,90.0,37.76,44.535,50.27
2022-04-22,38.1,36.17,71.54,133.67,98.43,79.24,87.91,37.125,42.87,49.37
2022-04-25,36.84,36.23,72.615,134.57,98.43,79.59,88.545,36.87,42.75,49.14
2022-04-26,36.89,35.32,69.91,132.2,96.28,78.36,84.065,36.5,42.09,48.37
2022-04-27,37.43,35.29,70.945,131.91,96.64,78.65,84.075,36.325,42.71,48.08
2022-04-28,38.565,35.74,73.785,133.73,97.73,79.81,85.8,36.73,43.385,48.96
2022-04-29,37.575,34.51,70.71,130.29,95.14,77.64,81.44,35.63,42.515,46.6
2022-05-02,38.175,34.52,71.785,129.48,95.34,76.62,82.63,35.265,42.385,45.39
2022-05-03,39.245,34.97,71.91,129.89,95.97,76.4,82.425,35.4,42.86,45.94
2022-05-04,40.875,36.04,74.435,132.77,98.75,78.12,84.845,36.19,44.25,46.48
2022-05-05,40.26,34.99,70.855,130.19,96.17,76.64,80.09,35.82,42.88,45.29
2022-05-06,41.46,34.74,70.285,129.78,95.52,76.72,79.075,36.105,42.265,44.83
2022-05-09,38.03,33.91,67.565,126.42,93.21,76.69,75.705,35.835,40.93,42.74
2022-05-10,38.375,33.61,68.595,126.87,92.6,76.16,75.48,35.4,40.675,41.79
2022-05-11,38.89,33.3,66.43,126.03,91.76,75.83,72.775,35.655,40.695,41.73
2022-05-12,39.055,33.05,65.745,127.25,91.93,75.81,73.275,35.295,40.62,42.04
2022-05-13,40.39,33.53,67.93,128.6,93.1,76.95,76.16,35.715,41.245,43.09
2022-05-16,41.455,33.25,67.33,129.55,92.97,77.3,74.515,35.825,41.17,42.74
2022-05-17,41.935,34.14,69.28,131.33,95.08,76.77,76.395,36.195,42.335,43.2
2022-05-18,40.86,33.2,66.11,127.94,91.54,71.83,71.4,35.845,41.02,41.94
2022-05-19,40.71,32.98,65.385,128.22,90.72,70.55,71.45,35.77,41.31,41.86
2022-05-20,40.885,32.92,65.53,129.78,89.74,70.7,70.205,35.87,41.21,42.35
2022-05-23,41.965,33.99,67.035,130.92,91.21,72.16,70.73,36.3,41.965,42.9
2022-05-24,42.125,33.92,66.04,131.31,91.16,73.34,68.91,37.025,41.725,43.4
2022-05-25,42.995,34.19,66.81,131.27,91.69,73.36,70.855,37.0,41.91,43.64
2022-05-26,43.47,34.98,68.415,131.83,93.55,74.14,74.33,37.105,42.68,43.59
2022-05-27,44.265,35.57,70.73,134.02,95.47,75.0,76.88,37.685,43.68,44.82
2022-05-31,43.6,35.47,70.225,132.23,94.7,74.47,77.27,37.165,43.015,44.22
2022-06-01,44.31,34.9,70.015,130.33,94.12,73.5,76.465,37.105,42.585,43.74
2022-06-02,44.17,35.38,71.71,131.36,95.92,74.57,78.805,37.355,43.76,44.4
2022-06-03,44.755,34.87,69.995,129.82,95.55,73.82,76.5,37.175,43.335,43.84
2022-06-06,44.705,34.97,70.0,129.84,95.95,73.85,77.265,37.34,43.745,43.71
2022-06-07,46.04,35.24,70.835,131.53,97.24,74.24,77.075,37.565,44.06,44.22
2022-06-08,46.14,34.62,70.035,130.49,95.48,73.33,76.62,36.83,43.145,43.16
2022-06-09,45.12,33.75,68.165,127.54,93.6,72.23,75.235,35.945,42.125,42.17
2022-06-10,44.355,32.53,65.545,125.49,90.84,71.92,72.235,35.67,40.835,41.17
2022-06-13,42.04,31.56,62.64,121.69,88.11,70.37,68.9,34.03,39.24,39.19
2022-06-14,42.12,31.29,63.035,120.53,87.89,69.54,68.845,33.17,38.94,38.91
2022-06-15,41.19,31.64,64.365,121.75,88.74,69.61,70.78,33.385,38.93,39.8
2022-06-16,38.87,30.84,61.745,119.96,85.78,69.08,67.315,32.74,37.525,38.85
2022-06-17,36.745,30.93,62.31,119.89,85.56,68.83,68.05,32.435,37.46,39.08
2022-06-21,38.22,31.38,63.73,122.6,86.74,70.14,69.835,32.79,37.765,39.49
2022-06-22,36.69,31.31,63.46,124.3,86.26,70.09,69.7,33.135,37.28,40.13
2022-06-23,35.33,31.19,64.41,127.09,85.82,71.45,70.795,33.915,36.77,40.92
2022-06-24,35.795,32.34,66.725,129.2,88.82,72.85,73.495,34.505,38.23,41.81
2022-06-27,36.845,32.23,66.275,129.68,88.61,72.65,72.725,34.785,37.915,41.66
2022-06-28,37.84,31.91,64.29,127.42,87.58,71.68,69.82,34.655,37.51,41.09
2022-06-29,36.525,31.73,64.42,128.53,87.07,72.13,69.765,34.68,37.24,40.83
2022-06-30,35.755,31.45,63.56,128.24,87.34,72.18,68.74,35.065,36.8,40.86
2022-07-01,36.29,31.88,63.705,129.68,88.1,73.22,70.005,35.925,37.06,41.59
2022-07-05,34.85,31.77,64.505,128.93,86.78,72.75,71.57,34.7,36.315,41.42
2022-07-06,34.255,31.69,65.06,129.8,87.28,72.96,71.335,35.06,36.545,41.39
2022-07-07,35.49,32.15,66.405,130.35,88.31,73.03,73.175,35.025,36.87,41.42
2022-07-08,35.475,32.08,66.435,130.74,87.91,72.9,73.185,34.91,36.51,41.23
2022-07-11,35.135,31.82,65.52,130.41,87.32,72.8,71.18,35.13,36.41,41.23
2022-07-12,34.45,31.62,64.625,128.75,87.05,72.59,70.75,34.96,36.34,40.97
2022-07-13,34.395,31.34,64.455,127.5,85.99,72.64,71.33,34.815,36.13,40.75
2022-07-14,33.745,30.74,65.045,127.13,85.5,72.7,71.27,34.815,35.465,40.35
2022-07-15,34.295,31.78,66.19,130.2,86.84,72.94,72.42,34.88,36.02,41.0
2022-07-18,35.08,31.66,65.55,127.45,86.32,72.23,72.63,34.395,36.105,40.6
2022-07-19,36.16,32.61,67.55,129.62,89.4,72.99,74.855,34.615,37.205,41.72
2022-07-20,36.51,32.73,68.605,128.34,90.09,72.5,76.085,34.155,37.27,41.51
2022-07-21,35.87,32.94,69.57,130.37,90.74,72.72,77.825,34.245,37.8,41.94
2022-07-22,35.575,32.75,68.61,129.83,90.45,73.2,77.375,34.715,37.53,42.26
2022-07-25,36.88,32.96,68.175,130.51,90.88,73.56,76.71,35.15,37.685,42.29
2022-07-26,36.545,32.5,67.07,131.18,90.39,73.39,74.24,35.36,37.43,42.37
2022-07-27,37.37,33.0,69.955,132.0,91.79,73.89,77.05,35.39,37.88,42.6
2022-07-28,37.58,33.24,71.02,132.84,93.71,75.07,78.375,36.66,38.55,44.17
2022-07-29,39.21,33.71,72.11,132.4,95.64,74.49,81.415,36.975,39.065,44.34
2022-08-01,38.4,33.43,71.955,131.42,95.74,75.42,81.82,37.015,38.75,43.94
2022-08-02,38.31,33.06,71.445,130.95,94.73,74.82,81.26,36.94,38.355,43.36
2022-08-03,37.21,33.56,73.345,132.15,95.62,75.31,83.24,37.17,38.395,43.54
2022-08-04,35.83,33.45,73.68,131.5,95.97,74.81,83.58,37.25,38.42,43.58
2022-08-05,36.54,33.69,73.51,131.45,96.12,74.64,82.155,37.115,38.555,43.72
2022-08-08,36.73,33.67,72.885,131.76,96.09,74.6,82.525,37.17,38.77,44.04
2022-08-09,37.375,33.84,72.155,131.36,95.74,74.49,81.21,37.585,38.58,44.39
2022-08-10,37.645,34.6,74.125,132.79,97.84,75.04,83.5,37.75,39.675,44.99
2022-08-11,38.94,35.01,73.835,131.93,98.36,74.86,83.075,37.745,39.81,44.78
2022-08-12,39.235,35.56,75.305,133.62,99.84,75.51,84.955,38.36,40.56,45.54
2022-08-15,38.47,35.55,75.78,134.29,100.08,76.26,85.54,38.68,40.535,45.74
2022-08-16,38.38,35.81,75.575,133.93,100.53,77.12,86.485,38.79,40.76,45.56
2022-08-17,38.7,35.63,75.035,133.15,99.73,76.9,85.555,38.725,40.2,45.43
2022-08-18,39.74,35.67,75.425,132.56,100.13,77.16,85.53,38.87,40.325,45.12
2022-08-19,39.73,34.96,74.055,132.92,98.84,76.91,83.765,38.85,39.585,44.68
2022-08-22,39.655,34.19,71.99,131.18,96.96,76.13,81.44,38.32,38.955,43.75
2022-08-23,41.085,34.05,71.8,129.35,97.14,75.8,81.67,38.09,39.34,43.09
2022-08-24,41.59,34.23,71.845,129.51,97.46,75.99,82.02,38.21,39.425,43.43
2022-08-25,41.91,34.76,73.06,130.94,98.95,76.34,83.0,38.445,40.32,44.1
2022-08-26,41.42,33.72,69.94,127.29,95.52,74.45,79.84,37.855,39.085,42.98
2022-08-29,42.045,33.48,69.015,126.4,95.09,74.33,79.415,37.97,38.81,42.61
2022-08-30,40.62,33.3,68.295,125.56,93.72,73.56,78.53,37.415,38.175,42.0
2022-08-31,40.25,33.05,67.63,124.76,92.93,73.11,77.755,37.17,37.705,41.85
2022-09-01,39.26,33.15,67.3,126.81,93.06,73.52,78.465,37.705,37.21,42.0
2022-09-02,39.98,32.89,66.425,124.99,92.16,72.56,77.745,37.3,37.175,41.28
2022-09-06,39.61,32.81,65.985,125.11,92.31,72.15,77.585,37.395,37.06,41.71
2022-09-07,39.15,33.46,67.04,127.15,93.79,73.45,79.965,38.565,38.085,42.51
2022-09-08,39.32,34.05,67.27,129.36,94.07,73.26,80.71,38.535,38.455,42.63
2022-09-09,40.3,34.36,68.6,130.5,95.29,73.98,82.24,38.69,39.035,43.04
2022-09-12,41.04,34.64,69.7,131.37,95.86,74.27,83.3,39.06,39.4,43.4
2022-09-13,40.005,33.35,66.0,127.03,92.25,71.79,79.005,38.02,37.995,41.75
2022-09-14,41.135,33.25,66.24,127.1,92.07,71.76,80.02,38.33,37.53,41.24
2022-09-15,40.075,33.36,64.715,127.81,91.11,71.16,79.61,37.375,37.035,40.34
2022-09-16,39.22,33.06,64.355,127.45,89.21,71.33,78.97,37.235,36.45,40.35
2022-09-19,38.82,33.26,64.72,126.26,89.99,71.34,79.92,37.48,36.845,39.91
2022-09-20,38.55,32.77,64.34,124.78,88.87,70.95,78.565,36.935,36.145,38.86
2022-09-21,37.985,32.09,63.335,122.71,87.69,70.68,76.705,36.43,35.355,38.29
2022-09-22,37.85,31.55,62.69,123.36,86.37,70.58,74.935,36.3,34.93,37.93
2022-09-23,35.24,31.05,61.87,122.73,84.75,69.38,73.21,35.88,34.215,37.46
2022-09-26,34.375,30.56,61.44,121.56,83.86,69.43,73.045,35.015,33.66,36.45
2022-09-27,34.76,30.43,61.52,121.19,83.58,68.23,73.275,34.425,33.735,35.97
2022-09-28,36.3,31.03,62.17,123.84,85.42,69.05,75.255,34.795,34.605,36.65
2022-09-29,36.3,30.64,60.55,122.8,83.94,67.91,72.655,33.4,34.095,35.63
2022-09-30,36.01,30.36,59.39,121.11,82.84,66.73,71.225,32.755,34.005,36.01
2022-10-03,38.045,31.18,61.23,123.6,85.34,67.88,71.295,33.715,35.11,36.68
2022-10-04,39.68,32.34,63.285,126.47,88.31,68.91,73.785,34.43,36.4,37.26
2022-10-05,40.5,32.09,63.495,126.89,87.83,68.51,73.35,33.665,35.99,36.57
2022-10-06,41.22,31.64,62.975,125.27,86.82,67.51,72.83,32.555,35.61,35.37
2022-10-07,40.9,30.89,60.385,122.62,85.16,66.5,70.325,31.88,34.73,34.53
2022-10-10,40.06,30.75,59.37,121.85,85.46,66.74,69.89,31.935,34.805,34.14
2022-10-11,39.74,30.36,58.46,122.5,85.44,67.29,69.32,31.82,34.535,34.46
2022-10-12,40.06,30.29,58.28,121.9,84.77,67.65,69.5,30.76,34.275,34.0
2022-10-13,41.695,31.54,60.09,124.74,86.64,68.77,70.26,31.53,35.28,34.64
2022-10-14,40.14,31.01,58.4,123.9,84.74,67.53,67.635,31.075,34.09,33.77
2022-10-17,40.64,31.79,60.18,125.89,86.59,68.26,70.38,31.725,34.94,35.03
2022-10-18,40.995,32.3,60.69,126.59,88.68,69.15,71.35,32.305,35.625,35.49
2022-10-19,42.205,31.77,60.515,124.82,88.05,68.83,70.55,31.885,35.205,34.6
2022-10-20,42.245,31.26,60.55,123.76,86.32,67.87,69.185,31.08,34.95,34.43
2022-10-21,43.465,32.19,62.17,126.54,88.69,68.91,71.2,31.655,36.16,34.67
2022-10-24,43.67,32.62,63.03,128.98,89.87,70.15,71.495,31.92,35.95,34.65
2022-10-25,43.715,33.01,64.235,129.96,91.08,71.07,73.285,32.56,36.84,36.02
2022-10-26,44.31,33.09,62.805,131.4,91.4,71.54,72.695,32.545,37.1,35.95
2022-10-27,44.47,33.36,62.09,130.71,92.47,71.6,72.415,32.805,37.005,35.97
2022-10-28,44.625,34.19,64.79,132.86,94.62,73.17,72.48,33.705,37.375,36.82
2022-10-31,45.0,33.98,63.935,132.75,94.35,72.74,72.015,33.39,37.04,36.73
2022-11-01,45.435,34.07,63.4,132.83,94.26,72.51,71.285,33.52,37.135,36.67
2022-11-02,44.34,33.64,61.21,130.57,92.6,71.25,68.59,33.195,36.17,35.71
2022-11-03,45.16,33.3,59.41,130.02,93.57,71.01,68.18,33.34,36.445,35.69
2022-11-04,45.71,33.91,60.495,130.81,95.07,71.85,68.75,33.545,37.71,36.19
2022-11-07,46.495,34.25,61.505,132.21,96.09,72.49,68.27,32.905,38.005,36.18
2022-11-08,46.54,34.45,62.095,132.87,96.93,72.7,68.1,33.135,38.66,36.4
2022-11-09,44.265,33.87,60.48,131.44,95.58,71.91,66.02,32.875,38.035,36.0
2022-11-10,45.25,35.58,65.45,134.78,99.59,73.6,70.845,34.425,40.14,38.76
2022-11-11,46.565,35.87,66.57,133.13,99.53,73.52,72.545,34.04,40.625,38.74
2022-11-14,46.55,35.36,66.0,133.25,98.92,72.94,71.395,33.635,40.57,37.71
2022-11-15,47.04,35.44,66.8,133.08,99.6,73.55,72.37,34.005,40.51,38.18
2022-11-16,46.08,35.27,65.885,133.02,98.88,73.91,71.265,34.31,40.115,37.91
2022-11-17,46.18,35.08,65.97,132.96,98.71,73.89,70.4,33.71,39.73,37.57
2022-11-18,45.815,35.37,66.045,134.57,99.44,74.68,70.495,34.425,39.995,38.05
2022-11-21,45.195,35.48,65.335,134.63,99.76,75.39,69.475,34.58,40.13,38.32
2022-11-22,46.61,35.84,66.6,135.8,100.53,75.94,70.26,34.875,41.04,38.51
2022-11-23,46.105,35.99,67.19,136.34,100.91,76.2,71.275,35.265,41.2,38.57
2022-11-25,45.935,36.11,66.8,137.15,101.3,76.25,71.315,35.47,41.185,38.8
2022-11-28,44.675,35.49,65.37,136.12,99.46,75.96,70.875,35.105,40.265,37.71
2022-11-29,45.35,35.7,64.73,135.78,100.07,75.67,70.65,34.845,40.4,38.34
2022-11-30,45.575,36.31,67.98,139.02,101.72,77.19,73.085,35.715,41.375,39.24
2022-12-01,45.425,36.1,68.075,139.42,101.75,76.84,73.075,35.685,41.425,39.16
2022-12-02,45.155,35.93,67.68,139.78,102.33,77.19,72.98,35.515,41.88,38.97
2022-12-05,43.815,35.04,66.555,138.44,100.62,76.22,70.875,35.315,41.05,38.31
2022-12-06,42.66,34.73,65.13,137.39,99.43,75.75,69.77,35.535,40.685,38.02
2022-12-07,42.56,34.59,64.8,138.52,99.3,76.07,69.35,35.37,40.595,38.1
2022-12-08,42.37,34.62,65.86,139.77,99.89,76.48,70.02,35.6,40.895,38.38
2022-12-09,41.34,34.53,65.455,137.98,99.07,75.89,69.715,35.415,40.49,38.3
2022-12-12,42.425,34.99,66.885,139.45,100.77,76.69,69.89,36.225,40.84,38.62
2022-12-13,43.23,35.08,67.675,139.88,101.15,76.58,69.89,36.335,41.405,39.47
2022-12-14,42.965,34.64,67.105,140.1,100.96,76.53,69.37,36.29,40.96,39.09
2022-12-15,42.705,33.96,64.595,137.53,98.52,75.23,68.23,35.85,39.71,38.64
2022-12-16,42.18,33.7,63.74,135.53,98.1,74.86,66.955,35.24,39.54,37.5
2022-12-19,41.745,33.4,62.71,134.47,97.12,74.28,65.7,34.815,38.775,36.64
2022-12-20,42.375,33.54,62.805,134.44,97.24,74.22,64.935,34.825,39.03,36.56
2022-12-21,43.18,34.06,63.845,136.21,99.07,74.96,65.97,35.31,39.37,36.93
2022-12-22,42.185,33.76,62.235,136.02,97.81,74.79,64.275,35.095,38.99,36.75
2022-12-23,43.53,33.95,62.3,136.1,98.39,75.18,64.715,35.455,39.26,37.08
2022-12-27,43.995,33.94,61.71,135.75,98.69,75.54,63.665,35.675,39.295,37.05
2022-12-28,43.01,33.82,60.715,134.87,97.4,74.6,63.13,35.335,38.695,36.46
2022-12-29,43.46,34.29,62.305,136.34,98.6,74.92,64.755,35.59,39.115,37.27
2022-12-30,43.735,34.2,62.22,135.85,98.21,74.55,64.58,35.25,38.84,36.93
2023-01-03,42.2,34.32,61.63,135.46,98.42,74.27,64.195,35.25,38.8,37.07
2023-01-04,42.195,34.87,61.79,135.82,99.29,74.56,65.125,35.57,39.475,37.92
2023-01-05,42.965,34.61,60.59,134.43,98.22,73.81,64.52,34.8,38.85,36.81
2023-01-06,43.78,35.38,62.365,135.67,100.91,75.78,66.035,35.5,40.185,37.88
2023-01-09,43.625,35.25,63.09,133.4,100.46,75.04,66.435,35.74,40.44,37.86
2023-01-10,43.935,35.45,63.48,134.52,101.01,74.94,67.27,35.75,40.845,37.97
2023-01-11,44.07,35.78,64.58,135.28,101.98,74.98,69.085,36.04,41.485,39.35
2023-01-12,44.91,35.85,65.06,134.85,102.58,74.39,69.2,35.795,41.64,39.79
2023-01-13,44.975,36.12,65.245,135.45,102.46,74.74,69.85,35.665,41.895,39.56
2023-01-17,45.07,35.88,65.54,134.82,101.59,74.79,69.9,35.615,41.475,39.57
2023-01-18,44.245,35.21,64.695,132.92,99.68,72.75,68.99,34.76,40.89,38.96
2023-01-19,44.795,34.8,63.94,133.24,97.63,72.06,67.845,34.41,40.575,38.77
2023-01-20,45.24,35.35,65.67,133.91,98.99,72.62,69.49,34.615,41.39,39.22
2023-01-23,45.3,35.76,67.165,134.37,100.07,72.85,70.575,34.625,41.525,39.33
2023-01-24,45.125,35.78,67.135,133.48,100.73,73.15,70.495,34.8,41.55,39.5
2023-01-25,45.13,36.06,66.995,133.52,100.17,73.33,70.855,34.33,41.635,39.54
2023-01-26,46.555,36.25,68.065,133.77,100.72,73.07,72.305,34.445,41.835,39.99
2023-01-27,45.615,36.25,68.35,132.86,101.14,72.86,73.945,34.445,41.7,40.35
2023-01-30,44.57,36.07,67.045,131.66,100.15,72.95,72.685,34.29,41.415,39.86
2023-01-31,44.965,36.56,67.98,133.36,101.85,73.74,74.35,34.545,42.325,40.59
2023-02-01,44.08,36.56,69.58,133.99,102.59,74.33,75.76,34.605,42.605,40.89
2023-02-02,43.075,36.66,71.48,133.08,103.39,73.69,78.08,34.68,42.47,41.83
2023-02-03,42.98,36.59,70.885,132.69,102.85,73.4,75.675,33.955,41.705,40.96
2023-02-06,42.785,36.58,70.02,131.95,102.6,73.49,75.565,34.245,41.245,40.7
2023-02-07,44.175,37.0,71.77,132.8,102.92,73.18,75.74,34.23,41.8,40.54
2023-02-08,43.78,36.78,70.905,132.41,102.34,72.62,75.095,33.655,41.465,40.43
2023-02-09,43.405,36.37,70.515,131.25,101.42,72.3,74.955,33.195,40.865,40.04
2023-02-10,45.105,36.49,70.19,132.49,102.14,72.97,74.075,33.855,41.015,40.12
2023-02-13,44.99,36.91,71.405,133.59,103.07,73.8,75.16,34.06,41.23,40.49
2023-02-14,45.005,36.71,71.71,132.8,102.79,73.13,76.06,33.915,41.325,40.07
2023-02-15,44.24,36.75,72.045,132.14,103.43,73.27,76.95,34.135,41.505,40.18
2023-02-16,43.805,36.38,70.795,130.82,102.36,72.74,75.27,33.875,41.035,39.81
2023-02-17,42.245,36.39,69.91,131.99,103.03,73.68,75.285,34.24,40.65,39.61
2023-02-21,42.035,35.64,68.25,130.28,100.67,73.4,72.77,33.6,39.98,38.83
2023-02-22,41.755,35.6,68.15,129.84,100.42,73.29,73.14,33.47,40.28,38.48
2023-02-23,42.385,35.63,69.28,130.19,100.89,73.2,73.08,33.295,40.325,38.85
2023-02-24,42.33,35.66,68.045,128.51,100.31,72.71,71.93,33.305,40.595,38.13
2023-02-27,42.455,35.65,68.41,128.12,101.2,72.63,72.82,33.08,40.73,38.19
2023-02-28,41.845,35.72,68.26,127.17,100.97,72.03,72.77,32.5,40.915,38.21
2023-03-01,42.67,35.6,67.76,126.96,101.37,71.5,71.855,31.965,41.235,37.62
2023-03-02,43.045,35.43,68.595,127.74,102.56,72.48,71.615,32.57,41.705,38.11
2023-03-03,43.63,35.99,70.07,129.17,103.67,72.54,73.155,33.125,42.3,38.75
2023-03-06,43.65,36.02,70.405,129.11,103.48,72.73,72.62,33.285,41.615,38.6
2023-03-07,42.89,35.09,69.53,127.03,102.15,72.01,71.63,32.74,40.795,37.63
2023-03-08,42.45,34.96,70.105,126.35,102.39,72.13,71.5,32.99,40.995,38.16
2023-03-09,41.85,33.54,69.1,125.07,100.88,71.46,69.795,32.725,39.94,37.29
2023-03-10,41.315,32.93,67.885,124.15,99.0,71.11,69.1,32.21,39.09,36.1
2023-03-13,40.475,31.63,68.255,125.31,98.44,71.47,69.245,32.705,38.69,36.68
2023-03-14,40.875,32.27,69.83,126.43,99.48,72.12,70.42,33.135,39.185,37.06
2023-03-15,38.68,31.41,69.87,126.32,97.03,72.59,70.315,33.585,37.915,37.08
2023-03-16,39.1,32.01,71.83,127.5,98.28,72.64,71.585,33.81,38.35,37.08
2023-03-17,38.485,30.98,71.73,125.86,96.67,72.11,70.67,33.485,37.755,36.23
2023-03-20,38.85,31.17,71.765,126.96,97.55,72.76,70.76,33.5,38.365,36.36
2023-03-21,40.195,31.96,72.345,127.73,98.68,72.7,72.715,32.825,38.83,36.15
2023-03-22,39.34,31.22,71.625,125.8,96.79,72.03,71.095,32.18,38.14,34.83
2023-03-23,38.795,31.01,72.79,125.56,96.51,71.75,71.02,31.85,38.095,34.62
2023-03-24,38.945,30.99,72.98,127.3,96.91,72.97,70.79,32.845,38.405,35.51
2023-03-27,39.775,31.42,72.415,127.82,97.72,73.36,70.935,32.885,38.69,35.39
2023-03-28,40.39,31.41,72.075,127.05,98.22,73.49,70.85,32.975,38.875,35.27
2023-03-29,40.95,31.87,73.585,127.4,99.65,73.9,72.195,33.455,39.415,36.11
2023-03-30,41.13,31.8,74.44,128.09,99.86,74.11,72.825,33.6,39.685,36.58
2023-03-31,41.415,32.15,75.505,129.46,101.18,74.71,74.77,33.845,40.33,37.38
2023-04-03,43.29,32.21,75.385,130.91,101.36,75.1,74.085,33.615,40.585,37.03
2023-04-04,42.505,31.91,74.97,130.93,99.09,74.95,73.965,33.785,40.0,37.04
2023-04-05,43.145,31.87,74.115,133.19,97.8,75.3,72.45,34.66,39.91,36.85
2023-04-06,42.49,31.99,74.535,133.52,97.77,75.36,72.465,34.905,39.815,37.1
2023-04-10,42.83,32.06,74.495,133.43,98.66,75.36,72.785,34.835,40.005,37.29
2023-04-11,43.235,32.34,73.795,133.88,99.25,75.58,72.9,34.865,40.315,37.47
2023-04-12,43.265,32.27,73.375,133.92,99.58,75.24,71.77,34.83,40.345,37.36
2023-04-13,43.535,32.56,74.74,135.66,99.95,75.66,73.355,34.835,40.76,37.24
2023-04-14,43.615,32.88,74.325,134.57,99.83,75.18,73.45,34.445,40.465,36.6
2023-04-17,43.1,33.26,74.595,134.46,100.62,75.66,73.97,34.635,40.7,37.43
2023-04-18,43.27,33.36,74.825,133.54,101.1,75.89,74.09,34.455,40.87,37.37
2023-04-19,43.12,33.44,74.61,133.95,101.02,75.84,74.02,34.72,40.755,37.59
2023-04-20,42.74,33.34,74.12,133.4,100.84,76.02,72.88,34.71,40.71,37.14
2023-04-21,42.49,33.22,73.88,134.3,100.61,76.57,73.685,34.81,40.35,37.18
2023-04-24,43.14,33.14,73.555,135.05,100.85,76.88,73.675,34.985,40.625,37.08
2023-04-25,42.33,32.57,71.985,133.61,98.99,76.78,72.215,34.95,39.745,36.74
2023-04-26,41.765,32.26,73.055,131.71,97.12,76.18,71.845,34.13,39.275,36.44
2023-04-27,41.915,32.78,74.605,132.4,99.04,77.03,73.74,34.54,39.81,37.32
2023-04-28,42.565,33.17,75.415,133.53,100.0,77.44,73.93,34.49,40.275,37.75
2023-05-01,42.085,33.08,75.46,134.22,100.54,77.5,73.2,34.55,40.255,37.4
2023-05-02,40.255,32.33,74.755,133.64,99.49,77.29,73.275,34.13,39.865,36.76
2023-05-03,39.495,31.96,74.125,133.46,99.11,76.66,72.695,34.035,39.425,36.53
2023-05-04,39.055,31.55,73.77,132.4,98.03,76.47,72.135,34.295,39.17,36.87
2023-05-05,40.115,32.33,75.62,133.59,99.51,77.18,73.595,34.515,39.83,37.44
2023-05-08,40.115,32.38,75.58,133.3,99.15,76.95,73.845,34.41,39.7,37.18
2023-05-09,40.13,32.26,75.0,132.41,99.37,76.71,73.825,34.365,39.34,37.06
2023-05-10,39.675,32.08,75.915,132.78,99.01,76.59,74.2,34.68,39.365,37.41
2023-05-11,39.2,32.03,75.575,132.37,98.41,76.82,74.545,34.325,38.98,37.02
2023-05-12,39.26,31.9,75.475,132.19,98.48,77.12,73.915,34.515,39.05,37.09
2023-05-15,39.46,32.16,76.1,131.96,98.96,76.93,74.01,34.08,39.38,37.02
2023-05-16,38.49,31.86,76.18,130.86,97.62,76.28,73.71,33.325,38.73,36.03
2023-05-17,39.23,32.5,77.195,131.02,99.3,76.24,75.245,33.205,38.985,36.5
2023-05-18,39.515,32.74,78.775,130.7,100.02,75.87,76.415,33.105,39.215,36.27
2023-05-19,39.82,32.6,78.74,131.31,99.78,75.92,75.775,33.055,39.315,36.21
2023-05-22,39.655,32.66,78.89,131.44,99.76,74.77,75.54,33.065,39.11,36.45
2023-05-23,40.08,32.28,77.725,130.0,98.56,74.22,74.85,32.95,38.505,36.0
2023-05-24,40.255,31.86,77.155,129.11,97.29,73.74,74.575,32.735,38.065,35.21
2023-05-25,39.54,31.85,80.115,127.79,97.61,73.18,74.24,32.295,37.93,35.29
2023-05-26,39.385,32.11,82.39,127.53,98.34,73.43,75.985,32.295,38.12,35.7
2023-05-30,38.98,32.1,82.83,126.74,98.19,72.59,76.495,32.17,37.915,35.81
2023-05-31,38.295,31.76,82.14,127.83,96.85,72.67,75.805,32.465,37.51,36.04
2023-06-01,38.77,32.1,82.975,128.67,98.09,72.61,76.7,32.225,38.01,36.05
2023-06-02,39.95,32.8,83.45,130.32,100.94,73.61,78.5,32.56,39.285,36.81
2023-06-05,39.685,32.63,82.97,130.79,100.24,73.34,78.735,32.715,39.255,36.64
2023-06-06,40.005,33.04,82.95,129.7,100.87,72.97,79.555,32.69,39.505,36.86
2023-06-07,41.065,33.17,81.71,129.19,102.49,72.73,79.015,33.245,39.975,37.54
2023-06-08,40.89,33.14,82.595,130.02,102.67,73.23,80.185,33.39,39.83,37.31
2023-06-09,40.665,33.15,83.005,130.42,102.4,73.11,80.6,33.195,39.5,37.12
2023-06-12,40.275,33.14,84.81,130.89,103.13,73.09,81.985,33.135,39.68,37.1
2023-06-13,40.465,33.34,85.325,131.55,104.33,73.39,82.835,33.13,40.6,37.37
2023-06-14,40.05,33.21,86.205,130.2,104.05,73.84,82.775,33.11,40.43,37.57
2023-06-15,40.49,33.65,87.315,132.22,105.62,74.58,83.315,33.47,40.775,37.73
2023-06-16,40.43,33.58,86.595,132.21,105.45,74.67,83.19,33.65,40.875,37.69
2023-06-20,39.18,33.18,85.83,131.52,104.25,73.58,83.645,32.99,40.125,36.93
2023-06-21,39.49,33.14,84.56,131.54,104.83,73.84,82.64,33.255,40.255,36.77
2023-06-22,38.96,32.88,85.25,132.44,104.07,74.27,83.695,33.0,40.16,36.25
2023-06-23,38.68,32.74,84.325,132.0,103.28,73.78,82.725,32.515,39.835,35.86
2023-06-26,39.375,32.67,83.72,131.25,104.14,73.88,81.665,32.835,40.25,36.66
2023-06-27,39.465,32.93,85.37,130.95,105.39,74.1,83.42,32.845,40.82,37.06
2023-06-28,39.865,32.85,85.42,130.53,105.39,73.6,83.75,32.36,40.54,37.16
2023-06-29,40.325,33.42,85.57,131.38,106.41,73.53,83.84,32.36,41.05,37.5
2023-06-30,40.585,33.71,86.93,132.73,107.32,74.17,84.905,32.72,41.435,37.69
2023-07-03,40.68,33.9,86.745,131.64,107.34,74.75,85.93,32.965,41.59,37.99
2023-07-05,40.455,33.83,86.21,131.57,106.76,74.62,85.965,33.34,40.565,38.18
2023-07-06,39.545,33.54,85.98,130.52,105.96,74.43,84.58,32.935,40.27,37.97
2023-07-07,40.395,33.59,85.605,129.0,106.2,73.46,84.685,32.695,40.62,37.79
2023-07-10,40.71,33.74,85.83,130.02,107.71,73.44,84.945,32.555,40.61,37.92
2023-07-11,41.605,34.14,86.015,130.05,108.98,73.55,85.655,32.96,41.01,38.35
2023-07-12,41.99,34.36,86.99,129.7,108.79,73.72,86.425,33.44,41.55,38.53
2023-07-13,41.83,34.48,88.125,129.75,108.93,74.03,87.235,33.555,41.875,38.79
2023-07-14,40.725,34.25,87.995,131.7,108.61,74.28,87.46,33.425,41.63,38.79
2023-07-17,40.645,34.58,89.12,131.1,109.02,74.06,87.815,33.04,41.67,38.46
2023-07-18,41.055,34.97,90.13,132.07,109.63,73.98,88.175,32.785,41.995,38.14
2023-07-19,41.295,35.12,89.905,132.68,109.58,74.73,88.485,33.12,41.77,38.56
2023-07-20,41.78,35.38,88.11,134.88,110.07,75.37,85.47,33.725,41.87,38.43
2023-07-21,42.15,35.26,88.065,136.24,109.55,75.63,85.49,34.23,41.875,38.6
2023-07-24,42.83,35.6,88.22,135.94,109.8,75.92,86.05,34.14,42.005,38.97
2023-07-25,43.055,35.37,89.23,135.88,109.66,75.9,85.85,34.2,42.76,38.68
2023-07-26,43.07,35.58,88.03,135.79,110.43,75.99,85.83,34.2,42.615,38.82
2023-07-27,42.795,35.13,87.775,134.79,109.48,75.32,84.94,33.595,42.34,38.0
2023-07-28,42.925,35.2,88.97,135.19,110.16,76.1,86.38,33.52,42.635,37.89
2023-07-31,43.74,35.33,89.175,134.15,110.42,75.75,86.87,33.535,42.86,38.19
2023-08-01,43.535,35.33,89.325,133.45,110.75,75.34,85.885,33.125,42.67,38.12
2023-08-02,42.965,35.03,87.115,133.54,109.59,75.61,84.345,33.125,42.14,37.96
2023-08-03,43.4,35.05,86.76,132.87,108.9,75.4,84.545,32.37,41.88,37.44
2023-08-04,43.46,34.91,85.58,132.4,108.24,74.65,85.775,31.995,41.785,37.07
2023-08-07,43.51,35.4,85.82,133.93,109.57,75.26,86.655,31.99,42.06,37.54
2023-08-08,43.725,35.08,85.16,134.96,109.07,74.72,85.965,32.14,41.615,37.35
2023-08-09,44.275,34.82,84.06,134.92,109.01,74.83,84.945,32.21,41.445,37.44
2023-08-10,44.27,34.85,84.07,134.83,108.71,74.68,85.15,32.11,41.475,37.32
2023-08-11,44.95,34.92,83.45,135.67,108.89,74.8,84.86,32.285,41.36,37.39
2023-08-14,44.76,34.85,84.78,136.08,108.93,74.43,85.12,32.03,41.45,37.19
2023-08-15,43.83,34.21,83.945,135.58,107.54,73.63,83.96,31.51,40.775,36.81
2023-08-16,43.45,34.16,83.145,134.55,106.94,73.46,82.92,31.65,40.5,36.36
2023-08-17,43.97,33.99,82.355,133.48,106.04,72.75,81.515,31.58,40.42,36.09
2023-08-18,44.405,33.98,82.48,133.53,106.24,73.02,81.33,31.745,40.415,36.19
2023-08-21,44.125,33.94,84.055,133.67,106.11,72.53,82.265,31.545,40.42,35.88
2023-08-22,43.785,33.62,83.96,133.2,105.86,72.12,82.385,31.635,40.385,35.99
2023-08-23,43.675,33.95,85.475,133.6,106.95,72.6,83.045,31.76,40.45,36.52
2023-08-24,43.375,33.83,83.505,132.44,105.65,72.02,81.42,31.575,40.28,36.35
2023-08-25,43.795,33.99,84.355,133.41,106.54,72.42,82.33,31.815,40.4,36.45
2023-08-28,44.09,34.18,85.045,133.72,107.41,72.75,82.66,31.81,40.695,36.74
2023-08-29,44.21,34.49,86.75,134.92,108.23,73.01,84.725,31.93,41.37,37.16
2023-08-30,44.43,34.51,87.405,134.82,108.72,73.13,85.09,31.785,41.465,37.29
2023-08-31,44.46,34.38,87.83,133.21,108.23,72.76,85.355,31.48,41.445,37.02
2023-09-01,45.37,34.69,88.1,133.57,108.8,72.14,84.835,31.32,41.91,37.0
2023-09-05,45.61,34.34,88.415,132.19,106.97,71.52,84.895,30.84,41.135,36.63
2023-09-06,45.63,34.32,87.48,131.47,106.51,71.44,84.14,30.91,41.045,36.56
2023-09-07,45.585,34.23,86.215,132.06,106.16,71.61,84.375,31.315,40.86,36.86
2023-09-08,46.025,34.3,86.395,132.06,105.63,71.7,84.375,31.59,40.9,36.62
2023-09-11,45.42,34.46,86.845,132.97,105.66,72.32,86.645,31.72,41.075,36.64
2023-09-12,46.49,34.69,85.27,132.8,105.28,71.7,85.86,31.76,40.98,36.64
2023-09-13,46.14,34.69,85.485,132.82,104.58,71.92,86.54,32.14,40.74,36.27
2023-09-14,46.68,35.01,86.105,133.24,105.61,72.65,87.39,32.61,41.315,36.93
2023-09-15,46.005,34.83,84.45,132.19,105.0,72.05,85.895,32.47,40.855,36.79
2023-09-18,46.055,34.77,84.675,131.45,104.69,71.54,84.81,32.185,40.49,36.18
2023-09-19,45.625,34.73,84.63,131.56,104.25,71.37,84.385,32.01,40.455,35.99
2023-09-20,45.2,34.49,83.3,131.57,103.84,71.44,83.545,32.04,40.03,36.06
2023-09-21,44.58,33.92,82.03,130.42,102.14,70.52,81.265,31.705,39.225,34.81
2023-09-22,44.655,33.66,82.205,130.15,101.79,70.14,80.465,31.645,39.185,34.57
2023-09-25,45.215,33.74,82.47,130.86,102.3,69.89,80.96,31.6,39.495,34.51
2023-09-26,44.955,33.29,80.985,129.75,100.74,69.37,79.485,30.655,38.925,33.9
2023-09-27,46.075,33.24,81.11,129.1,101.49,68.8,79.18,30.065,38.92,33.6
2023-09-28,46.125,33.48,81.685,129.72,101.92,69.01,80.065,29.415,39.34,33.95
2023-09-29,45.195,33.17,81.965,128.74,101.38,68.81,80.49,29.465,39.275,34.07
2023-10-02,44.295,32.89,82.845,128.56,100.39,68.34,80.555,28.095,38.755,33.45
2023-10-03,44.265,32.37,81.44,127.42,99.69,67.85,78.595,28.42,38.65,32.84
2023-10-04,42.875,32.61,82.455,127.96,100.01,68.39,80.145,28.39,39.105,33.19
2023-10-05,42.61,32.76,82.565,128.66,99.42,67.04,79.745,28.225,38.63,33.43
2023-10-06,42.865,33.04,84.11,130.01,100.78,66.67,80.305,28.625,38.995,33.56
2023-10-09,44.295,33.06,84.545,130.46,102.36,66.73,80.39,28.91,39.045,34.0
2023-10-10,44.35,33.3,84.675,131.08,102.98,67.41,81.27,29.305,39.46,34.12
2023-10-11,43.78,33.35,85.46,130.5,103.6,66.95,81.56,29.78,39.555,34.81
2023-10-12,43.83,33.14,85.54,129.38,102.66,66.22,80.67,29.32,38.965,34.35
2023-10-13,44.795,33.21,84.315,130.19,101.75,66.8,79.485,29.65,38.82,34.34
2023-10-16,45.095,33.56,85.125,131.17,102.83,67.49,80.77,29.955,39.2,34.69
2023-10-17,45.565,33.72,84.73,130.99,103.15,67.78,80.96,29.875,39.585,34.51
2023-10-18,45.98,33.14,83.86,129.85,100.66,68.03,79.06,29.615,38.56,33.75
2023-10-19,45.9,32.7,83.38,128.57,99.73,67.53,77.04,29.32,38.11,32.92
2023-10-20,45.13,32.2,81.97,128.06,98.7,67.27,75.845,29.015,37.65,32.75
2023-10-23,44.4,32.0,82.065,127.26,98.24,67.14,75.935,28.77,37.23,32.47
2023-10-24,43.775,32.22,82.63,127.65,98.98,67.71,76.745,29.51,37.67,32.88
2023-10-25,43.695,32.1,81.655,126.51,97.71,67.94,75.195,29.675,37.23,32.19
2023-10-26,43.355,32.03,80.095,125.26,97.3,67.5,74.02,29.93,37.49,32.87
2023-10-27,42.315,31.45,80.56,123.14,96.44,66.58,74.795,29.365,37.475,32.35
2023-10-30,42.455,32.01,81.425,123.83,97.64,67.62,75.48,29.59,37.86,32.45
2023-10-31,42.595,32.36,82.005,124.54,98.36,67.86,76.05,29.845,38.03,33.1
2023-11-01,42.495,32.57,83.59,124.8,98.68,67.79,76.99,30.185,38.05,33.27
2023-11-02,43.78,33.34,85.005,126.78,100.71,68.67,79.0,30.75,38.785,34.3
2023-11-03,43.34,33.78,85.88,127.41,101.6,68.75,80.11,30.93,39.395,35.11
2023-11-06,42.85,33.68,86.445,128.26,101.33,68.86,80.21,30.85,39.2,34.63
2023-11-07,41.9,33.63,87.39,128.35,101.08,69.03,81.105,30.625,38.44,34.34
2023-11-08,41.375,33.67,87.885,128.17,101.31,68.76,80.89,30.4,38.56,34.54
2023-11-09,41.25,33.53,87.475,125.52,101.09,68.48,79.38,30.0,38.23,34.01
2023-11-10,41.705,33.91,89.76,126.27,102.55,68.96,80.7,30.16,38.68,34.39
2023-11-13,42.005,33.86,89.235,127.0,102.64,69.18,81.045,29.8,38.625,34.1
2023-11-14,42.38,34.5,91.02,127.86,104.7,69.89,83.775,30.99,39.765,35.94
2023-11-15,42.3,34.69,91.135,127.96,104.92,70.45,83.875,30.895,39.94,36.02
2023-11-16,41.475,34.83,91.59,128.51,104.94,69.58,83.015,31.06,40.06,36.01
2023-11-17,42.345,35.01,91.4,128.25,105.61,69.49,83.57,31.145,40.135,35.97
2023-11-20,42.405,35.15,92.725,129.03,105.93,69.44,84.0,31.05,40.205,36.25
2023-11-21,42.31,35.13,91.975,129.81,105.85,69.65,83.785,31.115,40.36,36.07
2023-11-22,42.29,35.27,92.385,130.43,106.08,70.15,84.04,31.265,40.385,36.18
2023-11-24,42.465,35.38,92.205,131.13,106.34,70.41,84.12,31.345,40.56,36.32
2023-11-27,42.315,35.26,92.2,130.31,105.74,70.21,84.255,31.395,40.51,36.45
2023-11-28,42.325,35.25,92.375,129.64,105.49,70.53,84.74,31.495,40.59,36.65
2023-11-29,42.01,35.5,92.445,129.68,105.89,69.96,84.51,31.245,40.8,36.93
2023-11-30,42.29,35.9,92.58,131.31,107.05,70.66,84.39,31.38,41.205,37.23
2023-12-01,42.51,36.17,92.79,131.83,108.74,70.95,85.545,31.765,41.675,38.01
2023-12-04,42.315,36.13,91.66,132.08,108.92,71.04,85.22,31.64,41.19,38.22
2023-12-05,41.575,35.95,92.21,131.91,108.04,70.48,85.37,31.415,40.625,38.06
2023-12-06,40.955,35.77,91.43,132.01,108.52,70.3,85.495,31.835,40.54,37.93
2023-12-07,40.675,35.94,92.54,131.85,108.62,70.6,86.2,31.765,40.815,37.98
2023-12-08,41.115,36.13,93.33,132.07,108.96,70.11,86.595,31.705,40.965,37.9
2023-12-11,41.165,36.35,94.145,132.94,110.0,70.78,86.825,31.91,41.255,38.03
2023-12-12,40.6,36.61,94.77,133.51,110.5,71.01,87.095,31.78,41.495,38.02
2023-12-13,41.165,37.2,95.605,135.97,111.73,72.3,88.235,32.98,42.0,39.4
2023-12-14,42.375,37.57,95.37,135.31,113.17,71.24,89.42,32.55,42.695,40.49
2023-12-15,42.15,37.35,95.85,134.16,113.02,71.24,89.605,31.985,42.585,40.0
2023-12-18,42.09,37.29,95.925,133.78,112.4,71.44,90.0,31.615,42.355,39.47
2023-12-19,42.595,37.57,96.29,134.68,113.27,71.58,90.705,31.795,42.745,39.74
2023-12-20,42.2,36.9,94.835,132.73,111.44,70.19,89.05,31.15,42.09,39.24
2023-12-21,42.365,37.26,95.9,134.35,112.59,70.68,90.405,31.205,42.535,39.57
2023-12-22,42.49,37.34,96.025,135.02,113.13,71.22,89.74,31.31,42.8,39.73
2023-12-26,42.855,37.49,96.425,135.32,113.93,71.52,90.12,31.5,43.0,40.02
2023-12-27,42.665,37.61,96.42,135.89,114.1,71.85,90.43,31.48,43.105,40.25
2023-12-28,42.015,37.72,96.535,136.24,114.13,71.88,89.96,31.705,42.94,40.5
2023-12-29,41.92,37.6,96.24,136.38,113.99,72.03,89.405,31.665,42.77,40.06
2024-01-02,42.37,37.76,93.72,138.78,112.84,72.84,88.575,32.125,42.695,40.43
2024-01-03,43.06,37.44,92.765,138.55,111.16,72.27,86.785,32.245,42.235,39.47
2024-01-04,42.305,37.59,92.085,139.24,111.3,72.17,86.175,32.145,42.1,39.37
2024-01-05,42.34,37.75,92.06,139.12,111.43,72.01,86.31,32.265,42.17,39.29
2024-01-08,41.85,37.99,94.37,140.35,112.16,72.54,87.78,32.5,42.35,39.83
2024-01-09,41.18,37.75,94.52,140.33,111.81,72.73,87.455,32.235,41.865,39.55
2024-01-10,40.775,37.81,95.325,140.97,112.38,72.58,88.155,32.23,41.81,39.61
2024-01-11,40.88,37.67,95.81,140.87,112.12,72.57,88.04,31.48,41.685,39.24
2024-01-12,41.34,37.6,96.12,140.52,112.11,72.8,86.98,31.66,41.725,39.54
2024-01-16,40.355,37.34,96.36,139.68,110.98,72.4,86.88,31.315,41.245,39.3
2024-01-17,40.02,37.27,95.885,139.4,110.23,72.35,86.12,30.86,40.945,38.58
2024-01-18,39.955,37.33,97.83,139.38,111.72,72.26,86.61,30.53,41.075,38.33
2024-01-19,40.085,37.93,100.085,139.46,112.45,72.05,87.445,30.49,41.115,38.7
2024-01-22,40.235,38.11,100.525,140.07,113.32,71.7,87.06,30.335,41.235,38.88
2024-01-23,40.32,38.17,100.93,139.97,113.23,72.48,86.85,30.39,41.37,38.67
2024-01-24,40.895,38.32,101.625,138.69,112.53,71.59,86.52,29.975,40.81,38.14
2024-01-25,41.815,38.51,102.05,138.48,113.61,72.28,85.45,30.515,41.24,38.66
2024-01-26,42.125,38.65,100.875,139.27,113.43,72.63,85.84,30.605,41.255,38.49
2024-01-29,42.065,38.75,101.8,140.25,114.17,73.05,87.095,30.8,41.46,38.77
2024-01-30,42.5,39.24,100.96,140.57,114.21,73.46,87.045,30.79,41.65,38.41
2024-01-31,41.705,38.76,98.84,140.38,112.89,72.92,85.46,30.725,41.105,38.13
2024-02-01,41.7,38.82,100.085,142.2,114.81,74.41,87.105,31.31,41.79,38.8
2024-02-02,41.76,38.98,101.12,141.99,115.58,74.17,88.66,30.745,41.545,38.31
2024-02-05,41.655,38.75,101.35,142.43,114.95,73.71,87.41,30.105,40.49,37.55
2024-02-06,41.79,38.83,100.885,143.98,115.98,73.88,87.94,30.215,41.205,38.12
2024-02-07,41.875,39.12,102.22,144.37,116.75,73.81,88.925,30.235,41.535,38.1
2024-02-08,42.305,38.97,102.54,144.12,116.77,73.79,89.315,30.02,41.48,38.31
2024-02-09,41.655,39.08,103.92,144.01,116.95,73.11,89.95,30.135,41.57,38.41
2024-02-12,42.115,39.26,103.13,144.2,117.12,73.63,89.875,30.485,41.9,38.29
2024-02-13,41.69,38.73,101.38,142.86,115.92,72.84,88.085,29.98,41.31,37.59
2024-02-14,41.65,39.1,102.44,144.1,117.86,72.7,89.015,30.145,41.575,37.84
2024-02-15,42.81,39.77,102.225,145.15,118.74,73.17,90.045,30.65,42.36,38.75
2024-02-16,42.785,39.63,101.285,145.62,118.03,73.28,89.51,30.615,42.585,38.35
2024-02-20,42.395,39.52,100.255,145.13,117.66,74.05,88.665,30.595,42.495,38.29
2024-02-21,43.19,39.64,99.625,145.45,118.13,74.32,89.32,31.0,42.73,38.57
2024-02-22,43.265,40.1,102.885,147.16,119.59,74.55,91.055,30.76,43.16,38.67
2024-02-23,42.98,40.3,102.645,147.86,120.22,74.78,90.645,30.98,43.415,38.72
2024-02-26,43.13,40.1,102.745,147.1,120.04,74.48,90.925,30.37,43.155,38.28
2024-02-27,42.945,40.21,102.835,146.74,120.22,74.49,91.225,30.945,43.315,38.31
2024-02-28,42.86,40.36,102.35,146.01,120.63,74.57,91.585,31.04,43.45,38.8
2024-02-29,43.07,40.34,103.49,144.82,121.0,74.45,92.205,31.05,43.78,39.11
2024-03-01,43.57,40.29,105.38,146.34,121.52,74.46,92.51,30.86,43.98,39.54
2024-03-04,43.105,40.39,105.38,146.12,121.96,74.52,91.26,31.38,44.3,39.99
2024-03-05,43.425,40.4,102.79,145.03,120.96,74.7,90.125,31.29,44.065,39.48
2024-03-06,43.56,40.61,103.605,146.02,121.59,75.33,89.805,31.59,44.39,39.7
2024-03-07,43.93,40.55,105.24,146.7,122.57,75.76,90.49,31.795,44.935,39.7
2024-03-08,44.085,40.62,103.675,146.43,122.3,75.16,90.155,31.875,44.675,40.17
2024-03-11,44.54,40.69,103.39,146.35,121.67,75.57,89.91,32.035,45.18,39.97
2024-03-12,44.47,40.86,105.51,147.03,122.21,75.96,90.685,31.725,45.175,39.87
2024-03-13,45.18,41.16,104.37,146.46,122.54,76.15,90.495,31.94,45.62,39.62
2024-03-14,45.645,40.83,104.39,145.94,122.02,75.56,89.92,31.685,45.38,39.06
2024-03-15,45.78,40.79,102.815,145.36,122.04,75.53,89.025,31.73,45.4,39.04
2024-03-18,45.57,40.87,103.15,144.82,121.88,75.46,89.51,31.615,45.32,38.77
2024-03-19,46.09,41.07,103.685,145.78,122.93,75.74,90.285,31.895,45.325,38.77
2024-03-20,46.025,41.56,104.845,145.45,124.41,75.97,91.63,31.935,45.78,38.93
2024-03-21,46.3,41.9,104.92,145.64,125.64,76.01,92.165,31.885,45.97,39.08
2024-03-22,46.2,41.42,104.955,145.44,125.21,75.64,91.36,31.93,45.685,38.62
2024-03-25,46.63,41.26,104.26,145.24,124.4,75.43,91.06,32.08,45.7,38.47
2024-03-26,46.27,41.4,103.83,145.77,123.95,75.47,91.175,31.715,45.665,38.31
2024-03-27,46.7,41.89,104.36,147.71,125.94,76.26,92.23,32.6,46.32,39.28
2024-03-28,47.205,42.12,104.135,147.73,125.96,76.36,91.945,32.825,46.445,39.53
2024-04-01,47.555,41.89,104.425,146.47,124.99,75.75,91.26,32.625,46.335,38.84
2024-04-02,48.22,41.67,103.42,144.19,124.41,75.36,89.915,32.68,46.165,38.41
2024-04-03,48.55,41.65,103.695,144.03,125.05,74.53,89.98,32.55,46.44,38.43
2024-04-04,48.52,41.18,102.055,141.95,123.95,74.21,88.925,32.485,45.97,38.13
2024-04-05,49.04,41.57,103.225,143.22,125.67,74.33,89.42,32.58,46.385,38.38
2024-04-08,48.73,41.75,103.105,142.76,125.45,74.22,90.27,32.795,46.42,38.71
2024-04-09,48.745,41.51,103.625,143.27,125.16,74.58,90.695,32.975,46.53,39.2
2024-04-10,48.895,40.89,102.355,141.59,124.09,74.31,89.295,32.41,45.805,37.59
2024-04-11,48.86,40.6,104.4,141.01,124.23,74.13,90.015,32.345,45.77,37.63
2024-04-12,48.065,40.06,102.71,138.91,122.9,73.38,88.555,32.1,44.96,37.24
2024-04-15,47.615,39.86,100.76,138.63,122.02,73.08,87.08,31.805,44.745,36.59
2024-04-16,47.2,39.59,100.88,138.68,121.74,73.11,86.585,31.385,44.4,36.03
2024-04-17,47.065,39.69,99.425,138.44,121.11,73.38,86.165,32.04,44.5,35.73
2024-04-18,46.92,39.83,98.29,138.43,120.69,73.72,85.63,32.22,44.515,35.74
2024-04-19,47.485,40.38,96.265,138.95,120.47,74.44,84.88,32.715,44.48,35.88
2024-04-22,47.795,40.87,97.125,139.48,121.38,75.15,85.255,33.015,44.525,36.17
2024-04-23,48.06,41.13,98.565,141.3,123.07,75.36,86.27,33.17,44.14,36.5
2024-04-24,48.095,41.12,99.015,140.86,122.09,75.93,87.095,33.37,44.17,36.64
2024-04-25,48.315,40.88,98.8,139.92,122.46,75.75,87.17,33.46,44.485,36.43
2024-04-26,47.87,40.82,99.915,139.96,122.66,75.59,87.955,33.095,44.76,36.46
2024-04-29,48.195,40.76,100.345,140.43,123.48,75.83,90.0,33.545,45.135,36.87
2024-04-30,46.76,40.36,98.135,140.33,121.52,75.5,87.81,33.37,44.315,36.19
2024-05-01,46.015,40.36,97.13,140.58,121.22,75.02,87.26,33.755,44.545,36.21
2024-05-02,46.28,40.46,98.53,140.48,121.92,75.65,88.36,33.935,44.315,36.73
2024-05-03,46.285,40.55,101.275,140.83,122.77,75.88,88.955,34.205,44.765,37.02
2024-05-06,46.65,41.07,102.465,141.4,124.01,75.92,89.905,34.38,45.035,37.03
2024-05-07,46.605,41.21,102.13,142.57,124.35,76.75,89.26,34.77,45.57,37.42
2024-05-08,46.55,41.36,102.42,142.08,124.35,76.52,88.925,35.135,45.36,37.07
2024-05-09,47.175,41.67,102.39,143.3,125.59,77.18,89.53,35.67,45.865,37.95
2024-05-10,46.915,41.83,102.77,143.59,125.68,77.62,89.05,35.635,45.92,37.81
2024-05-13,46.79,41.66,103.255,143.45,125.15,77.4,88.935,35.635,45.89,37.91
2024-05-14,46.85,41.87,104.17,144.06,125.12,77.25,89.34,35.73,45.935,38.18
2024-05-15,46.955,42.18,106.515,146.2,125.94,77.3,89.475,36.265,46.015,38.83
2024-05-16,46.825,42.18,106.145,146.03,125.19,78.4,88.895,36.14,45.685,38.76
2024-05-17,47.48,42.49,105.91,146.31,125.33,78.21,89.35,36.17,46.075,38.76
2024-05-20,47.17,41.91,107.155,146.0,125.57,77.67,88.685,36.11,46.14,38.52
2024-05-21,46.94,42.18,107.33,146.25,125.16,78.13,89.255,36.435,46.14,38.49
2024-05-22,46.04,41.94,107.57,146.51,125.31,77.82,88.325,36.005,45.69,38.16
2024-05-23,45.62,41.36,106.695,144.91,123.83,76.9,86.895,35.395,45.285,37.35
2024-05-24,45.685,41.61,107.595,144.42,124.46,77.1,87.77,35.75,45.68,37.35
2024-05-28,46.155,41.15,108.05,142.67,122.94,76.5,87.555,35.715,45.505,37.13
2024-05-29,45.34,40.82,107.365,141.56,121.2,75.95,86.98,35.255,44.855,36.78
2024-05-30,45.47,41.04,104.915,141.63,122.03,76.15,87.495,35.73,45.22,37.31
2024-05-31,46.6,41.64,105.08,143.7,123.51,77.34,87.985,36.36,45.765,38.05
2024-06-03,45.38,41.38,105.345,144.71,122.0,77.31,87.945,35.945,45.495,37.9
2024-06-04,44.945,41.19,105.565,145.13,121.7,77.98,88.035,35.93,44.99,38.26
2024-06-05,44.94,41.31,107.91,145.79,122.93,77.81,88.55,35.725,45.3,38.21
2024-06-06,45.175,41.29,107.55,146.27,122.2,78.05,89.195,35.355,45.35,38.27
2024-06-07,44.995,41.48,107.8,146.43,122.33,77.66,88.83,34.97,44.895,37.97
2024-06-10,45.335,41.32,108.075,146.97,122.71,77.6,89.115,35.42,44.85,38.16
2024-06-11,45.245,40.85,110.085,146.36,122.01,77.56,88.88,35.205,44.835,38.04
2024-06-12,44.76,40.81,112.52,146.05,123.17,76.71,89.805,34.975,44.92,38.31
2024-06-13,44.35,40.78,113.41,145.93,122.38,76.81,89.875,35.055,44.905,38.5
2024-06-14,44.02,40.65,113.835,145.88,121.15,76.95,89.165,34.97,44.49,38.53
2024-06-17,44.135,41.01,115.56,145.73,122.49,77.68,90.73,34.585,44.82,38.33
2024-06-18,44.32,41.27,115.705,145.92,123.15,77.78,90.425,34.6,44.77,38.48
2024-06-20,45.135,41.49,114.405,146.4,123.23,77.61,90.54,34.9,44.815,38.38
2024-06-21,44.875,41.33,114.205,146.81,122.97,77.67,91.305,34.695,44.82,38.48
2024-06-24,45.64,41.59,111.21,147.09,123.07,77.91,90.72,34.87,44.895,38.35
2024-06-25,45.745,41.28,113.25,146.63,122.02,77.41,90.355,34.54,44.325,37.81
2024-06-26,45.295,41.02,113.12,146.11,121.69,77.25,91.665,34.395,44.295,37.76
2024-06-27,45.4,40.97,113.175,145.87,121.82,76.92,92.225,34.455,44.17,38.1
2024-06-28,45.575,41.11,113.115,145.75,121.87,76.58,91.2,34.07,44.155,38.41
2024-07-01,45.6,41.2,113.97,144.93,120.56,76.04,91.51,33.835,43.475,38.04
2024-07-02,45.565,41.68,114.54,144.4,121.22,76.57,93.29,34.01,43.555,38.2
2024-07-03,45.765,41.55,116.085,143.3,121.66,76.44,93.885,34.215,43.88,38.16
2024-07-05,45.05,41.54,116.44,144.41,121.22,77.38,94.65,34.275,43.95,38.3
2024-07-08,44.775,41.43,117.235,144.25,121.37,77.26,94.695,34.31,44.08,38.39
2024-07-09,44.38,41.75,117.14,144.95,120.84,77.06,95.01,34.41,43.63,38.4
2024-07-10,44.68,41.91,118.84,146.32,121.92,77.4,95.725,34.735,44.215,38.67
2024-07-11,45.145,42.24,115.865,147.35,123.47,77.11,94.51,35.37,44.82,39.7
2024-07-12,45.26,42.38,116.9,148.27,124.18,77.45,95.745,35.63,45.25,39.99
2024-07-15,45.945,43.0,117.11,147.75,125.07,77.0,95.635,34.765,45.135,40.16
2024-07-16,46.15,43.49,116.72,149.86,128.19,77.74,97.35,35.035,46.01,40.54
2024-07-17,46.61,43.82,112.18,150.54,126.55,78.74,95.725,35.055,45.915,40.9
2024-07-18,46.695,43.29,112.19,147.12,125.56,78.35,94.75,35.025,45.46,40.56
2024-07-19,46.185,42.85,110.435,147.87,124.87,78.09,93.905,35.065,45.055,40.51
2024-07-22,45.895,43.09,113.05,148.72,126.14,78.14,94.94,35.36,45.205,40.91
2024-07-23,45.165,43.17,112.6,148.63,125.9,77.86,94.515,35.14,45.385,40.84
2024-07-24,45.17,42.58,107.94,149.87,123.19,77.79,90.65,35.535,44.805,40.28
2024-07-25,45.95,42.74,106.785,149.12,124.18,77.7,90.295,35.24,44.93,40.06
2024-07-26,46.095,43.41,108.14,149.96,126.3,78.49,91.305,35.585,45.665,40.73
2024-07-29,45.7,43.35,107.66,150.05,126.08,78.52,92.83,35.745,45.745,40.99
2024-07-30,46.41,43.85,104.955,150.18,126.45,77.99,92.315,35.93,45.595,41.29
2024-07-31,46.605,43.74,109.4,149.63,127.86,77.85,93.745,36.395,46.07,41.19
2024-08-01,45.37,43.12,105.32,151.16,125.49,78.57,91.445,37.05,45.885,41.83
2024-08-02,44.2,42.06,102.36,150.86,122.73,79.26,88.08,37.11,45.02,41.86
2024-08-05,43.225,40.84,98.95,146.83,120.6,77.7,85.59,36.13,44.015,40.65
2024-08-06,43.49,41.5,100.295,147.51,122.05,78.24,86.535,36.435,44.24,41.55
2024-08-07,43.665,41.55,98.67,146.01,121.46,78.32,85.025,36.64,43.64,41.25
2024-08-08,44.605,42.22,102.355,149.24,124.26,79.03,86.88,36.68,44.315,41.6
2024-08-09,44.705,42.4,102.815,149.98,124.28,79.15,87.17,36.805,44.28,41.81
2024-08-12,44.925,42.18,103.655,149.41,123.65,78.75,86.825,36.87,44.085,41.56
2024-08-13,44.49,42.53,106.84,151.22,124.95,79.11,89.0,37.085,44.525,41.85
2024-08-14,44.75,43.05,107.425,151.76,125.46,79.47,88.525,37.06,44.525,42.0
2024-08-15,45.285,43.45,110.515,152.71,127.15,80.29,91.35,37.055,45.23,41.88
2024-08-16,45.235,43.77,110.7,152.87,126.97,80.51,91.565,37.22,45.285,41.86
2024-08-19,45.54,44.01,112.525,153.8,127.74,80.78,92.69,37.465,45.5,42.11
2024-08-20,44.34,43.87,112.13,154.42,127.39,81.18,92.605,37.385,45.335,42.15
2024-08-21,44.415,43.8,112.79,154.68,128.16,81.73,93.775,37.65,45.855,42.29
2024-08-22,44.53,44.05,110.195,154.78,128.0,81.61,92.155,37.605,45.76,42.55
2024-08-23,45.195,44.43,111.98,155.45,129.28,81.84,93.935,37.71,46.365,43.37
2024-08-26,45.6,44.57,110.575,155.37,129.14,82.42,93.205,37.955,46.57,43.34
2024-08-27,45.175,44.8,111.245,155.61,129.22,82.62,92.96,37.655,46.575,43.45
2024-08-28,44.885,44.91,109.71,155.79,129.16,82.27,92.06,37.655,46.375,43.3
2024-08-29,45.47,45.31,108.72,156.12,130.07,81.86,92.17,37.86,46.63,43.13
2024-08-30,45.64,45.74,110.165,157.2,131.46,82.51,93.56,38.145,47.14,43.55
2024-09-03,44.505,45.4,105.105,156.9,128.55,83.09,92.275,38.09,46.07,43.65
2024-09-04,43.89,45.45,104.835,156.63,128.68,83.48,92.515,38.415,45.88,43.75
2024-09-05,43.55,44.95,104.675,154.48,127.18,83.16,93.565,38.32,45.52,43.63
2024-09-06,43.005,44.29,101.96,153.95,125.89,82.99,91.2,37.955,44.945,43.63
2024-09-09,43.315,44.95,103.63,155.03,127.82,83.63,92.53,38.34,45.38,44.15
2024-09-10,42.57,44.49,105.18,155.74,128.04,83.61,93.59,38.52,45.4,44.93
2024-09-11,42.175,44.28,108.77,155.28,128.27,82.83,94.525,38.64,45.51,44.81
2024-09-12,42.555,44.38,109.67,155.84,129.26,83.34,95.59,38.725,45.93,44.89
2024-09-13,42.795,44.51,110.22,156.16,130.57,83.93,96.24,39.27,46.345,45.21
2024-09-16,43.285,45.09,109.8,157.24,131.24,84.26,96.075,39.57,46.775,45.36
2024-09-17,43.87,45.33,109.585,155.62,131.96,83.46,96.565,39.54,46.865,45.0
2024-09-18,43.955,45.19,108.585,155.36,131.85,83.14,96.375,39.24,46.665,44.87
2024-09-19,44.48,45.69,111.81,155.92,134.12,82.65,98.57,39.01,47.37,44.76
2024-09-20,44.38,45.66,111.265,155.28,133.18,83.05,98.345,40.04,47.035,44.68
2024-09-23,44.56,45.44,111.045,154.4,133.64,83.09,99.335,40.165,47.235,44.86
2024-09-24,44.45,45.06,111.805,154.09,134.6,82.89,100.205,39.88,47.88,44.86
2024-09-25,43.58,44.79,112.125,152.59,133.97,82.68,99.845,40.09,47.56,44.67
2024-09-26,42.725,45.02,113.61,153.1,134.64,82.87,100.27,39.815,48.545,44.23
2024-09-27,43.595,45.15,112.55,153.02,134.83,83.02,100.42,40.21,48.46,44.29
2024-09-30,43.9,45.32,112.88,154.02,135.44,83.0,100.185,40.39,48.19,44.67
2024-10-01,44.9,45.08,110.13,153.21,135.51,82.72,99.78,40.715,48.07,44.4
2024-10-02,45.36,45.13,110.945,152.9,135.26,82.02,98.935,40.735,47.885,44.24
2024-10-03,46.16,44.89,111.405,151.52,134.57,81.2,97.79,40.72,47.355,43.81
2024-10-04,46.59,45.65,112.645,151.64,135.51,81.47,99.085,40.655,47.585,43.52
2024-10-07,46.755,45.09,111.87,150.97,135.18,80.66,97.545,39.72,47.445,43.2
2024-10-08,45.535,45.35,113.96,151.79,135.48,81.06,98.495,39.74,47.225,43.33
2024-10-09,45.81,45.77,115.235,153.34,136.69,81.55,99.2,39.4,47.525,43.35
2024-10-10,46.12,45.63,115.205,152.77,135.99,81.19,98.71,39.28,47.635,42.99
2024-10-11,46.405,46.51,115.405,153.89,138.42,81.64,98.29,39.625,47.945,43.43
2024-10-14,46.385,46.8,116.91,154.74,139.25,81.97,98.72,40.125,48.22,43.73
2024-10-15,44.89,46.9,114.34,152.85,138.18,82.49,98.935,40.305,48.17,44.28
2024-10-16,45.105,47.48,114.695,153.28,139.25,82.43,99.455,41.105,48.545,44.72
2024-10-17,45.32,47.61,115.045,152.39,138.85,82.06,99.365,40.74,48.62,44.43
2024-10-18,45.17,47.62,115.455,153.13,139.27,82.24,99.755,40.975,48.815,44.74
2024-10-21,45.035,47.24,115.995,151.33,138.78,81.55,98.98,40.815,48.44,43.82
2024-10-22,45.14,47.15,115.875,151.11,137.1,82.01,98.58,40.67,47.995,43.89
2024-10-23,44.905,47.11,114.215,150.4,136.7,81.85,97.03,41.06,47.865,44.32
2024-10-24,44.9,47.15,114.55,149.41,135.76,81.74,100.09,40.795,47.28,44.42
2024-10-25,44.885,46.63,115.145,148.59,135.4,81.06,100.405,40.19,46.98,44.07
2024-10-28,44.6,47.21,115.11,148.81,135.8,81.21,100.64,40.505,47.37,44.21
2024-10-29,43.92,46.92,116.66,148.4,135.62,80.41,100.115,39.64,47.065,43.81
2024-10-30,44.02,47.13,114.805,148.12,135.39,80.28,99.975,39.545,47.32,43.97
2024-10-31,44.295,46.48,111.12,146.87,133.83,80.12,98.445,39.955,46.695,43.2
2024-11-01,44.015,46.64,111.955,147.74,134.01,80.15,100.045,39.065,46.565,42.74
2024-11-04,44.785,46.28,111.87,146.77,133.86,80.37,99.7,38.6,46.77,43.22
2024-11-05,45.085,46.71,113.445,147.85,136.1,80.88,101.465,39.18,46.84,43.81
2024-11-06,46.78,49.55,116.675,148.04,141.43,79.56,104.71,38.775,47.485,42.64
2024-11-07,46.565,48.75,118.71,149.11,140.58,79.85,106.055,38.845,47.67,43.17
2024-11-08,46.875,49.19,118.58,150.18,142.09,80.82,107.56,39.59,47.235,43.91
2024-11-11,47.14,49.89,117.925,149.3,143.19,80.54,109.73,39.7,47.03,43.53
2024-11-12,46.89,49.74,118.075,147.22,141.96,80.63,108.265,39.245,46.23,42.98
2024-11-13,47.255,49.77,117.665,146.83,142.26,80.87,109.19,39.175,46.34,43.32
2024-11-14,47.435,49.64,117.265,144.52,139.86,80.67,107.64,39.04,45.96,42.93
2024-11-15,47.365,49.87,114.355,141.84,139.11,79.96,106.72,39.625,45.64,42.98
2024-11-18,47.995,50.02,114.725,141.94,138.92,80.52,107.705,39.97,45.995,43.36
2024-11-19,47.69,49.69,115.665,141.21,138.8,80.63,107.785,40.225,45.845,43.54
2024-11-20,48.17,49.54,115.565,142.88,138.95,80.22,107.31,40.245,46.22,43.47
2024-11-21,48.56,50.17,116.74,144.03,140.69,81.09,107.5,40.945,46.785,43.76
2024-11-22,48.635,50.73,116.8,144.16,142.65,81.84,109.05,40.725,47.045,44.09
2024-11-25,47.675,51.06,116.795,145.39,143.54,82.29,110.165,40.8,47.53,44.68
2024-11-26,47.61,51.16,117.38,146.17,143.71,82.63,110.565,41.45,47.175,44.9
2024-11-27,47.56,51.26,115.79,146.95,143.18,82.8,110.02,41.45,47.15,45.21
2024-11-29,47.765,51.34,116.865,147.41,143.99,83.22,111.15,41.465,47.39,45.0
2024-12-02,47.26,50.83,117.975,147.15,142.93,83.12,112.12,40.575,47.36,44.32
2024-12-03,47.255,50.45,118.4,146.82,142.03,82.69,112.035,40.225,47.21,44.06
2024-12-04,46.115,50.26,120.565,146.74,142.65,82.46,113.075,40.22,46.75,43.94
2024-12-05,46.295,50.41,119.955,145.1,140.92,82.79,114.0,40.345,46.135,43.83
2024-12-06,45.51,50.4,120.42,144.28,140.56,82.38,116.4,39.845,45.955,43.77
2024-12-09,45.435,49.71,119.635,144.7,139.34,82.25,116.03,39.345,45.945,43.86
2024-12-10,45.125,49.7,117.975,144.1,139.0,82.64,116.22,39.06,45.475,43.15
2024-12-11,45.2,49.8,119.685,142.14,138.68,82.01,118.26,38.815,45.315,43.04
2024-12-12,44.835,49.58,119.015,141.01,137.79,82.25,117.28,38.795,45.0,43.01
2024-12-13,44.61,49.54,119.525,140.99,137.43,82.04,117.745,38.82,44.615,42.83
2024-12-16,43.63,49.45,120.72,139.31,137.55,81.61,119.34,38.51,44.22,42.61
2024-12-17,43.305,49.1,119.99,139.21,136.29,81.47,119.715,38.35,43.975,42.42
2024-12-18,42.025,47.63,116.12,137.32,132.44,80.23,114.32,37.445,42.725,40.76
2024-12-19,41.66,47.8,116.245,136.28,132.27,79.66,114.165,37.615,42.265,40.06
2024-12-20,42.07,48.51,117.98,138.0,133.82,79.94,114.455,38.215,42.79,40.79
2024-12-23,41.965,48.42,119.035,138.75,133.12,78.92,114.585,38.03,42.535,40.54
2024-12-24,42.32,48.99,120.265,139.32,134.16,79.44,117.235,38.24,42.765,40.81
2024-12-26,42.285,49.11,120.345,139.6,134.26,79.69,116.8,38.15,42.7,40.87
2024-12-27,42.28,48.75,118.745,138.95,133.26,79.3,114.87,38.04,42.47,40.54
2024-12-30,42.275,48.28,117.235,137.24,131.92,78.37,113.025,37.88,41.9,40.35
2024-12-31,42.83,48.33,116.26,137.57,131.76,78.61,112.175,37.845,42.07,40.67
2025-01-02,43.33,48.21,115.985,137.61,131.3,78.37,110.7,38.135,41.605,40.29
2025-01-03,43.735,48.59,117.875,138.96,132.72,78.33,112.94,38.54,41.595,40.84
2025-01-06,43.535,48.44,119.375,139.02,132.43,77.51,113.385,38.11,41.875,40.28
2025-01-07,43.97,48.33,116.98,139.71,132.3,77.24,111.19,38.015,41.85,39.98
2025-01-08,44.015,48.49,116.94,140.43,132.82,77.38,111.505,38.005,42.08,40.15
2025-01-10,44.195,47.32,114.39,139.64,131.33,76.34,110.41,37.79,41.65,39.18
2025-01-13,45.125,47.66,113.58,141.46,132.87,76.47,111.035,37.35,42.58,39.68
2025-01-14,45.61,48.25,113.88,140.0,134.44,76.49,110.82,37.84,43.11,40.02
2025-01-15,46.285,49.48,116.145,140.57,135.29,76.23,113.64,38.395,43.52,40.19
2025-01-16,46.62,49.81,115.25,141.13,136.93,76.8,113.025,39.365,43.88,41.09
2025-01-17,46.98,50.23,117.055,140.18,137.75,77.24,114.61,39.42,44.165,41.08
2025-01-21,46.74,50.65,118.03,142.5,140.58,77.6,115.45,40.025,44.73,41.83
2025-01-22,45.89,50.41,120.695,142.18,140.25,77.22,115.015,39.16,44.37,41.1
2025-01-23,46.1,50.7,120.91,144.08,141.67,77.5,115.71,39.345,44.615,41.43
2025-01-24,45.655,50.85,119.65,144.31,141.07,77.9,115.005,39.745,44.5,41.55
2025-01-27,45.18,51.41,113.785,147.55,139.18,80.01,115.66,38.825,44.525,41.96
2025-01-28,44.75,51.32,116.82,146.52,138.26,78.76,115.8,38.29,44.38,41.45
2025-01-29,44.85,51.28,115.87,145.66,137.79,78.95,115.47,38.37,44.3,40.97
2025-01-30,45.08,51.77,116.085,147.34,139.33,79.73,116.6,39.17,44.72,41.51
2025-01-31,43.82,51.47,115.405,146.87,138.35,78.98,116.085,38.94,44.395,41.42
2025-02-03,44.095,51.26,113.85,147.44,136.98,79.29,114.55,39.15,44.44,41.35
2025-02-04,45.02,51.14,115.49,147.04,137.02,78.62,115.9,38.805,44.57,41.35
2025-02-05,45.115,51.68,117.095,148.45,137.12,79.11,114.585,39.195,44.535,42.0
2025-02-06,44.285,52.11,117.415,147.12,137.74,79.47,115.04,39.15,44.69,42.12
2025-02-07,44.28,51.82,116.41,146.43,137.33,79.35,112.79,39.07,44.145,41.97
2025-02-10,45.255,51.41,118.11,146.3,138.56,79.84,113.175,39.495,44.37,42.03
2025-02-11,45.62,51.54,118.165,146.03,138.61,80.61,111.89,39.695,44.63,42.26
2025-02-12,44.52,51.36,117.91,145.82,137.75,80.55,111.87,39.625,44.31,41.9
2025-02-13,44.855,51.7,119.58,146.39,137.89,81.42,113.55,39.715,45.08,42.23
2025-02-14,45.035,51.8,119.985,144.8,137.55,80.61,113.5,39.55,44.925,42.06
2025-02-18,45.65,52.17,121.08,144.52,138.63,80.9,113.185,39.92,45.495,42.21
2025-02-19,46.01,52.19,121.09,146.4,138.77,81.55,113.12,40.13,44.96,42.29
2025-02-20,46.43,51.39,120.705,147.22,137.86,81.23,112.145,40.125,44.855,42.58
2025-02-21,45.465,50.75,117.435,146.43,134.84,82.18,109.195,40.135,44.035,42.23
2025-02-24,45.475,50.97,115.755,147.62,134.23,82.43,108.785,39.935,43.985,42.42
2025-02-25,44.82,50.96,114.255,148.89,134.92,83.6,108.215,39.735,44.325,42.87
2025-02-26,44.565,50.85,115.5,147.82,135.0,82.0,107.77,39.9,44.305,42.66
2025-02-27,44.805,51.13,111.295,147.22,134.53,81.99,106.215,39.015,44.005,42.85
2025-02-28,45.5,52.18,112.765,148.93,136.33,83.08,107.98,39.61,44.38,43.15
2025-03-03,43.91,51.74,109.335,149.58,134.39,83.52,105.99,39.665,43.49,43.52
2025-03-04,43.485,49.92,109.25,148.19,131.77,82.1,104.12,39.02,42.9,43.02
2025-03-05,42.85,50.21,110.785,149.68,133.85,82.44,105.705,38.745,44.02,43.42
2025-03-06,42.98,49.38,107.71,149.27,132.7,82.59,103.025,37.94,43.79,42.23
2025-03-07,43.715,49.12,109.27,149.28,134.25,82.86,102.835,38.645,43.91,42.47
2025-03-10,44.04,48.02,104.625,147.67,132.15,82.68,99.165,39.07,42.995,42.06
2025-03-11,43.69,47.61,104.2,146.06,130.12,81.47,98.195,38.705,42.665,41.62
2025-03-12,43.89,47.68,105.84,144.6,130.11,79.7,98.765,38.585,42.465,41.47
2025-03-13,43.59,47.42,103.83,143.83,128.78,79.33,96.3,38.68,42.435,40.66
2025-03-14,44.88,48.52,106.97,144.93,131.13,79.51,98.35,39.435,42.99,41.45
2025-03-17,45.595,49.09,107.715,146.77,132.94,80.67,98.505,39.6,43.53,42.18
2025-03-18,45.67,49.03,106.075,146.84,131.88,79.75,96.75,39.325,43.455,41.92
2025-03-19,46.415,49.57,107.455,146.92,133.63,79.75,98.605,39.47,43.6,41.97
2025-03-20,46.585,49.64,106.69,147.01,132.96,79.36,98.37,39.63,43.325,41.92
2025-03-21,46.26,49.46,106.98,146.6,132.25,79.33,98.725,39.375,42.895,41.51
2025-03-24,46.425,50.15,108.815,147.15,134.29,79.4,102.145,39.085,43.27,41.82
2025-03-25,46.615,50.43,109.175,145.27,134.49,78.68,102.96,38.46,43.26,41.32
2025-03-26,46.89,50.28,106.74,144.74,133.6,79.9,101.615,38.715,43.34,41.53
2025-03-27,46.435,50.18,105.755,144.97,132.89,80.81,101.68,38.705,43.32,41.43
2025-03-28,46.215,49.21,103.19,144.52,130.15,80.41,98.52,38.99,42.525,41.41
2025-03-31,46.725,49.81,103.24,146.01,131.07,81.67,98.73,39.425,42.99,41.85
2025-04-01,47.0,49.75,103.995,143.34,131.81,81.79,99.76,39.525,43.15,41.88
2025-04-02,47.065,50.16,104.765,144.3,133.05,81.55,101.655,39.71,43.505,42.08
2025-04-03,43.37,47.69,97.615,143.13,125.85,82.02,95.515,39.46,41.54,40.82
2025-04-04,39.38,44.2,91.185,135.28,117.94,78.46,91.395,37.265,38.94,38.96
2025-04-07,39.125,44.09,91.73,134.47,117.39,77.55,90.315,36.695,38.315,38.02
2025-04-08,38.22,43.92,89.865,132.98,116.42,76.35,88.17,36.545,37.135,37.08
2025-04-09,41.18,47.23,101.93,138.76,126.76,79.31,97.77,37.985,40.38,39.21
2025-04-10,38.49,45.91,97.185,134.89,123.49,79.35,93.95,37.7,39.09,38.38
2025-04-11,39.445,46.67,99.175,136.87,125.67,80.35,94.86,38.16,40.25,38.92
2025-04-14,39.585,47.15,100.08,138.54,126.98,81.72,95.135,38.845,40.735,39.78
2025-04-15,39.525,47.27,100.445,137.69,126.35,81.03,94.45,38.84,40.415,39.84
2025-04-16,39.85,46.53,96.955,136.29,124.62,80.16,92.12,38.49,40.1,39.82
2025-04-17,40.75,46.65,96.43,135.49,125.3,81.87,92.7,38.885,40.375,40.45
2025-04-21,39.685,45.65,93.94,132.57,122.49,81.09,90.225,37.965,39.76,39.61
2025-04-22,40.695,47.16,96.23,135.06,124.63,82.24,93.08,39.0,40.69,40.42
2025-04-23,40.62,47.72,99.02,135.73,126.19,81.77,95.16,39.165,40.74,40.47
2025-04-24,41.27,48.25,102.715,137.39,129.02,81.05,97.055,39.225,41.62,40.59
2025-04-25,41.195,48.02,104.235,138.05,129.01,80.84,98.8,39.105,41.31,40.53
2025-04-28,41.485,48.17,104.065,138.6,129.44,80.57,98.835,39.345,41.385,40.78
2025-04-29,41.365,48.67,104.55,139.28,130.28,81.24,99.535,39.65,41.73,41.11
2025-04-30,40.25,48.76,104.985,140.47,131.22,81.83,98.63,39.45,41.945,41.3
2025-05-01,40.4,48.75,106.525,136.64,132.21,81.12,99.175,39.565,41.76,41.42
2025-05-02,40.99,49.76,108.305,138.53,134.58,81.56,100.715,39.875,42.465,41.93
2025-05-05,40.25,49.44,107.73,138.14,134.65,81.49,99.645,39.775,42.15,41.88
2025-05-06,40.26,49.16,106.835,134.33,133.47,81.35,98.775,40.26,41.845,41.59
2025-05-07,40.275,49.45,107.905,135.36,134.15,81.48,99.545,40.375,41.615,41.56
2025-05-08,40.805,49.86,108.935,134.14,136.0,81.38,100.72,40.05,42.17,41.36
2025-05-09,41.215,49.86,108.8,132.68,136.11,80.91,101.205,40.12,42.28,41.61
2025-05-12,42.29,50.87,113.85,135.96,140.3,81.03,106.235,39.88,43.26,41.65
2025-05-13,42.885,51.08,116.31,131.87,141.28,79.94,107.64,39.825,43.045,41.09
2025-05-14,42.625,50.94,117.065,128.77,140.6,79.51,108.055,39.65,42.65,40.74
2025-05-15,42.805,51.28,117.225,130.46,142.16,81.14,107.815,40.495,43.085,41.49
2025-05-16,42.74,51.59,117.445,133.09,143.78,82.07,108.835,41.09,43.525,42.01
2025-05-19,42.185,51.62,117.275,134.37,144.27,82.31,108.58,41.265,43.635,42.1
2025-05-20,41.795,51.34,116.835,134.7,143.75,82.6,108.015,41.385,43.56,41.88
2025-05-21,41.025,50.29,114.64,131.58,141.32,81.64,105.825,40.63,42.98,40.77
2025-05-22,40.865,50.23,114.67,130.55,141.29,81.3,106.28,40.05,42.935,40.63
2025-05-23,40.995,50.05,113.405,130.34,140.83,81.6,105.325,40.53,42.85,40.64
2025-05-27,41.35,50.93,116.1,132.16,143.31,82.34,108.435,40.835,43.6,41.31
2025-05-28,40.825,50.59,115.62,131.48,142.6,81.78,107.44,40.265,43.005,41.31
2025-05-29,41.13,50.85,115.815,132.36,142.73,82.11,107.485,40.545,43.165,41.69
2025-05-30,40.765,50.96,115.455,132.64,142.82,82.83,106.9,40.96,43.17,41.73
2025-06-02,41.3,50.98,116.475,132.72,142.64,82.88,107.15,41.09,43.425,41.79
2025-06-03,41.79,51.08,118.225,133.03,143.74,82.8,107.72,41.2,43.87,41.64
2025-06-04,40.975,50.79,118.4,133.29,143.82,82.22,107.435,40.48,44.035,41.77
2025-06-05,40.935,50.65,118.065,133.11,143.72,81.43,104.725,40.415,43.775,41.76
2025-06-06,41.705,51.28,119.18,134.38,144.93,81.69,106.085,40.595,43.89,41.88
2025-06-09,41.785,51.0,119.765,134.15,144.8,81.58,106.935,40.335,44.185,41.86
2025-06-10,42.53,51.06,120.435,135.68,144.17,81.76,108.215,40.43,44.46,42.23
2025-06-11,43.145,51.0,120.17,135.75,144.24,81.48,107.36,40.455,44.02,42.0
2025-06-12,43.295,51.0,121.285,136.81,143.86,81.96,106.855,40.945,44.205,42.23
2025-06-13,44.05,49.96,119.585,136.13,142.65,80.96,105.87,40.71,43.69,41.89
2025-06-16,43.92,50.53,121.52,135.71,143.63,81.22,107.01,40.51,44.06,41.93
2025-06-17,44.33,50.24,120.66,133.47,142.55,80.53,105.165,40.175,43.63,41.76
2025-06-18,44.04,50.22,120.805,133.24,142.21,80.43,105.215,40.28,43.505,41.84
2025-06-20,44.49,50.36,120.27,132.6,142.37,81.02,105.34,40.39,43.21,41.83
2025-06-23,43.015,50.82,121.44,132.16,143.86,81.4,107.2,40.62,43.47,42.06
2025-06-24,42.455,51.58,123.62,133.78,145.06,81.33,107.795,40.795,43.83,42.26
2025-06-25,42.27,51.41,124.675,133.9,143.78,80.24,106.525,40.25,43.41,41.23
2025-06-26,42.875,51.79,125.535,134.22,145.34,80.17,107.505,40.585,43.89,40.97
2025-06-27,42.65,51.94,125.385,133.93,146.79,80.55,109.295,40.665,43.945,41.12
2025-06-30,42.405,52.37,126.615,134.79,147.52,80.97,108.665,40.83,43.905,41.42
2025-07-01,42.73,52.66,125.485,136.71,148.01,81.98,109.13,40.97,45.04,41.7
2025-07-02,43.465,52.62,126.81,135.36,148.16,82.22,110.005,40.615,45.715,41.78
2025-07-03,43.515,53.19,128.48,135.5,149.42,82.18,110.605,40.92,45.685,41.8
2025-07-07,43.095,52.68,127.46,134.36,148.9,82.11,109.2,41.005,45.245,41.48
2025-07-08,44.255,52.21,128.145,134.97,148.86,81.35,108.83,40.57,45.615,41.42
2025-07-09,44.03,52.4,128.915,135.49,149.9,80.82,109.475,40.95,45.89,41.4
2025-07-10,44.365,52.71,128.49,136.32,150.74,81.11,110.685,41.285,46.135,41.61
2025-07-11,44.565,52.16,127.925,135.19,150.2,80.81,110.715,41.225,45.76,41.57
2025-07-14,44.075,52.55,127.82,135.03,151.01,80.88,111.125,41.39,45.505,41.85
2025-07-15,43.44,51.65,128.955,132.6,149.88,80.07,109.535,40.995,44.57,41.31
2025-07-16,43.065,52.01,129.355,134.25,150.41,80.35,109.735,41.015,44.69,41.76
2025-07-17,43.33,52.51,130.53,132.72,151.8,81.11,110.11,41.185,45.005,41.72
2025-07-18,42.98,52.54,130.445,131.84,151.46,80.89,111.085,41.875,45.11,41.84
2025-07-21,42.535,52.39,130.615,131.09,150.66,80.88,111.61,42.01,45.34,42.0
2025-07-22,42.735,52.68,129.405,133.53,151.02,81.62,112.74,42.525,45.965,42.73
2025-07-23,43.405,53.1,130.145,136.27,153.73,81.65,113.275,42.205,46.12,42.85
2025-07-24,43.715,53.07,130.695,135.76,153.47,81.36,111.4,42.15,45.645,42.79
2025-07-25,43.55,53.44,130.995,136.48,154.99,81.5,112.435,42.26,46.185,42.79
2025-07-28,44.045,53.07,132.04,135.29,154.51,80.66,113.09,41.81,45.515,42.05
2025-07-29,44.475,52.8,132.045,134.43,152.75,81.19,112.31,42.29,45.34,42.75
2025-07-30,43.84,52.7,132.34,134.19,152.0,80.47,111.6,42.605,44.425,42.15
2025-07-31,43.605,52.37,131.37,130.43,152.01,79.78,110.715,42.835,43.865,41.41
2025-08-01,42.795,51.4,128.535,131.13,149.74,80.16,108.045,42.9,43.36,41.29
2025-08-04,42.7,51.91,131.145,133.01,151.12,80.55,109.315,43.66,43.935,41.64
2025-08-05,42.755,51.7,130.06,132.5,150.81,80.47,109.455,43.195,44.245,41.78
2025-08-06,42.36,51.95,131.525,130.51,150.93,81.62,111.73,42.81,43.765,41.43
2025-08-07,42.195,51.37,131.645,129.01,150.71,82.24,111.695,43.275,43.955,41.59
2025-08-08,42.465,51.85,132.96,130.16,150.83,82.48,111.89,43.09,44.175,41.25
2025-08-11,42.125,51.83,132.06,130.29,150.34,82.41,112.18,42.955,44.075,41.01
2025-08-12,42.33,52.46,134.105,131.19,151.9,82.63,113.37,43.14,44.65,41.08
2025-08-13,42.82,52.76,134.155,133.29,152.48,82.63,114.925,43.235,45.49,41.35
2025-08-14,42.78,53.01,133.865,133.96,151.13,81.89,114.795,42.935,45.015,41.06
2025-08-15,42.78,52.46,132.85,136.21,150.44,82.02,114.52,42.81,45.015,41.33
2025-08-18,42.525,52.5,133.135,135.89,151.03,81.91,114.98,42.625,44.755,40.94
2025-08-19,42.54,52.6,130.81,136.76,151.36,82.75,114.925,43.04,45.025,41.67
2025-08-20,42.895,52.87,129.925,137.5,151.22,83.22,113.79,43.085,45.06,41.83
2025-08-21,43.19,52.7,129.455,137.04,150.68,82.47,113.115,42.79,45.195,41.68
2025-08-22,44.07,53.57,131.21,138.17,153.14,82.47,116.55,43.02,46.09,42.34
2025-08-25,44.185,53.26,130.915,136.2,151.61,81.06,116.315,42.535,45.835,42.13
2025-08-26,44.115,53.67,131.515,137.05,153.17,80.53,116.85,42.63,45.96,42.01
2025-08-27,44.61,53.78,132.225,136.97,153.15,80.77,116.875,42.64,46.075,42.19
2025-08-28,44.95,53.85,133.27,136.43,153.42,80.26,117.075,42.315,46.075,42.08
2025-08-29,45.195,53.99,131.225,137.43,152.01,80.78,115.87,42.16,46.14,42.31
2025-09-02,45.26,53.59,129.9,137.56,150.56,80.65,115.005,42.02,45.795,41.59
2025-09-03,44.245,53.5,130.675,136.91,149.8,80.59,115.47,41.915,45.485,41.48
2025-09-04,44.54,54.06,131.32,137.43,151.49,80.64,117.58,41.865,45.66,41.76
2025-09-05,43.68,53.07,131.43,137.9,150.93,80.87,117.555,41.735,45.98,42.18
2025-09-08,43.58,53.11,132.415,137.85,151.27,80.57,118.01,41.31,46.02,41.9
2025-09-09,43.79,53.34,132.67,138.59,150.25,80.73,117.845,41.595,45.27,41.88
2025-09-10,44.555,53.16,135.075,137.33,151.36,79.94,116.435,42.31,45.355,41.86
2025-09-11,44.565,54.03,135.53,139.72,152.8,80.59,118.7,42.535,46.305,42.54
2025-09-12,44.3,53.8,135.44,138.11,151.58,80.32,119.315,42.75,45.84,42.35
2025-09-15,44.15,53.68,136.66,136.93,152.28,79.4,120.35,42.85,45.47,42.3
2025-09-16,44.89,53.56,136.185,136.93,151.83,79.76,121.09,42.07,45.33,42.05
2025-09-17,44.995,54.08,135.715,137.2,151.14,80.24,120.785,42.175,45.435,42.03
2025-09-18,44.855,54.13,138.06,137.47,152.75,79.54,120.24,42.205,45.435,42.06
2025-09-19,44.26,54.25,139.46,137.29,153.12,79.38,120.695,42.475,45.415,41.85
2025-09-22,43.835,54.0,141.33,136.63,153.0,77.96,120.09,42.6,45.185,41.67
2025-09-23,44.59,53.76,140.11,136.94,153.04,78.35,118.96,42.82,45.04,42.0
2025-09-24,45.17,53.61,139.245,136.39,152.25,78.52,119.8,43.125,44.49,41.57
2025-09-25,45.575,53.47,139.0,134.13,151.22,77.77,118.11,42.71,43.91,41.47
2025-09-26,45.995,53.86,139.42,135.5,152.58,77.96,119.855,43.405,44.42,41.88
2025-09-29,45.15,54.13,140.165,135.9,153.05,78.11,120.38,43.53,44.59,41.96
2025-09-30,44.67,53.87,140.93,139.17,154.23,78.37,119.82,43.605,44.81,42.13
2025-10-01,44.67,53.39,142.31,143.47,153.8,78.25,120.57,44.025,44.34,42.13
2025-10-02,44.22,53.35,143.08,143.19,154.2,77.94,119.7,43.945,44.855,41.91
2025-10-03,44.455,53.72,142.36,144.82,154.41,78.03,118.93,44.455,44.93,42.08
2025-10-06,44.675,53.7,143.8,144.12,155.13,77.46,119.95,44.885,44.89,41.66
2025-10-07,44.745,53.77,142.84,144.23,154.25,78.18,117.85,45.09,44.71,41.53
2025-10-08,44.485,53.51,145.345,144.51,155.59,77.79,118.2,45.4,44.95,41.32
2025-10-09,43.88,53.32,145.1,144.19,153.29,78.04,117.61,45.285,44.335,41.13
2025-10-10,42.61,52.16,139.195,142.11,149.9,78.1,114.375,45.1,43.425,40.68
2025-10-13,43.19,52.66,142.585,141.95,151.46,77.84,116.93,45.445,44.115,40.91
2025-10-14,43.185,53.24,140.755,142.34,153.24,79.09,117.175,45.85,44.555,41.3
2025-10-15,43.16,53.24,142.15,142.56,152.6,79.23,117.345,46.45,44.355,41.9
2025-10-16,42.64,51.76,142.255,142.32,151.6,78.68,116.21,45.945,44.025,41.77
2025-10-17,42.99,52.18,142.505,143.27,151.73,79.73,117.21,45.785,43.94,42.04
2025-10-20,43.445,52.79,144.095,144.79,153.52,79.66,118.14,45.77,44.465,42.48
2025-10-21,43.345,52.73,144.17,145.13,154.88,79.29,119.585,45.305,44.295,42.35
2025-10-22,43.9,52.43,142.745,145.96,152.87,79.74,118.65,45.2,44.16,42.54
2025-10-23,44.485,52.54,144.545,146.04,154.78,79.35,119.185,45.165,44.69,42.5
2025-10-24,44.035,53.11,146.79,146.03,154.91,79.09,118.83,45.695,44.505,42.65
2025-10-27,44.14,53.33,149.5,146.37,155.79,79.22,120.54,45.82,44.485,42.74
2025-10-28,43.68,52.99,150.98,145.45,154.68,78.43,120.57,45.065,44.545,41.79
2025-10-29,44.005,52.09,152.065,143.98,155.08,76.58,119.575,45.05,43.67,40.65
2025-10-30,43.745,52.23,150.195,144.3,154.69,76.5,116.875,44.86,43.085,40.88
2025-10-31,44.065,52.37,150.34,144.25,155.06,76.28,119.965,44.55,42.835,40.9
2025-11-03,44.07,52.15,150.955,144.45,154.4,75.68,121.09,44.575,42.57,40.83
2025-11-04,43.595,52.42,146.97,145.1,152.61,75.99,119.08,44.415,42.36,40.94
2025-11-05,43.71,52.6,147.545,145.66,153.2,75.94,120.53,44.425,42.61,40.93
2025-11-06,44.135,52.41,144.58,145.94,152.59,75.6,117.745,44.23,42.4,40.73
2025-11-07,44.77,52.78,144.08,146.14,153.33,76.71,117.93,44.845,42.91,41.27
2025-11-10,45.175,52.97,147.765,147.28,154.2,76.43,119.48,44.83,43.315,41.24
2025-11-11,45.765,53.21,146.505,150.68,154.24,77.43,119.775,44.855,43.765,41.7
2025-11-12,45.125,53.67,146.96,152.82,154.39,77.32,118.97,44.96,44.075,41.37
2025-11-13,45.24,52.98,143.295,152.74,152.0,77.32,116.0,44.34,43.785,40.83
2025-11-14,46.01,52.45,144.075,151.83,152.01,77.26,115.445,44.38,43.385,40.95
2025-11-17,45.17,51.45,141.82,151.7,150.52,76.77,114.36,44.78,42.725,40.68
2025-11-18,45.53,51.37,139.515,152.59,149.85,77.1,112.25,44.61,42.76,40.83
2025-11-19,44.94,51.56,140.485,152.33,150.35,76.51,112.255,44.235,42.87,40.51
2025-11-20,44.43,51.11,136.075,151.42,147.83,77.06,110.58,44.01,42.23,40.37
2025-11-21,44.71,51.67,136.6,154.61,149.63,77.9,112.75,44.075,43.175,40.9
2025-11-24,44.585,51.89,139.855,155.26,150.0,77.0,114.255,44.575,43.26,40.96
2025-11-25,44.305,52.54,140.23,158.77,151.92,78.06,116.7,44.405,43.905,41.29
2025-11-26,44.64,52.95,141.89,158.42,152.8,78.91,117.5,44.995,44.445,41.47
2025-11-28,45.225,53.33,143.11,157.65,153.69,79.37,118.23,45.315,44.7,41.67
2025-12-01,45.66,52.89,143.175,155.29,151.44,79.29,118.3,44.255,44.59,41.09
2025-12-02,45.07,52.84,144.65,154.36,152.76,78.77,118.22,43.94,44.185,40.99
2025-12-03,45.915,53.55,144.995,155.08,154.21,78.83,119.495,43.8,44.495,41.07
2025-12-04,46.11,53.66,145.535,153.9,155.01,78.45,119.07,43.71,44.235,41.0
2025-12-05,45.92,53.68,146.6,153.26,154.58,78.46,119.73,43.3,44.09,40.99
2025-12-08,45.42,53.48,147.63,151.43,154.39,77.81,117.99,42.72,43.48,40.74
2025-12-09,45.7,53.28,148.02,149.96,153.26,77.99,117.98,42.75,43.39,40.5
2025-12-10,46.18,53.89,148.73,152.14,156.06,78.22,119.71,42.73,44.24,40.58
2025-12-11,45.96,54.87,147.97,153.58,157.73,78.8,120.18,43.04,45.12,40.8
2025-12-12,45.51,54.95,143.69,154.06,156.74,79.42,120.7,42.83,45.15,40.75
2025-12-15,45.19,54.99,142.3,156.1,156.99,79.64,121.73,43.22,45.12,40.91
2025-12-16,43.81,54.64,142.56,154.07,156.06,79.28,121.93,43.04,45.0,40.55
2025-12-17,44.78,54.63,139.39,153.79,153.53,79.65,120.52,42.76,45.19,40.73
2025-12-18,44.13,54.54,141.54,153.91,154.53,79.19,122.34,43.18,45.17,40.48
2025-12-19,44.13,54.84,144.6,154.94,155.86,78.78,121.85,42.63,45.37,40.33
2025-12-22,44.21,55.32,145.16,155.3,157.05,77.88,122.34,42.47,45.67,40.19
2025-12-23,44.5,55.43,145.95,154.99,156.99,77.51,122.17,42.62,45.75,40.18
2025-12-24,44.37,55.73,146.3,155.8,157.5,78.12,122.59,42.81,45.84,40.44
2025-12-26,44.2,55.62,146.53,156.05,157.21,78.23,122.05,42.78,46.11,40.52
2025-12-29,44.62,55.32,145.87,155.81,156.87,78.28,120.85,42.86,45.74,40.63
2025-12-30,44.96,55.18,145.41,155.68,156.42,78.15,120.36,42.96,45.73,40.72
2025-12-31,44.71,54.77,143.97,154.8,155.12,77.68,119.41,42.69,45.35,40.35
