date,DBC,EEM,EFA,GLD,HYG,IEF,IWM,LQD,QQQ,SHY,SLV,SPY,TLT,VNQ
1993-01-29,,,,,,,,,,,,43.9375,,
1993-02-01,,,,,,,,,,,,44.25,,
1993-02-02,,,,,,,,,,,,44.34375,,
1993-02-03,,,,,,,,,,,,44.8125,,
1993-02-04,,,,,,,,,,,,45.0,,
1993-02-05,,,,,,,,,,,,44.96875,,
1993-02-08,,,,,,,,,,,,44.96875,,
1993-02-09,,,,,,,,,,,,44.65625,,
1993-02-10,,,,,,,,,,,,44.71875,,
1993-02-11,,,,,,,,,,,,44.9375,,
1993-02-12,,,,,,,,,,,,44.59375,,
1993-02-16,,,,,,,,,,,,43.46875,,
1993-02-17,,,,,,,,,,,,43.4375,,
1993-02-18,,,,,,,,,,,,43.40625,,
1993-02-19,,,,,,,,,,,,43.5625,,
1993-02-22,,,,,,,,,,,,43.71875,,
1993-02-23,,,,,,,,,,,,43.6875,,
1993-02-24,,,,,,,,,,,,44.25,,
1993-02-25,,,,,,,,,,,,44.34375,,
1993-02-26,,,,,,,,,,,,44.40625,,
1993-03-01,,,,,,,,,,,,44.28125,,
1993-03-02,,,,,,,,,,,,44.9375,,
1993-03-03,,,,,,,,,,,,45.125,,
1993-03-04,,,,,,,,,,,,44.875,,
1993-03-05,,,,,,,,,,,,44.75,,
1993-03-08,,,,,,,,,,,,45.75,,
1993-03-09,,,,,,,,,,,,45.59375,,
1993-03-10,,,,,,,,,,,,45.6875,,
1993-03-11,,,,,,,,,,,,45.5625,,
1993-03-12,,,,,,,,,,,,45.09375,,
1993-03-15,,,,,,,,,,,,45.3125,,
1993-03-16,,,,,,,,,,,,45.3125,,
1993-03-17,,,,,,,,,,,,45.03125,,
1993-03-18,,,,,,,,,,,,45.3125,,
1993-03-19,,,,,,,,,,,,45.03125,,
1993-03-22,,,,,,,,,,,,44.78125,,
1993-03-23,,,,,,,,,,,,44.875,,
1993-03-24,,,,,,,,,,,,44.875,,
1993-03-25,,,,,,,,,,,,45.15625,,
1993-03-26,,,,,,,,,,,,44.90625,,
1993-03-29,,,,,,,,,,,,45.09375,,
1993-03-30,,,,,,,,,,,,45.21875,,
1993-03-31,,,,,,,,,,,,45.1875,,
1993-04-01,,,,,,,,,,,,45.03125,,
1993-04-02,,,,,,,,,,,,44.09375,,
1993-04-05,,,,,,,,,,,,44.3125,,
1993-04-06,,,,,,,,,,,,44.1875,,
1993-04-07,,,,,,,,,,,,44.34375,,
1993-04-08,,,,,,,,,,,,44.28125,,
1993-04-12,,,,,,,,,,,,44.90625,,
1993-04-13,,,,,,,,,,,,45.0,,
1993-04-14,,,,,,,,,,,,44.9375,,
1993-04-15,,,,,,,,,,,,44.9375,,
1993-04-16,,,,,,,,,,,,44.9375,,
1993-04-19,,,,,,,,,,,,44.75,,
1993-04-20,,,,,,,,,,,,44.53125,,
1993-04-21,,,,,,,,,,,,44.5,,
1993-04-22,,,,,,,,,,,,43.9375,,
1993-04-23,,,,,,,,,,,,43.75,,
1993-04-26,,,,,,,,,,,,43.40625,,
1993-04-27,,,,,,,,,,,,43.875,,
1993-04-28,,,,,,,,,,,,43.78125,,
1993-04-29,,,,,,,,,,,,43.96875,,
1993-04-30,,,,,,,,,,,,44.03125,,
1993-05-03,,,,,,,,,,,,44.3125,,
1993-05-04,,,,,,,,,,,,44.46875,,
1993-05-05,,,,,,,,,,,,44.59375,,
1993-05-06,,,,,,,,,,,,44.4375,,
1993-05-07,,,,,,,,,,,,44.34375,,
1993-05-10,,,,,,,,,,,,44.4375,,
1993-05-11,,,,,,,,,,,,44.625,,
1993-05-12,,,,,,,,,,,,44.5625,,
1993-05-13,,,,,,,,,,,,44.03125,,
1993-05-14,,,,,,,,,,,,44.0,,
1993-05-17,,,,,,,,,,,,44.15625,,
1993-05-18,,,,,,,,,,,,44.125,,
1993-05-19,,,,,,,,,,,,45.03125,,
1993-05-20,,,,,,,,,,,,45.15625,,
1993-05-21,,,,,,,,,,,,44.75,,
1993-05-24,,,,,,,,,,,,44.9375,,
1993-05-25,,,,,,,,,,,,45.03125,,
1993-05-26,,,,,,,,,,,,45.59375,,
1993-05-27,,,,,,,,,,,,45.4375,,
1993-05-28,,,,,,,,,,,,45.21875,,
1993-06-01,,,,,,,,,,,,45.65625,,
1993-06-02,,,,,,,,,,,,45.59375,,
1993-06-03,,,,,,,,,,,,45.4375,,
1993-06-04,,,,,,,,,,,,45.28125,,
1993-06-07,,,,,,,,,,,,45.125,,
1993-06-08,,,,,,,,,,,,44.71875,,
1993-06-09,,,,,,,,,,,,44.875,,
1993-06-10,,,,,,,,,,,,44.90625,,
1993-06-11,,,,,,,,,,,,45.09375,,
1993-06-14,,,,,,,,,,,,45.03125,,
1993-06-15,,,,,,,,,,,,44.9375,,
1993-06-16,,,,,,,,,,,,45.03125,,
1993-06-17,,,,,,,,,,,,45.1875,,
1993-06-18,,,,,,,,,,,,44.5,,
1993-06-21,,,,,,,,,,,,44.59375,,
1993-06-22,,,,,,,,,,,,44.625,,
1993-06-23,,,,,,,,,,,,44.21875,,
1993-06-24,,,,,,,,,,,,44.8125,,
1993-06-25,,,,,,,,,,,,44.78125,,
1993-06-28,,,,,,,,,,,,45.28125,,
1993-06-29,,,,,,,,,,,,45.0625,,
1993-06-30,,,,,,,,,,,,45.0625,,
1993-07-01,,,,,,,,,,,,44.9375,,
1993-07-02,,,,,,,,,,,,44.6875,,
1993-07-06,,,,,,,,,,,,44.21875,,
1993-07-07,,,,,,,,,,,,44.34375,,
1993-07-08,,,,,,,,,,,,44.84375,,
1993-07-09,,,,,,,,,,,,44.96875,,
1993-07-12,,,,,,,,,,,,44.9375,,
1993-07-13,,,,,,,,,,,,44.90625,,
1993-07-14,,,,,,,,,,,,45.0625,,
1993-07-15,,,,,,,,,,,,44.875,,
1993-07-16,,,,,,,,,,,,44.75,,
1993-07-19,,,,,,,,,,,,44.71875,,
1993-07-20,,,,,,,,,,,,44.84375,,
1993-07-21,,,,,,,,,,,,44.8125,,
1993-07-22,,,,,,,,,,,,44.5,,
1993-07-23,,,,,,,,,,,,44.71875,,
1993-07-26,,,,,,,,,,,,44.96875,,
1993-07-27,,,,,,,,,,,,44.9375,,
1993-07-28,,,,,,,,,,,,44.84375,,
1993-07-29,,,,,,,,,,,,45.09375,,
1993-07-30,,,,,,,,,,,,44.84375,,
1993-08-02,,,,,,,,,,,,44.96875,,
1993-08-03,,,,,,,,,,,,45.0,,
1993-08-04,,,,,,,,,,,,45.0,,
1993-08-05,,,,,,,,,,,,44.90625,,
1993-08-06,,,,,,,,,,,,44.96875,,
1993-08-09,,,,,,,,,,,,45.21875,,
1993-08-10,,,,,,,,,,,,45.1875,,
1993-08-11,,,,,,,,,,,,45.1875,,
1993-08-12,,,,,,,,,,,,45.0625,,
1993-08-13,,,,,,,,,,,,45.125,,
1993-08-16,,,,,,,,,,,,45.375,,
1993-08-17,,,,,,,,,,,,45.53125,,
1993-08-18,,,,,,,,,,,,45.78125,,
1993-08-19,,,,,,,,,,,,45.78125,,
1993-08-20,,,,,,,,,,,,45.8125,,
1993-08-23,,,,,,,,,,,,45.71875,,
1993-08-24,,,,,,,,,,,,46.21875,,
1993-08-25,,,,,,,,,,,,46.25,,
1993-08-26,,,,,,,,,,,,46.28125,,
1993-08-27,,,,,,,,,,,,46.25,,
1993-08-30,,,,,,,,,,,,46.4375,,
1993-08-31,,,,,,,,,,,,46.5625,,
1993-09-01,,,,,,,,,,,,46.5,,
1993-09-02,,,,,,,,,,,,46.34375,,
1993-09-03,,,,,,,,,,,,46.375,,
1993-09-07,,,,,,,,,,,,46.0625,,
1993-09-08,,,,,,,,,,,,45.90625,,
1993-09-09,,,,,,,,,,,,46.0,,
1993-09-10,,,,,,,,,,,,46.40625,,
1993-09-13,,,,,,,,,,,,46.4375,,
1993-09-14,,,,,,,,,,,,46.25,,
1993-09-15,,,,,,,,,,,,46.375,,
1993-09-16,,,,,,,,,,,,46.28125,,
1993-09-17,,,,,,,,,,,,45.8125,,
1993-09-20,,,,,,,,,,,,45.4375,,
1993-09-21,,,,,,,,,,,,45.28125,,
1993-09-22,,,,,,,,,,,,45.65625,,
1993-09-23,,,,,,,,,,,,45.90625,,
1993-09-24,,,,,,,,,,,,45.78125,,
1993-09-27,,,,,,,,,,,,46.28125,,
1993-09-28,,,,,,,,,,,,46.1875,,
1993-09-29,,,,,,,,,,,,46.03125,,
1993-09-30,,,,,,,,,,,,45.9375,,
1993-10-01,,,,,,,,,,,,46.15625,,
1993-10-04,,,,,,,,,,,,46.21875,,
1993-10-05,,,,,,,,,,,,46.15625,,
1993-10-06,,,,,,,,,,,,46.125,,
1993-10-07,,,,,,,,,,,,46.0,,
1993-10-08,,,,,,,,,,,,46.0625,,
1993-10-11,,,,,,,,,,,,46.15625,,
1993-10-12,,,,,,,,,,,,46.21875,,
1993-10-13,,,,,,,,,,,,46.21875,,
1993-10-14,,,,,,,,,,,,46.8125,,
1993-10-15,,,,,,,,,,,,47.0625,,
1993-10-18,,,,,,,,,,,,46.9375,,
1993-10-19,,,,,,,,,,,,46.59375,,
1993-10-20,,,,,,,,,,,,46.65625,,
1993-10-21,,,,,,,,,,,,46.59375,,
1993-10-22,,,,,,,,,,,,46.375,,
1993-10-25,,,,,,,,,,,,46.5,,
1993-10-26,,,,,,,,,,,,46.46875,,
1993-10-27,,,,,,,,,,,,46.5,,
1993-10-28,,,,,,,,,,,,46.84375,,
1993-10-29,,,,,,,,,,,,46.84375,,
1993-11-01,,,,,,,,,,,,46.96875,,
1993-11-02,,,,,,,,,,,,46.9375,,
1993-11-03,,,,,,,,,,,,46.34375,,
1993-11-04,,,,,,,,,,,,45.84375,,
1993-11-05,,,,,,,,,,,,46.0625,,
1993-11-08,,,,,,,,,,,,46.125,,
1993-11-09,,,,,,,,,,,,46.15625,,
1993-11-10,,,,,,,,,,,,46.5,,
1993-11-11,,,,,,,,,,,,46.375,,
1993-11-12,,,,,,,,,,,,46.59375,,
1993-11-15,,,,,,,,,,,,46.5625,,
1993-11-16,,,,,,,,,,,,46.78125,,
1993-11-17,,,,,,,,,,,,46.53125,,
1993-11-18,,,,,,,,,,,,46.40625,,
1993-11-19,,,,,,,,,,,,46.3125,,
1993-11-22,,,,,,,,,,,,46.03125,,
1993-11-23,,,,,,,,,,,,46.28125,,
1993-11-24,,,,,,,,,,,,46.46875,,
1993-11-26,,,,,,,,,,,,46.5,,
1993-11-29,,,,,,,,,,,,46.3125,,
1993-11-30,,,,,,,,,,,,46.34375,,
1993-12-01,,,,,,,,,,,,46.40625,,
1993-12-02,,,,,,,,,,,,46.53125,,
1993-12-03,,,,,,,,,,,,46.71875,,
1993-12-06,,,,,,,,,,,,46.875,,
1993-12-07,,,,,,,,,,,,46.84375,,
1993-12-08,,,,,,,,,,,,46.84375,,
1993-12-09,,,,,,,,,,,,46.6875,,
1993-12-10,,,,,,,,,,,,46.59375,,
1993-12-13,,,,,,,,,,,,46.875,,
1993-12-14,,,,,,,,,,,,46.53125,,
1993-12-15,,,,,,,,,,,,46.46875,,
1993-12-16,,,,,,,,,,,,46.625,,
1993-12-17,,,,,,,,,,,,46.5625,,
1993-12-20,,,,,,,,,,,,46.625,,
1993-12-21,,,,,,,,,,,,46.46875,,
1993-12-22,,,,,,,,,,,,46.78125,,
1993-12-23,,,,,,,,,,,,46.75,,
1993-12-27,,,,,,,,,,,,47.0,,
1993-12-28,,,,,,,,,,,,47.09375,,
1993-12-29,,,,,,,,,,,,47.03125,,
1993-12-30,,,,,,,,,,,,46.84375,,
1993-12-31,,,,,,,,,,,,46.59375,,
1994-01-03,,,,,,,,,,,,46.46875,,
1994-01-04,,,,,,,,,,,,46.65625,,
1994-01-05,,,,,,,,,,,,46.75,,
1994-01-06,,,,,,,,,,,,46.75,,
1994-01-07,,,,,,,,,,,,47.03125,,
1994-01-10,,,,,,,,,,,,47.59375,,
1994-01-11,,,,,,,,,,,,47.5,,
1994-01-12,,,,,,,,,,,,47.34375,,
1994-01-13,,,,,,,,,,,,47.21875,,
1994-01-14,,,,,,,,,,,,47.40625,,
1994-01-17,,,,,,,,,,,,47.40625,,
1994-01-18,,,,,,,,,,,,47.46875,,
1994-01-19,,,,,,,,,,,,47.34375,,
1994-01-20,,,,,,,,,,,,47.46875,,
1994-01-21,,,,,,,,,,,,47.375,,
1994-01-24,,,,,,,,,,,,47.1875,,
1994-01-25,,,,,,,,,,,,47.1875,,
1994-01-26,,,,,,,,,,,,47.3125,,
1994-01-27,,,,,,,,,,,,47.75,,
1994-01-28,,,,,,,,,,,,47.875,,
1994-01-31,,,,,,,,,,,,48.21875,,
1994-02-01,,,,,,,,,,,,47.96875,,
1994-02-02,,,,,,,,,,,,48.28125,,
1994-02-03,,,,,,,,,,,,48.0625,,
1994-02-04,,,,,,,,,,,,46.96875,,
1994-02-07,,,,,,,,,,,,47.1875,,
1994-02-08,,,,,,,,,,,,47.21875,,
1994-02-09,,,,,,,,,,,,47.40625,,
1994-02-10,,,,,,,,,,,,47.0,,
1994-02-11,,,,,,,,,,,,47.15625,,
1994-02-14,,,,,,,,,,,,47.21875,,
1994-02-15,,,,,,,,,,,,47.46875,,
1994-02-16,,,,,,,,,,,,47.4375,,
1994-02-17,,,,,,,,,,,,47.15625,,
1994-02-18,,,,,,,,,,,,46.875,,
1994-02-22,,,,,,,,,,,,47.34375,,
1994-02-23,,,,,,,,,,,,47.21875,,
1994-02-24,,,,,,,,,,,,46.59375,,
1994-02-25,,,,,,,,,,,,46.8125,,
1994-02-28,,,,,,,,,,,,46.8125,,
1994-03-01,,,,,,,,,,,,46.625,,
1994-03-02,,,,,,,,,,,,46.6875,,
1994-03-03,,,,,,,,,,,,46.5625,,
1994-03-04,,,,,,,,,,,,46.6875,,
1994-03-07,,,,,,,,,,,,46.9375,,
1994-03-08,,,,,,,,,,,,46.75,,
1994-03-09,,,,,,,,,,,,46.96875,,
1994-03-10,,,,,,,,,,,,46.59375,,
1994-03-11,,,,,,,,,,,,46.84375,,
1994-03-14,,,,,,,,,,,,46.90625,,
1994-03-15,,,,,,,,,,,,46.875,,
1994-03-16,,,,,,,,,,,,47.25,,
1994-03-17,,,,,,,,,,,,47.25,,
1994-03-18,,,,,,,,,,,,46.96875,,
1994-03-21,,,,,,,,,,,,46.84375,,
1994-03-22,,,,,,,,,,,,46.96875,,
1994-03-23,,,,,,,,,,,,46.9375,,
1994-03-24,,,,,,,,,,,,46.375,,
1994-03-25,,,,,,,,,,,,45.9375,,
1994-03-28,,,,,,,,,,,,46.0,,
1994-03-29,,,,,,,,,,,,45.09375,,
1994-03-30,,,,,,,,,,,,44.46875,,
1994-03-31,,,,,,,,,,,,44.59375,,
1994-04-04,,,,,,,,,,,,43.90625,,
1994-04-05,,,,,,,,,,,,44.8125,,
1994-04-06,,,,,,,,,,,,44.8125,,
1994-04-07,,,,,,,,,,,,45.03125,,
1994-04-08,,,,,,,,,,,,44.6875,,
1994-04-11,,,,,,,,,,,,44.875,,
1994-04-12,,,,,,,,,,,,44.8125,,
1994-04-13,,,,,,,,,,,,44.59375,,
1994-04-14,,,,,,,,,,,,44.59375,,
1994-04-15,,,,,,,,,,,,44.59375,,
1994-04-18,,,,,,,,,,,,44.296875,,
1994-04-19,,,,,,,,,,,,44.359375,,
1994-04-20,,,,,,,,,,,,44.3125,,
1994-04-21,,,,,,,,,,,,44.90625,,
1994-04-22,,,,,,,,,,,,44.859375,,
1994-04-25,,,,,,,,,,,,45.328125,,
1994-04-26,,,,,,,,,,,,45.28125,,
1994-04-28,,,,,,,,,,,,44.953125,,
1994-04-29,,,,,,,,,,,,45.09375,,
1994-05-02,,,,,,,,,,,,45.375,,
1994-05-03,,,,,,,,,,,,45.328125,,
1994-05-04,,,,,,,,,,,,45.25,,
1994-05-05,,,,,,,,,,,,45.1875,,
1994-05-06,,,,,,,,,,,,44.75,,
1994-05-09,,,,,,,,,,,,44.359375,,
1994-05-10,,,,,,,,,,,,44.703125,,
1994-05-11,,,,,,,,,,,,44.296875,,
1994-05-12,,,,,,,,,,,,44.515625,,
1994-05-13,,,,,,,,,,,,44.515625,,
1994-05-16,,,,,,,,,,,,44.53125,,
1994-05-17,,,,,,,,,,,,45.1875,,
1994-05-18,,,,,,,,,,,,45.515625,,
1994-05-19,,,,,,,,,,,,45.734375,,
1994-05-20,,,,,,,,,,,,45.5625,,
1994-05-23,,,,,,,,,,,,45.484375,,
1994-05-24,,,,,,,,,,,,45.671875,,
1994-05-25,,,,,,,,,,,,45.796875,,
1994-05-26,,,,,,,,,,,,45.828125,,
1994-05-27,,,,,,,,,,,,45.875,,
1994-05-31,,,,,,,,,,,,45.8125,,
1994-06-01,,,,,,,,,,,,46.015625,,
1994-06-02,,,,,,,,,,,,45.96875,,
1994-06-03,,,,,,,,,,,,46.234375,,
1994-06-06,,,,,,,,,,,,46.21875,,
1994-06-07,,,,,,,,,,,,46.15625,,
1994-06-08,,,,,,,,,,,,45.78125,,
1994-06-09,,,,,,,,,,,,46.03125,,
1994-06-10,,,,,,,,,,,,46.109375,,
1994-06-13,,,,,,,,,,,,46.171875,,
1994-06-14,,,,,,,,,,,,46.53125,,
1994-06-15,,,,,,,,,,,,46.34375,,
1994-06-16,,,,,,,,,,,,46.4375,,
1994-06-17,,,,,,,,,,,,45.875,,
1994-06-20,,,,,,,,,,,,45.484375,,
1994-06-21,,,,,,,,,,,,45.09375,,
1994-06-22,,,,,,,,,,,,45.265625,,
1994-06-23,,,,,,,,,,,,45.0,,
1994-06-24,,,,,,,,,,,,44.0625,,
1994-06-27,,,,,,,,,,,,44.828125,,
1994-06-28,,,,,,,,,,,,44.609375,,
1994-06-29,,,,,,,,,,,,44.75,,
1994-06-30,,,,,,,,,,,,44.46875,,
1994-07-01,,,,,,,,,,,,44.5625,,
1994-07-05,,,,,,,,,,,,44.796875,,
1994-07-06,,,,,,,,,,,,44.734375,,
1994-07-07,,,,,,,,,,,,44.921875,,
1994-07-08,,,,,,,,,,,,44.90625,,
1994-07-11,,,,,,,,,,,,44.75,,
1994-07-12,,,,,,,,,,,,44.8125,,
1994-07-13,,,,,,,,,,,,44.890625,,
1994-07-14,,,,,,,,,,,,45.375,,
1994-07-15,,,,,,,,,,,,45.390625,,
1994-07-18,,,,,,,,,,,,45.46875,,
1994-07-19,,,,,,,,,,,,45.375,,
1994-07-20,,,,,,,,,,,,45.171875,,
1994-07-21,,,,,,,,,,,,45.265625,,
1994-07-22,,,,,,,,,,,,45.34375,,
1994-07-25,,,,,,,,,,,,45.40625,,
1994-07-26,,,,,,,,,,,,45.359375,,
1994-07-27,,,,,,,,,,,,45.359375,,
1994-07-28,,,,,,,,,,,,45.453125,,
1994-07-29,,,,,,,,,,,,45.90625,,
1994-08-01,,,,,,,,,,,,46.125,,
1994-08-02,,,,,,,,,,,,46.1875,,
1994-08-03,,,,,,,,,,,,46.203125,,
1994-08-04,,,,,,,,,,,,45.9375,,
1994-08-05,,,,,,,,,,,,45.78125,,
1994-08-08,,,,,,,,,,,,45.890625,,
1994-08-09,,,,,,,,,,,,45.96875,,
1994-08-10,,,,,,,,,,,,46.140625,,
1994-08-11,,,,,,,,,,,,45.96875,,
1994-08-12,,,,,,,,,,,,46.328125,,
1994-08-15,,,,,,,,,,,,46.3125,,
1994-08-16,,,,,,,,,,,,46.640625,,
1994-08-17,,,,,,,,,,,,46.609375,,
1994-08-18,,,,,,,,,,,,46.453125,,
1994-08-19,,,,,,,,,,,,46.421875,,
1994-08-22,,,,,,,,,,,,46.375,,
1994-08-23,,,,,,,,,,,,46.640625,,
1994-08-24,,,,,,,,,,,,47.140625,,
1994-08-25,,,,,,,,,,,,47.015625,,
1994-08-26,,,,,,,,,,,,47.6875,,
1994-08-29,,,,,,,,,,,,47.65625,,
1994-08-30,,,,,,,,,,,,47.78125,,
1994-08-31,,,,,,,,,,,,47.65625,,
1994-09-01,,,,,,,,,,,,47.5,,
1994-09-02,,,,,,,,,,,,47.296875,,
1994-09-06,,,,,,,,,,,,47.3125,,
1994-09-07,,,,,,,,,,,,47.265625,,
1994-09-08,,,,,,,,,,,,47.5,,
1994-09-09,,,,,,,,,,,,47.0,,
1994-09-12,,,,,,,,,,,,46.859375,,
1994-09-13,,,,,,,,,,,,47.0,,
1994-09-14,,,,,,,,,,,,47.046875,,
1994-09-15,,,,,,,,,,,,47.640625,,
1994-09-16,,,,,,,,,,,,47.015625,,
1994-09-19,,,,,,,,,,,,47.0625,,
1994-09-20,,,,,,,,,,,,46.171875,,
1994-09-21,,,,,,,,,,,,46.171875,,
1994-09-22,,,,,,,,,,,,46.0625,,
1994-09-23,,,,,,,,,,,,45.90625,,
1994-09-26,,,,,,,,,,,,46.140625,,
1994-09-27,,,,,,,,,,,,46.109375,,
1994-09-28,,,,,,,,,,,,46.46875,,
1994-09-29,,,,,,,,,,,,46.234375,,
1994-09-30,,,,,,,,,,,,46.171875,,
1994-10-03,,,,,,,,,,,,46.0625,,
1994-10-04,,,,,,,,,,,,45.375,,
1994-10-05,,,,,,,,,,,,45.390625,,
1994-10-06,,,,,,,,,,,,45.25,,
1994-10-07,,,,,,,,,,,,45.453125,,
1994-10-10,,,,,,,,,,,,45.9375,,
1994-10-11,,,,,,,,,,,,46.625,,
1994-10-12,,,,,,,,,,,,46.6875,,
1994-10-13,,,,,,,,,,,,46.84375,,
1994-10-14,,,,,,,,,,,,47.046875,,
1994-10-17,,,,,,,,,,,,46.953125,,
1994-10-18,,,,,,,,,,,,46.84375,,
1994-10-19,,,,,,,,,,,,47.0625,,
1994-10-20,,,,,,,,,,,,46.75,,
1994-10-21,,,,,,,,,,,,46.5625,,
1994-10-24,,,,,,,,,,,,46.171875,,
1994-10-25,,,,,,,,,,,,46.21875,,
1994-10-26,,,,,,,,,,,,46.390625,,
1994-10-27,,,,,,,,,,,,46.671875,,
1994-10-28,,,,,,,,,,,,47.65625,,
1994-10-31,,,,,,,,,,,,47.484375,,
1994-11-01,,,,,,,,,,,,46.953125,,
1994-11-02,,,,,,,,,,,,46.6875,,
1994-11-03,,,,,,,,,,,,46.9375,,
1994-11-04,,,,,,,,,,,,46.328125,,
1994-11-07,,,,,,,,,,,,46.46875,,
1994-11-08,,,,,,,,,,,,46.828125,,
1994-11-09,,,,,,,,,,,,46.90625,,
1994-11-10,,,,,,,,,,,,46.578125,,
1994-11-11,,,,,,,,,,,,46.40625,,
1994-11-14,,,,,,,,,,,,46.84375,,
1994-11-15,,,,,,,,,,,,46.6875,,
1994-11-16,,,,,,,,,,,,46.84375,,
1994-11-17,,,,,,,,,,,,46.53125,,
1994-11-18,,,,,,,,,,,,46.46875,,
1994-11-21,,,,,,,,,,,,46.0,,
1994-11-22,,,,,,,,,,,,45.0,,
1994-11-23,,,,,,,,,,,,45.25,,
1994-11-25,,,,,,,,,,,,45.46875,,
1994-11-28,,,,,,,,,,,,45.671875,,
1994-11-29,,,,,,,,,,,,45.65625,,
1994-11-30,,,,,,,,,,,,45.59375,,
1994-12-01,,,,,,,,,,,,45.140625,,
1994-12-02,,,,,,,,,,,,45.5625,,
1994-12-05,,,,,,,,,,,,45.609375,,
1994-12-06,,,,,,,,,,,,45.640625,,
1994-12-07,,,,,,,,,,,,45.3125,,
1994-12-08,,,,,,,,,,,,44.875,,
1994-12-09,,,,,,,,,,,,45.046875,,
1994-12-12,,,,,,,,,,,,45.34375,,
1994-12-13,,,,,,,,,,,,45.515625,,
1994-12-14,,,,,,,,,,,,45.75,,
1994-12-15,,,,,,,,,,,,45.890625,,
1994-12-16,,,,,,,,,,,,45.75,,
1994-12-19,,,,,,,,,,,,45.8125,,
1994-12-20,,,,,,,,,,,,45.671875,,
1994-12-21,,,,,,,,,,,,46.15625,,
1994-12-22,,,,,,,,,,,,46.015625,,
1994-12-23,,,,,,,,,,,,46.0625,,
1994-12-27,,,,,,,,,,,,46.3125,,
1994-12-28,,,,,,,,,,,,46.078125,,
1994-12-29,,,,,,,,,,,,46.109375,,
1994-12-30,,,,,,,,,,,,45.5625,,
1995-01-03,,,,,,,,,,,,45.78125,,
1995-01-04,,,,,,,,,,,,46.0,,
1995-01-05,,,,,,,,,,,,46.0,,
1995-01-06,,,,,,,,,,,,46.046875,,
1995-01-09,,,,,,,,,,,,46.09375,,
1995-01-10,,,,,,,,,,,,46.140625,,
1995-01-11,,,,,,,,,,,,46.171875,,
1995-01-12,,,,,,,,,,,,46.1875,,
1995-01-13,,,,,,,,,,,,46.734375,,
1995-01-16,,,,,,,,,,,,47.015625,,
1995-01-17,,,,,,,,,,,,47.03125,,
1995-01-18,,,,,,,,,,,,46.984375,,
1995-01-19,,,,,,,,,,,,46.71875,,
1995-01-20,,,,,,,,,,,,46.546875,,
1995-01-23,,,,,,,,,,,,46.6875,,
1995-01-24,,,,,,,,,,,,46.75,,
1995-01-25,,,,,,,,,,,,46.875,,
1995-01-26,,,,,,,,,,,,46.921875,,
1995-01-27,,,,,,,,,,,,47.109375,,
1995-01-30,,,,,,,,,,,,46.90625,,
1995-01-31,,,,,,,,,,,,47.09375,,
1995-02-01,,,,,,,,,,,,47.078125,,
1995-02-02,,,,,,,,,,,,47.359375,,
1995-02-03,,,,,,,,,,,,48.03125,,
1995-02-06,,,,,,,,,,,,48.234375,,
1995-02-07,,,,,,,,,,,,48.296875,,
1995-02-08,,,,,,,,,,,,48.296875,,
1995-02-09,,,,,,,,,,,,48.296875,,
1995-02-10,,,,,,,,,,,,48.359375,,
1995-02-13,,,,,,,,,,,,48.375,,
1995-02-14,,,,,,,,,,,,48.4375,,
1995-02-15,,,,,,,,,,,,48.703125,,
1995-02-16,,,,,,,,,,,,48.640625,,
1995-02-17,,,,,,,,,,,,48.453125,,
1995-02-21,,,,,,,,,,,,48.4375,,
1995-02-22,,,,,,,,,,,,48.796875,,
1995-02-23,,,,,,,,,,,,48.875,,
1995-02-24,,,,,,,,,,,,49.0,,
1995-02-27,,,,,,,,,,,,48.609375,,
1995-02-28,,,,,,,,,,,,49.015625,,
1995-03-01,,,,,,,,,,,,48.703125,,
1995-03-02,,,,,,,,,,,,48.765625,,
1995-03-03,,,,,,,,,,,,48.78125,,
1995-03-06,,,,,,,,,,,,48.8125,,
1995-03-07,,,,,,,,,,,,48.4375,,
1995-03-08,,,,,,,,,,,,48.5625,,
1995-03-09,,,,,,,,,,,,48.546875,,
1995-03-10,,,,,,,,,,,,49.265625,,
1995-03-13,,,,,,,,,,,,49.21875,,
1995-03-14,,,,,,,,,,,,49.578125,,
1995-03-15,,,,,,,,,,,,49.484375,,
1995-03-16,,,,,,,,,,,,49.78125,,
1995-03-17,,,,,,,,,,,,49.5625,,
1995-03-20,,,,,,,,,,,,49.5625,,
1995-03-21,,,,,,,,,,,,49.4375,,
1995-03-22,,,,,,,,,,,,49.484375,,
1995-03-23,,,,,,,,,,,,49.515625,,
1995-03-24,,,,,,,,,,,,50.21875,,
1995-03-27,,,,,,,,,,,,50.421875,,
1995-03-28,,,,,,,,,,,,50.421875,,
1995-03-29,,,,,,,,,,,,50.40625,,
1995-03-30,,,,,,,,,,,,50.3125,,
1995-03-31,,,,,,,,,,,,50.109375,,
1995-04-03,,,,,,,,,,,,50.234375,,
1995-04-04,,,,,,,,,,,,50.5625,,
1995-04-05,,,,,,,,,,,,50.5625,,
1995-04-06,,,,,,,,,,,,50.75,,
1995-04-07,,,,,,,,,,,,50.703125,,
1995-04-10,,,,,,,,,,,,50.796875,,
1995-04-11,,,,,,,,,,,,50.625,,
1995-04-12,,,,,,,,,,,,50.796875,,
1995-04-13,,,,,,,,,,,,51.078125,,
1995-04-17,,,,,,,,,,,,50.78125,,
1995-04-18,,,,,,,,,,,,50.609375,,
1995-04-19,,,,,,,,,,,,50.5625,,
1995-04-20,,,,,,,,,,,,50.640625,,
1995-04-21,,,,,,,,,,,,50.890625,,
1995-04-24,,,,,,,,,,,,51.484375,,
1995-04-25,,,,,,,,,,,,51.34375,,
1995-04-26,,,,,,,,,,,,51.390625,,
1995-04-27,,,,,,,,,,,,51.515625,,
1995-04-28,,,,,,,,,,,,51.59375,,
1995-05-01,,,,,,,,,,,,51.453125,,
1995-05-02,,,,,,,,,,,,51.5625,,
1995-05-03,,,,,,,,,,,,52.28125,,
1995-05-04,,,,,,,,,,,,52.25,,
1995-05-05,,,,,,,,,,,,52.1875,,
1995-05-08,,,,,,,,,,,,52.5625,,
1995-05-09,,,,,,,,,,,,52.515625,,
1995-05-10,,,,,,,,,,,,52.578125,,
1995-05-11,,,,,,,,,,,,52.71875,,
1995-05-12,,,,,,,,,,,,52.75,,
1995-05-15,,,,,,,,,,,,53.0,,
1995-05-16,,,,,,,,,,,,53.03125,,
1995-05-17,,,,,,,,,,,,52.828125,,
1995-05-18,,,,,,,,,,,,52.0625,,
1995-05-19,,,,,,,,,,,,52.09375,,
1995-05-22,,,,,,,,,,,,52.671875,,
1995-05-23,,,,,,,,,,,,53.15625,,
1995-05-24,,,,,,,,,,,,53.125,,
1995-05-25,,,,,,,,,,,,53.171875,,
1995-05-26,,,,,,,,,,,,52.5625,,
1995-05-30,,,,,,,,,,,,52.546875,,
1995-05-31,,,,,,,,,,,,53.640625,,
1995-06-01,,,,,,,,,,,,53.5,,
1995-06-02,,,,,,,,,,,,53.546875,,
1995-06-05,,,,,,,,,,,,53.875,,
1995-06-06,,,,,,,,,,,,53.78125,,
1995-06-07,,,,,,,,,,,,53.5,,
1995-06-08,,,,,,,,,,,,53.375,,
1995-06-09,,,,,,,,,,,,53.0625,,
1995-06-12,,,,,,,,,,,,53.359375,,
1995-06-13,,,,,,,,,,,,53.9375,,
1995-06-14,,,,,,,,,,,,53.890625,,
1995-06-15,,,,,,,,,,,,54.125,,
1995-06-16,,,,,,,,,,,,53.96875,,
1995-06-19,,,,,,,,,,,,54.578125,,
1995-06-20,,,,,,,,,,,,54.4375,,
1995-06-21,,,,,,,,,,,,54.40625,,
1995-06-22,,,,,,,,,,,,55.125,,
1995-06-23,,,,,,,,,,,,55.015625,,
1995-06-26,,,,,,,,,,,,54.359375,,
1995-06-27,,,,,,,,,,,,54.25,,
1995-06-28,,,,,,,,,,,,54.53125,,
1995-06-29,,,,,,,,,,,,54.4375,,
1995-06-30,,,,,,,,,,,,54.40625,,
1995-07-03,,,,,,,,,,,,54.609375,,
1995-07-05,,,,,,,,,,,,54.8125,,
1995-07-06,,,,,,,,,,,,55.515625,,
1995-07-07,,,,,,,,,,,,55.765625,,
1995-07-10,,,,,,,,,,,,55.796875,,
1995-07-11,,,,,,,,,,,,55.53125,,
1995-07-12,,,,,,,,,,,,56.21875,,
1995-07-13,,,,,,,,,,,,56.09375,,
1995-07-14,,,,,,,,,,,,56.046875,,
1995-07-17,,,,,,,,,,,,56.359375,,
1995-07-18,,,,,,,,,,,,55.875,,
1995-07-19,,,,,,,,,,,,55.265625,,
1995-07-20,,,,,,,,,,,,55.46875,,
1995-07-21,,,,,,,,,,,,55.40625,,
1995-07-24,,,,,,,,,,,,55.8125,,
1995-07-25,,,,,,,,,,,,56.234375,,
1995-07-26,,,,,,,,,,,,56.1875,,
1995-07-27,,,,,,,,,,,,56.65625,,
1995-07-28,,,,,,,,,,,,56.296875,,
1995-07-31,,,,,,,,,,,,56.15625,,
1995-08-01,,,,,,,,,,,,56.0625,,
1995-08-02,,,,,,,,,,,,55.9375,,
1995-08-03,,,,,,,,,,,,55.921875,,
1995-08-04,,,,,,,,,,,,55.984375,,
1995-08-07,,,,,,,,,,,,56.109375,,
1995-08-08,,,,,,,,,,,,56.109375,,
1995-08-09,,,,,,,,,,,,56.09375,,
1995-08-10,,,,,,,,,,,,55.96875,,
1995-08-11,,,,,,,,,,,,55.65625,,
1995-08-14,,,,,,,,,,,,56.15625,,
1995-08-15,,,,,,,,,,,,56.046875,,
1995-08-16,,,,,,,,,,,,56.203125,,
1995-08-17,,,,,,,,,,,,56.109375,,
1995-08-18,,,,,,,,,,,,56.171875,,
1995-08-21,,,,,,,,,,,,56.015625,,
1995-08-22,,,,,,,,,,,,56.125,,
1995-08-23,,,,,,,,,,,,55.921875,,
1995-08-24,,,,,,,,,,,,55.984375,,
1995-08-25,,,,,,,,,,,,56.296875,,
1995-08-28,,,,,,,,,,,,56.09375,,
1995-08-29,,,,,,,,,,,,56.234375,,
1995-08-30,,,,,,,,,,,,56.359375,,
1995-08-31,,,,,,,,,,,,56.40625,,
1995-09-01,,,,,,,,,,,,56.65625,,
1995-09-05,,,,,,,,,,,,57.1875,,
1995-09-06,,,,,,,,,,,,57.296875,,
1995-09-07,,,,,,,,,,,,57.328125,,
1995-09-08,,,,,,,,,,,,57.546875,,
1995-09-11,,,,,,,,,,,,57.703125,,
1995-09-12,,,,,,,,,,,,57.96875,,
1995-09-13,,,,,,,,,,,,58.234375,,
1995-09-14,,,,,,,,,,,,58.765625,,
1995-09-15,,,,,,,,,,,,58.4375,,
1995-09-18,,,,,,,,,,,,58.21875,,
1995-09-19,,,,,,,,,,,,58.5,,
1995-09-20,,,,,,,,,,,,58.78125,,
1995-09-21,,,,,,,,,,,,58.296875,,
1995-09-22,,,,,,,,,,,,58.3125,,
1995-09-25,,,,,,,,,,,,58.21875,,
1995-09-26,,,,,,,,,,,,58.203125,,
1995-09-27,,,,,,,,,,,,58.15625,,
1995-09-28,,,,,,,,,,,,58.59375,,
1995-09-29,,,,,,,,,,,,58.484375,,
1995-10-02,,,,,,,,,,,,58.1875,,
1995-10-03,,,,,,,,,,,,58.25,,
1995-10-04,,,,,,,,,,,,58.1875,,
1995-10-05,,,,,,,,,,,,58.359375,,
1995-10-06,,,,,,,,,,,,58.40625,,
1995-10-09,,,,,,,,,,,,57.921875,,
1995-10-10,,,,,,,,,,,,57.890625,,
1995-10-11,,,,,,,,,,,,58.078125,,
1995-10-12,,,,,,,,,,,,58.4375,,
1995-10-13,,,,,,,,,,,,58.625,,
1995-10-16,,,,,,,,,,,,58.34375,,
1995-10-17,,,,,,,,,,,,58.734375,,
1995-10-18,,,,,,,,,,,,58.90625,,
1995-10-19,,,,,,,,,,,,59.1875,,
1995-10-20,,,,,,,,,,,,58.828125,,
1995-10-23,,,,,,,,,,,,58.703125,,
1995-10-24,,,,,,,,,,,,58.765625,,
1995-10-25,,,,,,,,,,,,58.28125,,
1995-10-26,,,,,,,,,,,,57.75,,
1995-10-27,,,,,,,,,,,,58.1875,,
1995-10-30,,,,,,,,,,,,58.5625,,
1995-10-31,,,,,,,,,,,,58.3125,,
1995-11-01,,,,,,,,,,,,58.78125,,
1995-11-02,,,,,,,,,,,,59.15625,,
1995-11-03,,,,,,,,,,,,59.234375,,
1995-11-06,,,,,,,,,,,,59.03125,,
1995-11-07,,,,,,,,,,,,58.8125,,
1995-11-08,,,,,,,,,,,,59.34375,,
1995-11-09,,,,,,,,,,,,59.5625,,
1995-11-10,,,,,,,,,,,,59.53125,,
1995-11-13,,,,,,,,,,,,59.46875,,
1995-11-14,,,,,,,,,,,,59.078125,,
1995-11-15,,,,,,,,,,,,59.671875,,
1995-11-16,,,,,,,,,,,,60.0,,
1995-11-17,,,,,,,,,,,,60.1875,,
1995-11-20,,,,,,,,,,,,59.875,,
1995-11-21,,,,,,,,,,,,60.359375,,
1995-11-22,,,,,,,,,,,,60.171875,,
1995-11-24,,,,,,,,,,,,60.328125,,
1995-11-27,,,,,,,,,,,,60.34375,,
1995-11-28,,,,,,,,,,,,60.984375,,
1995-11-29,,,,,,,,,,,,61.046875,,
1995-11-30,,,,,,,,,,,,60.90625,,
1995-12-01,,,,,,,,,,,,60.984375,,
1995-12-04,,,,,,,,,,,,61.734375,,
1995-12-05,,,,,,,,,,,,62.140625,,
1995-12-06,,,,,,,,,,,,62.28125,,
1995-12-07,,,,,,,,,,,,61.953125,,
1995-12-08,,,,,,,,,,,,62.15625,,
1995-12-11,,,,,,,,,,,,62.421875,,
1995-12-12,,,,,,,,,,,,62.234375,,
1995-12-13,,,,,,,,,,,,62.625,,
1995-12-14,,,,,,,,,,,,62.171875,,
1995-12-15,,,,,,,,,,,,61.8125,,
1995-12-18,,,,,,,,,,,,60.625,,
1995-12-19,,,,,,,,,,,,61.265625,,
1995-12-20,,,,,,,,,,,,60.671875,,
1995-12-21,,,,,,,,,,,,60.984375,,
1995-12-22,,,,,,,,,,,,61.203125,,
1995-12-26,,,,,,,,,,,,61.5,,
1995-12-27,,,,,,,,,,,,61.46875,,
1995-12-28,,,,,,,,,,,,61.40625,,
1995-12-29,,,,,,,,,,,,61.484375,,
1996-01-02,,,,,,,,,,,,62.140625,,
1996-01-03,,,,,,,,,,,,62.3125,,
1996-01-04,,,,,,,,,,,,61.71875,,
1996-01-05,,,,,,,,,,,,61.59375,,
1996-01-08,,,,,,,,,,,,61.828125,,
1996-01-09,,,,,,,,,,,,60.765625,,
1996-01-10,,,,,,,,,,,,59.96875,,
1996-01-11,,,,,,,,,,,,60.328125,,
1996-01-12,,,,,,,,,,,,60.234375,,
1996-01-15,,,,,,,,,,,,60.109375,,
1996-01-16,,,,,,,,,,,,60.84375,,
1996-01-17,,,,,,,,,,,,60.65625,,
1996-01-18,,,,,,,,,,,,60.859375,,
1996-01-19,,,,,,,,,,,,61.265625,,
1996-01-22,,,,,,,,,,,,61.28125,,
1996-01-23,,,,,,,,,,,,61.421875,,
1996-01-24,,,,,,,,,,,,61.921875,,
1996-01-25,,,,,,,,,,,,61.703125,,
1996-01-26,,,,,,,,,,,,62.234375,,
1996-01-29,,,,,,,,,,,,62.484375,,
1996-01-30,,,,,,,,,,,,63.015625,,
1996-01-31,,,,,,,,,,,,63.671875,,
1996-02-01,,,,,,,,,,,,63.90625,,
1996-02-02,,,,,,,,,,,,63.640625,,
1996-02-05,,,,,,,,,,,,64.15625,,
1996-02-06,,,,,,,,,,,,64.765625,,
1996-02-07,,,,,,,,,,,,65.140625,,
1996-02-08,,,,,,,,,,,,65.84375,,
1996-02-09,,,,,,,,,,,,65.828125,,
1996-02-12,,,,,,,,,,,,66.328125,,
1996-02-13,,,,,,,,,,,,66.1875,,
1996-02-14,,,,,,,,,,,,65.609375,,
1996-02-15,,,,,,,,,,,,65.203125,,
1996-02-16,,,,,,,,,,,,64.9375,,
1996-02-20,,,,,,,,,,,,64.296875,,
1996-02-21,,,,,,,,,,,,65.09375,,
1996-02-22,,,,,,,,,,,,66.125,,
1996-02-23,,,,,,,,,,,,65.9375,,
1996-02-26,,,,,,,,,,,,65.0,,
1996-02-27,,,,,,,,,,,,64.796875,,
1996-02-28,,,,,,,,,,,,64.5,,
1996-02-29,,,,,,,,,,,,63.875,,
1996-03-01,,,,,,,,,,,,64.890625,,
1996-03-04,,,,,,,,,,,,65.265625,,
1996-03-05,,,,,,,,,,,,65.875,,
1996-03-06,,,,,,,,,,,,65.296875,,
1996-03-07,,,,,,,,,,,,65.625,,
1996-03-08,,,,,,,,,,,,63.5,,
1996-03-11,,,,,,,,,,,,64.234375,,
1996-03-12,,,,,,,,,,,,63.734375,,
1996-03-13,,,,,,,,,,,,64.171875,,
1996-03-14,,,,,,,,,,,,64.453125,,
1996-03-15,,,,,,,,,,,,64.125,,
1996-03-18,,,,,,,,,,,,65.359375,,
1996-03-19,,,,,,,,,,,,65.21875,,
1996-03-20,,,,,,,,,,,,65.140625,,
1996-03-21,,,,,,,,,,,,64.984375,,
1996-03-22,,,,,,,,,,,,65.15625,,
1996-03-25,,,,,,,,,,,,65.03125,,
1996-03-26,,,,,,,,,,,,65.34375,,
1996-03-27,,,,,,,,,,,,64.75,,
1996-03-28,,,,,,,,,,,,65.0,,
1996-03-29,,,,,,,,,,,,64.6875,,
1996-04-01,,,,,,,,,,,,65.4375,,
1996-04-02,,,,,,,,,,,,65.5625,,
1996-04-03,,,,,,,,,,,,65.5625,,
1996-04-04,,,,,,,,,,,,65.515625,,
1996-04-08,,,,,,,,,,,,64.390625,,
1996-04-09,,,,,,,,,,,,64.140625,,
1996-04-10,,,,,,,,,,,,63.0,,
1996-04-11,,,,,,,,,,,,62.921875,,
1996-04-12,,,,,,,,,,,,63.71875,,
1996-04-15,,,,,,,,,,,,64.25,,
1996-04-16,,,,,,,,,,,,64.4375,,
1996-04-17,,,,,,,,,,,,64.28125,,
1996-04-18,,,,,,,,,,,,64.375,,
1996-04-19,,,,,,,,,,,,64.53125,,
1996-04-22,,,,,,,,,,,,65.03125,,
1996-04-23,,,,,,,,,,,,65.234375,,
1996-04-24,,,,,,,,,,,,65.0,,
1996-04-25,,,,,,,,,,,,65.296875,,
1996-04-26,,,,,,,,,,,,65.4375,,
1996-04-29,,,,,,,,,,,,65.4375,,
1996-04-30,,,,,,,,,,,,65.390625,,
1996-05-01,,,,,,,,,,,,65.53125,,
1996-05-02,,,,,,,,,,,,64.40625,,
1996-05-03,,,,,,,,,,,,64.3125,,
1996-05-06,,,,,,,,,,,,64.25,,
1996-05-07,,,,,,,,,,,,63.984375,,
1996-05-08,,,,,,,,,,,,64.78125,,
1996-05-09,,,,,,,,,,,,64.734375,,
1996-05-10,,,,,,,,,,,,65.375,,
1996-05-13,,,,,,,,,,,,66.359375,,
1996-05-14,,,,,,,,,,,,66.765625,,
1996-05-15,,,,,,,,,,,,66.6875,,
1996-05-16,,,,,,,,,,,,66.828125,,
1996-05-17,,,,,,,,,,,,67.1875,,
1996-05-20,,,,,,,,,,,,67.640625,,
1996-05-21,,,,,,,,,,,,67.546875,,
1996-05-22,,,,,,,,,,,,68.1875,,
1996-05-23,,,,,,,,,,,,67.90625,,
1996-05-24,,,,,,,,,,,,68.171875,,
1996-05-28,,,,,,,,,,,,67.484375,,
1996-05-29,,,,,,,,,,,,67.03125,,
1996-05-30,,,,,,,,,,,,67.375,,
1996-05-31,,,,,,,,,,,,66.875,,
1996-06-03,,,,,,,,,,,,67.0625,,
1996-06-04,,,,,,,,,,,,67.53125,,
1996-06-05,,,,,,,,,,,,68.125,,
1996-06-06,,,,,,,,,,,,67.625,,
1996-06-07,,,,,,,,,,,,67.625,,
1996-06-10,,,,,,,,,,,,67.40625,,
1996-06-11,,,,,,,,,,,,67.34375,,
1996-06-12,,,,,,,,,,,,67.21875,,
1996-06-13,,,,,,,,,,,,67.21875,,
1996-06-14,,,,,,,,,,,,66.9375,,
1996-06-17,,,,,,,,,,,,66.890625,,
1996-06-18,,,,,,,,,,,,66.34375,,
1996-06-19,,,,,,,,,,,,66.640625,,
1996-06-20,,,,,,,,,,,,66.59375,,
1996-06-21,,,,,,,,,,,,66.8125,,
1996-06-24,,,,,,,,,,,,66.9375,,
1996-06-25,,,,,,,,,,,,66.859375,,
1996-06-26,,,,,,,,,,,,66.40625,,
1996-06-27,,,,,,,,,,,,66.875,,
1996-06-28,,,,,,,,,,,,67.109375,,
1996-07-01,,,,,,,,,,,,67.6875,,
1996-07-02,,,,,,,,,,,,67.4375,,
1996-07-03,,,,,,,,,,,,67.296875,,
1996-07-05,,,,,,,,,,,,65.578125,,
1996-07-08,,,,,,,,,,,,65.3125,,
1996-07-09,,,,,,,,,,,,65.578125,,
1996-07-10,,,,,,,,,,,,65.84375,,
1996-07-11,,,,,,,,,,,,64.515625,,
1996-07-12,,,,,,,,,,,,64.5625,,
1996-07-15,,,,,,,,,,,,62.65625,,
1996-07-16,,,,,,,,,,,,62.8125,,
1996-07-17,,,,,,,,,,,,63.5625,,
1996-07-18,,,,,,,,,,,,64.4375,,
1996-07-19,,,,,,,,,,,,63.96875,,
1996-07-22,,,,,,,,,,,,63.5,,
1996-07-23,,,,,,,,,,,,62.6875,,
1996-07-24,,,,,,,,,,,,62.8125,,
1996-07-25,,,,,,,,,,,,63.375,,
1996-07-26,,,,,,,,,,,,63.71875,,
1996-07-29,,,,,,,,,,,,63.015625,,
1996-07-30,,,,,,,,,,,,63.625,,
1996-07-31,,,,,,,,,,,,64.09375,,
1996-08-01,,,,,,,,,,,,65.15625,,
1996-08-02,,,,,,,,,,,,66.5625,,
1996-08-05,,,,,,,,,,,,66.171875,,
1996-08-06,,,,,,,,,,,,66.375,,
1996-08-07,,,,,,,,,,,,66.546875,,
1996-08-08,,,,,,,,,,,,66.4375,,
1996-08-09,,,,,,,,,,,,66.21875,,
1996-08-12,,,,,,,,,,,,66.703125,,
1996-08-13,,,,,,,,,,,,66.171875,,
1996-08-14,,,,,,,,,,,,66.40625,,
1996-08-15,,,,,,,,,,,,66.28125,,
1996-08-16,,,,,,,,,,,,66.84375,,
1996-08-19,,,,,,,,,,,,66.875,,
1996-08-20,,,,,,,,,,,,66.828125,,
1996-08-21,,,,,,,,,,,,66.59375,,
1996-08-22,,,,,,,,,,,,67.21875,,
1996-08-23,,,,,,,,,,,,66.859375,,
1996-08-26,,,,,,,,,,,,66.53125,,
1996-08-27,,,,,,,,,,,,66.78125,,
1996-08-28,,,,,,,,,,,,66.671875,,
1996-08-29,,,,,,,,,,,,66.015625,,
1996-08-30,,,,,,,,,,,,65.328125,,
1996-09-03,,,,,,,,,,,,65.75,,
1996-09-04,,,,,,,,,,,,65.8125,,
1996-09-05,,,,,,,,,,,,65.015625,,
1996-09-06,,,,,,,,,,,,65.9375,,
1996-09-09,,,,,,,,,,,,66.71875,,
1996-09-10,,,,,,,,,,,,66.6875,,
1996-09-11,,,,,,,,,,,,67.0625,,
1996-09-12,,,,,,,,,,,,67.53125,,
1996-09-13,,,,,,,,,,,,68.5625,,
1996-09-16,,,,,,,,,,,,68.8125,,
1996-09-17,,,,,,,,,,,,68.65625,,
1996-09-18,,,,,,,,,,,,68.484375,,
1996-09-19,,,,,,,,,,,,68.75,,
1996-09-20,,,,,,,,,,,,68.640625,,
1996-09-23,,,,,,,,,,,,68.625,,
1996-09-24,,,,,,,,,,,,68.609375,,
1996-09-25,,,,,,,,,,,,68.65625,,
1996-09-26,,,,,,,,,,,,68.625,,
1996-09-27,,,,,,,,,,,,68.6875,,
1996-09-30,,,,,,,,,,,,68.625,,
1996-10-01,,,,,,,,,,,,69.0,,
1996-10-02,,,,,,,,,,,,69.46875,,
1996-10-03,,,,,,,,,,,,69.40625,,
1996-10-04,,,,,,,,,,,,70.34375,,
1996-10-07,,,,,,,,,,,,70.421875,,
1996-10-08,,,,,,,,,,,,70.140625,,
1996-10-09,,,,,,,,,,,,69.59375,,
1996-10-10,,,,,,,,,,,,69.453125,,
1996-10-11,,,,,,,,,,,,70.3125,,
1996-10-14,,,,,,,,,,,,70.40625,,
1996-10-15,,,,,,,,,,,,70.3125,,
1996-10-16,,,,,,,,,,,,70.65625,,
1996-10-17,,,,,,,,,,,,70.84375,,
1996-10-18,,,,,,,,,,,,71.21875,,
1996-10-21,,,,,,,,,,,,71.125,,
1996-10-22,,,,,,,,,,,,70.625,,
1996-10-23,,,,,,,,,,,,70.859375,,
1996-10-24,,,,,,,,,,,,70.25,,
1996-10-25,,,,,,,,,,,,70.3125,,
1996-10-28,,,,,,,,,,,,69.84375,,
1996-10-29,,,,,,,,,,,,70.40625,,
1996-10-30,,,,,,,,,,,,70.171875,,
1996-10-31,,,,,,,,,,,,70.84375,,
1996-11-01,,,,,,,,,,,,70.59375,,
1996-11-04,,,,,,,,,,,,71.0625,,
1996-11-05,,,,,,,,,,,,71.46875,,
1996-11-06,,,,,,,,,,,,72.84375,,
1996-11-07,,,,,,,,,,,,73.015625,,
1996-11-08,,,,,,,,,,,,73.421875,,
1996-11-11,,,,,,,,,,,,73.34375,,
1996-11-12,,,,,,,,,,,,73.125,,
1996-11-13,,,,,,,,,,,,73.453125,,
1996-11-14,,,,,,,,,,,,73.9375,,
1996-11-15,,,,,,,,,,,,74.03125,,
1996-11-18,,,,,,,,,,,,74.046875,,
1996-11-19,,,,,,,,,,,,74.578125,,
1996-11-20,,,,,,,,,,,,74.703125,,
1996-11-21,,,,,,,,,,,,74.59375,,
1996-11-22,,,,,,,,,,,,75.171875,,
1996-11-25,,,,,,,,,,,,76.125,,
1996-11-26,,,,,,,,,,,,75.875,,
1996-11-27,,,,,,,,,,,,75.734375,,
1996-11-29,,,,,,,,,,,,76.015625,,
1996-12-02,,,,,,,,,,,,76.046875,,
1996-12-03,,,,,,,,,,,,74.75,,
1996-12-04,,,,,,,,,,,,74.953125,,
1996-12-05,,,,,,,,,,,,74.75,,
1996-12-06,,,,,,,,,,,,74.3125,,
1996-12-09,,,,,,,,,,,,75.40625,,
1996-12-10,,,,,,,,,,,,75.046875,,
1996-12-11,,,,,,,,,,,,74.359375,,
1996-12-12,,,,,,,,,,,,73.125,,
1996-12-13,,,,,,,,,,,,73.3125,,
1996-12-16,,,,,,,,,,,,72.375,,
1996-12-17,,,,,,,,,,,,72.953125,,
1996-12-18,,,,,,,,,,,,73.53125,,
1996-12-19,,,,,,,,,,,,75.046875,,
1996-12-20,,,,,,,,,,,,74.84375,,
1996-12-23,,,,,,,,,,,,74.65625,,
1996-12-24,,,,,,,,,,,,75.203125,,
1996-12-26,,,,,,,,,,,,75.78125,,
1996-12-27,,,,,,,,,,,,75.875,,
1996-12-30,,,,,,,,,,,,75.21875,,
1996-12-31,,,,,,,,,,,,73.84375,,
1997-01-02,,,,,,,,,,,,74.03125,,
1997-01-03,,,,,,,,,,,,75.09375,,
1997-01-06,,,,,,,,,,,,74.4375,,
1997-01-07,,,,,,,,,,,,75.34375,,
1997-01-08,,,,,,,,,,,,74.6875,,
1997-01-09,,,,,,,,,,,,75.3125,,
1997-01-10,,,,,,,,,,,,76.125,,
1997-01-13,,,,,,,,,,,,76.015625,,
1997-01-14,,,,,,,,,,,,76.96875,,
1997-01-15,,,,,,,,,,,,76.78125,,
1997-01-16,,,,,,,,,,,,77.09375,,
1997-01-17,,,,,,,,,,,,77.5625,,
1997-01-20,,,,,,,,,,,,77.65625,,
1997-01-21,,,,,,,,,,,,78.28125,,
1997-01-22,,,,,,,,,,,,78.84375,,
1997-01-23,,,,,,,,,,,,77.75,,
1997-01-24,,,,,,,,,,,,76.75,,
1997-01-27,,,,,,,,,,,,76.53125,,
1997-01-28,,,,,,,,,,,,76.75,,
1997-01-29,,,,,,,,,,,,77.5,,
1997-01-30,,,,,,,,,,,,78.5,,
1997-01-31,,,,,,,,,,,,78.40625,,
1997-02-03,,,,,,,,,,,,78.640625,,
1997-02-04,,,,,,,,,,,,79.125,,
1997-02-05,,,,,,,,,,,,77.640625,,
1997-02-06,,,,,,,,,,,,78.15625,,
1997-02-07,,,,,,,,,,,,79.21875,,
1997-02-10,,,,,,,,,,,,78.46875,,
1997-02-11,,,,,,,,,,,,79.375,,
1997-02-12,,,,,,,,,,,,80.5,,
1997-02-13,,,,,,,,,,,,81.375,,
1997-02-14,,,,,,,,,,,,81.1875,,
1997-02-18,,,,,,,,,,,,81.875,,
1997-02-19,,,,,,,,,,,,81.328125,,
1997-02-20,,,,,,,,,,,,80.34375,,
1997-02-21,,,,,,,,,,,,80.375,,
1997-02-24,,,,,,,,,,,,81.328125,,
1997-02-25,,,,,,,,,,,,81.390625,,
1997-02-26,,,,,,,,,,,,80.59375,,
1997-02-27,,,,,,,,,,,,79.390625,,
1997-02-28,,,,,,,,,,,,79.15625,,
1997-03-03,,,,,,,,,,,,79.6875,,
1997-03-04,,,,,,,,,,,,79.25,,
1997-03-05,,,,,,,,,,,,80.59375,,
1997-03-06,,,,,,,,,,,,80.125,,
1997-03-07,,,,,,,,,,,,80.84375,,
1997-03-10,,,,,,,,,,,,81.6875,,
1997-03-11,,,,,,,,,,,,81.25,,
1997-03-12,,,,,,,,,,,,80.53125,,
1997-03-13,,,,,,,,,,,,79.28125,,
1997-03-14,,,,,,,,,,,,79.6875,,
1997-03-17,,,,,,,,,,,,79.90625,,
1997-03-18,,,,,,,,,,,,79.046875,,
1997-03-19,,,,,,,,,,,,78.78125,,
1997-03-20,,,,,,,,,,,,78.375,,
1997-03-21,,,,,,,,,,,,78.4375,,
1997-03-24,,,,,,,,,,,,79.53125,,
1997-03-25,,,,,,,,,,,,78.75,,
1997-03-26,,,,,,,,,,,,79.09375,,
1997-03-27,,,,,,,,,,,,77.0,,
1997-03-31,,,,,,,,,,,,75.78125,,
1997-04-01,,,,,,,,,,,,75.859375,,
1997-04-02,,,,,,,,,,,,74.5,,
1997-04-03,,,,,,,,,,,,74.90625,,
1997-04-04,,,,,,,,,,,,75.84375,,
1997-04-07,,,,,,,,,,,,76.140625,,
1997-04-08,,,,,,,,,,,,76.6875,,
1997-04-09,,,,,,,,,,,,76.0625,,
1997-04-10,,,,,,,,,,,,75.78125,,
1997-04-11,,,,,,,,,,,,73.375,,
1997-04-14,,,,,,,,,,,,74.359375,,
1997-04-15,,,,,,,,,,,,75.625,,
1997-04-16,,,,,,,,,,,,76.5,,
1997-04-17,,,,,,,,,,,,76.1875,,
1997-04-18,,,,,,,,,,,,76.5625,,
1997-04-21,,,,,,,,,,,,76.0625,,
1997-04-22,,,,,,,,,,,,77.734375,,
1997-04-23,,,,,,,,,,,,77.8125,,
1997-04-24,,,,,,,,,,,,77.421875,,
1997-04-25,,,,,,,,,,,,76.53125,,
1997-04-28,,,,,,,,,,,,77.28125,,
1997-04-29,,,,,,,,,,,,79.71875,,
1997-04-30,,,,,,,,,,,,80.09375,,
1997-05-01,,,,,,,,,,,,80.0,,
1997-05-02,,,,,,,,,,,,81.4375,,
1997-05-05,,,,,,,,,,,,83.375,,
1997-05-06,,,,,,,,,,,,83.3125,,
1997-05-07,,,,,,,,,,,,81.5,,
1997-05-08,,,,,,,,,,,,82.0625,,
1997-05-09,,,,,,,,,,,,82.625,,
1997-05-12,,,,,,,,,,,,84.0,,
1997-05-13,,,,,,,,,,,,83.65625,,
1997-05-14,,,,,,,,,,,,83.8125,,
1997-05-15,,,,,,,,,,,,84.375,,
1997-05-16,,,,,,,,,,,,83.21875,,
1997-05-19,,,,,,,,,,,,83.46875,,
1997-05-20,,,,,,,,,,,,84.46875,,
1997-05-21,,,,,,,,,,,,84.28125,,
1997-05-22,,,,,,,,,,,,84.0,,
1997-05-23,,,,,,,,,,,,84.78125,,
1997-05-27,,,,,,,,,,,,85.125,,
1997-05-28,,,,,,,,,,,,85.109375,,
1997-05-29,,,,,,,,,,,,84.609375,,
1997-05-30,,,,,,,,,,,,85.15625,,
1997-06-02,,,,,,,,,,,,84.78125,,
1997-06-03,,,,,,,,,,,,84.5,,
1997-06-04,,,,,,,,,,,,84.40625,,
1997-06-05,,,,,,,,,,,,84.71875,,
1997-06-06,,,,,,,,,,,,86.375,,
1997-06-09,,,,,,,,,,,,86.8125,,
1997-06-10,,,,,,,,,,,,87.078125,,
1997-06-11,,,,,,,,,,,,87.28125,,
1997-06-12,,,,,,,,,,,,88.96875,,
1997-06-13,,,,,,,,,,,,89.71875,,
1997-06-16,,,,,,,,,,,,89.75,,
1997-06-17,,,,,,,,,,,,89.625,,
1997-06-18,,,,,,,,,,,,89.3125,,
1997-06-19,,,,,,,,,,,,90.234375,,
1997-06-20,,,,,,,,,,,,89.578125,,
1997-06-23,,,,,,,,,,,,87.40625,,
1997-06-24,,,,,,,,,,,,89.625,,
1997-06-25,,,,,,,,,,,,89.0,,
1997-06-26,,,,,,,,,,,,88.5625,,
1997-06-27,,,,,,,,,,,,88.90625,,
1997-06-30,,,,,,,,,,,,88.3125,,
1997-07-01,,,,,,,,,,,,89.34375,,
1997-07-02,,,,,,,,,,,,90.8125,,
1997-07-03,,,,,,,,,,,,92.0625,,
1997-07-07,,,,,,,,,,,,91.125,,
1997-07-08,,,,,,,,,,,,92.078125,,
1997-07-09,,,,,,,,,,,,91.0625,,
1997-07-10,,,,,,,,,,,,91.46875,,
1997-07-11,,,,,,,,,,,,91.78125,,
1997-07-14,,,,,,,,,,,,92.0625,,
1997-07-15,,,,,,,,,,,,92.53125,,
1997-07-16,,,,,,,,,,,,93.75,,
1997-07-17,,,,,,,,,,,,93.28125,,
1997-07-18,,,,,,,,,,,,91.296875,,
1997-07-21,,,,,,,,,,,,91.3125,,
1997-07-22,,,,,,,,,,,,93.734375,,
1997-07-23,,,,,,,,,,,,93.65625,,
1997-07-24,,,,,,,,,,,,94.09375,,
1997-07-25,,,,,,,,,,,,94.03125,,
1997-07-28,,,,,,,,,,,,93.96875,,
1997-07-29,,,,,,,,,,,,94.28125,,
1997-07-30,,,,,,,,,,,,95.40625,,
1997-07-31,,,,,,,,,,,,95.3125,,
1997-08-01,,,,,,,,,,,,94.9375,,
1997-08-04,,,,,,,,,,,,95.1875,,
1997-08-05,,,,,,,,,,,,95.25,,
1997-08-06,,,,,,,,,,,,96.03125,,
1997-08-07,,,,,,,,,,,,95.3125,,
1997-08-08,,,,,,,,,,,,93.375,,
1997-08-11,,,,,,,,,,,,94.0625,,
1997-08-12,,,,,,,,,,,,92.5625,,
1997-08-13,,,,,,,,,,,,92.28125,,
1997-08-14,,,,,,,,,,,,92.625,,
1997-08-15,,,,,,,,,,,,89.78125,,
1997-08-18,,,,,,,,,,,,91.78125,,
1997-08-19,,,,,,,,,,,,92.84375,,
1997-08-20,,,,,,,,,,,,94.25,,
1997-08-21,,,,,,,,,,,,92.59375,,
1997-08-22,,,,,,,,,,,,92.5625,,
1997-08-25,,,,,,,,,,,,92.21875,,
1997-08-26,,,,,,,,,,,,90.859375,,
1997-08-27,,,,,,,,,,,,91.40625,,
1997-08-28,,,,,,,,,,,,90.015625,,
1997-08-29,,,,,,,,,,,,90.375,,
1997-09-02,,,,,,,,,,,,93.3125,,
1997-09-03,,,,,,,,,,,,92.8125,,
1997-09-04,,,,,,,,,,,,93.40625,,
1997-09-05,,,,,,,,,,,,93.140625,,
1997-09-08,,,,,,,,,,,,93.546875,,
1997-09-09,,,,,,,,,,,,93.59375,,
1997-09-10,,,,,,,,,,,,91.65625,,
1997-09-11,,,,,,,,,,,,91.1875,,
1997-09-12,,,,,,,,,,,,92.65625,,
1997-09-15,,,,,,,,,,,,92.5,,
1997-09-16,,,,,,,,,,,,94.8125,,
1997-09-17,,,,,,,,,,,,94.8125,,
1997-09-18,,,,,,,,,,,,95.21875,,
1997-09-19,,,,,,,,,,,,95.03125,,
1997-09-22,,,,,,,,,,,,95.5625,,
1997-09-23,,,,,,,,,,,,95.125,,
1997-09-24,,,,,,,,,,,,94.34375,,
1997-09-25,,,,,,,,,,,,93.6875,,
1997-09-26,,,,,,,,,,,,94.46875,,
1997-09-29,,,,,,,,,,,,95.375,,
1997-09-30,,,,,,,,,,,,94.375,,
1997-10-01,,,,,,,,,,,,95.625,,
1997-10-02,,,,,,,,,,,,96.15625,,
1997-10-03,,,,,,,,,,,,96.640625,,
1997-10-06,,,,,,,,,,,,97.28125,,
1997-10-07,,,,,,,,,,,,98.1875,,
1997-10-08,,,,,,,,,,,,97.5,,
1997-10-09,,,,,,,,,,,,97.15625,,
1997-10-10,,,,,,,,,,,,96.875,,
1997-10-13,,,,,,,,,,,,96.96875,,
1997-10-14,,,,,,,,,,,,97.0,,
1997-10-15,,,,,,,,,,,,96.78125,,
1997-10-16,,,,,,,,,,,,95.25,,
1997-10-17,,,,,,,,,,,,94.28125,,
1997-10-20,,,,,,,,,,,,95.625,,
1997-10-21,,,,,,,,,,,,97.484375,,
1997-10-22,,,,,,,,,,,,96.84375,,
1997-10-23,,,,,,,,,,,,94.9375,,
1997-10-24,,,,,,,,,,,,94.0,,
1997-10-27,,,,,,,,,,,,87.1875,,
1997-10-28,,,,,,,,,,,,92.03125,,
1997-10-29,,,,,,,,,,,,91.96875,,
1997-10-30,,,,,,,,,,,,89.9375,,
1997-10-31,,,,,,,,,,,,92.0625,,
1997-11-03,,,,,,,,,,,,94.0,,
1997-11-04,,,,,,,,,,,,94.0,,
1997-11-05,,,,,,,,,,,,94.3125,,
1997-11-06,,,,,,,,,,,,93.953125,,
1997-11-07,,,,,,,,,,,,92.9375,,
1997-11-10,,,,,,,,,,,,92.375,,
1997-11-11,,,,,,,,,,,,92.40625,,
1997-11-12,,,,,,,,,,,,90.5,,
1997-11-13,,,,,,,,,,,,91.8125,,
1997-11-14,,,,,,,,,,,,93.0625,,
1997-11-17,,,,,,,,,,,,94.78125,,
1997-11-18,,,,,,,,,,,,94.1875,,
1997-11-19,,,,,,,,,,,,94.65625,,
1997-11-20,,,,,,,,,,,,96.09375,,
1997-11-21,,,,,,,,,,,,96.75,,
1997-11-24,,,,,,,,,,,,95.0,,
1997-11-25,,,,,,,,,,,,95.25,,
1997-11-26,,,,,,,,,,,,95.53125,,
1997-11-28,,,,,,,,,,,,95.625,,
1997-12-01,,,,,,,,,,,,98.09375,,
1997-12-02,,,,,,,,,,,,97.5,,
1997-12-03,,,,,,,,,,,,97.78125,,
1997-12-04,,,,,,,,,,,,97.6875,,
1997-12-05,,,,,,,,,,,,98.9375,,
1997-12-08,,,,,,,,,,,,98.65625,,
1997-12-09,,,,,,,,,,,,98.0625,,
1997-12-10,,,,,,,,,,,,97.21875,,
1997-12-11,,,,,,,,,,,,95.5625,,
1997-12-12,,,,,,,,,,,,95.75,,
1997-12-15,,,,,,,,,,,,96.71875,,
1997-12-16,,,,,,,,,,,,97.3125,,
1997-12-17,,,,,,,,,,,,96.8125,,
1997-12-18,,,,,,,,,,,,95.875,,
1997-12-19,,,,,,,,,,,,94.78125,,
1997-12-22,,,,,,,,,,,,95.390625,,
1997-12-23,,,,,,,,,,,,93.6875,,
1997-12-24,,,,,,,,,,,,93.40625,,
1997-12-26,,,,,,,,,,,,93.78125,,
1997-12-29,,,,,,,,,,,,95.625,,
1997-12-30,,,,,,,,,,,,97.125,,
1997-12-31,,,,,,,,,,,,97.0625,,
1998-01-02,,,,,,,,,,,,97.5625,,
1998-01-05,,,,,,,,,,,,97.78125,,
1998-01-06,,,,,,,,,,,,96.21875,,
1998-01-07,,,,,,,,,,,,96.46875,,
1998-01-08,,,,,,,,,,,,95.625,,
1998-01-09,,,,,,,,,,,,92.3125,,
1998-01-12,,,,,,,,,,,,94.0,,
1998-01-13,,,,,,,,,,,,95.3125,,
1998-01-14,,,,,,,,,,,,95.75,,
1998-01-15,,,,,,,,,,,,94.953125,,
1998-01-16,,,,,,,,,,,,96.3125,,
1998-01-20,,,,,,,,,,,,97.875,,
1998-01-21,,,,,,,,,,,,96.9375,,
1998-01-22,,,,,,,,,,,,96.078125,,
1998-01-23,,,,,,,,,,,,95.9375,,
1998-01-26,,,,,,,,,,,,95.875,,
1998-01-27,,,,,,,,,,,,96.84375,,
1998-01-28,,,,,,,,,,,,97.71875,,
1998-01-29,,,,,,,,,,,,98.25,,
1998-01-30,,,,,,,,,,,,98.3125,,
1998-02-02,,,,,,,,,,,,99.9375,,
1998-02-03,,,,,,,,,,,,100.6875,,
1998-02-04,,,,,,,,,,,,100.5625,,
1998-02-05,,,,,,,,,,,,100.5,,
1998-02-06,,,,,,,,,,,,101.625,,
1998-02-09,,,,,,,,,,,,101.28125,,
1998-02-10,,,,,,,,,,,,102.25,,
1998-02-11,,,,,,,,,,,,102.15625,,
1998-02-12,,,,,,,,,,,,102.59375,,
1998-02-13,,,,,,,,,,,,102.0,,
1998-02-17,,,,,,,,,,,,102.5,,
1998-02-18,,,,,,,,,,,,103.4375,,
1998-02-19,,,,,,,,,,,,102.890625,,
1998-02-20,,,,,,,,,,,,103.65625,,
1998-02-23,,,,,,,,,,,,104.0625,,
1998-02-24,,,,,,,,,,,,103.25,,
1998-02-25,,,,,,,,,,,,104.53125,,
1998-02-26,,,,,,,,,,,,105.125,,
1998-02-27,,,,,,,,,,,,105.125,,
1998-03-02,,,,,,,,,,,,104.90625,,
1998-03-03,,,,,,,,,,,,105.5,,
1998-03-04,,,,,,,,,,,,104.8125,,
1998-03-05,,,,,,,,,,,,103.84375,,
1998-03-06,,,,,,,,,,,,105.9375,,
1998-03-09,,,,,,,,,,,,105.5625,,
1998-03-10,,,,,,,,,,,,106.5625,,
1998-03-11,,,,,,,,,,,,107.0625,,
1998-03-12,,,,,,,,,,,,107.5,,
1998-03-13,,,,,,,,,,,,107.09375,,
1998-03-16,,,,,,,,,,,,108.25,,
1998-03-17,,,,,,,,,,,,108.5625,,
1998-03-18,,,,,,,,,,,,108.96875,,
1998-03-19,,,,,,,,,,,,109.25,,
1998-03-20,,,,,,,,,,,,109.875,,
1998-03-23,,,,,,,,,,,,109.625,,
1998-03-24,,,,,,,,,,,,110.5625,,
1998-03-25,,,,,,,,,,,,110.15625,,
1998-03-26,,,,,,,,,,,,110.09375,,
1998-03-27,,,,,,,,,,,,109.625,,
1998-03-30,,,,,,,,,,,,109.5625,,
1998-03-31,,,,,,,,,,,,109.9375,,
1998-04-01,,,,,,,,,,,,110.828125,,
1998-04-02,,,,,,,,,,,,112.03125,,
1998-04-03,,,,,,,,,,,,112.59375,,
1998-04-06,,,,,,,,,,,,111.6875,,
1998-04-07,,,,,,,,,,,,110.9375,,
1998-04-08,,,,,,,,,,,,110.3125,,
1998-04-09,,,,,,,,,,,,111.1875,,
1998-04-13,,,,,,,,,,,,110.875,,
1998-04-14,,,,,,,,,,,,111.8125,,
1998-04-15,,,,,,,,,,,,112.125,,
1998-04-16,,,,,,,,,,,,110.8125,,
1998-04-17,,,,,,,,,,,,112.28125,,
1998-04-20,,,,,,,,,,,,112.25,,
1998-04-21,,,,,,,,,,,,112.78125,,
1998-04-22,,,,,,,,,,,,113.09375,,
1998-04-23,,,,,,,,,,,,112.0,,
1998-04-24,,,,,,,,,,,,110.8125,,
1998-04-27,,,,,,,,,,,,108.71875,,
1998-04-28,,,,,,,,,,,,108.5625,,
1998-04-29,,,,,,,,,,,,109.3125,,
1998-04-30,,,,,,,,,,,,111.34375,,
1998-05-01,,,,,,,,,,,,112.59375,,
1998-05-04,,,,,,,,,,,,112.3125,,
1998-05-05,,,,,,,,,,,,111.53125,,
1998-05-06,,,,,,,,,,,,110.21875,,
1998-05-07,,,,,,,,,,,,109.34375,,
1998-05-08,,,,,,,,,,,,111.125,,
1998-05-11,,,,,,,,,,,,110.75,,
1998-05-12,,,,,,,,,,,,111.9375,,
1998-05-13,,,,,,,,,,,,112.21875,,
1998-05-14,,,,,,,,,,,,111.65625,,
1998-05-15,,,,,,,,,,,,111.03125,,
1998-05-18,,,,,,,,,,,,110.59375,,
1998-05-19,,,,,,,,,,,,111.34375,,
1998-05-20,,,,,,,,,,,,112.40625,,
1998-05-21,,,,,,,,,,,,111.6875,,
1998-05-22,,,,,,,,,,,,111.25,,
1998-05-26,,,,,,,,,,,,109.46875,,
1998-05-27,,,,,,,,,,,,109.625,,
1998-05-28,,,,,,,,,,,,110.125,,
1998-05-29,,,,,,,,,,,,109.03125,,
1998-06-01,,,,,,,,,,,,109.53125,,
1998-06-02,,,,,,,,,,,,109.625,,
1998-06-03,,,,,,,,,,,,107.875,,
1998-06-04,,,,,,,,,,,,109.875,,
1998-06-05,,,,,,,,,,,,112.0,,
1998-06-08,,,,,,,,,,,,111.875,,
1998-06-09,,,,,,,,,,,,112.21875,,
1998-06-10,,,,,,,,,,,,111.5,,
1998-06-11,,,,,,,,,,,,109.40625,,
1998-06-12,,,,,,,,,,,,110.4375,,
1998-06-15,,,,,,,,,,,,107.53125,,
1998-06-16,,,,,,,,,,,,109.1875,,
1998-06-17,,,,,,,,,,,,111.46875,,
1998-06-18,,,,,,,,,,,,110.96875,,
1998-06-19,,,,,,,,,,,,110.0625,,
1998-06-22,,,,,,,,,,,,110.59375,,
1998-06-23,,,,,,,,,,,,111.90625,,
1998-06-24,,,,,,,,,,,,113.40625,,
1998-06-25,,,,,,,,,,,,113.21875,,
1998-06-26,,,,,,,,,,,,113.6875,,
1998-06-29,,,,,,,,,,,,114.09375,,
1998-06-30,,,,,,,,,,,,113.3125,,
1998-07-01,,,,,,,,,,,,114.625,,
1998-07-02,,,,,,,,,,,,114.84375,,
1998-07-06,,,,,,,,,,,,116.0,,
1998-07-07,,,,,,,,,,,,115.78125,,
1998-07-08,,,,,,,,,,,,116.625,,
1998-07-09,,,,,,,,,,,,115.84375,,
1998-07-10,,,,,,,,,,,,116.46875,,
1998-07-13,,,,,,,,,,,,116.5,,
1998-07-14,,,,,,,,,,,,117.8125,,
1998-07-15,,,,,,,,,,,,117.59375,,
1998-07-16,,,,,,,,,,,,118.40625,,
1998-07-17,,,,,,,,,,,,118.5625,,
1998-07-20,,,,,,,,,,,,118.5625,,
1998-07-21,,,,,,,,,,,,116.5,,
1998-07-22,,,,,,,,,,,,116.5,,
1998-07-23,,,,,,,,,,,,114.1875,,
1998-07-24,,,,,,,,,,,,114.09375,,
1998-07-27,,,,,,,,,,,,114.90625,,
1998-07-28,,,,,,,,,,,,112.96875,,
1998-07-29,,,,,,,,,,,,112.53125,,
1998-07-30,,,,,,,,,,,,114.21875,,
1998-07-31,,,,,,,,,,,,111.78125,,
1998-08-03,,,,,,,,,,,,111.3125,,
1998-08-04,,,,,,,,,,,,107.0,,
1998-08-05,,,,,,,,,,,,108.46875,,
1998-08-06,,,,,,,,,,,,108.9375,,
1998-08-07,,,,,,,,,,,,109.125,,
1998-08-10,,,,,,,,,,,,108.5,,
1998-08-11,,,,,,,,,,,,106.875,,
1998-08-12,,,,,,,,,,,,108.6875,,
1998-08-13,,,,,,,,,,,,107.375,,
1998-08-14,,,,,,,,,,,,106.125,,
1998-08-17,,,,,,,,,,,,108.375,,
1998-08-18,,,,,,,,,,,,110.375,,
1998-08-19,,,,,,,,,,,,110.09375,,
1998-08-20,,,,,,,,,,,,109.4375,,
1998-08-21,,,,,,,,,,,,108.5625,,
1998-08-24,,,,,,,,,,,,109.25,,
1998-08-25,,,,,,,,,,,,109.5,,
1998-08-26,,,,,,,,,,,,108.875,,
1998-08-27,,,,,,,,,,,,103.75,,
1998-08-28,,,,,,,,,,,,103.375,,
1998-08-31,,,,,,,,,,,,96.0,,
1998-09-01,,,,,,,,,,,,100.0625,,
1998-09-02,,,,,,,,,,,,99.34375,,
1998-09-03,,,,,,,,,,,,98.5625,,
1998-09-04,,,,,,,,,,,,97.75,,
1998-09-08,,,,,,,,,,,,103.0,,
1998-09-09,,,,,,,,,,,,100.5,,
1998-09-10,,,,,,,,,,,,98.5,,
1998-09-11,,,,,,,,,,,,101.6875,,
1998-09-14,,,,,,,,,,,,103.4375,,
1998-09-15,,,,,,,,,,,,104.0625,,
1998-09-16,,,,,,,,,,,,105.0,,
1998-09-17,,,,,,,,,,,,102.0,,
1998-09-18,,,,,,,,,,,,102.09375,,
1998-09-21,,,,,,,,,,,,102.03125,,
1998-09-22,,,,,,,,,,,,102.875,,
1998-09-23,,,,,,,,,,,,107.0,,
1998-09-24,,,,,,,,,,,,104.375,,
1998-09-25,,,,,,,,,,,,104.25,,
1998-09-28,,,,,,,,,,,,105.1875,,
1998-09-29,,,,,,,,,,,,104.9375,,
1998-09-30,,,,,,,,,,,,101.75,,
1998-10-01,,,,,,,,,,,,98.8125,,
1998-10-02,,,,,,,,,,,,100.71875,,
1998-10-05,,,,,,,,,,,,98.6875,,
1998-10-06,,,,,,,,,,,,98.59375,,
1998-10-07,,,,,,,,,,,,97.125,,
1998-10-08,,,,,,,,,,,,96.59375,,
1998-10-09,,,,,,,,,,,,98.53125,,
1998-10-12,,,,,,,,,,,,99.96875,,
1998-10-13,,,,,,,,,,,,99.625,,
1998-10-14,,,,,,,,,,,,100.5625,,
1998-10-15,,,,,,,,,,,,105.96875,,
1998-10-16,,,,,,,,,,,,106.0,,
1998-10-19,,,,,,,,,,,,106.375,,
1998-10-20,,,,,,,,,,,,107.0,,
1998-10-21,,,,,,,,,,,,106.625,,
1998-10-22,,,,,,,,,,,,108.21875,,
1998-10-23,,,,,,,,,,,,106.84375,,
1998-10-26,,,,,,,,,,,,107.625,,
1998-10-27,,,,,,,,,,,,107.0,,
1998-10-28,,,,,,,,,,,,106.8125,,
1998-10-29,,,,,,,,,,,,109.40625,,
1998-10-30,,,,,,,,,,,,110.0,,
1998-11-02,,,,,,,,,,,,111.875,,
1998-11-03,,,,,,,,,,,,111.0625,,
1998-11-04,,,,,,,,,,,,112.25,,
1998-11-05,,,,,,,,,,,,113.78125,,
1998-11-06,,,,,,,,,,,,114.125,,
1998-11-09,,,,,,,,,,,,113.3125,,
1998-11-10,,,,,,,,,,,,113.0,,
1998-11-11,,,,,,,,,,,,112.25,,
1998-11-12,,,,,,,,,,,,112.125,,
1998-11-13,,,,,,,,,,,,113.21875,,
1998-11-16,,,,,,,,,,,,114.0625,,
1998-11-17,,,,,,,,,,,,114.0625,,
1998-11-18,,,,,,,,,,,,114.75,,
1998-11-19,,,,,,,,,,,,115.75,,
1998-11-20,,,,,,,,,,,,116.625,,
1998-11-23,,,,,,,,,,,,119.375,,
1998-11-24,,,,,,,,,,,,118.625,,
1998-11-25,,,,,,,,,,,,118.625,,
1998-11-27,,,,,,,,,,,,119.5,,
1998-11-30,,,,,,,,,,,,116.125,,
1998-12-01,,,,,,,,,,,,117.625,,
1998-12-02,,,,,,,,,,,,117.28125,,
1998-12-03,,,,,,,,,,,,115.34375,,
1998-12-04,,,,,,,,,,,,118.375,,
1998-12-07,,,,,,,,,,,,118.9375,,
1998-12-08,,,,,,,,,,,,118.40625,,
1998-12-09,,,,,,,,,,,,118.625,,
1998-12-10,,,,,,,,,,,,116.890625,,
1998-12-11,,,,,,,,,,,,117.125,,
1998-12-14,,,,,,,,,,,,113.75,,
1998-12-15,,,,,,,,,,,,116.6875,,
1998-12-16,,,,,,,,,,,,116.53125,,
1998-12-17,,,,,,,,,,,,118.390625,,
1998-12-18,,,,,,,,,,,,118.5,,
1998-12-21,,,,,,,,,,,,120.15625,,
1998-12-22,,,,,,,,,,,,120.6875,,
1998-12-23,,,,,,,,,,,,123.21875,,
1998-12-24,,,,,,,,,,,,122.6875,,
1998-12-28,,,,,,,,,,,,122.375,,
1998-12-29,,,,,,,,,,,,124.3125,,
1998-12-30,,,,,,,,,,,,123.3125,,
1998-12-31,,,,,,,,,,,,123.3125,,
1999-01-04,,,,,,,,,,,,123.03125,,
1999-01-05,,,,,,,,,,,,124.4375,,
1999-01-06,,,,,,,,,,,,127.4375,,
1999-01-07,,,,,,,,,,,,126.8125,,
1999-01-08,,,,,,,,,,,,127.75,,
1999-01-11,,,,,,,,,,,,126.53125,,
1999-01-12,,,,,,,,,,,,124.25,,
1999-01-13,,,,,,,,,,,,123.375,,
1999-01-14,,,,,,,,,,,,121.21875,,
1999-01-15,,,,,,,,,,,,124.375,,
1999-01-19,,,,,,,,,,,,125.1875,,
1999-01-20,,,,,,,,,,,,126.1875,,
1999-01-21,,,,,,,,,,,,122.84375,,
1999-01-22,,,,,,,,,,,,122.5625,,
1999-01-25,,,,,,,,,,,,123.8125,,
1999-01-26,,,,,,,,,,,,126.0625,,
1999-01-27,,,,,,,,,,,,124.59375,,
1999-01-28,,,,,,,,,,,,126.6875,,
1999-01-29,,,,,,,,,,,,127.65625,,
1999-02-01,,,,,,,,,,,,126.90625,,
1999-02-02,,,,,,,,,,,,126.125,,
1999-02-03,,,,,,,,,,,,127.40625,,
1999-02-04,,,,,,,,,,,,125.5,,
1999-02-05,,,,,,,,,,,,124.0625,,
1999-02-08,,,,,,,,,,,,124.3125,,
1999-02-09,,,,,,,,,,,,121.53125,,
1999-02-10,,,,,,,,,,,,122.3125,,
1999-02-11,,,,,,,,,,,,125.125,,
1999-02-12,,,,,,,,,,,,123.625,,
1999-02-16,,,,,,,,,,,,122.875,,
1999-02-17,,,,,,,,,,,,122.75,,
1999-02-18,,,,,,,,,,,,123.71875,,
1999-02-19,,,,,,,,,,,,124.25,,
1999-02-22,,,,,,,,,,,,127.5625,,
1999-02-23,,,,,,,,,,,,127.5,,
1999-02-24,,,,,,,,,,,,125.25,,
1999-02-25,,,,,,,,,,,,124.0625,,
1999-02-26,,,,,,,,,,,,123.5625,,
1999-03-01,,,,,,,,,,,,123.90625,,
1999-03-02,,,,,,,,,,,,122.8125,,
1999-03-03,,,,,,,,,,,,123.46875,,
1999-03-04,,,,,,,,,,,,125.03125,,
1999-03-05,,,,,,,,,,,,127.546875,,
1999-03-08,,,,,,,,,,,,128.375,,
1999-03-09,,,,,,,,,,,,128.0625,,
1999-03-10,,,,,,,,,51.0625,,,129.1875,,
1999-03-11,,,,,,,,,51.3125,,,130.625,,
1999-03-12,,,,,,,,,50.0625,,,129.375,,
1999-03-15,,,,,,,,,51.5,,,131.21875,,
1999-03-16,,,,,,,,,51.9375,,,130.71875,,
1999-03-17,,,,,,,,,51.5625,,,130.15625,,
1999-03-18,,,,,,,,,52.5625,,,132.25,,
1999-03-19,,,,,,,,,51.21875,,,129.6875,,
1999-03-22,,,,,,,,,50.59375,,,129.9375,,
1999-03-23,,,,,,,,,48.8125,,,126.1875,,
1999-03-24,,,,,,,,,50.46875,,,126.90625,,
1999-03-25,,,,,,,,,52.3125,,,129.5,,
1999-03-26,,,,,,,,,51.75,,,128.5625,,
1999-03-29,,,,,,,,,53.625,,,131.15625,,
1999-03-30,,,,,,,,,53.25,,,130.46875,,
1999-03-31,,,,,,,,,52.46875,,,128.375,,
1999-04-01,,,,,,,,,53.5625,,,129.34375,,
1999-04-05,,,,,,,,,55.5,,,132.40625,,
1999-04-06,,,,,,,,,55.609375,,,132.09375,,
1999-04-07,,,,,,,,,55.03125,,,133.15625,,
1999-04-08,,,,,,,,,55.46875,,,134.84375,,
1999-04-09,,,,,,,,,55.8125,,,134.875,,
1999-04-12,,,,,,,,,55.4375,,,136.3125,,
1999-04-13,,,,,,,,,54.6875,,,135.4375,,
1999-04-14,,,,,,,,,52.8125,,,133.15625,,
1999-04-15,,,,,,,,,53.53125,,,132.65625,,
1999-04-16,,,,,,,,,51.96875,,,131.53125,,
1999-04-19,,,,,,,,,49.53125,,,129.5,,
1999-04-20,,,,,,,,,50.65625,,,131.125,,
1999-04-21,,,,,,,,,53.15625,,,134.875,,
1999-04-22,,,,,,,,,54.59375,,,136.15625,,
1999-04-23,,,,,,,,,55.3125,,,135.8125,,
1999-04-26,,,,,,,,,56.59375,,,136.59375,,
1999-04-27,,,,,,,,,55.71875,,,137.25,,
1999-04-28,,,,,,,,,53.8125,,,135.375,,
1999-04-29,,,,,,,,,53.375,,,134.34375,,
1999-04-30,,,,,,,,,53.71875,,,133.25,,
1999-05-03,,,,,,,,,53.4375,,,135.6875,,
1999-05-04,,,,,,,,,52.59375,,,133.75,,
1999-05-05,,,,,,,,,54.1875,,,134.8125,,
1999-05-06,,,,,,,,,52.21875,,,133.984375,,
1999-05-07,,,,,,,,,52.96875,,,135.0,,
1999-05-10,,,,,,,,,53.5,,,134.328125,,
1999-05-11,,,,,,,,,54.34375,,,135.6875,,
1999-05-12,,,,,,,,,55.46875,,,136.75,,
1999-05-13,,,,,,,,,54.4375,,,137.34375,,
1999-05-14,,,,,,,,,53.40625,,,133.78125,,
1999-05-17,,,,,,,,,54.375,,,134.1875,,
1999-05-18,,,,,,,,,54.125,,,133.9375,,
1999-05-19,,,,,,,,,54.875,,,134.90625,,
1999-05-20,,,,,,,,,53.375,,,134.09375,,
1999-05-21,,,,,,,,,52.875,,,133.34375,,
1999-05-24,,,,,,,,,51.53125,,,131.125,,
1999-05-25,,,,,,,,,49.84375,,,129.0,,
1999-05-26,,,,,,,,,51.234375,,,130.4375,,
1999-05-27,,,,,,,,,51.1875,,,128.5625,,
1999-05-28,,,,,,,,,52.03125,,,130.203125,,
1999-06-01,,,,,,,,,50.875,,,129.75,,
1999-06-02,,,,,,,,,51.734375,,,129.875,,
1999-06-03,,,,,,,,,51.0,,,130.59375,,
1999-06-04,,,,,,,,,52.5625,,,133.21875,,
1999-06-07,,,,,,,,,53.65625,,,133.5625,,
1999-06-08,,,,,,,,,52.3125,,,132.25,,
1999-06-09,,,,,,,,,53.1875,,,132.125,,
1999-06-10,,,,,,,,,52.578125,,,130.90625,,
1999-06-11,,,,,,,,,51.78125,,,129.8125,,
1999-06-14,,,,,,,,,50.8046875,,,129.9375,,
1999-06-15,,,,,,,,,51.5625,,,130.8125,,
1999-06-16,,,,,,,,,54.2109375,,,133.3125,,
1999-06-17,,,,,,,,,54.8125,,,134.5625,,
1999-06-18,,,,,,,,,55.0625,,,134.3125,,
1999-06-21,,,,,,,,,56.71875,,,134.625,,
1999-06-22,,,,,,,,,55.0,,,133.6875,,
1999-06-23,,,,,,,,,55.875,,,133.03125,,
1999-06-24,,,,,,,,,54.7578125,,,132.03125,,
1999-06-25,,,,,,,,,54.6875,,,131.703125,,
1999-06-28,,,,,,,,,55.984375,,,133.3125,,
1999-06-29,,,,,,,,,56.75,,,134.5625,,
1999-06-30,,,,,,,,,57.625,,,137.0,,
1999-07-01,,,,,,,,,58.015625,,,138.03125,,
1999-07-02,,,,,,,,,58.75,,,139.40625,,
1999-07-06,,,,,,,,,58.375,,,139.375,,
1999-07-07,,,,,,,,,58.46875,,,139.5625,,
1999-07-08,,,,,,,,,59.25,,,139.671875,,
1999-07-09,,,,,,,,,59.84375,,,140.5,,
1999-07-12,,,,,,,,,59.53125,,,139.875,,
1999-07-13,,,,,,,,,59.25,,,139.375,,
1999-07-14,,,,,,,,,60.265625,,,140.15625,,
1999-07-15,,,,,,,,,60.8125,,,141.046875,,
1999-07-16,,,,,,,,,61.375,,,141.8125,,
1999-07-19,,,,,,,,,60.75,,,140.875,,
1999-07-20,,,,,,,,,58.40625,,,137.984375,,
1999-07-21,,,,,,,,,58.6875,,,137.828125,,
1999-07-22,,,,,,,,,57.1953125,,,136.015625,,
1999-07-23,,,,,,,,,57.28125,,,135.75,,
1999-07-26,,,,,,,,,55.875,,,134.75,,
1999-07-27,,,,,,,,,57.0,,,135.875,,
1999-07-28,,,,,,,,,58.125,,,136.3125,,
1999-07-29,,,,,,,,,56.875,,,134.40625,,
1999-07-30,,,,,,,,,56.59375,,,132.75,,
1999-08-02,,,,,,,,,56.4375,,,133.0625,,
1999-08-03,,,,,,,,,56.078125,,,132.4375,,
1999-08-04,,,,,,,,,55.0546875,,,130.625,,
1999-08-05,,,,,,,,,55.9296875,,,131.8125,,
1999-08-06,,,,,,,,,55.328125,,,130.375,,
1999-08-09,,,,,,,,,54.625,,,130.09375,,
1999-08-10,,,,,,,,,54.125,,,128.65625,,
1999-08-11,,,,,,,,,55.90625,,,130.21875,,
1999-08-12,,,,,,,,,55.25,,,130.140625,,
1999-08-13,,,,,,,,,57.65625,,,133.15625,,
1999-08-16,,,,,,,,,58.125,,,133.75,,
1999-08-17,,,,,,,,,58.40625,,,134.625,,
1999-08-18,,,,,,,,,57.75,,,133.65625,,
1999-08-19,,,,,,,,,57.0625,,,132.5625,,
1999-08-20,,,,,,,,,57.96875,,,133.90625,,
1999-08-23,,,,,,,,,59.8125,,,136.46875,,
1999-08-24,,,,,,,,,60.21875,,,136.96875,,
1999-08-25,,,,,,,,,61.5,,,138.375,,
1999-08-26,,,,,,,,,60.484375,,,136.71875,,
1999-08-27,,,,,,,,,59.875,,,135.0625,,
1999-08-30,,,,,,,,,59.03125,,,132.5625,,
1999-08-31,,,,,,,,,59.6875,,,132.0625,,
1999-09-01,,,,,,,,,60.1171875,,,133.6875,,
1999-09-02,,,,,,,,,59.90625,,,132.109375,,
1999-09-03,,,,,,,,,62.65625,,,135.96875,,
1999-09-07,,,,,,,,,62.375,,,135.46875,,
1999-09-08,,,,,,,,,61.53125,,,134.8125,,
1999-09-09,,,,,,,,,62.40625,,,134.75,,
1999-09-10,,,,,,,,,63.125,,,135.875,,
1999-09-13,,,,,,,,,62.3671875,,,134.953125,,
1999-09-14,,,,,,,,,62.7109375,,,134.0625,,
1999-09-15,,,,,,,,,61.5,,,131.9375,,
1999-09-16,,,,,,,,,61.46875,,,132.453125,,
1999-09-17,,,,,,,,,63.3125,,,133.75,,
1999-09-20,,,,,,,,,63.4609375,,,133.5625,,
1999-09-21,,,,,,,,,61.9375,,,130.75,,
1999-09-22,,,,,,,,,62.59375,,,130.59375,,
1999-09-23,,,,,,,,,60.0,,,127.875,,
1999-09-24,,,,,,,,,60.078125,,,127.75,,
1999-09-27,,,,,,,,,60.5,,,128.59375,,
1999-09-28,,,,,,,,,60.78125,,,128.34375,,
1999-09-29,,,,,,,,,59.5625,,,126.8125,,
1999-09-30,,,,,,,,,60.1875,,,128.75,,
1999-10-01,,,,,,,,,60.2109375,,,128.46875,,
1999-10-04,,,,,,,,,61.5625,,,130.75,,
1999-10-05,,,,,,,,,62.0,,,130.625,,
1999-10-06,,,,,,,,,63.2421875,,,132.625,,
1999-10-07,,,,,,,,,63.09375,,,131.875,,
1999-10-08,,,,,,,,,63.7578125,,,133.875,,
1999-10-11,,,,,,,,,64.65625,,,133.65625,,
1999-10-12,,,,,,,,,63.1875,,,131.59375,,
1999-10-13,,,,,,,,,61.3125,,,128.1875,,
1999-10-14,,,,,,,,,61.6953125,,,128.15625,,
1999-10-15,,,,,,,,,59.875,,,124.875,,
1999-10-18,,,,,,,,,59.1171875,,,125.78125,,
1999-10-19,,,,,,,,,59.4375,,,127.0,,
1999-10-20,,,,,,,,,61.25,,,128.25,,
1999-10-21,,,,,,,,,62.25,,,129.0,,
1999-10-22,,,,,,,,,61.96875,,,130.09375,,
1999-10-25,,,,,,,,,62.0,,,129.4375,,
1999-10-26,,,,,,,,,61.5,,,127.8125,,
1999-10-27,,,,,,,,,61.40625,,,130.125,,
1999-10-28,,,,,,,,,63.53125,,,134.5625,,
1999-10-29,,,,,,,,,65.75,,,137.0,,
1999-11-01,,,,,,,,,65.40625,,,135.5625,,
1999-11-02,,,,,,,,,65.4453125,,,134.59375,,
1999-11-03,,,,,,,,,66.75,,,135.5,,
1999-11-04,,,,,,,,,67.5,,,136.53125,,
1999-11-05,,,,,,,,,68.1875,,,137.875,,
1999-11-08,,,,,,,,,69.5625,,,138.0,,
1999-11-09,,,,,,,,,69.09375,,,136.703125,,
1999-11-10,,,,,,,,,70.0,,,137.71875,,
1999-11-11,,,,,,,,,71.25,,,138.5,,
1999-11-12,,,,,,,,,72.1875,,,139.75,,
1999-11-15,,,,,,,,,72.046875,,,140.078125,,
1999-11-16,,,,,,,,,73.875,,,141.25,,
1999-11-17,,,,,,,,,72.875,,,141.5625,,
1999-11-18,,,,,,,,,75.109375,,,142.625,,
1999-11-19,,,,,,,,,75.78125,,,142.5,,
1999-11-22,,,,,,,,,77.5,,,142.46875,,
1999-11-23,,,,,,,,,74.96875,,,141.21875,,
1999-11-24,,,,,,,,,77.4375,,,142.0625,,
1999-11-26,,,,,,,,,77.6875,,,141.375,,
1999-11-29,,,,,,,,,76.40625,,,140.9375,,
1999-11-30,,,,,,,,,74.0,,,139.390625,,
1999-12-01,,,,,,,,,75.09375,,,140.40625,,
1999-12-02,,,,,,,,,77.4765625,,,141.25,,
1999-12-03,,,,,,,,,79.125,,,143.84375,,
1999-12-06,,,,,,,,,79.84375,,,142.78125,,
1999-12-07,,,,,,,,,79.84375,,,141.625,,
1999-12-08,,,,,,,,,78.875,,,140.71875,,
1999-12-09,,,,,,,,,79.0,,,141.40625,,
1999-12-10,,,,,,,,,79.5,,,141.875,,
1999-12-13,,,,,,,,,80.9921875,,,142.125,,
1999-12-14,,,,,,,,,79.53125,,,140.75,,
1999-12-15,,,,,,,,,81.0,,,141.484375,,
1999-12-16,,,,,,,,,83.125,,,142.125,,
1999-12-17,,,,,,,,,83.78125,,,142.6875,,
1999-12-20,,,,,,,,,84.875,,,141.65625,,
1999-12-21,,,,,,,,,88.6875,,,143.8125,,
1999-12-22,,,,,,,,,89.15625,,,144.1875,,
1999-12-23,,,,,,,,,89.65625,,,146.484375,,
1999-12-27,,,,,,,,,89.6875,,,146.28125,,
1999-12-28,,,,,,,,,89.1875,,,146.1875,,
1999-12-29,,,,,,,,,92.5,,,146.8125,,
1999-12-30,,,,,,,,,91.5,,,146.640625,,
1999-12-31,,,,,,,,,91.375,,,146.875,,
2000-01-03,,,,,,,,,94.75,,,145.4375,,
2000-01-04,,,,,,,,,88.0078,,,139.75,,
2000-01-05,,,,,,,,,86.1875,,,140.0,,
2000-01-06,,,,,,,,,80.75,,,137.75,,
2000-01-07,,,,,,,,,88.5,,,145.75,,
2000-01-10,,,,,,,,,92.25,,,146.25,,
2000-01-11,,,,,,,,,88.25,,,144.3125,,
2000-01-12,,,,,,,,,86.5625,,,143.0625,,
2000-01-13,,,,,,,,,91.25,,,145.0,,
2000-01-14,,,,,,,,,92.6875,,,146.9688,,
2000-01-18,,,,,,,,,94.0,,,145.8125,,
2000-01-19,,,,,,,,,95.28125,,,146.25,,
2000-01-20,,,,,,,,,95.5,,,144.75,,
2000-01-21,,,,,,,,,96.25,,,144.4375,,
2000-01-24,,,,,,,,,91.25,,,140.3438,,
2000-01-25,,,,,,,,,93.15625,,,141.9375,,
2000-01-26,,,,,,,,,89.5,,,140.8125,,
2000-01-27,,,,,,,,,90.5,,,140.25,,
2000-01-28,,,,,,,,,85.75,,,135.875,,
2000-01-31,,,,,,,,,90.0,,,139.625,,
2000-02-01,,,,,,,,,92.5,,,140.9375,,
2000-02-02,,,,,,,,,92.875,,,141.0625,,
2000-02-03,,,,,,,,,96.125,,,143.1875,,
2000-02-04,,,,,,,,,96.90625,,,142.5938,,
2000-02-07,,,,,,,,,98.40625,,,142.375,,
2000-02-08,,,,,,,,,102.25,,,144.3125,,
2000-02-09,,,,,,,,,99.0,,,141.2813,,
2000-02-10,,,,,,,,,102.1875,,,141.5625,,
2000-02-11,,,,,,,,,99.0,,,138.6875,,
2000-02-14,,,,,,,,,99.3594,,,139.5,,
2000-02-15,,,,,,,,,100.25,,,141.0938,,
2000-02-16,,,,,,,,,100.0,,,139.1875,,
2000-02-17,,,,,,,,,101.875,,,138.2813,,
2000-02-18,,,,,,,,,98.8125,,,135.3125,,
2000-02-22,,,,,,,,,98.65625,,,134.9688,,
2000-02-23,,,,,,,,,104.125,,,136.5625,,
2000-02-24,,,,,,,,,106.5,,,133.8125,,
2000-02-25,,,,,,,,,104.1875,,,133.3281,,
2000-02-28,,,,,,,,,103.75,,,136.125,,
2000-02-29,,,,,,,,,107.0,,,137.4375,,
2000-03-01,,,,,,,,,107.625,,,138.4375,,
2000-03-02,,,,,,,,,105.1328,,,138.5313,,
2000-03-03,,,,,,,,,109.52345,,,141.125,,
2000-03-06,,,,,,,,,111.5,,,139.8125,,
2000-03-07,,,,,,,,,109.75,,,137.0469,,
2000-03-08,,,,,,,,,111.5625,,,136.875,,
2000-03-09,,,,,,,,,115.0,,,140.875,,
2000-03-10,,,,,,,,,114.6875,,,140.1875,,
2000-03-13,,,,,,,,,111.1875,,,138.5938,,
2000-03-14,,,,,,,,,107.0,,,136.625,,
2000-03-15,,,,,,,,,102.96875,,,139.8125,,
2000-03-16,,,,,,,,,108.5,,,146.3438,,
2000-03-17,,,,,,,,,110.8125,,,146.9375,,
2000-03-20,,,,,,,,,107.25,,,146.7813,,
2000-03-21,,,,,,,,,111.5,,,149.1875,,
2000-03-22,,,,,,,,,114.0,,,150.0938,,
2000-03-23,,,,,,,,,116.375,,,152.5,,
2000-03-24,,,,,,,,,117.875,,,153.5625,,
2000-03-27,,,,,,,,,117.3594,,,151.9375,,
2000-03-28,,,,,,,,,115.0,,,151.0625,,
2000-03-29,,,,,,,,,110.5,,,151.2188,,
2000-03-30,,,,,,,,,107.25,,,148.6875,,
2000-03-31,,,,,,,,,109.5,,,150.375,,
2000-04-03,,,,,,,,,103.5,,,151.25,,
2000-04-04,,,,,,,,,100.75,,,145.75,,
2000-04-05,,,,,,,,,99.0,,,149.1875,,
2000-04-06,,,,,,,,,102.3125,,,150.4844,,
2000-04-07,,,,,,,,,106.0,,,151.4375,,
2000-04-10,,,,,,,,,100.0,,,150.8438,,
2000-04-11,,,,,,,,,97.73438,,,150.4063,,
2000-04-12,,,,,,,,,91.875,,,146.2813,,
2000-04-13,,,,,,,,,89.0,,,144.25,,
2000-04-14,,,,,,,,,79.75,,,138.375,,
2000-04-17,,,,,,,,,89.0,,,140.75,,
2000-04-18,,,,,,,,,91.75,,,144.4688,,
2000-04-19,,,,,,,,,89.0625,,,143.125,,
2000-04-20,,,,,,,,,86.875,,,143.8125,,
2000-04-24,,,,,,,,,85.0,,,142.25,,
2000-04-25,,,,,,,,,90.4375,,,148.1563,,
2000-04-26,,,,,,,,,87.375,,,146.4844,,
2000-04-27,,,,,,,,,91.375,,,146.0,,
2000-04-28,,,,,,,,,94.5,,,145.0938,,
2000-05-01,,,,,,,,,95.75,,,147.0625,,
2000-05-02,,,,,,,,,90.0,,,144.125,,
2000-05-03,,,,,,,,,89.375,,,141.625,,
2000-05-04,,,,,,,,,89.125,,,141.8125,,
2000-05-05,,,,,,,,,91.5,,,143.5313,,
2000-05-08,,,,,,,,,88.25,,,142.4531,,
2000-05-09,,,,,,,,,85.5,,,141.3125,,
2000-05-10,,,,,,,,,80.0,,,138.125,,
2000-05-11,,,,,,,,,84.75,,,141.2813,,
2000-05-12,,,,,,,,,84.6875,,,142.8125,,
2000-05-15,,,,,,,,,88.625,,,145.2813,,
2000-05-16,,,,,,,,,91.0625,,,146.5625,,
2000-05-17,,,,,,,,,89.1875,,,145.1563,,
2000-05-18,,,,,,,,,85.6875,,,143.8125,,
2000-05-19,,,,,,,,,81.6875,,,141.125,,
2000-05-22,,,,,,,,,82.0,,,140.0625,,
2000-05-23,,,,,,,,,75.125,,,138.0,,
2000-05-24,,,,,,,,,79.75,,,140.25,,
2000-05-25,,,,,,,,,77.5,,,137.8438,,
2000-05-26,,,,,,,45.71875,,77.6875,,,138.0,,
2000-05-30,,,,,,,47.40625,,85.5,,,142.7188,,
2000-05-31,,,,,,,47.578125,,83.0,,,142.8125,,
2000-06-01,,,,,,,48.65625,,87.5,,,145.3125,,
2000-06-02,,,,,,,51.1875,,93.25,,,147.8438,,
2000-06-05,,,,,,,51.0,,93.625,,,147.125,,
2000-06-06,,,,,,,51.5,,91.375,,,146.4688,,
2000-06-07,,,,,,,51.5625,,93.4375,,,147.4844,,
2000-06-08,,,,,,,51.4375,,93.0,,,146.9063,,
2000-06-09,,,,,,,52.34375,,93.5625,,,146.5938,,
2000-06-12,,,,,,,50.78905,,91.0,,,144.875,,
2000-06-13,,,,,,,51.4375,,94.1875,,,147.5938,,
2000-06-14,,,,,,,51.1875,,92.15625,,,147.8438,,
2000-06-15,,,,,,,51.25,,93.79688,,,148.1563,,
2000-06-16,,,,,,,50.96875,,94.17188,,,146.5938,,
2000-06-19,,,,,,,52.25,,97.8125,,,148.4688,,
2000-06-20,,,,,,,52.59375,,98.39063,,,147.9375,,
2000-06-21,,,,,,,52.84375,,98.6875,,,147.8438,,
2000-06-22,,,,,,,51.34375,,94.76563,,,145.625,,
2000-06-23,,,,,,,50.90625,,91.64063,,,144.375,,
2000-06-26,,,,,,,51.53125,,94.1875,,,146.2344,,
2000-06-27,,,,,,,50.71875,,92.71875,,,145.1563,,
2000-06-28,,,,,,,52.0,,93.89063,,,145.5625,,
2000-06-29,,,,,,,51.1875,,91.70313,,,144.1875,,
2000-06-30,,,,,,,51.6797,,93.1875,,,145.2813,,
2000-07-03,,,,,,,52.40625,,95.125,,,147.2813,,
2000-07-05,,,,,,,51.8125,,91.25,,,144.625,,
2000-07-06,,,,,,,52.4219,,94.5625,,,145.75,,
2000-07-07,,,,,,,52.75,,95.40625,,,148.0938,,
2000-07-10,,,,,,,53.09375,,94.25,,,147.8438,,
2000-07-11,,,,,,,53.03125,,93.20313,,,148.1563,,
2000-07-12,,,,,,,54.09375,,96.96875,,,149.125,,
2000-07-13,,,,,,,54.26565,,98.9375,,,149.7813,,
2000-07-14,,,,,,,54.3125,,100.625,,,151.25,,
2000-07-17,,,,,,,54.5,,101.4375,,,151.0,,
2000-07-18,,,,,,,53.5625,,99.25,,,149.7656,,
2000-07-19,,,,,,,52.625,,96.625,,,148.6875,,
2000-07-20,,,,,,,53.5,,100.1875,,,150.625,,
2000-07-21,,,,,,,52.03125,,97.3125,,,147.6875,,
2000-07-24,,,,,,,51.27345,,94.3125,,,146.8438,,
2000-07-25,,,,,,,51.375,,96.07813,,,147.3125,,
2000-07-26,,,,,,,51.28125,,95.625,,,145.875,,
2000-07-27,,,,,,,49.875,,91.5625,,,145.375,,
2000-07-28,,,,,,,49.0,,86.8125,,,142.0938,,
2000-07-31,,,,,,,50.09375,,89.5,,,142.9063,,
2000-08-01,,,,,,,49.921875,,88.40625,,,143.875,,
2000-08-02,,,,,,,50.0,,86.85938,,,144.5938,,
2000-08-03,,,,,,,50.0625,,90.8125,,,145.5938,,
2000-08-04,,,,,,,50.21875,,90.0,,,146.375,,
2000-08-07,,,,,,,51.14845,,92.26563,,,148.125,,
2000-08-08,,,,,,,50.90625,,92.0,,,148.6875,,
2000-08-09,,,,,,,50.53905,,91.60938,,,147.4375,,
2000-08-10,,,,,,,50.25,,89.9375,,,146.7188,,
2000-08-11,,,,,,,51.125,,90.875,,,147.3281,,
2000-08-14,,,,,,,51.65625,,92.9375,,,149.2813,,
2000-08-15,,,,,,,50.90625,,93.0625,,,149.1563,,
2000-08-16,,,,,,,51.15625,,93.42188,,,148.625,,
2000-08-17,,,,,,,51.625,,95.4375,,,150.1875,,
2000-08-18,,,,,,,51.5469,,95.14063,,,149.6875,,
2000-08-21,,,,,,,51.7344,,95.75,,,150.5625,,
2000-08-22,,,,,,,51.65625,,95.4375,,,150.3125,,
2000-08-23,,,,,,,51.57815,,97.0,,,150.8438,,
2000-08-24,,,,,,,52.34375,,98.5625,,,151.3125,,
2000-08-25,,,,,,,52.5625,,98.375,,,151.25,,
2000-08-28,,,,,,,52.65625,,98.4375,,,151.7656,,
2000-08-29,,,,,,,53.15625,,98.82813,,,151.7969,,
2000-08-30,,,,,,,53.21875,,98.89063,,,150.3438,,
2000-08-31,,,,,,,53.75,,101.875,,,152.3438,,
2000-09-01,,,,,,,54.1875,,102.5,,,152.375,,
2000-09-05,,,,,,,53.8125,,99.51563,,,151.2813,,
2000-09-06,,,,,,,53.57815,,96.0625,,,149.7813,,
2000-09-07,,,,,,,54.375,,98.25,,,150.8438,,
2000-09-08,,,,,,,53.4375,,94.875,,,149.8125,,
2000-09-11,,,,,,,53.5,,92.78125,,,149.5938,,
2000-09-12,,,,,,,53.32815,,91.3125,,,148.4688,,
2000-09-13,,,,,,,53.59375,,93.4375,,,148.8906,,
2000-09-14,,,,,,,53.90625,,93.375,,,148.4688,,
2000-09-15,,,,,,,52.90625,,91.375,,,146.0938,,
2000-09-18,,,,,,,51.65625,,89.8125,,,144.6563,,
2000-09-19,,,,,,,52.5,,93.5,,,145.9688,,
2000-09-20,,,,,,,51.90625,,94.6875,,,144.8906,,
2000-09-21,,,,,,,50.9375,,92.39063,,,145.1875,,
2000-09-22,,,,,,,51.59375,,92.9375,,,145.2813,,
2000-09-25,,,,,,,51.65625,,90.1875,,,144.1563,,
2000-09-26,,,,,,,50.9219,,88.9375,,,142.4063,,
2000-09-27,,,,,,,50.6875,,89.5,,,143.1563,,
2000-09-28,,,,,,,52.0625,,92.45313,,,146.125,,
2000-09-29,,,,,,,51.8125,,88.6875,,,143.625,,
2000-10-02,,,,,,,50.96875,,86.75,,,143.8438,,
2000-10-03,,,,,,,50.22655,,83.375,,,142.5,,
2000-10-04,,,,,,,50.57815,,85.625,,,143.6875,,
2000-10-05,,,,,,,50.0625,,85.875,,,144.1875,,
2000-10-06,,,,,,,48.84375,,83.0,,,141.0625,,
2000-10-09,,,,,,,48.734375,,82.625,,,140.0,,
2000-10-10,,,,,,,47.5625,,78.3125,,,137.6875,,
2000-10-11,,,,,,,47.40625,,77.0625,,,136.5313,,
2000-10-12,,,,,,,45.96875,,75.125,,,133.125,,
2000-10-13,,,,,,,47.75,,81.25,,,137.5625,,
2000-10-16,,,,,,,48.125,,81.625,,,138.1875,,
2000-10-17,,,,,,,46.914065,,78.25,,,134.75,,
2000-10-18,,,,,,,46.53125,,78.0,,,134.25,,
2000-10-19,,,,,,,47.96875,,85.0625,,,139.2813,,
2000-10-20,,,,,,,48.578125,,86.3125,,,139.9063,,
2000-10-23,,,,,,,49.0625,,86.1875,,,140.5313,,
2000-10-24,,,,,,,48.34375,,82.4375,,,139.5938,,
2000-10-25,,,,,,,47.265625,,77.875,,,136.3125,,
2000-10-26,,,,,,,48.0,,79.875,,,136.6875,,
2000-10-27,,,,,,,48.03125,,79.71875,,,139.2813,,
2000-10-30,,,,,,,48.25,,76.76563,,,140.5313,,
2000-10-31,,,,,,,49.5,,81.70313,,,142.9531,,
2000-11-01,,,,,,,49.53125,,81.0,,,142.4688,,
2000-11-02,,,,,,,50.71875,,82.0,,,142.7031,,
2000-11-03,,,,,,,50.65625,,83.0625,,,142.7813,,
2000-11-06,,,,,,,50.26565,,82.4375,,,143.7813,,
2000-11-07,,,,,,,50.6875,,82.125,,,143.75,,
2000-11-08,,,,,,,49.78125,,75.70313,,,140.5625,,
2000-11-09,,,,,,,49.25,,75.6875,,,140.0313,,
2000-11-10,,,,,,,48.0,,71.75,,,136.625,,
2000-11-13,,,,,,,47.515625,,70.0625,,,135.5625,,
2000-11-14,,,,,,,48.65625,,75.84375,,,139.125,,
2000-11-15,,,,,,,49.28125,,77.375,,,139.5625,,
2000-11-16,,,,,,,47.851565,,72.875,,,137.375,,
2000-11-17,,,,,,,48.15625,,72.82813,,,136.6406,,
2000-11-20,,,,,,,46.90625,,69.85938,,,134.6875,,
2000-11-21,,,,,,,46.632815,,69.75,,,135.375,,
2000-11-22,,,,,,,45.65625,,66.625,,,132.1406,,
2000-11-24,,,,,,,46.9375,,70.4375,,,134.8438,,
2000-11-27,,,,,,,47.070315,,69.5625,,,136.0313,,
2000-11-28,,,,,,,45.65625,,65.45313,,,133.6875,,
2000-11-29,,,,,,,45.53125,,62.9375,,,133.4375,,
2000-11-30,,,,,,,44.5625,,62.98438,,,132.2813,,
2000-12-01,,,,,,,45.5625,,64.0,,,132.2188,,
2000-12-04,,,,,,,45.0625,,63.6875,,,133.3438,,
2000-12-05,,,,,,,47.25,,70.6875,,,137.7188,,
2000-12-06,,,,,,,46.15625,,68.0,,,135.5156,,
2000-12-07,,,,,,,46.03125,,66.5,,,133.6563,,
2000-12-08,,,,,,,46.65625,,68.0,,,133.9688,,
2000-12-11,,,,,,,48.78125,,74.375,,,138.625,,
2000-12-12,,,,,,,47.71875,,71.65625,,,138.0313,,
2000-12-13,,,,,,,46.61719,,68.73438,,,136.1406,,
2000-12-14,,,,,,,45.875,,65.375,,,134.4063,,
2000-12-15,,,,,,,45.625,,63.875,,,130.9688,,
2000-12-18,,,,,,,46.3125,,64.0,,,132.7188,,
2000-12-19,,,,,,,45.5,,59.125,,,130.0156,,
2000-12-20,,,,,,,44.0625,,55.73438,,,126.25,,
2000-12-21,,,,,,,44.40625,,56.0625,,,127.125,,
2000-12-22,,,,,,,46.25,,60.5,,,130.9375,,
2000-12-26,,,,,,,46.515625,,60.875,,,132.3438,,
2000-12-27,,,,,,,47.75,,61.5625,,,133.3125,,
2000-12-28,,,,,,,49.28125,,61.4375,,,133.7188,,
2000-12-29,,,,,,,47.875,,58.375,,,131.1875,,
2001-01-02,,,,,,,46.203125,,53.4375,,,128.8125,,
2001-01-03,,,,,,,48.11719,,62.4375,,,135.0,,
2001-01-04,,,,,,,47.5,,61.3125,,,133.5469,,
2001-01-05,,,,,,,46.03125,,56.625,,,129.1875,,
2001-01-08,,,,,,,46.1875,,57.25,,,130.1875,,
2001-01-09,,,,,,,46.11719,,57.25,,,129.8438,,
2001-01-10,,,,,,,47.59375,,60.1875,,,132.125,,
2001-01-11,,,,,,,48.24219,,61.9375,,,132.25,,
2001-01-12,,,,,,,48.375,,62.73438,,,132.0,,
2001-01-16,,,,,,,49.34375,,61.98438,,,132.8438,,
2001-01-17,,,,,,,49.3125,,63.875,,,133.4531,,
2001-01-18,,,,,,,49.5,,66.5625,,,134.7813,,
2001-01-19,,,,,,,48.625,,66.3125,,,134.0156,,
2001-01-22,,,,,,,48.96875,,66.375,,,134.9063,,
2001-01-23,,,,,,,50.1875,,67.76563,,,135.9688,,
2001-01-24,,,,,,,50.0,,67.125,,,136.375,,
2001-01-25,,,,,,,49.8125,,64.5,,,136.0313,,
2001-01-26,,,,,,,49.8125,,65.54688,,,135.875,,
2001-01-29,,,,,,,50.825,,67.0,,,136.6,,
2001-01-30,,,,,,,51.155,,66.75,,,137.8,,
2001-01-31,,,,,,,50.45,,64.3,,,137.02,,
2001-02-01,,,,,,,50.82,,65.15,,,137.93,,
2001-02-02,,,,,,,49.685,,61.55,,,134.8,,
2001-02-05,,,,,,,49.785,,61.5,,,135.79,,
2001-02-06,,,,,,,50.575,,61.6,,,135.39,,
2001-02-07,,,,,,,50.7,,60.6,,,134.69,,
2001-02-08,,,,,,,49.94,,58.79,,,133.12,,
2001-02-09,,,,,,,49.3,,56.4,,,131.84,,
2001-02-12,,,,,,,50.4,,57.08,,,133.35,,
2001-02-13,,,,,,,49.925,,55.3,,,132.26,,
2001-02-14,,,,,,,50.45,,57.45,,,132.06,,
2001-02-15,,,,,,,50.7,,58.4,,,133.34,,
2001-02-16,,,,,,,49.605,,55.13,,,130.4,,
2001-02-20,,,,,,,49.03,,52.99,,,128.39,,
2001-02-21,,,,,,,48.175,,51.5,,,125.62,,
2001-02-22,,,,,,,47.5,,51.0,,,125.81,,
2001-02-23,,,,,,,47.6,,51.18,,,124.96,,
2001-02-26,,,,,,,48.65,,52.15,,,127.62,,
2001-02-27,,,,,,,47.775,,49.0,,,126.44,,
2001-02-28,,,,,,,47.075,,47.45,,,123.95,,
2001-03-01,,,,,,,47.4,,48.8,,,124.6,,
2001-03-02,,,,,,,47.525,,46.7,,,123.61,,
2001-03-05,,,,,,,47.35,,47.55,,,124.74,,
2001-03-06,,,,,,,48.05,,49.4,,,126.08,,
2001-03-07,,,,,,,48.3,,49.42,,,126.98,,
2001-03-08,,,,,,,47.9,,48.5,,,127.12,,
2001-03-09,,,,,,,46.955,,45.1,,,123.36,,
2001-03-12,,,,,,,45.625,,42.3,,,118.08,,
2001-03-13,,,,,,,46.1,,44.45,,,120.02,,
2001-03-14,,,,,,,45.0,,43.75,,,117.65,,
2001-03-15,,,,,,,44.825,,42.15,,,117.68,,
2001-03-16,,,,,,,44.0,,41.1,,,115.01,,
2001-03-19,,,,,,,45.15,,43.26,,,117.35,,
2001-03-20,,,,,,,44.1,,40.35,,,114.2,,
2001-03-21,,,,,,,43.425,,40.35,,,112.26,,
2001-03-22,,,,,,,43.0,,42.8,,,111.12,,
2001-03-23,,,,,,,44.125,,42.8,,,114.48,,
2001-03-26,,,,,,,44.725,,41.81,,,115.94,,
2001-03-27,,,,,,,45.085,,43.25,,,118.31,,
2001-03-28,,,,,,,43.875,,39.7,,,115.04,,
2001-03-29,,,,,,,43.95,,38.95,,,115.48,,
2001-03-30,,,,,,,44.8,,39.15,,,116.69,,
2001-04-02,,,,,,,43.75,,37.4,,,114.2,,
2001-04-03,,,,,,,42.265,,34.66,,,110.39,,
2001-04-04,,,,,,,42.4,,34.05,,,110.85,,
2001-04-05,,,,,,,44.45,,37.31,,,115.05,,
2001-04-06,,,,,,,43.2,,36.3,,,113.3,,
2001-04-09,,,,,,,44.15,,37.05,,,114.56,,
2001-04-10,,,,,,,45.2,,39.8,,,116.65,,
2001-04-11,,,,,,,44.9,,41.0,,,116.73,,
2001-04-12,,,,,,,45.45,,42.8,,,118.85,,
2001-04-16,,,,,,,44.63,,40.25,,,117.6,,
2001-04-17,,,,,,,45.35,,41.25,,,119.26,,
2001-04-18,,,,,,,46.675,,45.55,,,124.0,,
2001-04-19,,,,,,,47.195,,48.3,,,125.65,,
2001-04-20,,,,,,,46.645,,48.4,,,124.5,,
2001-04-23,,,,,,,45.8,,45.15,,,122.24,,
2001-04-24,,,,,,,46.15,,44.3,,,121.58,,
2001-04-25,,,,,,,47.15,,45.1,,,123.17,,
2001-04-26,,,,,,,47.825,,43.95,,,123.72,,
2001-04-27,,,,,,,48.45,,45.15,,,125.78,,
2001-04-30,,,,,,,48.5,,46.15,,,124.91,,
2001-05-01,,,,,,,49.1,,48.05,,,127.05,,
2001-05-02,,,,,,,48.975,,48.98,,,126.82,,
2001-05-03,,,,,,,48.37,,46.8,,,125.21,,
2001-05-04,,,,,,,49.05,,48.2,,,127.34,,
2001-05-07,,,,,,,48.75,,47.2,,,126.24,,
2001-05-08,,,,,,,49.0,,48.2,,,126.18,,
2001-05-09,,,,,,,48.7,,46.55,,,125.65,,
2001-05-10,,,,,,,48.75,,45.77,,,126.02,,
2001-05-11,,,,,,,48.46,,45.55,,,125.15,,
2001-05-14,,,,,,,48.45,,44.82,,,125.4,,
2001-05-15,,,,,,,48.925,,45.15,,,125.98,,
2001-05-16,,,,,,,49.865,,47.15,,,128.95,,
2001-05-17,,,,,,,50.38,,47.9,,,129.15,,
2001-05-18,,,,,,,50.575,,48.04,,,129.74,,
2001-05-21,,,,,,,51.45,,51.05,,,131.65,,
2001-05-22,,,,,,,51.7,,50.9,,,131.48,,
2001-05-23,,,,,,,50.5,,48.65,,,129.25,,
2001-05-24,,,,,,,51.025,,49.9,,,129.63,,
2001-05-25,,,,,,,50.65,,48.99,,,128.1,,
2001-05-29,,,,,,,50.0,,46.12,,,127.08,,
2001-05-30,,,,,,,49.35,,44.43,,,125.3,,
2001-05-31,,,,,,,49.55,,44.73,,,125.95,,
2001-06-01,,,,,,,50.135,,46.05,,,126.73,,
2001-06-04,,,,,,,50.79,,45.83,,,127.34,,
2001-06-05,,,,,,,51.5,,47.85,,,128.8,,
2001-06-06,,,,,,,51.175,,47.48,,,127.73,,
2001-06-07,,,,,,,51.39,,48.7,,,128.19,,
2001-06-08,,,,,,,50.95,,47.35,,,127.0,,
2001-06-11,,,,,,,50.275,,46.05,,,126.1,,
2001-06-12,,,,,,,50.4,,45.8,,,125.88,,
2001-06-13,,,,,,,50.33,,44.55,,,124.8,,
2001-06-14,,,,,,,49.075,,42.25,,,122.0,,
2001-06-15,,,,,,,49.375,,42.6,,,121.85,,
2001-06-18,,,,,,,49.0,,42.03,,,121.26,,
2001-06-19,,,,,,,48.85,,41.82,,,121.79,,
2001-06-20,,,,,,,49.425,,42.77,,,122.43,,
2001-06-21,,,,,,,49.495,,43.35,,,123.82,,
2001-06-22,,,,,,,48.6,,43.25,,,122.85,,
2001-06-25,,,,,,,48.26,,43.36,,,121.72,,
2001-06-26,,,,,,,49.0,,43.51,,,121.55,,
2001-06-27,,,,,,,49.475,,43.79,,,121.48,,
2001-06-28,,,,,,,50.1,,44.35,,,122.15,,
2001-06-29,,,,,,,50.95,,45.7,,,122.6,,
2001-07-02,,,,,,,49.8,,45.45,,,124.13,,
2001-07-03,,,,,,,49.5,,45.64,,,124.1,,
2001-07-05,,,,,,,48.85,,43.45,,,121.68,,
2001-07-06,,,,,,,47.95,,41.65,,,119.05,,
2001-07-09,,,,,,,48.4,,42.01,,,119.7,,
2001-07-10,,,,,,,47.5,,40.5,,,118.26,,
2001-07-11,,,,,,,47.5,,41.0,,,118.38,,
2001-07-12,,,,,,,48.665,,43.6,,,121.19,,
2001-07-13,,,,,,,48.9,,43.15,,,122.24,,
2001-07-16,,,,,,,48.075,,42.35,,,120.71,,
2001-07-17,,,,,,,49.025,,43.3,,,121.84,,
2001-07-18,,,,,,,48.1,,41.65,,,121.01,,
2001-07-19,,,,,,,48.5,,42.64,,,122.07,,
2001-07-20,,,,,,,48.5,,41.65,,,121.34,,
2001-07-23,,,,,,,48.15,,40.61,,,118.95,,
2001-07-24,,,,,,,47.35,,40.15,,,117.8,,
2001-07-25,,,,,,,47.625,,40.5,,,119.1,,
2001-07-26,,,,,,,48.325,,41.1,,,120.35,,
2001-07-27,,,,,,,48.25,,41.95,,,120.81,,
2001-07-30,,,,,,,48.175,,41.7,,,120.85,,
2001-07-31,,,,,,,48.115,,41.76,,,121.35,,
2001-08-01,,,,,,,48.85,,43.1,,,122.11,,
2001-08-02,,,,,,,48.7,,43.91,,,122.61,,
2001-08-03,,,,,,,48.575,,43.18,,,121.94,,
2001-08-06,,,,,,,47.9,,42.5,,,120.3,,
2001-08-07,,,,,,,47.95,,42.28,,,120.77,,
2001-08-08,,,,,,,46.875,,40.5,,,118.53,,
2001-08-09,,,,,,,47.35,,40.67,,,118.88,,
2001-08-10,,,,,,,47.3,,40.28,,,119.29,,
2001-08-13,,,,,,,47.7,,41.1,,,119.32,,
2001-08-14,,,,,,,47.85,,40.6,,,119.27,,
2001-08-15,,,,,,,47.79,,39.1,,,118.24,,
2001-08-16,,,,,,,48.1,,39.56,,,118.65,,
2001-08-17,,,42.03333333333333,,,,47.35,,37.76,,,116.75,,
2001-08-20,,,42.11666666666667,,,,47.875,,38.28,,,117.83,,
2001-08-21,,,42.016666666666666,,,,47.05,,36.69,,,115.82,,
2001-08-22,,,42.53333333333333,,,,47.675,,37.69,,,117.02,,
2001-08-23,,,42.333333333333336,,,,47.05,,37.32,,,116.6,,
2001-08-24,,,42.91,,,,48.05,,39.3,,,119.02,,
2001-08-27,,,42.833333333333336,,,,47.875,,39.35,,,118.31,,
2001-08-28,,,42.343333333333334,,,,47.35,,38.12,,,116.58,,
2001-08-29,,,42.15,,,,47.15,,37.56,,,115.54,,
2001-08-30,,,41.550000000000004,,,,46.555,,36.17,,,113.32,,
2001-08-31,,,41.65,,,,46.945,,36.17,,,114.15,,
2001-09-04,,,40.699999999999996,,,,46.5,,35.47,,,113.42,,
2001-09-05,,,40.449999999999996,,,,46.175,,35.33,,,113.7,,
2001-09-06,,,39.53333333333333,,,,45.1,,33.9,,,110.77,,
2001-09-07,,,39.300000000000004,,,,44.265,,33.7,,,108.72,,
2001-09-10,,,38.85,,,,43.925,,34.1,,,110.05,,
2001-09-17,,,37.15,,,,41.75,,31.2,,,104.3,,
2001-09-18,,,36.85,,,,41.075,,30.5,,,104.05,,
2001-09-19,,,36.75,,,,40.08,,29.97,,,101.95,,
2001-09-20,,,35.15,,,,38.555,,28.97,,,98.71,,
2001-09-21,,,34.166666666666664,,,,37.83,,28.19,,,97.28,,
2001-09-24,,,35.75,,,,39.0,,29.61,,,100.7,,
2001-09-25,,,36.166666666666664,,,,39.475,,29.7,,,101.75,,
2001-09-26,,,36.35,,,,38.89,,28.67,,,101.39,,
2001-09-27,,,36.92333333333333,,,,39.515,,28.48,,,102.27,,
2001-09-28,,,37.64333333333334,,,,40.1,,28.98,,,104.44,,
2001-10-01,,,37.44,,,,39.75,,28.73,,,104.27,,
2001-10-02,,,37.516666666666666,,,,40.185,,28.82,,,105.58,,
2001-10-03,,,37.9,,,,41.1,,31.0,,,107.35,,
2001-10-04,,,38.303333333333335,,,,41.51,,31.3,,,107.44,,
2001-10-05,,,38.36333333333334,,,,41.3,,31.76,,,107.23,,
2001-10-08,,,38.13333333333333,,,,40.925,,31.86,,,106.53,,
2001-10-09,,,38.03333333333333,,,,40.585,,31.09,,,105.96,,
2001-10-10,,,38.800000000000004,,,,42.0,,32.5,,,108.32,,
2001-10-11,,,39.06666666666667,,,,42.675,,34.7,,,110.0,,
2001-10-12,,,39.016666666666666,,,,42.54,,34.55,,,109.5,,
2001-10-15,,,38.4,,,,42.7,,34.4,,,109.3,,
2001-10-16,,,38.93333333333333,,,,43.275,,34.96,,,109.99,,
2001-10-17,,,38.96666666666667,,,,42.05,,32.45,,,107.65,,
2001-10-18,,,38.65,,,,41.78,,33.33,,,107.42,,
2001-10-19,,,38.266666666666666,,,,42.3,,33.55,,,107.35,,
2001-10-22,,,38.53333333333333,,,,42.68,,34.45,,,109.47,,
2001-10-23,,,38.839999999999996,,,,42.4,,34.63,,,108.91,,
2001-10-24,,,39.23,,,,42.675,,35.38,,,108.62,,
2001-10-25,,,39.17333333333333,,,,43.625,,36.8,,,110.57,,
2001-10-26,,,39.42666666666667,,,,43.625,,36.01,,,110.32,,
2001-10-29,,,38.60333333333333,,,,42.75,,34.04,,,107.45,,
2001-10-30,,,38.166666666666664,,,,41.85,,33.38,,,106.16,,
2001-10-31,,,38.27333333333333,,,,42.55,,33.9,,,105.8,,
2001-11-01,,,39.08,,,,43.3,,35.34,,,108.51,,
2001-11-02,,,39.07666666666667,,,,43.0,,35.6,,,109.25,,
2001-11-05,,,39.46666666666667,,,,43.625,,36.76,,,110.68,,
2001-11-06,,,39.876666666666665,,,,44.25,,38.19,,,112.4,,
2001-11-07,,,39.516666666666666,,,,43.95,,38.14,,,112.25,,
2001-11-08,,,39.800000000000004,,,,43.85,,37.75,,,112.6,,
2001-11-09,,,39.733333333333334,,,,43.7,,37.73,,,112.72,,
2001-11-12,,,39.199999999999996,,,,43.875,,38.0,,,112.03,,
2001-11-13,,,39.56,,,,44.675,,39.36,,,114.55,,
2001-11-14,,,39.6,,,,45.12,,39.64,,,114.66,,
2001-11-15,,,39.77,,,,44.95,,39.48,,,114.87,,
2001-11-16,,,39.99333333333333,,,,44.995,,39.37,,,114.36,,
2001-11-19,,,40.193333333333335,,,,45.5,,40.49,,,115.77,,
2001-11-20,,,39.916666666666664,,,,45.24,,38.62,,,114.8,,
2001-11-21,,,39.81333333333333,,,,45.085,,38.64,,,114.04,,
2001-11-23,,,39.94,,,,45.74,,39.28,,,115.68,,
2001-11-26,,,40.32666666666667,,,,45.975,,40.25,,,115.93,,
2001-11-27,,,40.013333333333335,,,,45.825,,40.2,,,115.43,,
2001-11-28,,,39.31666666666667,,,,45.025,,38.75,,,113.34,,
2001-11-29,,,39.40333333333333,,,,46.35,,39.95,,,114.87,,
2001-11-30,,,39.553333333333335,,,,45.8,,39.65,,,114.05,,
2001-12-03,,,39.21666666666667,,,,45.5,,38.97,,,113.37,,
2001-12-04,,,39.77333333333333,,,,46.55,,40.83,,,115.29,,
2001-12-05,,,40.73,,,,47.575,,42.85,,,117.4,,
2001-12-06,,,40.85666666666666,,,,48.25,,42.91,,,117.34,,
2001-12-07,,,40.24,,,,47.885,,41.73,,,116.56,,
2001-12-10,,,39.46666666666667,,,,47.055,,41.0,,,114.38,,
2001-12-11,,,39.54666666666667,,,,47.325,,41.23,,,114.15,,
2001-12-12,,,39.71,,,,47.4,,41.56,,,114.28,,
2001-12-13,,,38.77,,,,46.555,,39.76,,,112.06,,
2001-12-14,,,38.99333333333333,,,,46.95,,40.11,,,113.13,,
2001-12-17,,,39.45666666666667,,,,47.85,,40.8,,,114.3,,
2001-12-18,,,39.56333333333333,,,,48.275,,41.26,,,114.98,,
2001-12-19,,,39.15,,,,47.9,,40.51,,,115.79,,
2001-12-20,,,38.96,,,,47.15,,38.79,,,114.65,,
2001-12-21,,,39.156666666666666,,,,48.1,,39.48,,,114.95,,
2001-12-24,,,38.983333333333334,,,,48.325,,39.32,,,114.73,,
2001-12-26,,,38.949999999999996,,,,48.75,,39.69,,,115.36,,
2001-12-27,,,39.46666666666667,,,,48.95,,40.01,,,116.06,,
2001-12-28,,,39.78,,,,49.0,,40.33,,,116.0,,
2001-12-31,,,39.766666666666666,,,,48.175,,38.91,,,114.3,,
2002-01-02,,,39.986666666666665,,,,48.4,,40.11,,,115.53,,
2002-01-03,,,40.34666666666667,,,,49.295,,41.5,,,116.84,,
2002-01-04,,,40.61333333333334,,,,49.725,,41.67,,,117.62,,
2002-01-07,,,40.07333333333333,,,,48.925,,41.21,,,116.79,,
2002-01-08,,,39.61666666666667,,,,49.5,,41.49,,,116.52,,
2002-01-09,,,39.199999999999996,,,,49.0,,41.11,,,115.57,,
2002-01-10,,,39.29333333333333,,,,49.3,,41.38,,,116.08,,
2002-01-11,,,39.07,,,,48.7,,40.85,,,114.94,,
2002-01-14,,,38.68,,,,47.975,,39.96,,,114.22,,
2002-01-15,,,38.65,,,,48.3,,40.34,,,115.15,,
2002-01-16,,,37.97,,,,47.25,,38.78,,,112.82,,
2002-01-17,,,38.516666666666666,,,,47.55,,39.65,,,113.67,,
2002-01-18,,,38.5,,,,46.95,,38.59,,,113.15,,
2002-01-22,,,38.050000000000004,,,,46.65,,37.4,,,112.37,,
2002-01-23,,,38.15,,,,47.3,,38.43,,,113.23,,
2002-01-24,,,38.35666666666666,,,,47.32,,38.94,,,113.58,,
2002-01-25,,,37.81,,,,47.64,,38.83,,,113.55,,
2002-01-28,,,38.163333333333334,,,,47.95,,39.05,,,113.86,,
2002-01-29,,,37.10333333333333,,,,47.105,,37.98,,,110.28,,
2002-01-30,,,37.513333333333335,,,,47.695,,38.27,,,111.87,,
2002-01-31,,,37.46666666666667,,,,48.1,,38.51,,,113.18,,
2002-02-01,,,37.38333333333333,,,,47.825,,38.14,,,112.65,,
2002-02-04,,,37.07666666666667,,,,46.7,,36.92,,,109.85,,
2002-02-05,,,36.1,,,,46.52,,36.31,,,109.17,,
2002-02-06,,,36.28333333333333,,,,46.0,,36.06,,,108.7,,
2002-02-07,,,36.68666666666667,,,,45.4,,35.19,,,108.02,,
2002-02-08,,,37.18,,,,46.6,,36.17,,,110.09,,
2002-02-11,,,37.63333333333333,,,,46.805,,36.63,,,111.44,,
2002-02-12,,,37.61666666666667,,,,46.905,,36.33,,,111.09,,
2002-02-13,,,37.666666666666664,,,,47.35,,36.95,,,112.27,,
2002-02-14,,,37.96666666666667,,,,46.75,,36.88,,,112.06,,
2002-02-15,,,37.733333333333334,,,,46.68,,35.78,,,110.89,,
2002-02-19,,,36.93333333333333,,,,45.775,,34.68,,,108.76,,
2002-02-20,,,37.1,,,,46.55,,35.15,,,110.59,,
2002-02-21,,,36.84666666666667,,,,45.555,,33.48,,,108.3,,
2002-02-22,,,37.11333333333334,,,,46.375,,33.65,,,109.64,,
2002-02-25,,,37.58,,,,46.665,,35.01,,,111.45,,
2002-02-26,,,37.36666666666667,,,,46.885,,34.88,,,111.22,,
2002-02-27,,,37.78333333333333,,,,47.1,,34.4,,,111.65,,
2002-02-28,,,37.916666666666664,,,,46.6,,33.78,,,111.15,,
2002-03-01,,,38.63333333333333,,,,47.75,,35.74,,,113.74,,
2002-03-04,,,39.95333333333333,,,,48.5,,37.15,,,115.75,,
2002-03-05,,,39.513333333333335,,,,48.61,,37.42,,,115.38,,
2002-03-06,,,39.92333333333333,,,,49.2,,37.6,,,116.75,,
2002-03-07,,,40.54333333333333,,,,49.25,,37.68,,,116.5,,
2002-03-08,,,40.60333333333333,,,,49.69,,38.67,,,116.99,,
2002-03-11,,,40.666666666666664,,,,49.7,,38.53,,,117.24,,
2002-03-12,,,40.199999999999996,,,,49.62,,38.0,,,117.17,,
2002-03-13,,,39.766666666666666,,,,49.2,,37.08,,,116.04,,
2002-03-14,,,40.160000000000004,,,,49.425,,36.86,,,115.88,,
2002-03-15,,,40.60666666666666,,,,49.625,,37.23,,,116.65,,
2002-03-18,,,40.56,,,,49.905,,37.44,,,116.67,,
2002-03-19,,,40.763333333333335,,,,50.225,,37.38,,,117.45,,
2002-03-20,,,40.24,,,,49.435,,36.06,,,115.24,,
2002-03-21,,,40.343333333333334,,,,50.265,,37.02,,,115.29,,
2002-03-22,,,39.986666666666665,,,,49.9,,36.68,,,115.04,,
2002-03-25,,,39.49333333333333,,,,49.295,,35.56,,,113.61,,
2002-03-26,,,39.74333333333333,,,,49.85,,35.89,,,114.27,,
2002-03-27,,,39.803333333333335,,,,50.315,,35.61,,,114.57,,
2002-03-28,,,40.03333333333333,,,,50.05,,36.06,,,114.52,,
2002-04-01,,,40.25666666666667,,,,50.1,,36.75,,,114.57,,
2002-04-02,,,40.1,,,,49.78,,35.09,,,113.94,,
2002-04-03,,,40.10666666666666,,,,49.425,,35.03,,,113.14,,
2002-04-04,,,40.050000000000004,,,,49.62,,34.76,,,112.67,,
2002-04-05,,,40.050000000000004,,,,49.55,,34.37,,,112.69,,
2002-04-08,,,39.586666666666666,,,,50.17,,34.8,,,112.93,,
2002-04-09,,,39.526666666666664,,,,49.985,,33.59,,,112.14,,
2002-04-10,,,40.04333333333333,,,,50.95,,33.84,,,113.41,,
2002-04-11,,,39.15333333333333,,,,50.135,,33.0,,,110.59,,
2002-04-12,,,39.553333333333335,,,,51.25,,33.52,,,111.42,,
2002-04-15,,,39.833333333333336,,,,50.875,,33.79,,,110.57,,
2002-04-16,,,40.58,,,,52.15,,35.2,,,113.2,,
2002-04-17,,,40.63333333333333,,,,51.71,,35.02,,,112.96,,
2002-04-18,,,40.763333333333335,,,,51.49,,34.35,,,112.47,,
2002-04-19,,,40.92666666666667,,,,51.45,,34.46,,,112.88,,
2002-04-22,,,40.64,,,,50.77,,33.59,,,111.0,,
2002-04-23,,,40.53333333333333,,,,50.95,,33.01,,,110.52,,
2002-04-24,,,40.333333333333336,,,,50.52,,32.5,,,109.41,,
2002-04-25,,,40.699999999999996,,,,50.655,,32.42,,,109.47,,
2002-04-26,,,40.339999999999996,,,,49.685,,31.04,,,107.39,,
2002-04-29,,,40.233333333333334,,,,49.835,,31.12,,,106.86,,
2002-04-30,,,40.64333333333334,,,,50.65,,31.73,,,107.86,,
2002-05-01,,,40.85666666666666,,,,51.0,,31.56,,,109.18,,
2002-05-02,,,40.74666666666666,,,,51.175,,30.51,,,108.76,,
2002-05-03,,,41.02333333333333,,,,50.95,,29.74,,,107.58,,
2002-05-06,,,40.6,,,,49.975,,28.97,,,105.47,,
2002-05-07,,,40.06666666666667,,,,49.615,,28.7,,,105.1,,
2002-05-08,,,40.949999999999996,,,,50.8,,31.77,,,109.01,,
2002-05-09,,,40.75,,,,49.875,,30.95,,,107.75,,
2002-05-10,,,40.413333333333334,,,,49.065,,29.56,,,105.72,,
2002-05-13,,,41.013333333333335,,,,49.7,,30.76,,,107.87,,
2002-05-14,,,41.06,,,,51.2,,32.57,,,110.22,,
2002-05-15,,,41.233333333333334,,,,51.15,,32.81,,,109.79,,
2002-05-16,,,41.443333333333335,,,,50.545,,32.86,,,110.36,,
2002-05-17,,,41.81333333333333,,,,50.7,,32.93,,,110.9,,
2002-05-20,,,41.6,,,,50.06,,32.21,,,109.7,,
2002-05-21,,,41.53666666666667,,,,49.3,,31.33,,,108.7,,
2002-05-22,,,41.61666666666667,,,,49.0,,31.4,,,108.94,,
2002-05-23,,,41.656666666666666,,,,49.975,,32.03,,,110.1,,
2002-05-24,,,41.38333333333333,,,,49.185,,31.24,,,108.69,,
2002-05-28,,,41.300000000000004,,,,49.06,,31.1,,,108.1,,
2002-05-29,,,41.26,,,,48.435,,30.28,,,107.3,,
2002-05-30,,,41.07666666666667,,,,48.61,,30.54,,,107.0,,
2002-05-31,,,40.86,,,,48.25,,30.04,,,107.22,,
2002-06-03,,,40.78333333333333,,,,47.125,,28.98,,,104.37,,
2002-06-04,,,40.550000000000004,,,,47.135,,29.36,,,104.63,,
2002-06-05,,,40.46666666666667,,,,47.3,,29.66,,,105.61,,
2002-06-06,,,40.06666666666667,,,,46.38,,28.88,,,103.46,,
2002-06-07,,,39.75,,,,46.8,,28.3,,,103.34,,
2002-06-10,,,39.88,,,,46.75,,28.25,,,103.74,,
2002-06-11,,,39.68333333333333,,,,46.0,,27.46,,,101.96,,
2002-06-12,,,39.46333333333333,,,,46.15,,27.86,,,102.58,,
2002-06-13,,,38.800000000000004,,,,45.5,,27.68,,,101.55,,
2002-06-14,,,38.35333333333333,,,,45.75,,27.62,,,101.4,,
2002-06-17,,,38.96,,,,46.815,,28.56,,,104.12,,
2002-06-18,,,39.053333333333335,,,,46.945,,29.02,,,104.97,,
2002-06-19,,,38.0,,,,46.0,,27.34,,,102.52,,
2002-06-20,,,37.82333333333333,,,,45.9,,26.46,,,101.21,,
2002-06-21,,,37.86666666666667,,,,45.8,,25.82,,,99.28,,
2002-06-24,,,37.87,,,,45.655,,26.33,,,99.8,,
2002-06-25,,,37.9,,,,45.01,,25.46,,,97.56,,
2002-06-26,,,37.906666666666666,,,,44.985,,25.45,,,97.72,,
2002-06-27,,,38.843333333333334,,,,45.85,,26.21,,,99.43,,
2002-06-28,,,39.516666666666666,,,,45.325,,26.1,,,98.96,,
2002-07-01,,,39.199999999999996,,,,44.4,,24.85,,,97.03,,
2002-07-02,,,38.483333333333334,,,,43.065,,23.95,,,94.97,,
2002-07-03,,,38.11666666666667,,,,42.55,,24.75,,,95.51,,
2002-07-05,,,39.59666666666667,,,,43.96,,26.34,,,99.31,,
2002-07-08,,,39.56666666666667,,,,43.05,,25.38,,,98.07,,
2002-07-09,,,39.083333333333336,,,,42.885,,24.66,,,95.6,,
2002-07-10,,,37.986666666666665,,,,41.705,,23.9,,,92.12,,
2002-07-11,,,37.833333333333336,,,,41.38,,24.8,,,92.87,,
2002-07-12,,,37.31666666666667,,,,41.025,,24.8,,,91.85,,
2002-07-15,,,36.88,,,,40.77,,25.57,,,92.34,,
2002-07-16,,,36.166666666666664,,,,40.5,,25.19,,,90.56,,
2002-07-17,,,37.083333333333336,,,,40.875,,25.65,,,90.74,,
2002-07-18,,,37.23,,,,39.45,,24.73,,,87.8,,
2002-07-19,,,35.913333333333334,,,,38.625,,23.99,,,84.71,,
2002-07-22,,,34.61666666666667,,,,37.855,,23.4,,,82.2,,
2002-07-23,,,33.63333333333333,,,,35.875,,22.4,,,79.95,,
2002-07-24,,,34.836666666666666,,,,38.0,,23.62,,,84.72,,
2002-07-25,,,34.46666666666667,,,,37.7,,22.25,,,84.0,,
2002-07-26,,,34.46666666666667,,,82.79,38.3,102.15,22.67,81.31,,85.6,82.51,
2002-07-29,,,36.11666666666667,,,81.82,39.775,101.35,23.83,81.04,,89.77,81.42,
2002-07-30,,,35.88666666666666,,,81.77,39.895,101.37,24.31,81.01,,90.94,81.52,
2002-07-31,,,35.75,,,82.52,39.275,101.99,23.85,81.26,,91.16,82.53,
2002-08-01,,,34.5,,,82.86,38.7,102.99,22.73,81.42,,88.78,83.0,
2002-08-02,,,34.36666666666667,,,83.5,37.485,103.2,22.25,81.58,,86.79,83.85,
2002-08-05,,,33.199999999999996,,,83.92,36.485,102.95,21.44,81.71,,83.77,84.22,
2002-08-06,,,33.92666666666667,,,83.24,38.075,102.6,22.5,81.51,,86.59,83.5,
2002-08-07,,,34.583333333333336,,,83.5,38.22,102.89,22.8,81.63,,88.1,83.7,
2002-08-08,,,35.36666666666667,,,83.21,38.835,102.59,23.57,81.51,,90.95,83.7,
2002-08-09,,,35.699999999999996,,,83.83,38.505,103.0,23.33,81.53,,91.29,84.88,
2002-08-12,,,35.300000000000004,,,84.0,38.6,103.14,23.4,81.52,,90.62,85.4,
2002-08-13,,,34.96333333333333,,,84.67,37.5,103.99,22.6,81.66,,88.97,86.45,
2002-08-14,,,35.78333333333333,,,84.42,38.84,104.03,24.04,81.48,,92.22,86.78,
2002-08-15,,,36.06666666666667,,,83.93,38.88,103.72,24.53,81.41,,93.5,86.02,
2002-08-16,,,36.06666666666667,,,83.38,39.475,103.22,24.7,81.36,,93.22,85.06,
2002-08-19,,,36.71666666666667,,,83.46,40.025,103.8,25.3,81.37,,95.4,85.32,
2002-08-20,,,35.733333333333334,,,84.23,39.825,104.91,25.19,81.56,,94.39,86.27,
2002-08-21,,,36.63333333333333,,,84.02,40.64,105.05,25.75,81.49,,95.75,85.81,
2002-08-22,,,36.74,,,83.57,40.9,104.9,26.16,81.4,,96.68,85.06,
2002-08-23,,,36.28333333333333,,,83.95,39.825,105.2,25.15,81.5,,94.6,85.9,
2002-08-26,,,36.449999999999996,,,83.99,40.55,105.31,25.25,81.49,,95.26,85.98,
2002-08-27,,,36.77,,,83.74,39.775,105.05,24.37,81.43,,94.16,85.44,
2002-08-28,,,35.766666666666666,,,84.05,39.0,105.25,23.48,81.49,,92.1,85.87,
2002-08-29,,,35.416666666666664,,,84.44,39.29,105.64,23.79,81.58,,92.14,86.56,
2002-08-30,,,35.4,,,84.6,39.025,105.7,23.49,81.61,,91.78,87.08,
2002-09-03,,,34.016666666666666,,,85.23,37.875,105.65,22.64,81.67,,88.28,88.04,
2002-09-04,,,34.02333333333333,,,85.2,38.675,106.04,22.73,81.64,,89.54,88.02,
2002-09-05,,,33.766666666666666,,,85.54,37.9,106.34,22.17,81.73,,88.78,88.5,
2002-09-06,,,34.26,,,84.88,39.15,105.62,22.85,81.57,,90.0,87.46,
2002-09-09,,,34.10666666666666,,,84.76,39.03,105.69,23.08,81.46,,90.66,87.33,
2002-09-10,,,34.36666666666667,,,85.06,39.275,106.14,23.65,81.51,,91.7,87.75,
2002-09-11,,,34.68666666666667,,,84.75,39.15,106.0,23.45,81.46,,91.13,87.29,
2002-09-12,,,34.11333333333334,,,85.19,38.5,106.55,22.81,81.52,,89.45,87.97,
2002-09-13,,,33.27333333333333,,,85.59,38.85,106.73,22.99,81.58,,89.67,88.78,
2002-09-16,,,33.0,,,85.62,38.4,107.15,22.66,81.55,,89.89,88.93,
2002-09-17,,,32.833333333333336,,,85.9,37.875,107.23,22.18,81.61,,87.83,89.1,
2002-09-18,,,32.81666666666667,,,86.0,37.775,107.1,21.93,81.6,,86.95,89.12,
2002-09-19,,,32.25,,,86.43,36.395,107.1,21.58,81.77,,84.7,89.72,
2002-09-20,,,32.07333333333333,,,86.4,36.55,107.15,21.67,81.78,,84.35,89.3,
2002-09-23,,,30.933333333333334,,,86.89,35.65,106.82,21.02,81.8,,83.66,90.1,
2002-09-24,,,30.433333333333334,,,87.2,35.375,106.8,21.03,81.84,,82.31,90.68,
2002-09-25,,,31.2,,,86.54,36.45,106.58,21.87,81.76,,84.35,89.58,
2002-09-26,,,32.300000000000004,,,86.48,36.93,106.7,21.6,81.79,,85.73,89.37,
2002-09-27,,,32.29,,,87.05,36.025,107.55,21.31,81.96,,82.75,90.04,
2002-09-30,,,31.733333333333334,,,87.56,35.775,107.35,20.72,82.08,,81.79,90.4,
2002-10-01,,,32.51,,,86.54,36.925,106.83,21.98,81.86,,85.72,88.94,
2002-10-02,,,32.06333333333333,,,86.83,36.025,106.8,21.25,81.93,,83.15,89.45,
2002-10-03,,,31.709999999999997,,,86.78,35.635,106.75,20.74,81.94,,82.31,89.23,
2002-10-04,,,31.166666666666668,,,86.87,34.65,106.5,20.35,81.87,,80.8,89.51,
2002-10-07,,,30.400000000000002,,,87.21,33.72,106.0,20.16,81.97,,79.13,89.66,
2002-10-08,,,30.48,,,87.05,33.975,105.01,20.2,81.89,,80.37,89.69,
2002-10-09,,,30.0,,,87.49,32.55,104.62,20.06,82.06,,78.1,90.15,
2002-10-10,,,30.7,,,86.99,33.5,104.6,21.08,81.98,,80.63,89.44,
2002-10-11,,,31.816666666666666,,,86.37,34.35,104.9,22.22,81.85,,84.16,88.38,
2002-10-14,,,31.0,,,86.3,34.58,105.09,22.48,81.87,,84.63,88.25,
2002-10-15,,,33.166666666666664,,,84.85,35.975,103.85,23.56,81.56,,88.7,86.16,
2002-10-16,,,32.583333333333336,,,84.85,35.075,103.6,22.78,81.59,,86.55,86.2,
2002-10-17,,,33.050000000000004,,,84.4,36.125,102.82,23.55,81.52,,88.27,85.15,
2002-10-18,,,32.78333333333333,,,84.65,36.2,103.09,23.81,81.59,,88.64,85.37,
2002-10-21,,,33.25,,,84.0,36.675,102.48,24.29,81.41,,90.17,84.54,
2002-10-22,,,32.87,,,83.96,36.205,102.9,24.14,81.4,,89.52,84.3,
2002-10-23,,,32.56666666666667,,,84.14,36.78,103.1,24.6,81.46,,90.2,84.33,
2002-10-24,,,32.25,,,84.54,36.425,103.49,23.98,81.6,,88.36,85.07,
2002-10-25,,,32.800000000000004,,,84.91,37.22,104.2,24.62,81.74,,90.2,85.38,
2002-10-28,,,32.949999999999996,,,85.01,36.8,104.49,24.49,81.85,,89.61,85.26,
2002-10-29,,,32.21666666666667,,,85.78,36.695,105.1,23.92,82.03,,88.57,86.37,
2002-10-30,,,32.733333333333334,,,85.77,37.325,105.12,24.56,82.02,,89.43,86.34,
2002-10-31,,,32.949999999999996,,,86.21,37.25,106.25,24.55,82.16,,88.52,86.73,
2002-11-01,,,33.46333333333333,,,85.4,38.125,104.98,25.25,81.94,,90.27,85.98,
2002-11-04,,,33.9,,,85.13,38.455,105.2,25.9,81.86,,91.13,85.6,
2002-11-05,,,34.416666666666664,,,84.9,38.52,105.09,26.1,81.85,,91.85,85.27,
2002-11-06,,,34.43333333333333,,,85.18,39.175,105.41,26.47,81.88,,93.04,85.61,
2002-11-07,,,33.85,,,86.01,38.245,106.9,25.54,81.92,,90.76,87.73,
2002-11-08,,,33.56666666666667,,,86.22,37.725,107.04,25.07,81.89,,89.65,88.44,
2002-11-11,,,32.910000000000004,,,86.44,36.81,107.33,24.31,81.97,,88.26,88.92,
2002-11-12,,,33.516666666666666,,,86.17,37.4,106.44,24.93,81.99,,88.96,88.41,
2002-11-13,,,33.13333333333333,,,86.27,37.6,106.85,25.23,82.0,,89.05,88.6,
2002-11-14,,,33.873333333333335,,,85.19,38.415,106.14,26.1,81.8,,90.73,86.76,
2002-11-15,,,34.38333333333333,,,85.25,38.4,106.75,26.44,81.84,,91.4,87.11,
2002-11-18,,,33.949999999999996,,,85.33,38.105,107.49,26.05,81.84,,90.48,87.5,
2002-11-19,,,33.63333333333333,,,85.4,37.97,107.29,25.65,81.82,,90.36,87.82,
2002-11-20,,,34.1,,,84.93,38.975,106.94,26.74,81.75,,92.37,86.96,
2002-11-21,,,34.93333333333333,,,84.44,39.735,106.94,27.73,81.64,,94.09,86.12,
2002-11-22,,,34.766666666666666,,,84.34,40.01,106.5,27.72,81.61,,93.42,86.04,
2002-11-25,,,34.49666666666666,,,84.21,40.275,106.49,27.99,81.66,,93.48,85.88,
2002-11-26,,,33.69,,,84.97,39.825,107.09,27.05,81.81,,91.7,86.96,
2002-11-27,,,34.623333333333335,,,84.0,40.91,106.49,27.91,81.67,,94.28,85.0,
2002-11-29,,,34.800000000000004,,,84.12,40.405,106.49,27.72,81.71,,93.98,85.55,
2002-12-02,,,34.973333333333336,,,83.57,40.715,106.21,28.0,81.62,,94.13,85.24,
2002-12-03,,,34.35333333333333,,,83.56,40.0,106.4,27.17,81.65,,92.87,85.36,
2002-12-04,,,34.196666666666665,,,83.85,39.605,106.4,26.57,81.7,,92.45,85.8,
2002-12-05,,,33.81333333333333,,,84.08,39.42,106.64,26.2,81.77,,91.43,86.02,
2002-12-06,,,34.050000000000004,,,84.42,39.58,106.7,26.47,81.85,,92.03,86.17,
2002-12-09,,,33.17666666666667,,,84.74,38.53,106.7,25.22,81.87,,89.5,86.65,
2002-12-10,,,33.626666666666665,,,84.67,39.28,106.9,25.6,81.86,,90.7,86.88,
2002-12-11,,,33.583333333333336,,,84.95,39.325,107.35,25.72,81.93,,90.78,87.46,
2002-12-12,,,33.516666666666666,,,85.02,39.485,107.35,25.86,81.96,,90.77,87.38,
2002-12-13,,,33.199999999999996,,,84.71,38.525,106.8,25.04,81.9,,89.34,86.53,
2002-12-16,,,33.916666666666664,,,84.36,39.215,106.75,25.85,81.86,,91.65,85.88,
2002-12-17,,,33.74666666666666,,,84.56,38.8,107.15,25.93,81.94,,90.85,85.88,
2002-12-18,,,33.03333333333333,,,85.08,38.18,107.69,25.38,82.07,,89.8,86.55,
2002-12-19,,,33.21666666666667,,,85.52,38.085,108.38,25.06,82.16,,89.16,87.32,
2002-12-20,,,33.416666666666664,,,85.52,38.515,108.41,25.32,82.12,,89.99,87.38,
2002-12-23,,,32.85,,,85.47,38.775,108.43,25.67,82.13,,90.02,87.4,
2002-12-24,,,32.79,,,85.79,38.7,108.66,25.35,82.22,,89.355,87.89,
2002-12-26,,,32.9,,,85.92,38.7,109.02,25.28,82.28,,89.39,88.06,
2002-12-27,,,32.38333333333333,,,86.43,38.07,109.65,24.82,82.38,,87.38,89.03,
2002-12-30,,,32.86666666666667,,,86.59,37.95,109.98,24.63,82.39,,88.11,89.24,
2002-12-31,,,33.00333333333334,,,86.15,37.905,109.69,24.37,82.31,,88.23,88.57,
2003-01-02,,,33.699999999999996,,,84.79,38.95,107.33,25.4,82.0,,91.07,86.28,
2003-01-03,,,33.733333333333334,,,84.93,38.885,107.94,25.68,82.01,,91.35,86.48,
2003-01-06,,,34.15,,,84.72,39.34,107.89,26.32,81.96,,92.96,86.25,
2003-01-07,,,33.61666666666667,,,84.99,39.135,108.3,26.65,82.02,,92.73,86.56,
2003-01-08,,,33.160000000000004,,,85.19,38.745,108.41,25.9,82.09,,91.39,86.99,
2003-01-09,,,33.56666666666667,,,84.16,39.315,107.54,26.7,81.94,,92.81,85.32,
2003-01-10,,,33.52333333333333,,,84.25,39.4,107.82,27.1,82.05,,93.06,85.54,
2003-01-13,,,33.593333333333334,,,84.4,39.49,107.7,26.94,82.03,,93.03,85.68,
2003-01-14,,,33.85,,,84.6,39.515,108.0,27.08,82.06,,93.33,85.98,
2003-01-15,,,33.526666666666664,,,84.79,39.425,108.0,26.74,82.09,,92.4,86.4,
2003-01-16,,,33.666666666666664,,,84.76,39.37,107.75,26.44,82.14,,92.02,86.52,
2003-01-17,,,33.31333333333333,,,85.11,38.63,108.25,25.31,82.12,,90.66,86.95,
2003-01-21,,,32.72666666666667,,,85.4,38.07,108.32,25.03,82.22,,89.25,87.45,
2003-01-22,,,32.266666666666666,,,85.75,37.74,108.54,24.93,82.28,,88.17,87.88,
2003-01-23,,,32.49333333333333,,,85.57,37.975,108.59,25.51,82.23,,88.71,87.45,
2003-01-24,,,32.15,,,85.74,37.19,109.08,24.82,82.22,,86.38,87.97,
2003-01-27,,,31.293333333333333,,,85.48,36.625,108.44,24.53,82.22,,85.2,87.65,
2003-01-28,,,31.426666666666666,,,85.49,36.925,108.77,24.78,82.24,,85.83,87.65,
2003-01-29,,,31.349999999999998,,,85.12,37.205,108.13,25.15,82.17,,86.48,87.17,
2003-01-30,,,31.33,,,85.45,36.6,108.5,24.54,82.27,,84.43,87.82,
2003-01-31,,,31.583333333333332,,,85.49,37.12,108.8,24.44,82.25,,86.06,88.06,
2003-02-03,,,32.08,,,85.08,36.8,108.45,24.49,82.08,,86.23,87.88,
2003-02-04,,,31.616666666666664,,,85.36,36.8,108.66,24.19,82.17,,85.38,88.27,
2003-02-05,,,31.67,,,85.03,36.525,108.5,24.08,82.14,,84.85,87.51,
2003-02-06,,,31.363333333333333,,,85.36,36.325,108.69,24.21,82.18,,84.45,88.22,
2003-02-07,,,30.91,,,85.4,35.66,108.93,23.81,82.25,,83.42,88.42,
2003-02-10,,,31.016666666666666,,,85.24,36.03,108.26,24.02,82.19,,84.01,87.8,
2003-02-11,,,31.166666666666668,,,85.32,35.93,108.66,24.15,82.22,,83.43,87.78,
2003-02-12,,,30.83666666666667,,,85.69,35.425,108.51,23.82,82.29,,82.1,88.09,
2003-02-13,,,31.290000000000003,,,86.0,35.33,108.51,23.94,82.36,,82.35,88.57,
2003-02-14,,,31.58666666666667,,,85.7,35.65,108.46,24.49,82.29,,84.15,87.81,
2003-02-18,,,32.050000000000004,,,85.7,36.365,108.8,25.25,82.26,,85.63,87.92,
2003-02-19,,,31.3,,,86.02,35.925,109.15,25.08,82.3,,85.18,88.52,
2003-02-20,,,31.333333333333332,,,86.32,35.85,109.43,24.98,82.35,,84.33,88.82,
2003-02-21,,,31.53333333333333,,,86.0,36.16,109.13,25.17,82.28,,85.18,88.3,
2003-02-24,,,31.150000000000002,,,86.34,35.605,109.49,24.74,82.32,,83.8,88.72,
2003-02-25,,,30.766666666666666,,,86.46,35.93,109.69,24.77,82.37,,84.47,89.13,
2003-02-26,,,30.400000000000002,,,86.72,35.75,109.99,24.22,82.41,,83.24,89.75,
2003-02-27,,,30.44333333333333,,,86.8,35.947,110.45,24.77,82.41,,84.34,89.9,
2003-02-28,,,30.916666666666668,,,87.09,36.005,110.49,25.16,82.45,,84.9,90.47,
2003-03-03,,,31.05,,,87.03,35.895,110.7,24.65,82.37,,84.09,90.24,
2003-03-04,,,30.599999999999998,,,87.2,35.43,110.76,24.5,82.36,,82.75,90.3,
2003-03-05,,,30.650000000000002,,,87.36,35.5,110.7,24.55,82.43,,83.45,90.6,
2003-03-06,,,30.3,,,87.18,35.21,110.51,24.49,82.46,,82.75,90.25,
2003-03-07,,,30.08,,,87.47,35.225,110.54,24.54,82.54,,83.32,90.56,
2003-03-10,,,29.246666666666666,,,87.76,34.62,110.85,24.01,82.62,,81.32,91.03,
2003-03-11,,,29.150000000000002,,,87.74,34.375,110.6,23.8,82.55,,80.52,90.87,
2003-03-12,,,28.813333333333333,,,87.54,34.45,110.4,24.23,82.49,,81.06,91.2,
2003-03-13,,,29.636666666666667,,,86.56,35.38,109.7,25.62,82.24,,83.86,89.52,
2003-03-14,,,29.78333333333333,,,86.85,35.425,109.57,25.72,82.32,,84.13,89.96,
2003-03-17,,,30.623333333333335,,,86.17,36.245,109.0,26.6,82.22,,86.78,88.88,
2003-03-18,,,30.753333333333334,,,85.7,36.72,108.57,26.93,82.15,,87.29,88.04,
2003-03-19,,,30.916666666666668,,,85.29,36.63,108.0,26.7,82.13,,87.96,87.39,
2003-03-20,,,31.113333333333333,,,85.35,36.87,108.19,26.8,82.23,,88.15,87.25,
2003-03-21,,,31.866666666666664,,,84.57,37.385,107.64,27.17,82.02,,89.67,86.05,
2003-03-24,,,30.833333333333332,,,85.39,36.585,108.5,26.04,82.2,,86.69,87.41,
2003-03-25,,,31.176666666666666,,,85.4,36.975,108.62,26.41,82.2,,87.52,87.31,
2003-03-26,,,31.19333333333333,,,85.6,36.52,109.1,26.56,82.3,,87.08,87.49,
2003-03-27,,,30.983333333333334,,,85.76,36.7685,109.25,26.37,82.32,,87.15,87.55,
2003-03-28,,,30.78333333333333,,,85.9,36.75,109.69,26.08,82.43,,86.71,87.75,
2003-03-31,,,30.2,,,86.52,36.0,110.2,25.25,82.49,,84.74,88.9,
2003-04-01,,,30.67,,,86.16,36.625,110.06,25.45,82.36,,86.04,88.27,
2003-04-02,,,31.176666666666666,,,85.55,37.355,109.74,26.36,82.27,,88.12,87.35,
2003-04-03,,,31.003333333333334,,,85.7,37.375,109.75,26.48,82.32,,87.7,87.3,
2003-04-04,,,31.42,,,85.55,37.265,109.48,26.05,82.3,,88.22,87.05,
2003-04-07,,,31.826666666666668,,,85.35,37.29,109.28,26.09,82.25,,88.05,86.85,
2003-04-08,,,31.833333333333332,,,85.67,37.32,109.68,26.06,82.33,,88.19,87.55,
2003-04-09,,,31.713333333333335,,,85.96,37.115,110.04,25.46,82.38,,87.03,87.81,
2003-04-10,,,31.55,,,85.73,37.125,109.64,25.77,82.27,,87.51,87.4,
2003-04-11,,11.077777777777778,31.37,,,85.51,36.92,109.25,25.51,82.23,,87.15,87.26,
2003-04-14,,11.222222222222221,31.846666666666668,,,85.27,37.59,109.31,26.03,82.16,,88.95,87.02,
2003-04-15,,11.355555555555556,32.28333333333333,,,85.57,37.995,109.51,26.28,82.22,,89.78,87.49,
2003-04-16,,11.486666666666666,32.07,,,85.76,37.6,110.25,26.22,82.23,,88.25,87.85,
2003-04-17,,11.568888888888889,32.53333333333333,,,85.65,38.175,110.02,26.82,82.16,,89.56,87.99,
2003-04-21,,11.564444444444444,32.42,,,85.49,38.435,110.25,26.92,82.21,,89.65,87.8,
2003-04-22,,11.603333333333333,32.89,,,85.51,38.965,110.3,27.43,82.2,,91.34,87.75,
2003-04-23,,11.657777777777778,33.18,,,85.47,39.375,110.94,27.63,82.26,,92.18,87.93,
2003-04-24,,11.427777777777777,32.92,,,85.97,39.175,111.59,27.48,82.34,,91.36,88.72,
2003-04-25,,11.238888888888889,32.336666666666666,,,86.11,38.625,111.6,26.95,82.42,,90.23,88.92,
2003-04-28,,11.424444444444443,32.910000000000004,,,86.02,39.31,111.66,27.48,82.4,,91.79,88.78,
2003-04-29,,11.75,33.1,,,85.87,39.576,111.26,27.73,82.34,,91.79,88.63,
2003-04-30,,11.716666666666667,33.27,,,86.39,39.7,112.05,27.45,82.51,,91.91,89.45,
2003-05-01,,11.671111111111111,33.406666666666666,,,86.12,39.65,111.83,27.69,82.38,,91.9,89.02,
2003-05-02,,11.850000000000001,33.696666666666665,,,85.65,40.65,111.45,28.28,82.29,,93.21,88.32,
2003-05-05,,11.977777777777778,33.95333333333333,,,85.92,40.835,111.95,28.25,82.35,,93.03,88.79,
2003-05-06,,12.038888888888888,34.67,,,86.45,41.225,112.54,28.61,82.47,,93.91,89.23,
2003-05-07,,12.016666666666667,34.35,,,87.05,40.975,113.29,28.29,82.49,,93.39,90.27,
2003-05-08,,11.911111111111111,33.833333333333336,,,87.14,40.635,113.3,27.77,82.45,,92.45,90.49,
2003-05-09,,12.05111111111111,34.26,,,87.28,41.22,113.1,28.41,82.43,,93.73,90.58,
2003-05-12,,12.21888888888889,34.53333333333333,,,87.65,41.67,113.49,28.84,82.49,,94.88,91.15,
2003-05-13,,12.149999999999999,34.53,,,87.73,41.915,113.5,28.66,82.47,,94.71,91.35,
2003-05-14,,12.088888888888889,34.54,,,88.21,41.89,114.0,28.6,82.52,,94.51,92.75,
2003-05-15,,12.113333333333333,34.6,,,88.12,42.055,113.96,28.92,82.49,,95.11,93.04,
2003-05-16,,12.122222222222222,35.026666666666664,,,88.59,41.535,114.72,28.7,82.58,,94.87,93.72,
2003-05-19,,11.833333333333334,34.08,,,88.57,40.815,114.25,27.69,82.6,,92.65,93.4,
2003-05-20,,11.892222222222223,34.42,,,89.16,40.805,114.6,27.77,82.71,,92.46,94.78,
2003-05-21,,11.902222222222223,34.06333333333333,,,88.88,40.96,114.6,27.69,82.6,,92.65,94.77,
2003-05-22,,12.01,34.52,,,89.3,41.375,115.37,28.09,82.63,,93.57,95.61,
2003-05-23,,12.133333333333333,34.71666666666667,,,89.2,41.7,115.53,28.1,82.66,,93.76,95.85,
2003-05-27,,12.567777777777778,35.016666666666666,,,88.87,42.68,115.13,29.1,82.63,,95.4,94.12,
2003-05-28,,12.622222222222222,35.18333333333333,,,88.89,42.97,114.67,29.19,82.68,,95.67,93.96,
2003-05-29,,12.63888888888889,35.35,,,89.36,43.245,115.5,29.31,82.71,,95.42,94.78,
2003-05-30,,12.785555555555554,35.416666666666664,,,89.31,44.015,115.55,29.79,82.68,,96.95,94.6,
2003-06-02,,12.877777777777778,35.74666666666666,,,88.72,44.245,114.35,29.58,82.53,,97.35,93.51,
2003-06-03,,12.78,35.833333333333336,,,89.31,44.385,115.4,29.86,82.69,,97.75,94.26,
2003-06-04,,12.944444444444445,36.050000000000004,,,89.57,44.99,115.55,30.42,82.76,,99.16,94.54,
2003-06-05,,12.957777777777778,36.413333333333334,,,89.25,45.725,115.36,30.64,82.71,,99.65,93.8,
2003-06-06,,13.078888888888889,36.63333333333333,,,89.15,45.2,115.55,30.13,82.69,,99.26,94.14,
2003-06-09,,12.966666666666667,36.37,,,89.64,44.36,115.8,29.73,82.8,,98.25,94.77,
2003-06-10,,13.100000000000001,36.663333333333334,,,90.14,45.025,116.7,30.18,82.89,,99.25,95.9,
2003-06-11,,13.11111111111111,37.266666666666666,,,89.95,45.45,116.57,30.52,82.83,,100.3,95.78,
2003-06-12,,13.21,37.36666666666667,,,90.3,45.705,116.99,30.65,82.88,,100.61,96.53,
2003-06-13,,13.205555555555556,37.15,,,90.63,44.82,117.48,29.96,82.95,,99.56,97.18,
2003-06-16,,13.347777777777777,37.693333333333335,,,90.16,45.575,117.05,30.88,82.85,,101.66,96.26,
2003-06-17,,13.622222222222222,37.77,,,89.67,45.67,116.68,30.76,82.73,,101.66,95.5,
2003-06-18,,13.572222222222223,37.663333333333334,,,89.13,45.64,115.6,30.92,82.74,,101.57,94.28,
2003-06-19,,13.572222222222223,37.21666666666667,,,89.26,45.02,115.8,30.42,82.82,,100.02,94.1,
2003-06-20,,13.572222222222223,37.266666666666666,,,89.12,44.635,115.25,30.38,82.8,,99.44,93.75,
2003-06-23,,13.238888888888889,36.85333333333333,,,89.46,43.84,115.83,29.91,82.88,,98.42,94.31,
2003-06-24,,13.14111111111111,36.56333333333333,,,89.88,43.825,116.0,29.68,82.94,,98.52,95.18,
2003-06-25,,13.25,36.199999999999996,,,89.2,44.12,115.41,29.52,82.77,,97.53,93.66,
2003-06-26,,13.393333333333334,36.36666666666667,,,88.32,44.875,114.4,30.22,82.62,,98.8,92.4,
2003-06-27,,13.331111111111111,36.093333333333334,,,88.24,44.59,114.1,29.83,82.64,,97.66,92.07,
2003-06-30,,13.322222222222223,36.10333333333333,,,88.45,44.45,114.63,29.95,82.71,,97.63,92.5,
2003-07-01,,13.466666666666667,36.31666666666667,,,88.02,44.755,113.35,30.35,82.61,,98.53,91.69,
2003-07-02,,13.783333333333333,37.03333333333333,,,88.11,45.875,113.75,30.97,82.65,,99.77,91.92,
2003-07-03,,13.822222222222223,36.833333333333336,,,87.55,45.48,113.05,30.58,82.56,,98.74,90.6,
2003-07-07,,14.164444444444445,37.51,,,87.08,46.425,112.5,31.89,82.54,,100.7,90.02,
2003-07-08,,14.204444444444444,37.333333333333336,,,87.11,47.25,112.6,32.28,82.51,,101.15,90.1,
2003-07-09,,14.171111111111111,37.14,,,87.27,47.6,113.0,32.2,82.53,,100.58,90.39,
2003-07-10,,13.922222222222222,36.949999999999996,,,87.47,46.67,113.23,31.6,82.6,,99.3,90.36,
2003-07-11,,14.038888888888888,36.87,,,87.78,47.315,113.37,31.84,82.63,,100.24,90.79,
2003-07-14,,14.285555555555554,37.266666666666666,,,87.27,47.705,113.07,32.22,82.56,,100.73,89.75,
2003-07-15,,14.105555555555556,36.916666666666664,,,86.08,47.575,111.78,32.26,82.46,,100.51,87.65,
2003-07-16,,14.116666666666667,36.64,,,86.11,47.315,111.74,32.16,82.47,,99.92,88.15,
2003-07-17,,13.747777777777777,36.06666666666667,,,85.93,45.815,111.22,31.18,82.42,,98.5,87.88,
2003-07-18,,13.931111111111111,36.63333333333333,,,85.71,46.125,111.69,31.28,82.41,,99.51,87.7,
2003-07-21,,13.746666666666666,36.35333333333333,,,84.59,45.725,110.34,30.88,82.27,,98.28,85.84,
2003-07-22,,13.911111111111111,36.266666666666666,,,84.89,46.26,110.25,31.34,82.35,,99.17,86.26,
2003-07-23,,13.822222222222223,36.803333333333335,,,85.15,46.575,110.98,31.6,82.39,,99.24,86.55,
2003-07-24,,13.88888888888889,36.86333333333334,,,84.82,46.485,110.5,31.18,82.38,,98.49,85.79,
2003-07-25,,14.116666666666667,37.32666666666667,,,84.71,46.825,110.25,31.8,82.42,,100.23,85.56,
2003-07-28,,14.194444444444445,37.42333333333333,,,84.09,47.4,109.15,31.89,82.31,,99.86,84.41,
2003-07-29,,14.114444444444445,37.266666666666666,,,83.27,47.425,108.15,31.65,82.24,,99.4,83.26,
2003-07-30,,14.011111111111111,36.95666666666667,,,83.94,47.245,108.7,31.42,82.28,,99.16,84.2,
2003-07-31,,14.077777777777778,36.65,,,83.38,47.34,107.35,31.8,82.19,,99.39,82.95,
2003-08-01,,14.10888888888889,36.64333333333334,,,83.0,46.675,106.95,31.46,82.0,,98.51,82.51,
2003-08-04,,14.046666666666667,36.75,,,83.61,46.205,107.58,31.45,82.13,,98.51,83.22,
2003-08-05,,13.895555555555555,36.406666666666666,,,83.05,45.405,107.09,30.21,81.98,,96.42,82.03,
2003-08-06,,13.833333333333334,36.35,,,83.9,45.2,107.5,30.19,82.06,,96.98,83.65,
2003-08-07,,13.934444444444445,36.56666666666667,,,84.2,45.35,108.09,30.31,82.15,,98.0,84.0,
2003-08-08,,14.027777777777779,36.68,,,84.19,45.25,108.15,30.07,82.17,,98.28,83.66,
2003-08-11,,14.088888888888889,37.03333333333333,,,83.84,45.875,107.73,30.4,82.06,,98.65,83.24,
2003-08-12,,14.144444444444444,37.19,,,83.69,46.645,107.61,30.86,82.2,,99.55,82.85,
2003-08-13,,14.344444444444443,37.21666666666667,,,82.76,46.8,106.4,30.87,82.04,,99.04,81.25,
2003-08-14,,14.533333333333335,37.74666666666666,,,82.93,47.105,106.54,30.9,82.02,,99.31,82.05,
2003-08-15,,14.38888888888889,37.660000000000004,,,82.9,47.12,106.75,31.17,82.08,,99.62,82.0,
2003-08-18,,14.695555555555554,38.18333333333333,,,83.15,48.055,107.1,31.97,82.07,,100.48,82.38,
2003-08-19,,14.767777777777777,38.1,,,83.81,48.955,108.05,32.37,82.17,,100.86,83.65,
2003-08-20,,14.770000000000001,38.03,,,83.41,48.93,107.72,32.29,82.11,,100.45,83.2,
2003-08-21,,15.041111111111112,38.1,,,83.1,49.33,107.2,32.64,81.99,,100.77,83.0,
2003-08-22,,15.117777777777778,37.88,,,83.16,48.46,107.72,32.44,81.97,,99.77,83.37,
2003-08-25,,15.0,37.72666666666667,,,82.8,48.415,107.24,32.51,81.93,,99.93,82.72,
2003-08-26,,14.816666666666666,37.53,,,83.1,48.6,107.45,32.54,82.02,,100.11,83.37,
2003-08-27,,14.988888888888889,37.59666666666667,,,82.9,49.075,107.43,32.8,81.94,,100.14,82.99,
2003-08-28,,15.093333333333334,37.81666666666667,,,83.48,49.4,108.22,33.09,82.06,,100.76,83.85,
2003-08-29,,15.202222222222222,37.85666666666666,,,83.25,49.605,108.18,33.39,82.05,,101.44,83.65,
2003-09-02,,15.427777777777777,38.43,,,82.15,50.75,107.16,33.87,81.84,,102.8,82.06,
2003-09-03,,15.549999999999999,38.93333333333333,,,82.36,50.965,107.47,33.85,81.9,,103.36,82.19,
2003-09-04,,15.605555555555554,38.88666666666666,,,82.89,51.175,107.84,34.16,82.01,,103.41,82.65,
2003-09-05,,15.591111111111111,38.96333333333333,,,83.94,50.85,108.66,33.94,82.29,,102.83,84.07,
2003-09-08,,15.886666666666665,39.13666666666666,,,83.55,51.555,108.26,34.5,82.19,,103.68,83.2,
2003-09-09,,15.61111111111111,39.21333333333333,,,83.95,51.175,108.6,34.09,82.33,,103.0,83.8,
2003-09-10,,15.351111111111111,38.81666666666667,,,84.52,50.165,109.47,33.27,82.38,,101.96,84.65,
2003-09-11,,15.333333333333334,39.03333333333333,,,84.22,50.6,108.9,33.64,82.32,,102.26,84.1,
2003-09-12,,15.44222222222222,39.199999999999996,,,84.56,50.705,109.7,33.82,82.39,,102.45,84.68,
2003-09-15,,15.214444444444446,39.31333333333333,,,84.71,50.58,109.74,33.49,82.47,,102.09,84.55,
2003-09-16,,15.527777777777779,39.70333333333333,,,84.64,51.335,109.98,34.4,82.48,,103.58,84.42,
2003-09-17,,15.461111111111112,39.96333333333333,,,85.11,51.32,110.65,34.26,82.47,,103.38,85.47,
2003-09-18,,15.63888888888889,40.38333333333333,,,85.1,51.855,110.5,34.78,82.39,,104.6,85.53,
2003-09-19,,15.566666666666666,40.233333333333334,,,85.1,51.8,110.61,34.58,82.39,,103.67,85.63,
2003-09-22,,15.312222222222223,39.78,,,84.73,51.09,110.2,33.92,82.42,,102.55,84.95,
2003-09-23,,15.350000000000001,39.87,,,84.93,51.785,110.36,34.52,82.44,,102.94,85.53,
2003-09-24,,15.377777777777778,39.67666666666667,,,85.36,50.505,110.78,33.22,82.49,,101.11,86.27,
2003-09-25,,15.149999999999999,39.166666666666664,,,85.48,49.14,111.16,32.79,82.5,,100.28,86.7,
2003-09-26,,15.044444444444444,39.0,,,86.13,48.3,111.85,32.58,82.6,,99.95,87.48,
2003-09-29,,15.151111111111113,39.5,,,85.76,49.165,111.55,33.14,82.56,,100.93,86.78,
2003-09-30,,15.103333333333333,39.0,,,86.59,48.525,112.29,32.42,82.73,,99.95,88.22,
2003-10-01,,15.5,40.28,,,86.24,49.835,111.88,33.15,82.65,,102.08,87.52,
2003-10-02,,15.722222222222221,40.21666666666667,,,85.93,50.315,111.45,33.26,82.65,,102.45,87.12,
2003-10-03,,15.877777777777778,40.803333333333335,,,84.74,51.11,109.9,34.19,82.44,,103.39,85.29,
2003-10-06,,15.938888888888888,41.23,,,84.99,51.55,110.01,34.44,82.5,,103.86,85.66,
2003-10-07,,15.922222222222224,41.166666666666664,,,84.5,51.84,109.64,34.65,82.42,,104.26,84.67,
2003-10-08,,16.04111111111111,40.99666666666666,,,84.65,51.435,110.04,34.43,82.42,,104.0,84.65,
2003-10-09,,16.311111111111114,41.28,,,84.38,51.975,109.66,34.69,82.41,,104.28,84.05,
2003-10-10,,16.51111111111111,41.45333333333333,,,84.63,51.91,110.2,35.01,82.46,,104.57,84.55,
2003-10-13,,16.76111111111111,41.86333333333334,,,84.5,52.725,110.13,35.24,82.47,,104.9,84.22,
2003-10-14,,16.441111111111113,42.083333333333336,,,84.16,53.07,109.68,35.33,82.39,,105.27,83.64,
2003-10-15,,16.64,41.68333333333333,,,83.86,52.405,109.69,35.18,82.29,,104.99,83.23,
2003-10-16,,16.635555555555555,41.93333333333333,,,83.4,52.875,109.34,35.46,82.1,,105.41,82.9,
2003-10-17,,16.534444444444446,41.71666666666667,,,83.85,51.85,109.94,34.61,82.2,,104.26,83.54,
2003-10-20,,16.626666666666665,42.163333333333334,,,83.91,52.11,110.04,35.04,82.21,,105.04,83.82,
2003-10-21,,16.709999999999997,42.02,,,84.06,52.345,110.08,35.25,82.23,,104.86,84.13,
2003-10-22,,16.464444444444446,41.61,,,84.67,51.2,110.4,34.57,82.32,,103.54,84.95,
2003-10-23,,16.22222222222222,41.083333333333336,,,84.4,50.75,109.8,34.17,82.3,,103.35,84.33,
2003-10-24,,16.136666666666667,41.163333333333334,,,84.99,50.625,110.6,34.2,82.4,,103.58,85.27,
2003-10-27,,16.322222222222223,41.34666666666667,,,84.76,51.365,110.35,34.21,82.31,,103.63,85.1,
2003-10-28,,16.545555555555556,41.833333333333336,,,85.16,52.6,111.08,35.36,82.45,,105.04,85.55,
2003-10-29,,16.683333333333334,41.78333333333333,,,84.61,52.95,110.3,35.32,82.36,,105.18,84.78,
2003-10-30,,16.623333333333335,41.83,,,84.3,53.1,110.15,35.39,82.29,,105.4,84.4,
2003-10-31,,16.49,41.53333333333333,,,84.6,52.75,110.15,35.18,82.3,,105.3,85.19,
2003-11-03,,16.883333333333333,41.74333333333333,,,84.0,53.645,109.78,35.76,82.14,,105.99,84.44,
2003-11-04,,16.93,41.973333333333336,,,84.3,53.72,109.95,35.52,82.2,,105.76,84.92,
2003-11-05,,16.952222222222222,41.733333333333334,,,84.0,53.985,109.18,35.84,82.12,,105.84,84.34,
2003-11-06,,16.83111111111111,41.36666666666667,,,83.57,54.41,108.58,35.939,82.03,,106.4,83.55,
2003-11-07,,16.848888888888887,41.75,,,83.43,53.995,108.79,35.63,81.96,,105.61,83.5,
2003-11-10,,16.616666666666667,41.40333333333333,,,83.4,53.125,108.47,35.19,81.98,,105.18,83.43,
2003-11-11,,16.403333333333332,41.24666666666666,,,83.53,52.76,108.94,35.06,81.98,,105.15,83.44,
2003-11-12,,16.695555555555554,42.10666666666666,,,83.8,53.98,109.0,35.81,82.03,,106.33,84.05,
2003-11-13,,16.824444444444442,42.34666666666667,,,84.53,54.125,110.03,35.77,82.21,,106.36,85.35,
2003-11-14,,16.73888888888889,42.06,,,84.99,53.1,110.63,35.04,82.31,,105.46,85.92,
2003-11-17,,16.412222222222223,41.336666666666666,,,85.09,52.455,110.842,34.68,82.36,,104.93,86.05,
2003-11-18,,16.444444444444443,41.5,,,85.44,51.88,111.33,33.88,82.37,,103.84,86.58,
2003-11-19,,16.337777777777777,41.6,,,84.86,52.425,110.35,34.21,82.22,,104.72,85.62,
2003-11-20,,16.126666666666665,41.333333333333336,,,85.39,52.07,110.88,33.882,82.38,,103.78,86.45,
2003-11-21,,16.266666666666666,41.78,,,85.35,52.645,111.25,34.232,82.35,,104.21,86.5,
2003-11-24,,16.443333333333335,42.093333333333334,,,84.9,53.85,110.5,35.18,82.24,,105.59,85.79,
2003-11-25,,16.5,42.160000000000004,,,85.11,54.175,110.85,35.18,82.33,,105.99,86.26,
2003-11-26,,16.651111111111113,42.516666666666666,,,84.9,54.465,110.61,35.34,82.24,,106.37,85.91,
2003-11-28,,16.799999999999997,42.583333333333336,,,84.34,54.725,110.06,35.38,82.14,,106.45,85.13,
2003-12-01,,17.281111111111112,43.42666666666667,,,83.6,55.43,109.39,35.9,81.92,,107.6,84.24,
2003-12-02,,17.204444444444444,43.53,,,83.84,55.345,109.69,35.7,82.01,,107.33,84.6,
2003-12-03,,17.144444444444446,43.61666666666667,,,83.62,54.35,109.5,35.25,81.94,,107.16,84.26,
2003-12-04,,17.026666666666667,43.71666666666667,,,83.8,54.475,109.59,35.63,82.02,,107.6,84.45,
2003-12-05,,16.994444444444444,43.403333333333336,,,84.82,53.8,110.73,35.04,82.28,,106.85,85.8,
2003-12-08,,17.02777777777778,43.76666666666667,,,84.5,54.2,109.9,35.235,82.19,,107.57,85.2,
2003-12-09,,16.956666666666667,43.583333333333336,,,84.08,53.285,109.55,34.43,82.14,,106.74,84.6,
2003-12-10,,16.88888888888889,43.27,,,84.29,52.805,109.8,34.56,82.24,,106.73,84.74,
2003-12-11,,17.19666666666667,43.75,,,84.8,54.28,110.3,35.3,82.41,,107.93,85.35,
2003-12-12,,17.275555555555556,43.89333333333334,,,84.8,54.48,110.6,35.24,82.39,,108.14,85.51,
2003-12-15,,17.288888888888888,43.6,,,84.76,53.205,110.35,34.78,82.37,,107.6,85.46,
2003-12-16,,17.216666666666665,44.0,,,84.93,53.56,110.6,34.85,82.42,,108.16,85.74,
2003-12-17,,17.016666666666666,43.89666666666667,,,85.15,53.55,110.85,34.91,82.43,,108.5,86.32,
2003-12-18,,17.29111111111111,44.550000000000004,,,85.44,54.375,111.49,35.56,82.45,,109.72,87.1,
2003-12-19,,17.333333333333332,44.300000000000004,,,85.45,54.2,111.56,35.46,82.47,,108.9,87.07,
2003-12-22,,17.5,44.06666666666666,,,85.22,54.805,111.35,35.57,82.42,,109.66,86.83,
2003-12-23,,17.547777777777778,44.16,,,84.64,55.105,110.71,35.84,82.29,,109.73,85.85,
2003-12-24,,17.604444444444443,44.26666666666667,,,85.17,55.04,111.37,35.9,82.48,,109.62,86.66,
2003-12-26,,17.64888888888889,44.18666666666667,,,85.44,55.235,111.4,35.85,82.55,,109.7,86.98,
2003-12-29,,17.915555555555557,44.93,,,84.92,56.075,111.18,36.44,82.44,,111.16,86.2,
2003-12-30,,18.00111111111111,45.01666666666667,,,84.83,56.22,110.75,36.56,82.48,,111.18,85.85,
2003-12-31,,18.214444444444446,45.593333333333334,,,84.7,55.4,110.57,36.46,82.47,,111.28,85.45,
2004-01-02,,18.62,45.71666666666667,,,84.02,55.995,109.78,36.36,82.27,,111.23,84.44,
2004-01-05,,19.273333333333333,46.596666666666664,,,83.95,56.65,109.9,37.09,82.28,,112.44,84.22,
2004-01-06,,19.055555555555557,46.666666666666664,,,84.58,56.575,110.89,37.34,82.38,,112.55,85.15,
2004-01-07,,19.1,46.199999999999996,,,84.77,57.175,110.98,37.68,82.44,,112.93,85.49,
2004-01-08,,19.172222222222224,46.86333333333334,,,84.77,57.61,111.16,37.979,82.45,,113.38,85.46,
2004-01-09,,19.137777777777778,46.56666666666666,,,85.77,57.15,112.06,37.73,82.65,,112.39,86.95,
2004-01-12,,19.121111111111112,46.553333333333335,,,85.77,58.22,112.25,38.33,82.7,,113.22,86.88,
2004-01-13,,19.012222222222224,46.28333333333333,,,86.23,57.975,112.55,37.949,82.8,,112.56,87.47,
2004-01-14,,19.04222222222222,46.68333333333334,,,86.4,58.275,112.79,38.08,82.72,,113.5,87.9,
2004-01-15,,18.653333333333332,46.4,,,86.45,58.425,113.3,38.18,82.71,,113.78,88.23,
2004-01-16,,18.733333333333334,46.23333333333333,,,86.09,58.75,112.8,38.57,82.65,,114.23,87.61,
2004-01-20,,19.27777777777778,46.73333333333333,,,85.94,59.455,112.57,38.54,82.69,,114.2,87.59,
2004-01-21,,19.30333333333333,47.300000000000004,,,86.19,59.375,112.83,38.38,82.74,,115.1,87.8,
2004-01-22,,19.254444444444445,47.330000000000005,,,86.56,59.04,113.4,38.15,82.8,,114.8,88.44,
2004-01-23,,19.22222222222222,46.82333333333333,,,85.91,59.36,112.5,38.01,82.68,,114.43,87.38,
2004-01-26,,19.35,46.97333333333333,,,85.55,59.95,111.88,38.59,82.62,,115.87,86.85,
2004-01-27,,19.252222222222223,46.76666666666667,,,85.89,59.2,112.56,37.74,82.72,,114.68,87.39,
2004-01-28,,18.98,46.166666666666664,,,85.27,58.275,111.67,37.1,82.51,,113.37,86.62,
2004-01-29,,18.68111111111111,46.22666666666667,,,85.17,57.725,111.65,37.24,82.53,,113.48,86.44,
2004-01-30,,18.655555555555555,46.10666666666666,,,85.56,57.8,111.92,37.07,82.57,,113.48,87.04,
2004-02-02,,18.66,46.0,,,85.22,57.95,111.45,36.97,82.48,,113.97,86.5,
2004-02-03,,18.555555555555557,46.083333333333336,,,85.55,57.625,111.68,36.93,82.56,,113.78,86.94,
2004-02-04,,18.38888888888889,45.583333333333336,,,85.41,56.2,111.59,36.33,82.51,,112.85,86.77,
2004-02-05,,18.383333333333333,45.77333333333333,,,85.09,56.725,111.4,36.47,82.45,,113.18,86.43,
2004-02-06,,18.802222222222223,46.63666666666666,,,85.61,58.16,111.73,37.131,82.58,,114.45,87.38,
2004-02-09,,19.073333333333334,46.93,,,85.81,58.275,112.2,37.12,82.61,,114.48,87.64,
2004-02-10,,19.056666666666665,47.13333333333333,,,85.57,58.975,111.87,37.18,82.5,,114.85,87.15,
2004-02-11,,19.35222222222222,47.666666666666664,,,86.02,59.335,112.55,37.58,82.63,,116.07,87.8,
2004-02-12,,19.342222222222222,47.25,,,85.97,58.93,112.35,37.24,82.66,,115.65,87.43,
2004-02-13,,19.355555555555554,47.19,,,86.19,58.325,112.99,36.94,82.78,,115.13,87.8,
2004-02-17,,19.744444444444444,48.1,,,86.19,59.35,112.66,37.44,82.71,,116.17,87.74,
2004-02-18,,19.475555555555555,47.43333333333334,,,86.17,58.915,112.4,37.55,82.72,,115.66,87.86,
2004-02-19,,19.305555555555557,47.75,,,86.23,57.875,112.8,36.98,82.76,,115.23,87.95,
2004-02-20,,19.08888888888889,47.166666666666664,,,85.94,57.775,112.25,36.86,82.67,,114.88,87.34,
2004-02-23,,18.922222222222224,47.300000000000004,,,86.22,56.905,112.56,36.45,82.75,,114.59,87.88,
2004-02-24,,18.822222222222223,47.11666666666667,,,86.37,56.9,112.67,36.36,82.76,,114.39,88.04,
2004-02-25,,19.02777777777778,46.76666666666667,,,86.47,57.7,112.75,36.58,82.82,,114.87,88.18,
2004-02-26,,19.12222222222222,46.78333333333333,,,86.34,58.05,112.83,36.67,82.79,,114.94,87.9,
2004-02-27,,19.39333333333333,47.166666666666664,,,86.68,58.35,113.16,36.57,82.85,,115.02,88.66,
2004-03-01,,19.83555555555556,47.800000000000004,,,86.52,59.275,112.69,37.05,82.71,,116.16,88.27,
2004-03-02,,19.677777777777777,47.03333333333333,,,86.02,58.805,112.47,36.62,82.63,,115.48,87.71,
2004-03-03,,19.555555555555557,46.93333333333334,,,85.94,58.865,112.42,36.42,82.57,,115.69,87.55,
2004-03-04,,19.688888888888886,47.083333333333336,,,86.21,59.61,112.6,36.76,82.64,,115.99,87.94,
2004-03-05,,19.76111111111111,47.63333333333333,,,87.28,59.745,113.8,36.63,82.82,,116.38,89.64,
2004-03-08,,19.572222222222223,47.32666666666666,,,87.77,58.9,114.12,35.77,82.95,,114.96,90.17,
2004-03-09,,19.444444444444443,47.0,,,88.1,58.4,114.35,35.66,83.0,,114.5,90.77,
2004-03-10,,19.0,46.24666666666667,,,88.09,57.175,114.72,35.19,82.95,,112.58,90.71,
2004-03-11,,18.58888888888889,45.49666666666667,,,88.1,56.6,114.23,34.87,83.02,,111.12,90.84,
2004-03-12,,18.744444444444444,45.89666666666667,,,87.83,58.125,114.1,35.51,82.96,,112.58,90.28,
2004-03-15,,18.394444444444446,45.11666666666667,,,87.88,56.625,114.23,34.89,82.92,,111.2,90.43,
2004-03-16,,18.62222222222222,45.53333333333333,,,88.31,56.65,114.75,34.95,82.98,,111.79,91.18,
2004-03-17,,18.87777777777778,46.48333333333333,,,88.25,57.7,114.81,35.5,82.98,,113.04,91.03,
2004-03-18,,18.98888888888889,46.46666666666667,,,87.97,57.35,114.33,35.34,82.95,,113.07,90.55,
2004-03-19,,18.73888888888889,45.86666666666667,,,87.85,56.85,114.15,34.75,82.98,,111.06,90.43,
2004-03-22,,18.438888888888886,45.27,,,88.18,55.755,114.59,34.31,83.03,,109.65,90.98,
2004-03-23,,18.624444444444446,45.61666666666667,,,88.31,55.85,114.8,34.03,83.05,,109.46,91.14,
2004-03-24,,18.63888888888889,45.43666666666667,,,88.25,55.775,114.69,34.42,83.07,,109.55,91.09,
2004-03-25,,18.821111111111108,46.300000000000004,,,88.13,57.06,114.38,35.343,83.06,,111.0,90.74,
2004-03-26,,18.78666666666667,46.1,,,87.57,57.1,113.53,35.22,82.98,,111.03,89.78,
2004-03-29,,19.02777777777778,46.76666666666667,,,87.2,58.195,113.71,35.79,82.92,,112.59,89.18,
2004-03-30,,19.26111111111111,46.86666666666667,,,87.23,58.67,113.43,35.91,82.91,,112.97,89.12,
2004-03-31,,19.5,47.199999999999996,,,87.55,58.8,113.84,35.84,82.97,,113.1,89.55,
2004-04-01,,19.65888888888889,47.82666666666666,,,87.08,59.445,113.36,36.16,82.75,,113.78,88.91,
2004-04-02,,19.855555555555554,47.96333333333333,,,85.47,60.2,111.59,37.1,82.46,,114.64,86.71,
2004-04-05,,19.994444444444444,47.96333333333333,,,85.05,60.375,111.03,37.45,82.38,,115.27,86.03,
2004-04-06,,20.105555555555554,47.81666666666666,,,85.35,59.64,111.55,36.98,82.48,,114.9,86.5,
2004-04-07,,20.033333333333335,47.88999999999999,,,85.36,60.09,111.58,36.94,82.5,,114.63,86.3,
2004-04-08,,20.049999999999997,47.79,,,85.2,59.555,111.69,36.94,82.5,,114.37,86.05,
2004-04-12,,20.204444444444444,48.1,,,84.93,59.71,111.01,37.17,82.42,,114.82,85.74,
2004-04-13,,19.968888888888888,47.48333333333333,,,84.27,58.32,110.31,36.63,82.31,,113.21,84.81,
2004-04-14,,19.674444444444443,46.99333333333333,,,84.21,58.14,110.16,36.81,82.17,,113.39,84.74,
2004-04-15,,19.51111111111111,46.666666666666664,,,84.09,57.69,109.7,36.15,82.22,,112.96,84.24,
2004-04-16,,19.655555555555555,47.166666666666664,,,84.4,58.13,110.33,36.09,82.33,,113.83,84.56,
2004-04-19,,19.688888888888886,47.21666666666667,,,84.18,58.56,110.13,36.53,82.23,,113.83,84.38,
2004-04-20,,19.516666666666666,46.56666666666666,,,83.57,57.265,109.41,35.68,82.04,,111.92,83.61,
2004-04-21,,19.37222222222222,46.88333333333333,,,83.74,58.2,109.5,35.99,82.05,,112.67,84.02,
2004-04-22,,19.366666666666667,47.21666666666667,,,84.07,59.0,110.1,36.92,82.17,,114.25,84.52,
2004-04-23,,19.51111111111111,47.15,,,83.72,58.875,109.63,37.21,82.0,,114.36,84.04,
2004-04-26,,19.233333333333334,47.13666666666666,,,83.71,59.0,109.64,36.94,82.01,,114.2,84.18,
2004-04-27,,19.13111111111111,47.18333333333334,,,84.04,58.85,110.16,36.87,82.11,,114.3,84.5,
2004-04-28,,18.583333333333332,46.31333333333333,,,83.49,57.62,109.49,36.2,81.94,,112.82,83.71,
2004-04-29,,17.971111111111114,45.81666666666666,,,83.3,56.475,109.0,35.64,81.93,,111.83,83.3,
2004-04-30,,17.58888888888889,45.6,,,83.5,55.555,109.0,34.77,81.97,,110.96,83.64,
2004-05-03,,17.765555555555554,46.06666666666666,,,83.2,56.285,108.71,35.1,81.89,,112.15,83.42,
2004-05-04,,18.113333333333333,46.653333333333336,,,82.96,56.6,108.35,35.25,81.87,,112.06,82.85,
2004-05-05,,18.157777777777778,47.166666666666664,,,82.77,56.85,108.19,35.53,81.84,,112.78,82.62,
2004-05-06,,17.781111111111112,46.166666666666664,,,82.69,56.02,107.7,35.26,81.82,,111.81,82.4,
2004-05-07,,17.38111111111111,44.916666666666664,,,81.67,54.425,106.3,34.97,81.48,,109.96,81.32,
2004-05-10,,16.54222222222222,43.76666666666667,,,81.65,53.46,105.51,34.671,81.52,,108.83,81.13,
2004-05-11,,17.033333333333335,44.083333333333336,,,81.81,54.625,105.72,35.19,81.53,,109.75,81.5,
2004-05-12,,17.038888888888888,44.36666666666667,,,81.69,55.04,105.76,35.26,81.55,,110.45,80.96,
2004-05-13,,16.994444444444444,43.9,,,81.44,54.285,105.2,35.01,81.51,,109.99,80.65,
2004-05-14,,16.546666666666667,43.86333333333334,,,81.85,54.075,105.84,34.75,81.64,,110.04,81.31,
2004-05-17,,15.884444444444446,43.38333333333333,,,82.38,53.56,106.35,34.42,81.75,,109.1,82.03,
2004-05-18,,16.35666666666667,43.843333333333334,,,82.22,54.165,106.5,34.73,81.67,,109.65,81.71,
2004-05-19,,16.808888888888887,44.27666666666667,,,81.84,53.78,106.15,34.69,81.63,,109.27,81.44,
2004-05-20,,16.705555555555556,44.333333333333336,,,82.25,53.89,106.74,34.85,81.67,,109.62,82.07,
2004-05-21,,16.98,44.66,,,82.07,54.395,106.65,35.019,81.67,,109.81,81.74,
2004-05-24,,17.244444444444444,44.946666666666665,,,82.13,55.1,107.08,35.26,81.69,,110.27,82.0,
2004-05-25,,17.624444444444446,45.61666666666667,,,82.16,56.25,107.19,35.96,81.69,,111.85,82.24,
2004-05-26,,17.555555555555557,45.53333333333333,,,82.57,56.635,107.67,36.19,81.84,,112.24,82.68,
2004-05-27,,17.833333333333332,46.4,,,83.02,56.65,108.16,36.42,81.88,,112.87,83.33,
2004-05-28,,17.794444444444444,46.120000000000005,,,82.79,56.75,108.0,36.55,81.85,,112.86,83.1,
2004-06-01,,17.67111111111111,46.23,,,82.1,57.29,106.99,36.5,81.61,,112.71,82.02,
2004-06-02,,17.67111111111111,46.36333333333334,,,81.96,57.1,106.71,36.42,81.56,,113.13,81.81,
2004-06-03,,17.278888888888886,45.916666666666664,,,82.09,56.0,106.99,35.98,81.58,,112.09,81.98,
2004-06-04,,17.533333333333335,46.46666666666667,,,81.75,56.7,106.61,36.19,81.45,,112.98,81.5,
2004-06-07,,18.13888888888889,47.49333333333333,,,81.87,57.725,106.75,37.05,81.48,,114.7,81.52,
2004-06-08,,17.886666666666667,47.22666666666667,,,81.85,57.67,106.76,37.102,81.49,,114.86,81.67,
2004-06-09,,17.482222222222223,46.416666666666664,,,81.61,56.625,106.29,36.579,81.36,,113.79,81.32,
2004-06-10,,17.502222222222223,46.96666666666667,,,81.7,56.85,106.35,36.84,81.35,,114.35,81.48,
2004-06-14,,16.827777777777776,45.836666666666666,,,81.3,55.735,105.81,36.32,81.14,,113.22,80.83,
2004-06-15,,17.153333333333332,46.65,,,82.38,56.75,107.01,36.79,81.41,,114.02,82.54,
2004-06-16,,16.923333333333332,46.63333333333333,,,82.2,56.86,107.02,36.73,81.35,,114.0,82.22,
2004-06-17,,17.007777777777775,46.93333333333334,,,82.43,56.715,107.23,36.39,81.45,,113.83,82.76,
2004-06-18,,16.91111111111111,47.01666666666667,,,82.26,56.91,107.1,36.44,81.4,,113.63,82.58,
2004-06-21,,16.98888888888889,46.85,,,82.39,56.685,107.29,36.15,81.458,,113.2,82.64,
2004-06-22,,17.16888888888889,46.870000000000005,,,82.28,57.125,107.14,36.68,81.49,,113.77,82.39,
2004-06-23,,17.474444444444444,47.166666666666664,,,82.4,57.985,107.07,37.12,81.51,,114.75,82.55,
2004-06-24,,17.544444444444444,47.35,,,82.72,57.775,107.42,37.05,81.59,,114.39,83.05,
2004-06-25,,17.72222222222222,47.17666666666667,,,82.76,58.3,107.5,37.33,81.6,,113.84,83.13,
2004-06-28,,17.571111111111108,47.46666666666667,,,82.15,58.18,106.75,37.021,81.41,,113.45,82.28,
2004-06-29,,17.705555555555556,47.36666666666667,,,82.54,58.665,107.5,37.37,81.49,,113.92,82.8,
2004-06-30,,17.95888888888889,47.666666666666664,,,83.05,58.995,107.7,37.74,81.71,,114.53,83.65,
2004-07-01,,17.734444444444446,47.06666666666666,,,82.94,57.92,107.8,37.04,81.58,,112.94,83.47,
2004-07-02,,17.733333333333334,47.330000000000005,,,83.65,58.1,108.55,36.82,81.8,,112.88,84.35,
2004-07-06,,17.543333333333333,46.550000000000004,,,83.49,57.06,108.3,36.03,81.78,,111.89,84.21,
2004-07-07,,17.772222222222222,47.1,,,83.53,56.99,108.39,36.096,81.79,,112.22,84.24,
2004-07-08,,17.51888888888889,46.800000000000004,,,83.54,55.955,108.45,35.7,81.82,,111.42,84.29,
2004-07-09,,17.612222222222222,47.196666666666665,,,83.68,56.325,108.49,35.75,81.82,,111.73,84.38,
2004-07-12,,17.566666666666666,47.333333333333336,,,83.78,56.0,108.71,35.6,81.85,,111.78,84.5,
2004-07-13,,17.646666666666665,47.1,,,83.6,56.075,108.5,35.55,81.79,,111.86,84.25,
2004-07-14,,17.477777777777778,46.833333333333336,,,83.56,55.75,108.55,35.19,81.76,,111.52,84.28,
2004-07-15,,17.386666666666667,46.25,,,83.52,55.875,108.33,35.07,81.76,,110.8,84.37,
2004-07-16,,17.577777777777776,46.623333333333335,,,84.33,55.25,109.38,34.67,81.92,,110.71,85.49,
2004-07-19,,17.551111111111112,46.66,,,84.31,55.18,109.45,34.6,81.88,,110.24,85.55,
2004-07-20,,17.625555555555554,46.68333333333334,,,83.76,56.275,108.7,35.43,81.73,,111.64,84.78,
2004-07-21,,17.422222222222224,45.669999999999995,,,83.58,54.51,108.68,34.4,81.71,,109.58,84.55,
2004-07-22,,17.422222222222224,45.82666666666666,,,83.68,54.6,108.43,34.87,81.73,,109.88,84.67,
2004-07-23,,17.12222222222222,45.07,,,83.88,53.82,108.9,34.21,81.73,,108.96,84.95,
2004-07-26,,16.96333333333333,45.07,,,83.59,53.115,108.84,34.06,81.67,,108.75,84.55,
2004-07-27,,17.28666666666667,45.35,,,83.0,54.105,108.08,34.53,81.6,,109.77,83.41,
2004-07-28,,17.281111111111112,45.41,,,83.13,54.06,107.76,34.38,81.65,,110.1,83.42,
2004-07-29,,17.38888888888889,45.46666666666667,,,83.21,54.7,108.17,34.78,81.67,,110.57,83.61,
2004-07-30,,17.305555555555557,45.63333333333333,,,83.78,55.0,108.94,34.89,81.79,,110.84,84.59,
2004-08-02,,17.218888888888888,45.85,,,83.59,54.8,108.73,34.96,81.71,,111.07,84.37,
2004-08-03,,17.23888888888889,45.550000000000004,,,83.79,54.015,108.61,34.23,81.73,,110.21,84.71,
2004-08-04,,17.255555555555556,45.54333333333333,,,83.74,53.97,108.9,34.24,81.72,,110.2,84.75,
2004-08-05,,17.144444444444446,44.86666666666667,,,83.99,52.975,109.1,33.6,81.77,,108.4,84.99,
2004-08-06,,17.02,44.800000000000004,,,85.14,51.865,110.08,32.72,82.06,,106.85,86.42,
2004-08-09,,17.162222222222223,44.75,,,84.86,51.7,110.1,32.8,82.05,,107.0,86.12,
2004-08-10,,17.355555555555554,45.11666666666667,,,84.51,52.51,109.74,33.21,81.85,,108.22,85.81,
2004-08-11,,17.194444444444443,44.96666666666667,,,84.8,52.44,109.66,32.92,81.98,,108.16,86.18,
2004-08-12,,17.002222222222223,44.46666666666667,,,84.91,51.685,109.81,32.47,82.0,,106.98,86.36,
2004-08-13,,17.028888888888886,44.73333333333333,,,85.06,51.675,110.25,32.52,82.08,,107.19,86.64,
2004-08-16,,17.26111111111111,45.18333333333334,,,84.97,52.56,110.14,32.887,82.06,,108.3,86.34,
2004-08-17,,17.376666666666665,45.21666666666667,,,85.37,52.89,110.74,33.26,82.14,,108.91,86.83,
2004-08-18,,17.582222222222224,45.56,,,85.09,54.02,110.42,33.85,82.12,,110.03,86.414,
2004-08-19,,17.60111111111111,45.45333333333334,,,85.3,53.56,110.81,33.672,82.17,,109.71,86.62,
2004-08-20,,17.688888888888886,45.666666666666664,,,85.13,54.51,110.41,34.01,82.12,,110.48,86.54,
2004-08-23,,17.784444444444446,45.29666666666666,,,84.84,54.31,110.2,34.09,82.05,,110.2,86.04,
2004-08-24,,17.733333333333334,45.28666666666667,,,84.92,54.46,110.1,34.08,82.09,,110.35,86.09,
2004-08-25,,17.944444444444443,45.76666666666667,,,84.93,54.675,110.62,34.55,82.06,,111.1,86.39,
2004-08-26,,17.968888888888888,45.800000000000004,,,85.3,54.45,110.69,34.4,82.14,,111.1,86.88,
2004-08-27,,17.935555555555553,45.916666666666664,,,85.2,54.88,110.95,34.56,82.11,,111.45,86.82,
2004-08-30,,17.83888888888889,45.75,,,85.5,54.255,111.38,33.98,82.13,,110.53,87.23,
2004-08-31,,17.916666666666668,46.17666666666667,,,85.87,54.705,111.85,34.02,82.25,,111.11,87.77,
2004-09-01,,18.064444444444447,46.21666666666667,,,85.59,55.125,111.2,34.27,82.14,,111.32,87.51,
2004-09-02,,18.288888888888888,46.699999999999996,,,85.13,56.095,110.73,34.78,82.01,,112.58,86.65,
2004-09-03,,18.094444444444445,46.080000000000005,,,84.9,55.475,109.86,34.141,81.9,,112.12,86.66,
2004-09-07,,18.233333333333334,46.72333333333333,,,84.95,56.175,110.48,34.43,81.9,,112.86,86.57,
2004-09-08,,18.22222222222222,46.699999999999996,,,85.44,55.875,110.95,34.299,82.02,,112.58,87.3,
2004-09-09,,18.27777777777778,46.550000000000004,,,85.29,56.34,111.18,34.59,82.03,,112.48,86.97,
2004-09-10,,18.45111111111111,46.9,,,85.46,56.86,111.12,35.12,82.05,,113.06,87.1,
2004-09-13,,18.62,47.06666666666666,,,85.67,57.165,111.5,35.58,82.06,,113.43,87.48,
2004-09-14,,18.613333333333333,47.18333333333334,,,85.69,57.05,111.53,35.63,82.08,,113.66,87.57,
2004-09-15,,18.531111111111112,46.50666666666667,,,85.6,56.705,111.53,35.253,82.03,,112.8,87.37,
2004-09-16,,18.763333333333335,46.81333333333333,,,86.07,57.315,112.17,35.32,82.17,,113.14,88.36,
2004-09-17,,18.88888888888889,46.96666666666667,,,85.77,57.215,111.75,35.43,82.07,,113.15,87.92,
2004-09-20,,18.907777777777778,46.67333333333334,,,86.26,56.96,112.36,35.433,82.2,,112.47,88.5,
2004-09-21,,19.105555555555554,47.403333333333336,,,86.32,57.39,112.4,35.57,82.08,,112.96,88.76,
2004-09-22,,18.816666666666666,46.63333333333333,,,86.67,56.42,112.8,34.95,82.16,,111.55,89.68,
2004-09-23,,18.9,46.50666666666667,,,86.37,56.365,112.35,34.919,82.06,,110.95,89.32,
2004-09-24,,18.846666666666668,46.56666666666666,,,86.36,56.335,112.31,34.799,82.01,,111.46,89.43,
2004-09-27,,18.734444444444446,46.333333333333336,,,86.6,55.735,112.7,34.5,82.06,,110.75,89.82,
2004-09-28,,18.966666666666665,46.78666666666667,,,86.51,56.4,112.62,34.57,82.11,,111.28,89.46,
2004-09-29,,19.066666666666666,46.96666666666667,,,85.97,56.925,112.09,35.08,82.01,,111.84,88.59,49.85
2004-09-30,,19.166666666666668,47.13333333333333,,,85.88,56.925,111.76,35.14,82.04,,111.76,88.25,50.25
2004-10-01,,19.533333333333335,47.86666666666667,,,85.28,58.36,110.84,36.1,81.85,,113.65,87.45,51.18
2004-10-04,,19.866666666666667,47.94,,,85.31,58.69,110.77,36.313,81.86,,113.84,87.58,51.4
2004-10-05,,19.72,47.96666666666667,,,85.31,58.635,111.23,36.36,81.87,,113.9,87.58,51.39
2004-10-06,,19.947777777777777,48.14666666666667,,,85.03,59.015,110.91,36.65,81.8,,114.62,87.18,51.63
2004-10-07,,19.77777777777778,47.81666666666666,,,84.88,58.03,110.67,36.24,81.77,,113.45,86.8,51.1
2004-10-08,,19.633333333333333,48.15,,,85.6,57.3,111.75,35.58,81.98,,112.51,87.95,51.35
2004-10-11,,19.735555555555557,48.26666666666667,,,85.74,57.57,111.85,35.75,82.04,,112.97,88.04,51.15
2004-10-12,,19.424444444444443,47.71666666666667,,,85.74,57.435,111.91,35.69,82.06,,112.53,88.24,51.32
2004-10-13,,19.16111111111111,47.38333333333333,,,86.05,56.6,112.34,35.61,82.12,,111.54,88.56,51.45
2004-10-14,,18.9,47.13333333333333,,,86.35,56.23,112.8,35.45,82.14,,110.64,88.98,51.85
2004-10-15,,19.15222222222222,47.669999999999995,,,86.06,56.81,112.3,35.63,82.11,,111.26,88.67,52.38
2004-10-18,,19.355555555555554,47.86000000000001,,,86.19,57.05,112.49,36.14,82.12,,111.68,88.71,52.66
2004-10-19,,19.262222222222224,47.76666666666667,,,86.16,56.46,112.47,35.88,82.09,,110.74,88.94,52.38
2004-10-20,,19.141111111111112,47.949999999999996,,,86.55,56.755,112.84,36.048,82.16,,110.52,89.55,52.13
2004-10-21,,19.416666666666668,48.23,,,86.43,57.475,112.74,36.6,82.06,,111.24,89.61,52.66
2004-10-22,,19.27777777777778,47.93333333333334,,,86.67,56.495,112.65,35.8,82.14,,109.99,89.82,52.24
2004-10-25,,19.33,47.88333333333333,,,86.77,57.1,112.9,35.625,82.17,,109.86,89.89,51.99
2004-10-26,,19.4,48.15,,,86.62,57.85,112.78,35.82,82.16,,111.54,89.62,52.48
2004-10-27,,19.733333333333334,48.65,,,86.09,58.415,112.1,36.73,82.05,,112.88,88.74,53.1
2004-10-28,,19.635555555555555,48.78333333333333,,,86.22,58.2,112.29,36.96,82.08,,113.22,89.03,53.13
2004-10-29,,19.712222222222223,48.78333333333333,,,86.47,58.095,112.65,36.9,82.15,,113.2,89.44,53.1
2004-11-01,,19.858888888888888,48.86666666666667,,,85.78,58.555,111.75,37.038,81.96,,113.51,88.52,53.62
2004-11-02,,19.904444444444444,49.24666666666667,,,85.99,58.325,111.92,37.161,82.0,,113.55,88.65,53.1
2004-11-03,,20.194444444444443,49.830000000000005,,,85.96,59.265,111.697,37.41,81.99,,114.98,88.69,53.64
2004-11-04,,20.5,50.52666666666667,,,85.91,59.99,112.18,37.62,81.92,,116.55,88.78,54.45
2004-11-05,,20.577777777777776,50.76333333333333,,,85.27,60.26,111.7,37.96,81.71,,117.28,87.81,52.98
2004-11-08,,20.345555555555556,50.41,,,85.15,60.05,111.23,38.0,81.67,,117.11,87.5,53.12
2004-11-09,,20.476666666666667,50.28333333333333,,,85.17,60.265,111.25,37.92,81.73,,116.88,87.45,53.32
2004-11-10,,20.5,50.18666666666667,,,85.0,60.7,111.15,37.79,81.63,,116.97,87.12,53.7
2004-11-11,,20.733333333333334,50.73333333333333,,,84.98,61.3,111.16,38.29,81.69,,117.86,86.93,54.1385
2004-11-12,,21.083333333333332,51.333333333333336,,,85.3,61.925,111.72,38.66,81.67,,118.79,87.87,55.2
2004-11-15,,21.103333333333335,51.38333333333333,,,85.34,62.275,111.76,38.83,81.67,,118.73,87.95,55.9
2004-11-16,,20.862222222222222,50.949999999999996,,,85.25,61.725,111.7,38.593,81.61,,117.88,87.95,55.56
2004-11-17,,21.333333333333332,51.6,,,85.7,62.055,112.32,39.11,81.73,,118.58,88.7,54.27
2004-11-18,,21.37222222222222,51.48333333333333,44.38,,85.77,61.96,112.5,39.29,81.72,,118.74,88.97,54.18
2004-11-19,,21.066666666666666,51.15,44.78,,85.3,61.3,111.91,38.68,81.59,,117.42,88.26,53.62
2004-11-22,,21.14888888888889,51.300000000000004,44.95,,85.36,61.95,111.86,39.05,81.61,,117.98,88.72,53.99
2004-11-23,,21.185555555555553,51.4,44.75,,85.28,62.335,112.0,38.99,81.6,,118.16,88.83,54.22
2004-11-24,,21.41111111111111,51.63333333333333,45.05,,85.4,62.71,111.99,39.33,81.59,,118.44,88.83,55.16
2004-11-26,,21.766666666666666,51.93333333333334,45.29,,85.09,62.8,111.59,39.21,81.51,,118.34,88.25,55.1
2004-11-29,,21.633333333333333,52.1,45.4,,84.58,62.975,110.71,39.203,81.52,,117.81,87.31,54.9
2004-11-30,,21.673333333333332,51.75,45.12,,84.5,63.44,110.85,39.122,81.54,,117.89,86.94,55.2
2004-12-01,,21.83888888888889,52.65,45.38,,84.21,64.03,110.36,39.92,81.45,,119.23,86.45,56.27
2004-12-02,,21.806666666666665,52.56666666666666,44.95,,84.02,63.94,110.01,40.07,81.42,,119.33,86.1,55.79
2004-12-03,,21.905555555555555,52.879999999999995,45.6,,84.86,63.82,110.63,40.13,81.6,,119.25,87.44,56.54
2004-12-06,,21.874444444444446,52.556666666666665,45.17,,85.02,63.52,110.94,40.27,81.61,,119.21,87.74,56.81
2004-12-07,,21.538888888888888,52.27,45.11,,85.01,62.405,111.2,39.58,81.61,,118.1,87.85,56.09
2004-12-08,,21.425555555555558,52.23333333333333,44.01,,85.64,63.1,111.58,39.81,81.64,,118.79,89.22,56.24
2004-12-09,,21.076666666666668,52.01666666666667,43.78,,85.44,62.62,111.84,40.05,81.63,,119.21,88.63,56.65
2004-12-10,,21.055555555555557,51.50666666666667,43.44,,85.57,63.1,111.89,39.93,81.64,,119.33,88.85,57.13
2004-12-13,,21.375555555555554,52.28333333333333,43.91,,85.63,63.79,112.11,40.28,81.58,,120.37,89.04,56.97
2004-12-14,,21.572222222222223,52.300000000000004,43.55,,85.78,64.135,112.16,40.477,81.6,,120.79,89.39,56.92
2004-12-15,,21.871111111111112,52.61666666666667,43.99,,86.09,64.67,112.76,40.33,81.68,,120.88,90.2,57.03
2004-12-16,,21.76111111111111,52.28333333333333,43.68,,85.43,64.165,111.79,39.95,81.59,,120.81,88.87,56.51
2004-12-17,,21.711111111111112,52.13333333333333,44.19,,85.32,63.905,111.91,39.475,81.56,,119.44,88.75,57.15
2004-12-20,,21.994444444444444,52.61000000000001,44.34,,85.42,63.83,111.83,39.2,81.56,,119.47,88.91,56.95
2004-12-21,,22.205555555555556,52.98,44.22,,85.54,64.505,111.88,39.68,81.57,,120.39,89.18,57.6
2004-12-22,,22.200000000000003,53.06,44.02,,85.45,64.63,112.0,39.73,81.57,,120.68,88.88,56.75
2004-12-23,,22.08111111111111,52.6,44.27,,85.342,64.59,112.2,39.758,81.55,,120.77,88.59,56.32
2004-12-27,,22.064444444444447,53.01333333333333,44.48,,84.98,64.175,111.6,39.59,81.5,,120.52,87.9,55.9
2004-12-28,,22.178888888888892,53.36666666666667,44.37,,84.97,65.025,111.72,39.97,81.53,,121.18,87.83,56.11
2004-12-29,,22.301111111111112,53.11000000000001,43.66,,84.8,65.02,111.55,40.02,81.52,,121.36,87.74,56.43
2004-12-30,,22.244444444444444,53.11666666666667,43.83,,85.12,64.79,111.95,39.99,81.55,,121.13,88.33,56.7
2004-12-31,,22.427777777777777,53.416666666666664,43.8,,84.95,64.75,111.53,39.915,81.43,,120.87,88.55,56.55
2005-01-03,,22.194444444444443,53.03333333333333,43.02,,85.12,63.91,112.25,39.499,81.44,,120.3,88.74,55.89
2005-01-04,,21.51111111111111,52.01666666666667,42.74,,84.59,62.54,111.62,38.78,81.26,,118.73,87.81,55.05
2005-01-05,,21.247777777777777,51.98333333333333,42.67,,84.73,61.29,111.71,38.54,81.28,,118.01,88.28,53.22
2005-01-06,,21.233333333333334,51.98333333333333,42.15,,84.81,61.615,111.79,38.347,81.32,,118.61,88.34,53.63
2005-01-07,,21.274444444444445,51.75,41.84,,84.74,60.93,111.74,38.55,81.33,,118.44,88.54,53.51
2005-01-10,,21.301111111111112,51.98333333333333,41.95,,84.73,61.55,111.55,38.53,81.28,,119.0,88.68,53.34
2005-01-11,,21.26111111111111,51.88333333333333,42.21,,84.9,60.8,111.81,38.259,81.3,,118.18,89.2,52.8
2005-01-12,,21.522222222222222,52.300000000000004,42.6,,85.03,61.05,111.92,38.58,81.31,,118.57,89.32,52.55
2005-01-13,,21.433333333333334,51.85,42.6,,85.37,60.865,112.22,38.07,81.41,,117.62,90.18,52.55
2005-01-14,,21.816666666666666,52.1,42.32,,85.32,61.445,112.35,38.43,81.37,,118.24,90.17,53.2
2005-01-18,,21.77777777777778,52.13999999999999,42.32,,85.29,62.175,112.41,38.72,81.34,,119.47,90.47,53.72
2005-01-19,,21.477777777777778,51.6,42.26,,85.34,61.285,112.58,38.08,81.35,,118.22,90.73,53.77
2005-01-20,,21.211111111111112,51.25666666666667,42.25,,85.49,60.92,112.38,37.35,81.42,,117.5,90.91,53.6
2005-01-21,,21.5,51.46,42.74,,85.66,60.78,112.63,37.05,81.5,,116.78,91.01,53.65
2005-01-24,,21.466666666666665,51.550000000000004,42.77,,85.65,60.315,112.83,36.53,81.45,,116.55,91.4,53.22
2005-01-25,,21.66111111111111,51.56666666666666,42.24,,85.33,60.47,112.45,36.71,81.42,,116.88,90.54,52.22
2005-01-26,,21.977777777777778,52.19,42.69,,85.35,61.275,112.49,37.15,81.39,,117.23,90.71,52.06
2005-01-27,,21.99888888888889,52.26666666666667,42.62,,85.22,61.45,112.25,37.1,81.37,,117.43,90.54,51.69
2005-01-28,,22.01888888888889,52.15,42.69,,85.66,61.4,112.9,36.92,81.41,,117.43,91.45,51.77
2005-01-31,,22.308888888888887,52.4,42.22,,85.69,62.12,112.9,37.4,81.4,,118.16,91.71,51.71
2005-02-01,,22.5,52.72666666666667,42.1,,85.37,62.47,112.45,37.52,81.25,,118.91,91.22,52.09
2005-02-02,,22.571111111111108,52.800000000000004,42.16,,85.38,62.945,112.35,37.58,81.22,,119.27,91.43,52.67
2005-02-03,,22.547777777777778,52.51333333333333,41.68,,85.24,62.6,112.49,37.154,81.17,,118.96,91.38,52.79
2005-02-04,,22.9,52.78333333333333,41.47,,85.68,63.39,112.85,37.75,81.25,,120.23,92.65,53.55
2005-02-07,,22.97222222222222,52.449999999999996,41.27,,85.85,63.375,112.89,37.674,81.23,,120.07,93.34,53.37
2005-02-08,,23.016666666666666,52.449999999999996,41.26,,85.93,63.53,113.3,37.74,81.2,,120.21,93.87,53.5
2005-02-09,,22.94222222222222,52.31666666666666,41.31,,86.35,62.175,113.7,37.11,81.35,,119.31,94.12,53.84
2005-02-10,,23.05333333333333,52.86000000000001,41.75,,85.81,62.285,113.3,37.15,81.29,,119.74,92.85,54.25
2005-02-11,,23.27777777777778,53.22666666666667,42.08,,85.7,63.3,112.97,37.7,81.25,,120.77,92.79,54.41
2005-02-14,,23.444444444444443,53.63999999999999,42.55,,85.81,63.245,113.16,37.869,81.21,,120.68,93.08,54.42
2005-02-15,,23.5,54.0,42.58,,85.68,63.3,112.99,38.12,81.22,,121.13,92.61,54.66
2005-02-16,,23.427777777777777,53.52333333333333,42.52,,85.37,63.49,112.45,37.98,81.18,,121.21,92.26,54.98
2005-02-17,,23.38888888888889,53.63333333333333,42.73,,85.18,62.93,112.2,37.47,81.22,,120.23,91.68,54.94
2005-02-18,,23.676666666666666,53.9,42.75,,84.75,62.775,112.01,37.35,81.11,,120.39,90.86,54.46
2005-02-22,,23.59,53.77333333333333,43.57,,84.76,61.55,111.91,36.89,81.14,,118.6,90.46,52.9
2005-02-23,,23.698888888888888,53.800000000000004,43.42,,84.83,61.915,112.07,36.94,81.13,,119.45,90.76,52.7
2005-02-24,,24.066666666666666,53.88333333333333,43.33,,84.69,62.495,111.85,37.41,81.11,,120.24,90.56,52.74
2005-02-25,,24.51,54.51,43.5,,84.81,63.535,112.05,37.62,81.07,,121.43,91.0,53.5
2005-02-28,,24.468888888888888,54.38333333333333,43.52,,84.26,63.14,111.42,37.22,81.02,,120.63,90.02,53.35
2005-03-01,,24.537777777777777,54.68333333333334,43.22,,84.03,63.625,110.97,37.63,80.84,,121.23,89.71,53.91
2005-03-02,,24.133333333333333,54.27333333333333,43.25,,84.02,63.51,111.01,37.61,80.89,,121.17,89.59,53.55
2005-03-03,,24.200000000000003,54.300000000000004,42.97,,83.97,63.565,111.0,37.3,80.92,,121.22,89.54,53.8385
2005-03-04,,24.48888888888889,55.25,43.38,,84.35,64.345,111.36,37.52,80.92,,122.73,90.51,54.85
2005-03-07,,24.65,55.01666666666667,43.47,,84.37,64.185,111.68,38.06,80.89,,122.79,90.87,55.11
2005-03-08,,24.462222222222223,55.166666666666664,44.03,,83.97,63.575,111.18,37.68,80.89,,122.33,90.01,54.8
2005-03-09,,24.322222222222223,54.916666666666664,44.02,,83.33,62.855,110.12,37.57,80.86,,120.97,88.54,53.25
2005-03-10,,24.08888888888889,55.096666666666664,44.2,,83.48,62.585,110.27,37.52,80.8,,121.24,89.08,53.61
2005-03-11,,23.953333333333333,55.083333333333336,44.43,,83.13,62.54,110.08,37.17,80.78,,120.39,88.43,53.01
2005-03-14,,23.77,54.906666666666666,44.03,,83.33,63.01,110.07,37.34,80.75,,121.14,88.96,53.75
2005-03-15,,23.177777777777777,54.56666666666666,44.06,,83.17,62.585,109.62,37.04,80.72,,120.14,88.4,53.68
2005-03-16,,22.98111111111111,54.629999999999995,44.31,,83.36,62.235,110.0,36.615,80.82,,119.12,88.94,53.04
2005-03-17,,23.4,54.56666666666666,43.82,,83.68,62.235,109.75,36.71,80.85,,119.36,89.23,53.6
2005-03-18,,23.294444444444444,54.45666666666667,43.892,,83.47,61.9,109.42,36.51,80.81,,118.54,88.67,53.41
2005-03-21,,22.95777777777778,54.086666666666666,43.09,,83.37,61.975,109.294,36.58,80.86,,118.1,88.42,53.05
2005-03-22,,22.533333333333335,53.46666666666667,42.65,,82.76,61.55,108.35,36.13,80.72,,116.9,87.67,52.1
2005-03-23,,22.247777777777777,53.11000000000001,42.42,,82.95,61.1,108.67,36.26,80.71,,117.0,88.09,52.01
2005-03-24,,22.223333333333333,53.1,42.39,,83.02,61.05,108.9,36.27,80.73,,117.14,88.27,51.5
2005-03-28,,22.376666666666665,53.1,42.54,,82.75,61.075,108.74,36.34,80.69,,117.31,87.73,51.24
2005-03-29,,21.797777777777778,52.550000000000004,42.56,,83.09,60.2,108.93,36.05,80.75,,116.53,88.25,51.26
2005-03-30,,22.294444444444444,52.98,42.61,,83.28,60.75,109.21,36.73,80.76,,118.18,88.69,51.94
2005-03-31,,22.533333333333335,52.95666666666667,42.82,,83.69,61.075,109.59,36.57,80.87,,117.96,89.33,51.82
2005-04-01,,22.666666666666668,52.833333333333336,42.62,,83.58,60.82,109.25,36.2,80.73,,117.43,89.3,51.85
2005-04-04,,22.716666666666665,52.85,42.4,,83.54,61.045,108.58,36.46,80.73,,117.63,89.28,51.62
2005-04-05,,22.711111111111112,53.13333333333333,42.45,,83.55,61.155,108.91,36.56,80.75,,118.19,89.05,51.5
2005-04-06,,23.022222222222222,53.28333333333333,42.63,,83.8,61.345,108.85,36.5,80.81,,118.6,89.36,51.77
2005-04-07,,23.254444444444445,53.5,42.57,,83.48,61.585,108.3,36.94,80.78,,119.24,88.64,52.24
2005-04-08,,23.144444444444446,53.5,42.69,,83.57,60.65,108.65,36.64,80.77,,118.0,88.95,52.0
2005-04-11,,22.922222222222224,53.699999999999996,42.78,,83.82,60.35,108.95,36.48,80.77,,118.09,89.43,52.05
2005-04-12,,23.211111111111112,53.833333333333336,42.84,,84.26,60.915,109.39,36.66,80.82,,118.7,90.26,52.75
2005-04-13,,22.74888888888889,53.26666666666667,42.9,,84.3,59.825,109.65,36.06,80.94,,117.3,90.04,52.81
2005-04-14,,22.166666666666668,52.56666666666666,42.31,,84.52,58.625,109.25,35.55,81.01,,115.77,89.9,52.31
2005-04-15,,21.700000000000003,51.92333333333334,42.4,,85.07,57.82,109.75,34.74,81.14,,114.15,91.09,52.7
2005-04-18,,21.956666666666667,51.73333333333333,42.69,,84.89,58.19,109.77,34.75,81.1,,114.5,91.02,52.62
2005-04-19,,22.324444444444442,52.419999999999995,43.28,,85.38,59.15,110.23,34.99,81.2,,115.41,91.9,52.88
2005-04-20,,21.797777777777778,51.75,43.4,,85.33,58.225,110.29,34.704,81.17,,113.8,91.67,52.75
2005-04-21,,22.425555555555558,52.68666666666667,43.19,,84.72,59.65,109.71,35.62,81.03,,116.01,90.71,52.74
2005-04-22,,22.177777777777777,52.5,43.39,,85.08,58.685,110.23,35.09,81.05,,115.57,91.47,53.15
2005-04-25,,22.59777777777778,52.77666666666667,43.44,,85.08,59.225,110.5,35.375,81.07,,116.33,91.74,53.73
2005-04-26,,22.366666666666667,52.11666666666667,43.64,,85.04,58.39,110.32,35.05,81.05,,115.2,91.6,53.8
2005-04-27,,22.16444444444444,51.97666666666667,43.2,,85.3,58.365,110.86,35.1,81.11,,115.65,91.92,54.22
2005-04-28,,21.811111111111114,51.27666666666667,43.0,,85.82,56.875,111.32,34.75,81.18,,114.2,92.6,54.09
2005-04-29,,22.252222222222223,52.1,43.35,,85.51,57.62,110.92,34.98,81.1,,115.75,92.44,54.81
2005-05-02,,22.4,52.083333333333336,42.88,,85.33,58.21,110.53,35.12,80.92,,116.4,92.09,54.77
2005-05-03,,22.378888888888888,52.196666666666665,42.76,,85.44,58.5,110.59,35.3,80.97,,116.6,92.34,54.85
2005-05-04,,22.98888888888889,52.81666666666666,42.9,,85.42,59.15,110.34,35.728,81.0,,117.5,91.53,54.9
2005-05-05,,23.11,52.89333333333334,42.91,,85.69,59.14,110.5,35.76,81.08,,117.46,91.74,55.6
2005-05-06,,23.172222222222224,52.663333333333334,42.52,,85.08,59.35,109.9,35.857,80.9,,117.09,91.06,54.9
2005-05-09,,23.193333333333335,52.78333333333333,42.55,,85.07,59.92,109.52,36.03,80.86,,117.82,91.15,55.85
2005-05-10,,22.672222222222224,52.050000000000004,42.64,,85.37,59.205,109.5,35.766,80.92,,116.6,91.8,55.85
2005-05-11,,22.77777777777778,52.28333333333333,42.69,,85.48,59.235,109.6,35.95,80.97,,117.24,92.08,55.88
2005-05-12,,22.38888888888889,51.63333333333333,42.16,,85.56,58.3,109.25,35.85,81.01,,115.95,92.44,55.32
2005-05-13,,22.15888888888889,51.333333333333336,41.95,,85.78,58.09,109.86,36.24,81.1,,115.72,92.8,55.3
2005-05-16,,22.422222222222224,51.54,41.88,,85.79,58.985,109.69,36.484,81.08,,116.8,92.69,55.56
2005-05-17,,22.427777777777777,51.53333333333333,41.86,,85.9,59.335,109.75,36.7,81.08,,117.58,92.95,56.05
2005-05-18,,22.874444444444446,52.11666666666667,42.05,,86.18,60.525,110.14,37.2,81.16,,118.79,93.57,56.6
2005-05-19,,22.95777777777778,52.153333333333336,41.98,,85.92,60.675,109.98,37.512,81.04,,119.29,93.33,57.35
2005-05-20,,22.9,51.93333333333334,41.65,,85.91,60.6,109.95,37.66,81.04,,119.12,93.44,57.47
2005-05-23,,22.975555555555555,52.36333333333334,41.62,,86.3,61.0,110.41,37.85,81.09,,119.78,94.17,57.6
2005-05-24,,22.90888888888889,52.22666666666667,41.73,,86.53,60.75,110.65,37.97,81.14,,119.5,94.43,56.8
2005-05-25,,22.744444444444444,52.083333333333336,41.87,,86.22,60.295,110.64,37.81,81.17,,119.41,93.77,56.1
2005-05-26,,23.0,52.11666666666667,41.69,,86.27,61.135,110.71,38.19,81.14,,120.05,93.74,55.86
2005-05-27,,23.155555555555555,52.333333333333336,41.88,,86.36,61.475,110.7,38.21,81.17,,120.25,93.84,56.15
2005-05-31,,22.955555555555556,51.65,41.65,,86.81,61.345,111.18,38.08,81.23,,119.48,95.0,56.74
2005-06-01,,23.226666666666667,51.96333333333333,41.53,,87.08,62.04,111.51,38.41,81.2,,120.5,95.81,57.39
2005-06-02,,23.403333333333332,52.406666666666666,42.1,,87.05,62.21,111.94,38.66,81.17,,120.76,96.04,57.19
2005-06-03,,23.28222222222222,51.916666666666664,42.17,,86.55,61.755,111.35,38.1,81.07,,120.15,95.25,57.2
2005-06-06,,23.516666666666666,52.26,42.48,,86.78,61.985,111.66,38.11,81.11,,120.04,95.75,57.63
2005-06-07,,23.4,52.48333333333333,42.38,,87.03,62.11,111.89,37.79,81.13,,120.13,96.51,58.12
2005-06-08,,23.311111111111114,52.333333333333336,42.34,,86.87,61.715,111.66,37.71,81.11,,119.91,96.05,58.36
2005-06-09,,23.433333333333334,52.54,42.27,,86.82,62.32,111.45,37.95,81.06,,120.48,95.97,58.42
2005-06-10,,23.5,52.34,42.62,,86.27,62.45,110.95,37.547,80.99,,120.2,94.89,58.3
2005-06-13,,23.593333333333334,52.16,42.78,,86.04,62.73,110.69,37.73,80.99,,120.58,94.32,58.57
2005-06-14,,23.689999999999998,52.1,42.6,,85.94,63.27,110.57,37.58,81.01,,120.86,93.7,59.05
2005-06-15,,23.866666666666664,52.41,42.74,,85.91,63.44,110.36,37.7,80.99,,121.09,93.87,59.18
2005-06-16,,24.08,52.58,43.46,,86.18,64.06,110.47,37.9,81.06,,121.4,94.34,59.24
2005-06-17,,24.37,53.37,43.63,,86.08,64.02,110.45,37.87,81.05,,121.36,94.33,59.91
2005-06-20,,24.150000000000002,52.87,43.66,,85.95,63.68,110.32,37.87,81.03,,121.4,94.17,59.86
2005-06-21,,24.03333333333333,53.27,43.81,,86.22,63.86,110.69,37.85,81.04,,121.47,94.86,59.35
2005-06-22,,24.26,53.11,43.72,,86.87,64.01,111.48,37.81,81.22,,121.57,96.01,59.26
2005-06-23,,23.833333333333332,52.51,44.02,,86.78,62.88,111.55,37.39,81.19,,119.86,95.91,59.05
2005-06-24,,23.75,52.5,43.9,,86.99,62.21,111.83,36.97,81.23,,118.98,96.39,58.93
2005-06-27,,23.900000000000002,52.38,43.91,,87.06,62.37,111.99,36.8,81.26,,119.15,96.65,58.21
2005-06-28,,24.08,52.68,43.45,,86.69,63.34,111.64,37.15,81.17,,120.15,95.99,58.5
2005-06-29,,23.939999999999998,52.46,43.63,,86.66,63.84,111.7,37.068,81.19,,119.83,95.84,58.69
2005-06-30,,23.866666666666664,52.39,43.44,,86.96,63.7,112.1,36.78,81.24,,119.18,96.7,58.7
2005-07-01,,23.953333333333333,52.32,42.7,,85.95,63.98,111.16,36.725,80.83,,119.53,95.2,59.2
2005-07-05,,24.060000000000002,52.38,42.28,,85.6,64.99,110.8,37.11,80.85,,120.49,94.3,59.95
2005-07-06,,23.94333333333333,52.24,42.25,,85.78,64.4,111.04,36.93,80.9,,119.48,94.82,59.8
2005-07-07,,24.013333333333335,51.95,42.36,,85.98,64.58,111.33,37.06,80.97,,119.95,95.02,59.86
2005-07-08,,24.263333333333335,52.65,42.26,,85.67,65.97,111.11,37.77,80.88,,121.32,94.63,60.88
2005-07-11,,24.633333333333336,53.03,42.54,,85.63,66.78,110.5,38.12,80.82,,121.94,94.63,61.62
2005-07-12,,24.926666666666666,53.58,42.64,,85.41,66.57,110.25,38.3,80.82,,122.26,94.1,61.61
2005-07-13,,24.91,53.15,42.35,,85.33,66.42,110.5,38.39,80.83,,122.43,93.96,61.25
2005-07-14,,25.05333333333333,53.3,41.9,,85.22,65.94,110.6,38.77,80.83,,122.91,93.72,60.23
2005-07-15,,24.916666666666668,53.16,42.05,,85.24,66.0,110.65,38.89,80.84,,122.84,93.97,60.48
2005-07-18,,24.84,53.01,42.01,,85.1,65.62,110.56,38.733,80.82,,122.35,93.27,60.64
2005-07-19,,25.123333333333335,53.13,41.89,,85.22,66.54,110.65,39.18,80.85,,123.02,93.6,61.1
2005-07-20,,25.126666666666665,53.49,42.2,,85.38,67.35,110.77,39.46,80.84,,123.44,94.11,61.64
2005-07-21,,25.400000000000002,53.6,42.46,,84.75,66.3,110.2,39.47,80.76,,122.72,92.83,60.77
2005-07-22,,25.34,53.55,42.45,,85.15,67.32,110.71,39.42,80.84,,123.54,93.55,61.25
2005-07-25,,25.12,53.4,42.51,,85.0,66.88,110.7,39.27,80.81,,123.19,93.21,61.25
2005-07-26,,25.263333333333335,53.24,42.25,,85.06,67.08,110.72,39.42,80.79,,123.34,93.36,61.93
2005-07-27,,25.400000000000002,53.85,42.44,,84.94,67.27,110.58,39.72,80.79,,123.79,93.21,62.1
2005-07-28,,25.71666666666667,54.22,42.75,,85.31,67.96,111.0,39.91,80.8,,124.57,94.04,62.9685
2005-07-29,,25.7,53.96,42.82,,84.8,67.89,110.75,39.575,80.75,,123.74,93.11,62.89
2005-08-01,,26.12,54.49,43.13,,84.36,67.86,110.04,39.65,80.52,,123.65,92.42,62.85
2005-08-02,,26.583333333333332,54.88,43.14,,84.28,68.37,109.84,40.08,80.53,,124.39,92.12,63.3
2005-08-03,,26.516666666666666,55.29,43.53,,84.49,68.03,110.1,40.06,80.56,,124.72,92.57,63.15
2005-08-04,,26.28333333333333,54.84,43.68,,84.43,66.89,110.1,39.673,80.56,,123.72,92.38,62.08
2005-08-05,,25.8,54.64,43.6,,83.98,65.97,109.91,39.48,80.49,,122.88,91.66,59.93
2005-08-08,,25.97666666666667,54.77,43.35,,83.76,65.74,109.41,39.19,80.41,,122.65,91.49,57.77
2005-08-09,,26.5,55.47,43.34,,84.0,65.84,109.59,39.45,80.5,,123.39,91.83,58.04
2005-08-10,,26.78333333333333,55.85,43.65,,83.96,65.75,109.68,39.11,80.5,,123.33,91.73,58.6
2005-08-11,,26.633333333333336,56.75,44.45,,84.32,66.32,110.02,39.432,80.56,,123.82,92.37,59.38
2005-08-12,,26.349999999999998,56.4,44.49,,84.66,65.52,110.54,39.21,80.66,,123.06,93.31,59.33
2005-08-15,,26.53333333333333,56.5,44.13,,84.55,66.22,110.39,39.446,80.62,,123.82,93.07,59.89
2005-08-16,,26.073333333333334,55.89,44.55,,84.95,65.06,110.68,38.81,80.66,,122.21,93.72,60.24
2005-08-17,,26.09,55.75,43.91,,84.62,64.98,110.39,39.04,80.68,,122.2,93.1,59.76
2005-08-18,,25.61,55.15,43.83,,85.07,64.77,110.7,38.843,80.75,,122.19,93.79,59.36
2005-08-19,,25.51,55.42,43.6,,85.02,65.11,110.6,38.82,80.72,,122.47,93.78,59.15
2005-08-22,,25.826666666666668,56.03,43.7,,85.09,65.48,110.55,38.84,80.73,,122.47,93.68,59.33
2005-08-23,,25.583333333333332,55.79,43.76,,85.25,65.47,110.64,38.73,80.81,,122.24,94.11,59.58
2005-08-24,,25.25,55.2,43.59,,85.29,65.21,110.6,38.5,80.82,,121.15,94.2,59.79
2005-08-25,,25.53333333333333,55.41,43.73,,85.34,65.57,110.81,38.588,80.81,,121.59,94.5,59.86
2005-08-26,,25.5,55.23,43.61,,85.2,64.5,110.99,38.4599,80.75,,120.76,94.47,59.12
2005-08-29,,25.78,55.2,43.57,,85.26,65.37,111.0,38.76,80.77,,121.69,94.59,59.13
2005-08-30,,25.51,55.04,43.01,,85.66,65.08,111.18,38.62,80.89,,121.05,95.19,59.31
2005-08-31,,26.040000000000003,56.03,43.4,,86.22,66.53,111.96,38.98,81.1,,122.58,95.99,60.34
2005-09-01,,26.400000000000002,56.7,44.22,,86.03,66.53,111.19,38.92,80.97,,122.49,95.08,60.88
2005-09-02,,26.633333333333336,56.9,44.25,,86.05,66.17,111.22,38.77,81.07,,122.27,95.16,60.72
2005-09-06,,26.96666666666667,57.6,44.27,,85.78,67.16,110.99,39.34,80.94,,123.7,94.49,62.02
2005-09-07,,27.0,57.44,44.33,,85.5,67.36,110.59,39.409,80.88,,123.91,93.6,61.89
2005-09-08,,26.956666666666667,57.0,44.6,,85.5,66.98,110.62,39.4,80.84,,123.5,93.7,61.49
2005-09-09,,27.353333333333335,57.75,44.84,,85.57,67.39,110.67,39.619,80.86,,124.6,94.0,61.8
2005-09-12,,27.313333333333333,57.3,44.89,,85.3,67.69,110.39,39.73,80.83,,124.35,93.35,61.61
2005-09-13,,27.006666666666664,56.91,44.56,,85.56,67.17,110.58,39.63,80.88,,123.66,93.84,61.14
2005-09-14,,26.91,56.95,44.96,,85.38,66.4,110.31,39.18,80.87,,123.21,93.48,61.09
2005-09-15,,27.066666666666666,56.99,45.42,,85.12,66.17,109.92,39.16,80.85,,123.15,92.71,61.116
2005-09-16,,27.483333333333334,57.63,45.82,,84.79,66.94,109.62,39.4,80.79,,123.5,92.1,61.25
2005-09-19,,27.44333333333333,57.25,46.25,,84.96,66.62,109.92,39.09,80.81,,123.09,92.3,60.77
2005-09-20,,27.516666666666666,57.04,46.23,,84.89,65.66,109.75,38.93,80.75,,122.05,92.54,60.3
2005-09-21,,27.776666666666667,57.1,47.06,,85.28,64.6,110.24,38.5,80.83,,120.91,93.4,58.97
2005-09-22,,27.5,57.04,46.36,,85.34,64.93,110.18,38.64,80.86,,121.34,93.31,59.29
2005-09-23,,27.47666666666667,56.8,46.28,,84.87,65.18,109.86,38.75,80.79,,121.44,92.61,59.34
2005-09-26,,27.72,57.42,46.57,,84.65,65.62,109.51,38.76,80.73,,121.58,92.19,59.13
2005-09-27,,27.536666666666665,57.2,46.25,,84.7,65.4,109.61,38.67,80.7,,121.55,92.32,58.98
2005-09-28,,27.849999999999998,57.79,46.8,,84.87,65.31,109.84,38.68,80.73,,121.67,92.94,58.41
2005-09-29,,28.34,58.48,47.1,,84.68,66.03,109.8,39.2,80.7,,122.66,92.52,59.5
2005-09-30,,28.293333333333333,58.1,46.7,,84.44,66.39,109.43,39.46,80.63,,123.04,92.2,60.45
2005-10-03,,28.473333333333333,57.9,46.42,,83.84,66.79,108.66,39.56,80.36,,122.6,91.12,60.27
2005-10-04,,28.206666666666667,57.52,46.45,,83.88,65.78,108.8,39.3,80.35,,121.22,91.42,59.25
2005-10-05,,27.349999999999998,57.02,46.36,,84.08,64.1,108.95,38.76,80.39,,119.63,91.82,58.33
2005-10-06,,26.393333333333334,56.75,47.21,,83.97,63.53,108.71,38.25,80.39,,119.2,91.47,58.25
2005-10-07,,27.046666666666667,56.95,47.36,,84.08,64.1,108.89,38.34,80.45,,119.61,91.84,57.65
2005-10-10,,26.956666666666667,56.67,47.37,,84.1,63.38,108.82,38.13,80.44,,118.6,91.78,56.91
2005-10-11,,27.073333333333334,56.74,47.39,,83.94,62.5,108.64,37.94,80.42,,118.43,91.59,56.66
2005-10-12,,26.243333333333336,56.36,46.85,,83.62,61.62,108.18,37.487,80.36,,117.5,90.7,55.64
2005-10-13,,26.08,56.24,47.02,,83.49,61.87,108.0,37.78,80.36,,117.43,90.37,55.65
2005-10-14,,25.98,56.77,46.8,,83.49,62.91,107.78,38.06,80.38,,118.67,90.23,56.94
2005-10-17,,26.266666666666666,56.2,47.26,,83.39,63.02,107.93,38.18,80.34,,119.11,90.21,57.27
2005-10-18,,25.599999999999998,55.55,47.0,,83.51,62.17,108.07,37.91,80.41,,117.82,90.31,56.72
2005-10-19,,26.099999999999998,56.0,46.34,,83.61,63.51,108.18,38.67,80.45,,119.78,90.35,57.36
2005-10-20,,25.05,54.72,45.98,,83.66,62.33,107.91,38.306,80.45,,117.67,90.59,56.45
2005-10-21,,25.71666666666667,55.0,46.52,,84.03,63.02,108.38,38.55,80.5,,118.13,91.43,56.99
2005-10-24,,26.41,55.82,46.39,,83.67,64.4,108.07,39.16,80.47,,119.96,90.72,58.15
2005-10-25,,25.89,55.88,47.06,,83.28,63.85,107.54,39.01,80.33,,119.72,89.94,57.91
2005-10-26,,25.983333333333334,55.78,46.93,,82.96,63.52,107.22,38.81,80.3,,119.37,89.28,57.32
2005-10-27,,25.366666666666664,55.67,47.18,,83.15,62.19,107.3,38.03,80.36,,118.1,89.6,56.7
2005-10-28,,26.03333333333333,56.15,47.22,,83.06,63.06,107.3,38.322,80.36,,119.8,89.61,58.41
2005-10-31,,26.5,56.25,46.4,,83.12,63.78,107.27,38.87,80.33,,120.13,89.78,58.71
2005-11-01,,26.96666666666667,56.73,45.73,,82.78,64.1,106.82,38.84,80.12,,120.49,89.28,57.41
2005-11-02,,27.383333333333336,57.51,46.13,,82.61,65.39,106.61,39.347,80.11,,121.75,88.86,57.94
2005-11-03,,27.41333333333333,57.48,45.96,,82.32,65.62,106.24,39.94,80.07,,122.27,88.26,57.77
2005-11-04,,27.356666666666666,56.95,45.51,,82.28,65.48,106.32,40.08,80.07,,122.11,88.12,57.44
2005-11-07,,27.376666666666665,57.28,45.77,,82.43,65.72,106.43,40.13,80.06,,122.23,88.42,57.71
2005-11-08,,27.12,57.14,45.91,,82.84,65.48,107.07,40.14,80.16,,122.23,89.28,57.55
2005-11-09,,27.526666666666667,57.1,46.56,,82.4,65.7,106.5,40.159,80.06,,122.39,88.36,58.2
2005-11-10,,27.569999999999997,57.03,46.48,,82.87,66.05,107.06,40.6,80.17,,123.34,89.44,59.58
2005-11-11,,27.63,57.33,46.8,,82.97,66.43,107.15,40.71,80.2,,123.76,89.49,59.82
2005-11-14,,27.55666666666667,56.99,46.62,,82.6,66.19,106.61,40.714,80.08,,123.69,88.82,59.7699
2005-11-15,,27.400000000000002,56.68,46.66,,82.88,65.23,106.89,40.52,80.14,,123.24,89.4,59.74
2005-11-16,,27.633333333333336,56.58,47.78,,83.3,65.25,107.34,40.768,80.24,,123.49,90.34,59.4
2005-11-17,,28.040000000000003,57.55,48.48,,83.46,66.38,107.52,41.307,80.31,,124.64,90.56,60.38
2005-11-18,,28.116666666666664,57.95,48.46,,83.26,66.89,107.31,41.45,80.31,,125.13,90.14,60.6
2005-11-21,,28.133333333333336,58.03,48.99,,83.42,67.57,107.66,41.549,80.36,,125.76,90.41,60.9
2005-11-22,,28.12,58.22,49.32,,83.71,67.93,107.86,41.7,80.47,,126.3,90.53,61.68
2005-11-23,,28.416666666666668,58.5,49.15,,83.49,68.01,107.76,41.8,80.37,,127.03,90.18,61.95
2005-11-25,,28.396666666666665,57.94,49.42,,83.74,67.96,107.9,41.89,80.44,,127.13,90.51,62.16
2005-11-28,,28.21666666666667,58.09,49.74,,83.85,67.06,108.26,41.54,80.46,,126.23,90.96,61.48
2005-11-29,,27.96666666666667,58.0,49.8,,83.39,67.16,107.76,41.343,80.4,,126.09,90.1,61.52
2005-11-30,,28.03333333333333,57.55,49.1,,83.35,67.45,107.56,41.24,80.41,,125.41,90.0,61.15
2005-12-01,,28.766666666666666,58.63,50.17,,82.88,68.55,106.95,42.007,80.1,,126.69,89.47,62.04
2005-12-02,,28.733333333333334,58.85,50.32,,82.95,68.82,106.98,42.107,80.17,,126.85,89.5,61.73
2005-12-05,,28.96666666666667,59.11,50.78,,82.7,68.33,106.7,41.8,80.08,,126.58,89.1,61.5
2005-12-06,,29.233333333333334,59.29,50.89,,83.09,68.54,106.92,41.936,80.19,,126.82,90.01,61.3
2005-12-07,,28.956666666666667,58.9,51.32,,83.04,68.12,106.79,41.86,80.2,,126.08,89.67,60.98
2005-12-08,,28.74,58.89,51.9,,83.4,68.3,107.01,41.561,80.3,,126.0,90.25,61.44
2005-12-09,,29.03333333333333,59.48,52.4,,83.03,68.64,106.82,41.715,80.22,,126.33,89.54,61.6
2005-12-12,,29.2,60.23,52.56,,82.84,68.85,106.59,41.867,80.21,,126.45,89.37,61.64
2005-12-13,,29.583333333333332,60.52,51.65,,83.04,68.86,106.68,42.045,80.25,,127.31,89.7,61.94
2005-12-14,,29.386666666666667,60.49,50.35,,83.56,68.78,107.23,41.899,80.34,,127.81,90.62,62.06
2005-12-15,,29.266666666666666,59.93,50.24,,83.45,68.08,107.14,41.97,80.34,,127.44,90.4,61.59
2005-12-16,,29.166666666666668,60.4,50.09,,83.6,67.84,107.59,41.58,80.39,,126.36,90.7,61.81
2005-12-19,,29.099999999999998,60.29,50.22,,83.65,67.0,107.41,40.92,80.34,,125.71,90.79,61.0
2005-12-20,,29.349999999999998,60.3,49.04,,83.51,66.98,107.5,40.95,80.33,,125.83,90.68,61.08
2005-12-21,,29.826666666666668,60.59,49.37,,83.4,67.79,107.54,41.13,80.33,,126.03,90.52,61.45
2005-12-22,,29.833333333333332,60.94,50.14,,83.73,67.97,107.55,41.397,80.4,,126.69,91.24,61.8
2005-12-23,,29.680000000000003,59.8,50.12,,83.93,68.13,107.97,41.403,80.44,,126.76,91.8,62.01
2005-12-27,,29.349999999999998,59.25,50.64,,84.33,67.11,108.46,41.038,80.45,,125.47,92.55,60.11
2005-12-28,,29.430000000000003,59.68,51.47,,83.78,67.51,108.11,40.99,80.3,,125.75,91.91,60.04
2005-12-29,,29.433333333333334,59.7,51.47,,83.88,67.15,107.82,40.72,80.24,,125.19,92.11,59.73
2005-12-30,,29.416666666666668,59.43,51.58,,83.91,66.72,107.69,40.412,80.21,,124.51,91.9,59.56
2006-01-03,,30.516666666666666,61.42,53.12,,83.9,68.05,108.28,41.31,80.32,,126.7,91.78,60.76
2006-01-04,,30.793333333333333,61.93,53.3,,84.05,68.42,108.28,41.74,80.4,,127.3,92.0,61.21
2006-01-05,,30.95,61.62,52.34,,84.07,68.79,108.37,41.92,80.33,,127.38,91.89,61.68
2006-01-06,,31.596666666666668,62.45,53.72,,83.96,69.61,108.2,42.68,80.35,,128.44,91.72,62.26
2006-01-09,,31.906666666666666,62.48,54.6,,84.0,70.07,108.22,42.8499,80.36,,128.77,91.78,62.79
2006-01-10,,31.52333333333333,61.92,54.06,,83.66,70.7,107.93,42.88,80.28,,128.9,91.04,63.17
2006-01-11,,31.893333333333334,62.45,54.53,,83.45,70.58,107.75,43.21,80.28,,129.31,90.89,63.27
2006-01-12,,31.45,61.94,54.43,,83.75,70.33,108.09,43.0,80.32,,128.8,91.5,63.09
2006-01-13,,31.483333333333334,62.18,55.44,,84.12,70.36,108.41,42.98,80.48,,128.68,92.03,62.31
2006-01-17,,30.933333333333334,61.4,55.26,,84.22,70.03,108.41,42.7,80.45,,128.33,92.44,62.06
2006-01-18,,30.916666666666668,60.57,54.07,,84.25,69.88,108.38,42.21,80.44,,127.82,92.41,62.05
2006-01-19,,31.916666666666668,61.26,55.59,,84.04,71.0,108.36,42.52,80.45,,128.31,92.14,62.83
2006-01-20,,30.96666666666667,60.33,55.2,,84.18,70.19,108.45,41.25,80.48,,125.97,92.38,62.22
2006-01-23,,31.866666666666664,61.17,55.77,,84.16,70.41,108.7,41.26,80.49,,126.42,92.35,62.5
2006-01-24,,32.36666666666667,61.48,55.73,,84.02,71.2,108.46,41.44,80.47,,126.55,91.9,62.97
2006-01-25,,32.38333333333333,61.69,56.14,,83.5,71.38,107.86,41.26,80.36,,126.66,90.9,63.01
2006-01-26,,33.15,62.42,55.88,,83.32,72.41,107.7,41.55,80.37,,127.36,90.51,63.22
2006-01-27,,33.53,62.75,55.63,,83.38,72.77,107.86,42.11,80.31,,128.54,90.51,63.93
2006-01-30,,33.373333333333335,62.8,56.68,,83.2,72.56,107.46,42.19,80.35,,128.44,90.42,63.88
2006-01-31,,33.593333333333334,62.86,56.7,,83.32,72.35,107.22,42.0,80.35,,127.5,90.67,64.05
2006-02-01,,33.57666666666667,63.05,56.7,,82.8,73.1,106.84,42.15,80.03,,128.39,90.04,64.35
2006-02-02,,32.71333333333333,62.34,56.98,,82.8,72.0,106.75,41.43,80.03,,126.9,90.21,63.9
2006-02-03,24.5,32.266666666666666,62.18,56.5,,83.05,71.78,106.92,40.92,80.07,,126.27,90.85,63.34
2006-02-06,24.2,33.03333333333333,62.09,56.72,,82.93,72.42,107.1,40.81,80.03,,126.6,91.03,63.58
2006-02-07,23.5,32.166666666666664,61.63,54.6,,82.83,71.25,106.83,40.63,80.04,,125.48,90.6,63.08
2006-02-08,23.4,32.266666666666666,61.85,54.83,,82.78,71.7,106.83,41.1,80.01,,126.62,90.39,62.8
2006-02-09,23.62,32.35,61.97,56.18,,82.86,71.33,107.0,40.71,79.99,,126.41,90.8,63.1
2006-02-10,23.1899,32.300000000000004,61.83,54.79,,82.62,71.18,106.8,40.96,79.93,,126.64,90.3,63.16
2006-02-13,22.83,31.503333333333334,61.4,53.72,,82.62,70.71,106.96,40.49,79.99,,126.41,90.31,63.25
2006-02-14,22.64,32.300000000000004,62.08,54.49,,82.5,71.53,106.85,40.9,79.99,,127.75,89.99,63.6
2006-02-15,22.31,32.13333333333333,61.52,53.76,,82.65,72.16,106.92,41.16,79.98,,128.2,90.21,64.16
2006-02-16,22.58,32.96666666666667,62.11,54.52,,82.61,72.8,107.07,41.54,80.04,,129.16,90.23,64.59
2006-02-17,22.9,32.92333333333333,61.93,54.96,,82.89,72.65,107.42,41.21,80.1,,128.81,90.95,65.28
2006-02-21,23.28,32.63333333333333,61.94,55.12,,82.79,72.33,107.37,40.75,80.04,,128.49,90.8,65.2
2006-02-22,22.9,32.81,62.41,55.34,,83.1,72.82,107.77,41.26,80.1,,129.27,91.42,65.93
2006-02-23,22.82,32.800000000000004,62.57,54.64,,82.9,72.77,107.53,41.15,80.03,,129.08,91.19,65.82
2006-02-24,23.44,32.86333333333334,62.78,55.64,,82.8,73.35,107.48,41.26,80.06,,129.41,91.05,65.47
2006-02-27,22.98,33.163333333333334,63.0,55.22,,82.64,73.55,107.43,41.72,80.02,,129.46,90.9,65.48
2006-02-28,23.29,32.300000000000004,62.42,56.07,,82.97,72.58,107.54,41.1,80.13,,128.23,91.35,65.24
2006-03-01,23.24,33.193333333333335,63.06,56.1,,82.54,73.9,106.69,41.66,79.81,,129.37,90.48,65.62
2006-03-02,23.66,33.22,62.94,56.74,,82.21,73.59,106.201,41.69,79.84,,129.36,89.85,65.54
2006-03-03,23.88,32.666666666666664,62.68,56.28,,82.01,73.22,106.0,41.45,79.76,,128.76,89.33,65.18
2006-03-06,23.5,32.166666666666664,62.44,55.23,,81.75,72.65,105.45,41.09,79.79,,128.17,88.55,66.36
2006-03-07,23.09,31.03333333333333,61.68,54.95,,81.79,71.6,105.4,40.85,79.79,,127.97,88.61,65.56
2006-03-08,22.72,31.21666666666667,61.89,53.97,,81.83,71.85,105.45,40.87,79.84,,128.24,88.58,65.9
2006-03-09,22.95,30.900000000000002,61.82,54.24,,81.91,71.22,105.43,40.52,79.87,,127.38,88.61,66.44
2006-03-10,22.85,31.55,62.76,53.83,,81.75,72.32,105.7,40.56,79.79,,128.59,88.28,67.04
2006-03-13,23.15,31.516666666666666,63.28,54.31,,81.68,72.47,105.56,40.68,79.79,,128.83,88.21,66.6
2006-03-14,23.49,32.5,63.95,54.87,,82.15,73.27,106.24,41.37,79.95,,130.18,88.8,67.08
2006-03-15,23.23,32.876666666666665,64.18,55.12,,82.0,73.94,106.08,41.72,79.97,,130.76,88.32,68.35
2006-03-16,23.43,32.583333333333336,64.39,55.34,,82.52,73.77,106.66,41.37,80.11,,131.03,89.12,69.06
2006-03-17,23.32,32.81333333333333,64.7,55.12,,82.35,74.07,106.56,41.45,80.08,,130.62,88.85,69.68
2006-03-20,22.84,33.0,64.83,55.17,,82.51,74.03,106.68,41.55,80.12,,130.41,88.99,68.11
2006-03-21,22.92,32.333333333333336,64.16,54.83,,82.17,73.0,106.28,41.11,79.98,,129.59,88.53,67.32
2006-03-22,22.88,32.69,64.76,54.75,,82.27,74.13,106.26,41.21,80.0,,130.38,88.72,67.47
2006-03-23,23.27,32.38666666666666,63.98,54.7,,82.06,74.45,106.2,41.09,79.98,,130.11,88.44,67.65
2006-03-24,23.22,32.666666666666664,64.49,55.71,,82.42,74.9,106.46,41.3,80.09,,130.21,89.09,67.55
2006-03-27,23.36,32.86666666666667,64.38,56.39,,82.24,74.91,106.46,41.31,80.07,,130.02,88.76,66.77
2006-03-28,23.66,32.266666666666666,63.76,56.06,,81.84,74.52,105.96,41.14,80.0,,129.22,87.93,67.51
2006-03-29,23.82,32.88333333333333,64.6,57.07,,81.76,75.9,105.86,41.92,80.0,,130.03,87.51,68.77
2006-03-30,24.11,33.050000000000004,65.38,58.6,,81.52,75.7,105.54,42.05,79.96,,129.8,86.9,67.78
2006-03-31,23.94,33.0,64.92,58.1,,81.58,75.97,105.3,41.93,79.99,,129.83,86.87,67.92
2006-04-03,24.05,33.93333333333333,65.63,58.47,,81.23,75.34,104.95,41.98,79.68,,129.73,86.57,66.749
2006-04-04,23.92,34.13333333333333,66.15,58.33,,81.24,75.68,105.05,42.21,79.74,,130.56,86.48,66.29
2006-04-05,24.07,34.483333333333334,66.37,58.66,,81.43,76.07,105.4,42.61,79.75,,131.01,86.6,66.65
2006-04-06,24.5,34.306666666666665,66.43,59.28,,81.2,76.23,105.02,42.73,79.74,,130.87,85.94,66.3801
2006-04-07,24.39,33.78333333333333,65.67,58.59,,80.83,75.01,104.61,42.32,79.69,,129.54,85.1,65.38
2006-04-10,24.84,33.666666666666664,65.79,59.6,,80.93,74.93,104.38,42.26,79.71,,129.74,85.26,64.76
2006-04-11,24.94,33.38,65.35,59.01,,81.08,73.6,104.68,41.92,79.78,,128.64,85.56,64.6
2006-04-12,24.89,33.57333333333333,65.03,59.43,,80.89,74.37,104.35,41.93,79.73,,128.88,85.04,64.6
2006-04-13,25.05,33.733333333333334,65.2,59.5,,80.46,74.56,104.15,42.1,79.72,,128.71,84.44,63.75
2006-04-17,25.32,34.13333333333333,65.5,61.09,,80.77,74.61,104.13,41.66,79.77,,128.66,84.75,63.57
2006-04-18,25.65,35.266666666666666,66.84,61.85,,81.03,76.7,104.55,42.46,79.88,,130.7,84.9,65.12
2006-04-19,25.9,35.483333333333334,67.3,63.75,,80.8,77.26,104.48,42.65,79.86,,130.95,84.38,65.92
2006-04-20,25.6,35.35666666666666,67.0,60.96,,80.73,76.85,104.43,42.5,79.83,,131.13,84.31,65.99
2006-04-21,26.14,35.63333333333333,67.45,63.2,,80.9,76.68,104.63,42.0,79.83,,131.15,84.8,66.0
2006-04-24,25.62,35.166666666666664,67.52,61.65,,81.0,76.07,104.84,41.96,79.87,,130.91,85.14,65.66
2006-04-25,25.7,34.68333333333333,67.48,62.78,,80.49,76.12,104.34,41.87,79.81,,130.37,84.13,65.16
2006-04-26,25.6,35.36666666666667,67.9,63.65,,80.45,76.06,104.22,41.86,79.75,,130.4,83.99,64.96
2006-04-27,25.2,34.81,68.02,62.96,,80.67,75.43,104.41,42.26,79.88,,131.03,84.1,65.3738
2006-04-28,25.62,35.15,68.03,65.09,,80.81,76.2,104.65,41.85,79.9,13.812000000000001,131.47,84.16,65.61
2006-05-01,25.9,35.14,68.0,65.16,,80.08,75.26,103.66,41.44,79.59,13.87,130.4,83.2,64.82
2006-05-02,26.2,35.76,69.04,66.55,,80.21,76.29,103.82,41.55,79.6,14.365,131.38,83.42,64.16
2006-05-03,25.73,35.800000000000004,68.63,66.46,,80.1,76.16,103.82,41.49,79.6,13.925,130.89,83.24,64.28
2006-05-04,25.42,36.15,69.16,67.48,,80.05,77.09,103.78,41.83,79.61,14.0,131.36,83.1,65.19
2006-05-05,25.7,36.733333333333334,70.22,67.99,,80.24,77.52,103.9,42.16,79.63,13.995,132.52,83.6,66.03
2006-05-08,25.63,37.0,70.16,67.56,,80.28,77.63,104.03,42.2,79.62,14.0,132.36,83.65,66.32
2006-05-09,26.03,37.03333333333333,70.58,69.68,,80.25,77.52,104.07,42.04,79.63,14.5,132.62,83.6,66.29
2006-05-10,26.68,36.63333333333333,70.36,70.38,,80.29,77.05,104.14,41.67,79.63,14.526,132.55,83.75,66.05
2006-05-11,26.94,35.699999999999996,69.65,71.03,,80.15,75.31,103.96,40.74,79.66,14.86,130.95,83.34,64.83
2006-05-12,26.85,34.766666666666666,68.75,71.12,,79.85,73.5,103.7,40.19,79.63,14.463999999999999,129.24,82.65,64.01
2006-05-15,25.94,33.93333333333333,68.16,67.41,,80.02,73.17,103.79,40.16,79.67,13.27,129.5,82.98,64.89
2006-05-16,26.02,34.10333333333333,68.06,68.61,,80.32,73.29,104.17,39.86,79.74,13.580000000000002,129.31,83.6,64.64
2006-05-17,25.98,32.93333333333333,65.89,68.15,,80.09,71.95,103.84,39.32,79.7,13.09,126.85,83.08,63.43
2006-05-18,25.99,32.300000000000004,65.69,67.46,,80.66,71.27,104.5,39.05,79.78,12.602,126.21,84.21,62.94
2006-05-19,25.42,32.99666666666666,66.02,65.58,,80.61,71.9,104.45,39.35,79.76,12.6,127.1,84.43,63.09
2006-05-22,25.62,31.44333333333333,64.57,65.3,,80.72,71.1,104.51,38.97,79.76,12.515,126.13,84.61,62.92
2006-05-23,26.02,31.099999999999998,64.59,66.38,,80.69,70.18,104.44,38.59,79.81,13.044999999999998,125.17,84.56,62.234
2006-05-24,25.36,30.883333333333336,64.55,64.06,,80.81,70.72,104.55,38.85,79.86,12.545,126.17,84.6,62.33
2006-05-25,25.8,32.196666666666665,65.42,64.7,,80.68,72.21,104.41,39.36,79.86,12.684999999999999,127.73,84.27,63.5
2006-05-26,26.05,32.1,65.95,65.1,,80.75,72.64,104.42,39.49,79.89,12.67,128.38,84.21,64.26
2006-05-30,25.91,30.71666666666667,64.95,65.11,,80.68,70.64,104.19,38.64,79.83,13.097,126.1,84.17,63.73
2006-05-31,25.52,31.233333333333334,65.43,64.23,,80.43,71.87,103.99,38.82,79.77,12.628,127.51,83.67,63.84
2006-06-01,25.2092,31.873333333333335,65.85,62.56,,80.27,73.27,103.74,39.74,79.6,12.040000000000001,128.73,83.71,65.01
2006-06-02,25.71,32.199999999999996,66.49,63.5,,80.89,73.22,104.39,39.642,79.72,12.175,129.0,84.79,65.76
2006-06-05,25.64,30.833333333333332,65.05,63.29,,80.73,71.09,104.07,38.78,79.65,12.092,127.12,84.68,66.08
2006-06-06,25.42,30.606666666666666,64.26,62.55,,80.8,70.79,104.3,38.75,79.65,11.834999999999999,126.81,85.08,65.29
2006-06-07,25.25,29.933333333333334,63.38,62.28,,80.69,70.1,104.02,38.46,79.6,11.870000000000001,125.86,85.1,65.75
2006-06-08,24.98,29.400000000000002,61.98,60.91,,80.8,70.16,104.36,38.4,79.69,11.235,125.75,85.27,65.61
2006-06-09,25.02,29.016666666666666,61.91,60.45,,81.0,69.54,104.47,38.15,79.69,11.192,125.35,85.72,66.04
2006-06-12,24.72,27.936666666666667,61.38,60.03,,80.96,67.94,104.19,37.4,79.7,10.93,123.99,85.79,65.25
2006-06-13,24.05,27.316666666666666,59.46,55.92,,81.07,66.65,104.3,37.25,79.68,9.625,122.55,85.85,64.58
2006-06-14,24.04,28.099999999999998,60.32,55.62,,80.53,67.45,103.85,37.63,79.6,9.67,123.5,84.99,64.03
2006-06-15,24.3,29.736666666666665,62.4,57.32,,80.35,69.76,103.64,38.65,79.58,10.264,126.12,84.5,65.37
2006-06-16,24.35,29.566666666666666,61.9,57.68,,80.3,68.85,103.5,38.34,79.54,10.290000000000001,124.65,84.31,65.24
2006-06-19,23.9,28.46666666666667,61.59,56.36,,80.21,67.5,103.37,38.03,79.51,9.947,123.67,84.19,64.79
2006-06-20,24.1,28.816666666666666,61.96,57.3,,80.15,67.42,103.29,38.08,79.5,10.286,124.09,84.05,64.45
2006-06-21,24.45,29.75,62.76,58.33,,80.14,68.6,103.16,38.68,79.52,10.5,125.01,84.07,65.2
2006-06-22,24.44,29.21666666666667,62.43,57.73,,79.88,68.24,102.92,38.19,79.48,10.257,124.46,83.59,64.74
2006-06-23,24.39,29.166666666666668,62.25,57.99,,79.81,68.65,102.75,38.15,79.46,10.353,124.44,83.42,64.25
2006-06-26,24.66,29.296666666666667,62.46,58.28,,79.84,69.1,102.75,38.25,79.47,10.317,124.99,83.26,64.25
2006-06-27,24.75,28.616666666666664,61.58,57.68,,79.97,68.3,102.59,37.53,79.52,10.214,123.91,83.67,64.18
2006-06-28,24.65,29.513333333333335,62.28,57.54,,79.71,68.6,102.36,37.81,79.48,10.245000000000001,124.75,83.23,64.37
2006-06-29,25.19,31.266666666666666,64.58,59.52,,80.04,71.25,102.9,38.96,79.62,10.782,127.27,83.51,65.8
2006-06-30,25.3,31.3,65.39,61.23,,80.32,71.73,103.47,38.77,79.69,11.139,127.23,84.32,66.3
2006-07-03,25.97,31.993333333333336,65.73,62.18,,79.97,72.63,102.89,39.0,79.4,11.379999999999999,127.8,83.91,67.53
2006-07-05,25.77,31.0,64.48,62.5,,79.68,71.57,102.24,38.15,79.33,11.47,127.07,83.24,67.42
2006-07-06,25.94,31.633333333333336,65.16,63.02,,79.93,71.55,102.75,38.11,79.39,11.599,127.44,83.75,67.58
2006-07-07,25.75,31.03333333333333,64.86,62.63,,80.18,70.49,103.14,37.69,79.45,11.325,126.61,84.29,67.3
2006-07-10,25.57,31.28333333333333,65.4,62.02,,80.24,70.5,103.27,37.36,79.45,11.084,126.85,84.37,67.83
2006-07-11,26.13,31.433333333333334,65.58,63.81,,80.33,71.12,103.43,37.64,79.45,11.57,127.41,84.64,67.94
2006-07-12,26.39,30.733333333333334,64.35,64.92,,80.4,69.65,103.6,36.93,79.48,11.592,126.05,84.66,68.12
2006-07-13,26.38,29.516666666666666,63.22,65.55,,80.58,68.07,103.59,36.31,79.58,11.65,124.0,84.99,67.2
2006-07-14,26.5,29.666666666666668,62.68,65.85,,80.64,67.53,103.68,35.94,79.59,11.498999999999999,123.52,85.04,66.28
2006-07-17,25.9,29.2,61.8,63.95,,80.57,67.44,103.79,36.03,79.58,10.897,123.34,85.17,66.28
2006-07-18,25.74,29.606666666666666,61.7,62.9,,80.26,67.9,103.25,36.15,79.52,10.595,123.97,84.44,67.28
2006-07-19,25.83,31.433333333333334,63.22,64.03,,80.77,69.5,103.72,36.62,79.63,11.139,125.69,85.24,68.32
2006-07-20,25.56,30.53,62.88,62.54,,80.94,67.72,104.17,36.08,79.73,10.9,124.83,85.49,67.76
2006-07-21,25.49,29.936666666666667,62.88,61.71,,80.89,66.75,104.09,35.7,79.71,10.838,123.95,85.33,66.65
2006-07-24,25.6,31.28333333333333,64.02,61.14,,80.89,68.88,104.12,36.41,79.71,10.918000000000001,126.21,85.28,67.75
2006-07-25,25.38,31.366666666666664,64.0,61.55,,80.81,69.05,104.04,36.62,79.69,10.993,126.66,85.03,68.1
2006-07-26,25.21,31.233333333333334,64.45,62.0,,81.01,68.9,104.26,36.59,79.79,11.107,126.83,85.34,68.34
2006-07-27,25.7,31.66333333333333,64.85,62.9,,81.0,68.24,104.1,36.35,79.83,11.375,126.71,85.21,68.12
2006-07-28,25.61,32.343333333333334,66.15,63.11,,81.22,69.67,104.5,37.11,79.93,11.4,127.98,85.7,69.11
2006-07-31,25.86,32.03333333333333,65.92,63.16,,81.35,69.68,104.52,37.1,79.94,11.415000000000001,127.85,85.8,68.88
2006-08-01,25.98,31.516666666666666,65.46,64.32,,81.05,68.59,104.21,36.48,79.7,11.76,127.22,85.46,68.52
2006-08-02,26.33,31.933333333333334,66.18,64.75,,81.12,69.5,104.39,36.89,79.7,12.17,128.08,85.78,68.39
2006-08-03,26.08,31.900000000000002,66.07,64.12,,81.14,70.34,104.4,37.12,79.69,12.08,128.42,85.8,69.04
2006-08-04,26.05,31.96666666666667,66.12,64.28,,81.54,69.62,104.81,36.95,79.76,12.383,128.2,86.32,70.13
2006-08-07,26.46,31.766666666666666,65.71,64.5,,81.43,69.35,104.72,36.71,79.79,12.309999999999999,127.95,86.37,69.44
2006-08-08,26.09,31.766666666666666,65.48,63.97,,81.44,68.39,104.78,36.48,79.83,12.26,127.41,86.18,68.41
2006-08-09,26.13,31.886666666666667,65.8,64.63,,81.4,67.7,104.73,36.53,79.86,12.518,126.98,85.9,67.99
2006-08-10,25.79,32.21333333333333,65.95,63.25,,81.42,68.3,104.72,36.79,79.84,12.120999999999999,127.37,85.77,68.042
2006-08-11,25.54,31.823333333333334,65.38,62.71,,81.16,67.6,104.51,36.53,79.77,11.919,127.01,85.4,67.62
2006-08-14,25.3,31.95,65.6,62.25,,81.02,68.0,104.38,36.77,79.73,12.048,127.11,85.25,68.27
2006-08-15,25.34,32.733333333333334,67.02,62.01,,81.41,69.42,104.92,37.7,79.84,12.105,128.63,85.97,69.05
2006-08-16,25.07,33.053333333333335,67.65,62.49,,81.75,70.42,105.36,38.58,79.97,12.32399,129.79,86.55,69.18
2006-08-17,24.68,33.1,67.38,61.03,,81.73,70.53,105.31,38.73,79.96,11.967,130.03,86.52,69.08
2006-08-18,24.81,32.78666666666667,67.66,61.04,,81.95,70.94,105.52,38.79,79.99,12.059999999999999,130.69,86.77,69.39
2006-08-21,25.01,32.61666666666667,67.45,62.44,,82.05,70.18,105.67,38.42,80.04,12.412,130.13,87.08,69.787
2006-08-22,24.97,32.60666666666666,67.26,62.05,,82.08,70.41,105.74,38.43,80.03,12.295,130.12,87.11,70.28
2006-08-23,24.71,32.016666666666666,67.02,61.83,,82.05,69.6,105.7,38.14,80.03,12.5,129.76,87.15,69.74
2006-08-24,25.07,31.930000000000003,66.83,61.75,,82.08,69.48,105.7,38.25,80.06,12.36,129.65,87.31,70.01
2006-08-25,25.06,32.02,66.78,61.77,,82.19,69.6,105.85,38.32,80.08,12.42,129.81,87.44,69.96
2006-08-28,24.67,32.38333333333333,67.06,61.0,,82.18,70.34,105.88,38.61,80.1,12.032,130.43,87.52,70.79
2006-08-29,24.63,32.49333333333333,67.6,60.94,,82.25,71.25,105.95,38.73,80.13,12.275,130.58,87.64,70.8
2006-08-30,25.0,32.63333333333333,67.6,61.42,,82.37,71.8,106.02,38.91,80.18,12.511,130.66,87.87,71.22
2006-08-31,25.0,32.54,67.6,62.29,,82.46,71.77,106.38,38.87,80.25,12.908000000000001,130.64,88.08,71.28
2006-09-01,24.95,32.90333333333333,68.1,62.14,,82.27,71.82,105.78,39.08,80.05,12.959999999999999,131.42,87.76,70.87
2006-09-05,24.91,33.083333333333336,68.36,63.36,,82.0,72.47,105.52,39.46,79.97,12.975,131.67,87.26,71.59
2006-09-06,24.8,32.13333333333333,67.31,62.86,,81.94,70.93,105.46,38.67,79.96,12.988,130.51,87.09,71.16
2006-09-07,24.7,31.766666666666666,66.53,61.25,,82.0,70.3,105.57,38.4799,79.96,12.57,129.91,87.26,70.67
2006-09-08,24.5,32.026666666666664,66.52,60.64,,82.08,70.57,105.68,38.72,80.01,12.129999999999999,130.28,87.33,71.34
2006-09-11,23.93,31.33666666666667,66.12,58.5,,81.97,70.48,105.64,38.96,80.0,11.075,130.41,87.25,71.57
2006-09-12,23.55,31.873333333333335,66.88,58.31,,82.16,72.14,105.8,39.68,80.04,11.019,131.69,87.69,72.49
2006-09-13,23.49,32.35,66.75,58.62,,82.24,72.75,106.08,39.96,80.05,11.184999999999999,132.22,87.73,72.9
2006-09-14,23.35,32.083333333333336,66.84,57.19,,82.08,72.49,105.81,39.99,79.98,10.7,132.23,87.53,72.51
2006-09-15,23.3,32.27333333333333,66.63,57.4,,82.03,72.66,105.74,40.11,80.02,10.799,131.96,87.46,73.09
2006-09-18,23.56,32.63666666666666,66.98,58.23,,81.91,72.64,105.76,40.1101,80.0,11.17,132.14,87.4,72.57
2006-09-19,23.21,32.13333333333333,66.36,56.92,,82.4,72.32,106.17,39.85,80.11,10.788,131.81,88.3,73.11
2006-09-20,23.07,32.79333333333333,67.01,57.26,,82.42,73.29,106.34,40.43,80.14,10.886,132.51,88.43,72.95
2006-09-21,23.47,31.993333333333336,67.17,57.95,,83.01,72.5,106.98,40.18,80.28,11.184999999999999,131.87,89.24,72.14
2006-09-22,23.2,31.58666666666667,66.84,58.5,,83.26,71.54,107.04,39.87,80.3,11.151,131.47,89.61,72.33
2006-09-25,23.25,31.953333333333333,67.12,58.5,,83.54,72.39,107.09,40.57,80.39,11.187999999999999,132.48,90.31,71.76
2006-09-26,23.35,32.33,67.2,58.74,,83.23,72.39,106.9,40.77,80.35,11.389,133.58,89.93,71.59
2006-09-27,23.7,32.25666666666667,67.71,59.81,,83.31,72.92,106.87,40.72,80.36,11.622,133.74,89.63,72.22
2006-09-28,23.89,32.516666666666666,67.87,59.79,,83.23,72.63,106.88,40.83,80.39,11.541,133.69,89.52,72.07
2006-09-29,23.95,32.25666666666667,67.75,59.47,,83.08,72.0,106.83,40.65,80.34,11.451,133.58,89.39,71.89
2006-10-02,23.69,32.20333333333333,67.94,59.15,,82.97,71.32,106.53,40.14,80.11,11.434999999999999,133.08,89.3,71.86
2006-10-03,23.3,31.766666666666666,68.0,57.11,,82.96,71.22,106.6,40.31,80.12,10.809999999999999,133.36,89.18,72.56
2006-10-04,23.47,32.61666666666667,68.69,56.37,,83.37,72.95,107.11,41.3,80.26,10.8,134.92,89.83,73.4
2006-10-05,23.6,33.050000000000004,68.73,56.92,,83.05,73.88,106.76,41.5,80.18,11.078,135.18,89.2,73.88
2006-10-06,23.69,32.96666666666667,68.12,56.99,,82.6,73.5,106.16,41.41,80.08,11.095,135.01,88.27,73.42
2006-10-09,24.49,32.843333333333334,68.15,57.2,,82.81,74.06,106.24,41.55,80.09,11.278,135.09,88.51,73.84
2006-10-10,23.7,33.14,68.25,57.0,,82.2,74.1,105.77,41.62,79.98,11.118,135.27,87.81,73.85
2006-10-11,23.38,32.96333333333333,68.2,56.88,,82.1,73.81,105.68,41.54,79.99,11.173,135.11,87.58,73.57
2006-10-12,23.64,33.766666666666666,68.95,57.49,,82.14,75.3,105.78,42.23,80.01,11.291,136.28,87.6,74.24
2006-10-13,24.15,33.96666666666667,69.05,58.57,,82.01,75.9,105.38,42.43,79.98,11.64,136.63,87.16,75.09
2006-10-16,24.4,34.06,69.31,59.17,,82.15,76.35,105.65,42.45,80.02,11.845,136.84,87.55,75.25
2006-10-17,24.38,33.61333333333334,68.88,58.65,,82.24,75.97,105.85,42.0,80.03,11.687999999999999,136.41,87.62,75.0
2006-10-18,23.99,33.943333333333335,69.05,58.59,,82.22,75.98,106.07,41.8,80.04,11.722,136.59,87.8,75.38
2006-10-19,24.39,34.093333333333334,69.57,59.41,,82.15,76.35,105.73,41.9,80.03,12.07,136.81,87.64,75.2
2006-10-20,24.05,33.93333333333333,69.79,58.78,,82.13,75.6,105.77,42.0,80.06,11.876999999999999,136.84,87.55,75.1
2006-10-23,24.1,33.90333333333333,69.85,57.76,,81.9,75.75,105.53,42.43,80.02,11.639,137.47,87.2,75.55
2006-10-24,24.27,34.09666666666667,69.86,58.17,,82.01,75.9,105.71,42.13,80.02,11.789,137.88,87.2,75.16
2006-10-25,24.7,34.49333333333333,70.35,58.76,,82.31,76.4,106.16,42.43,80.11,11.895,138.35,87.89,75.54
2006-10-26,24.53,34.57666666666667,70.89,59.29,,82.59,77.04,106.5,42.82,80.21,12.106,138.78,88.46,76.29
2006-10-27,24.6,34.0,70.4,59.4,,82.86,76.14,106.84,42.21,80.29,12.011,137.91,88.87,75.78
2006-10-30,24.34,33.88333333333333,70.25,59.9,,82.9,76.47,106.94,42.48,80.24,12.106,137.81,89.12,76.21
2006-10-31,24.19,34.53333333333333,70.29,60.24,,83.27,76.23,107.47,42.58,80.35,12.268,137.79,89.81,76.34
2006-11-01,24.5,34.18666666666667,70.2,61.36,,83.22,74.58,107.31,42.0,80.11,12.443999999999999,136.86,89.96,75.75
2006-11-02,24.32,34.29333333333333,70.43,61.92,,83.02,74.47,107.18,42.04,80.09,12.515,136.78,89.59,74.31
2006-11-03,24.71,34.4,70.16,62.3,,82.39,74.83,106.43,41.93,79.94,12.552,136.54,88.42,73.49
2006-11-06,25.05,35.21666666666667,71.2,61.89,,82.47,75.7,106.55,42.54,79.93,12.61,138.08,88.79,74.17
2006-11-07,24.99,35.06666666666667,71.28,62.04,,82.75,76.2,106.93,42.83,80.03,12.595,138.61,89.2,73.36
2006-11-08,24.96,35.156666666666666,71.3,61.11,,82.93,76.59,107.06,43.03,80.07,12.417,138.91,89.53,73.6099
2006-11-09,25.29,35.276666666666664,70.94,62.95,,82.92,75.89,107.17,42.8,80.06,13.028,138.18,89.47,73.72
2006-11-10,24.76,35.32666666666667,71.22,62.49,,83.1,76.52,107.46,43.03,80.12,12.966999999999999,138.24,89.86,74.02
2006-11-13,24.58,35.446666666666665,70.77,62.19,,83.06,76.63,107.39,43.46,80.12,12.86,138.58,89.84,74.2
2006-11-14,24.65,36.0,71.55,61.63,,83.23,78.11,107.56,43.93,80.13,12.776,139.62,90.19,75.14
2006-11-15,24.84,36.06666666666667,71.53,61.84,,83.0,78.7,107.28,44.11,80.08,12.863,140.02,89.85,75.23
2006-11-16,24.22,35.70333333333333,71.38,61.31,,82.79,78.64,107.13,44.3,80.05,12.754999999999999,140.38,89.44,75.74
2006-11-17,24.52,35.663333333333334,71.17,61.78,,83.09,78.59,107.48,44.3,80.15,12.764,140.42,89.95,75.45
2006-11-20,24.43,35.52333333333333,70.63,61.77,,83.14,78.7,107.56,44.39,80.17,12.705,140.5,90.09,78.06
2006-11-21,24.66,36.089999999999996,70.98,62.27,,83.26,78.83,107.71,44.45,80.19,13.030000000000001,140.64,90.31,79.32
2006-11-22,24.75,36.343333333333334,71.67,62.5,,83.39,78.92,107.83,44.73,80.25,13.033000000000001,140.92,90.46,79.67
2006-11-24,25.09,36.336666666666666,71.29,63.5,,83.48,78.56,108.0,44.65,80.26,13.411000000000001,140.35,90.62,80.01
2006-11-27,25.16,35.65,70.7,63.7,,83.56,76.8,108.01,43.66,80.31,13.495,138.42,90.95,77.85
2006-11-28,25.23,35.85666666666666,71.33,63.57,,83.71,77.06,108.22,43.77,80.35,13.734,139.02,91.15,78.06
2006-11-29,25.55,36.43666666666667,72.14,63.16,,83.61,78.06,108.11,44.07,80.35,13.568000000000001,140.47,90.93,79.16
2006-11-30,25.78,36.6,72.45,64.39,,84.05,78.07,108.52,44.04,80.44,13.968,140.53,91.53,79.99
2006-12-01,25.77,36.449999999999996,72.36,64.12,,83.94,77.78,108.2,43.66,80.31,13.958000000000002,140.22,91.42,79.84
2006-12-04,25.65,37.21,72.83,64.12,,83.93,79.32,108.45,44.26,80.3,14.084999999999999,141.29,91.58,80.77
2006-12-05,25.73,37.86,73.24,63.81,,83.82,79.38,108.4,44.42,80.3,13.815999999999999,141.9,91.15,80.15
2006-12-06,25.39,37.6,73.08,62.69,,83.69,79.11,108.13,44.26,80.29,13.569999999999999,141.78,90.97,79.7044
2006-12-07,25.3,37.46666666666667,73.33,62.73,,83.66,78.77,108.18,43.7,80.27,13.886000000000001,141.16,90.9,79.21
2006-12-08,25.1,37.300000000000004,73.15,62.05,,83.28,78.78,107.78,43.9,80.17,13.680000000000001,141.42,90.24,79.47
2006-12-11,25.14,37.31666666666667,73.45,62.57,,83.54,78.98,108.02,44.06,80.1801,13.815000000000001,141.83,90.63,79.65
2006-12-12,25.1,36.86666666666667,73.75,62.52,,83.69,78.55,108.25,43.8,80.29,13.812999999999999,141.72,90.82,79.29
2006-12-13,25.11,37.06666666666667,74.03,62.48,,83.26,78.65,107.71,43.88,80.1805,13.75,141.87,90.01,78.88
2006-12-14,25.4,37.699999999999996,74.33,62.12,,83.09,78.97,107.61,44.37,80.14,13.716999999999999,143.12,89.68,78.94
2006-12-15,25.52,37.86666666666667,74.03,61.0,,83.15,78.9,107.59,44.43,80.17,12.815000000000001,142.34,89.73,78.35
2006-12-18,24.47,37.60333333333333,73.92,61.04,,83.19,77.91,107.6,43.99,80.17,12.447,141.95,89.76,77.86
2006-12-19,24.76,37.36666666666667,74.25,61.8,,83.17,77.86,107.58,43.85,80.18,12.65,142.22,89.64,77.2
2006-12-20,24.81,37.25,74.12,61.62,,83.15,77.98,107.66,43.69,80.23,12.459999999999999,142.14,89.63,78.01
2006-12-21,24.56,37.18333333333333,72.55,61.38,,83.45,77.62,107.94,43.38,80.29,12.35,141.62,90.08,77.37
2006-12-22,24.75,37.31666666666667,72.38,61.65,,83.07,77.11,107.6,42.93,80.28,12.589,140.75,89.39,75.21
2006-12-26,24.37,37.663333333333334,72.36,61.98,,83.19,78.21,107.72,43.11,80.27,12.623000000000001,141.58,89.66,75.8
2006-12-27,24.3,38.199999999999996,73.25,62.22,,82.67,79.14,106.95,43.33,79.99,12.78,142.51,88.7,76.43
2006-12-28,24.48,38.126666666666665,73.3,62.9,,82.48,78.78,106.73,43.12,79.94,12.802000000000001,142.21,88.5,76.64
2006-12-29,24.58,38.056666666666665,73.22,63.21,,82.44,78.03,106.68,43.16,79.96,12.863999999999999,141.62,88.43,77.0
2007-01-03,23.7999,38.38,73.51,62.28,,82.68,78.16,106.45,43.24,80.04,12.558,141.37,89.07,77.12
2007-01-04,23.18,37.85,73.32,61.65,,82.95,78.37,107.25,44.06,80.12,12.58,141.67,89.6,77.22
2007-01-05,23.2,36.74333333333333,72.2,60.17,,82.71,76.73,107.19,43.85,80.04,12.18,140.54,89.22,75.79
2007-01-08,23.22,37.01,72.3,60.48,,82.7699,76.43,107.15,43.88,80.02,12.218,141.19,89.37,75.9
2007-01-09,23.02,36.18333333333333,72.37,60.85,,82.75,77.15,107.17,44.1,80.05,12.425,141.07,89.37,76.86
2007-01-10,22.68,36.1,71.82,60.59,,82.61,77.75,107.03,44.62,80.03,12.373000000000001,141.54,88.97,77.85
2007-01-11,22.65,36.556666666666665,72.28,60.63,,82.39,78.23,106.7,45.08,79.97,12.290000000000001,142.16,88.45,78.86
2007-01-12,23.18,37.300000000000004,73.1,62.17,,82.22,78.98,106.59,45.31,79.92,12.78,143.24,88.04,79.11
2007-01-16,22.65,37.43333333333333,73.01,61.97,,82.38,78.45,106.7,45.28,80.0,12.542,142.96,88.2,80.24
2007-01-17,22.85,37.276666666666664,73.05,62.64,,82.22,78.11,106.56,44.91,79.97,12.737,143.02,87.96,80.2
2007-01-18,22.61,36.88333333333333,72.8,62.26,,82.33,77.46,106.87,44.08,80.0,12.602,142.54,88.23,80.1
2007-01-19,22.95,37.54666666666667,73.69,63.0,,82.2,77.76,106.8,44.17,79.99,12.800999999999998,142.82,87.99,80.9
2007-01-22,22.97,37.50333333333334,73.32,62.72,,82.35,77.19,106.88,43.69,80.02,12.874,142.38,88.2,80.22
2007-01-23,23.7,38.35666666666666,73.97,64.23,,82.11,77.92,106.59,43.58,79.98,13.249,142.8,87.62,80.6
2007-01-24,23.5,38.69,74.45,64.33,,82.12,78.77,106.64,44.3,80.02,13.205000000000002,143.95,87.61,81.65
2007-01-25,23.29,37.5,73.24,64.06,,81.8,77.78,106.3,43.73,79.96,13.249,142.26,86.98,82.15
2007-01-26,23.58,37.73,73.38,64.1,,81.79,78.07,106.23,43.57,79.97,13.355,142.16,86.91,82.42
2007-01-29,23.1,37.23,73.46,63.77,,81.73,78.75,106.18,43.61,79.98,13.128,142.05,86.72,82.69
2007-01-30,23.74,37.806666666666665,73.96,64.22,,81.81,79.18,106.33,43.63,80.0,13.328,142.79,86.82,83.1
2007-01-31,23.99,38.1,74.24,64.83,,82.11,79.35,106.78,44.07,80.09,13.516,143.75,87.55,83.76
2007-02-01,23.9,38.56666666666667,74.86,65.22,,81.74,80.2,106.28,44.02,79.78,13.605,144.61,87.09,84.09
2007-02-02,24.21,38.449999999999996,74.71,64.28,,81.81,80.25,106.38,44.16,79.81,13.392,144.81,87.2,84.24
2007-02-05,24.129,38.486666666666665,74.47,64.31,,81.9,80.24,106.52,44.12,79.79,13.437999999999999,144.85,87.32,84.24
2007-02-06,24.0101,38.86666666666667,75.05,64.79,,82.13,80.44,106.8,44.05,79.88,13.61,144.89,87.8,85.48
2007-02-07,23.72,38.71666666666667,75.26,64.63,,82.31,81.18,106.95,44.46,79.92,13.588999999999999,145.21,88.06,87.27
2007-02-08,24.27,38.51,74.96,65.52,,82.33,81.05,107.07,44.45,79.95,13.749,145.02,88.13,86.6
2007-02-09,24.42,38.050000000000004,74.64,66.12,,82.08,80.22,106.62,43.84,79.87,13.806000000000001,143.94,87.63,85.6
2007-02-12,23.96,37.79,74.35,65.67,,81.97,80.02,106.64,43.7,79.87,13.594999999999999,143.45,87.43,84.05
2007-02-13,24.4,38.39,75.3,65.84,,81.909,80.68,106.5738,43.86,79.86,13.800999999999998,144.66,87.24,85.68
2007-02-14,24.07,39.21666666666667,76.32,66.37,,82.38,80.75,107.18,44.6,80.04,14.022,145.61,88.07,85.07
2007-02-15,24.07,39.24,76.41,66.41,,82.51,80.77,107.38,44.86,80.08,13.95199,145.8,88.33,85.7
2007-02-16,24.49,39.33,76.38,66.36,,82.6,81.17,107.49,44.71,80.1,13.901,145.73,88.64,85.48
2007-02-20,24.22,39.43333333333333,76.49,65.31,,82.7,81.9,107.66,44.68,80.09,13.790000000000001,146.04,88.84,86.14
2007-02-21,24.74,39.54333333333333,76.1,67.28,,82.69,82.1,107.59,45.19,80.14,14.184000000000001,145.98,88.69,85.86
2007-02-22,25.08,39.5,76.44,67.15,,82.48,82.39,107.44,45.42,80.09,14.184999999999999,145.87,88.21,85.4
2007-02-23,25.24,39.166666666666664,76.68,67.72,,82.81,81.95,107.79,45.26,80.18,14.528,145.3,88.84,83.91
2007-02-26,25.31,39.15,76.72,68.1,,83.07,81.75,108.23,45.04,80.24,14.699000000000002,145.17,89.43,83.49
2007-02-27,24.83,35.96666666666667,73.63,65.41,,83.77,78.05,108.65,43.19,80.43,14.038999999999998,139.5,90.56,80.9
2007-02-28,25.29,36.583333333333336,74.18,66.48,,83.48,78.83,108.43,43.33,80.37,14.125,140.93,90.15,81.4
2007-03-01,25.03,36.336666666666666,73.39,65.82,,83.31,78.43,108.02,43.13,80.22,13.540000000000001,140.51,89.74,80.68
2007-03-02,24.8,35.986666666666665,72.4,63.71,,83.55,76.8,108.32,42.48,80.3,12.878,138.67,90.2,79.4
2007-03-05,24.43,35.07666666666667,70.9,62.93,,83.6,75.17,108.16,42.15,80.33,12.549,137.35,90.35,76.31
2007-03-06,24.66,36.62,73.1,64.15,,83.49,77.07,107.75,42.85,80.26,12.896,139.7,90.08,79.11
2007-03-07,25.0,36.36666666666667,73.12,64.3,,83.64,76.97,107.85,42.68,80.34,12.9,139.56,90.43,78.0
2007-03-08,25.04,37.26,73.98,64.48,,83.63,78.01,107.99,42.97,80.34,12.915000000000001,140.74,90.35,79.25
2007-03-09,24.71,37.39666666666667,74.1,64.25,,83.16,78.26,107.71,42.98,80.2,12.855,140.78,89.4,80.3
2007-03-12,24.48,37.583333333333336,74.57,64.37,,83.39,78.4,107.94,43.21,80.27,12.946000000000002,140.99,89.75,80.7
2007-03-13,24.29,36.36666666666667,72.8,63.72,,83.76,76.39,108.0,42.37,80.38,12.690000000000001,138.25,90.29,78.8
2007-03-14,24.34,36.79,72.83,63.94,,83.65,77.2,107.9,42.99,80.4,12.800999999999998,139.28,89.88,79.18
2007-03-15,24.19,37.089999999999996,73.16,63.98,,83.56,77.75,107.92,42.89,80.38,12.931000000000001,139.47,89.87,79.89
2007-03-16,24.25,36.75,73.25,64.62,,83.55,77.37,107.5,42.83,80.37,13.091999999999999,138.53,89.85,79.0
2007-03-19,24.37,37.6,74.38,64.74,,83.44,78.25,107.3,43.27,80.3,13.103,140.2,89.66,79.79
2007-03-20,24.4,37.78333333333333,75.01,65.27,,83.56,78.84,107.59,43.58,80.37,13.257,140.97,89.71,80.11
2007-03-21,24.44,38.96,76.61,65.82,,83.68,80.34,107.91,44.42,80.5,13.319999999999999,143.29,89.75,81.08
2007-03-22,24.84,38.79333333333333,76.32,65.76,,83.4,80.27,107.61,44.26,80.42,13.389,143.18,89.04,81.16
2007-03-23,24.85,39.01,76.5,65.15,,83.27,80.24,107.33,44.12,80.37,13.122,143.39,88.79,81.21
2007-03-26,24.96,38.876666666666665,76.53,65.84,,83.34,80.07,107.53,44.3,80.45,13.331999999999999,143.2,88.9,79.45
2007-03-27,25.03,38.776666666666664,76.19,65.7,,83.32,79.63,107.51,43.99,80.46,13.186000000000002,142.86,88.75,78.62
2007-03-28,25.27,38.163333333333334,75.52,66.05,,83.31,79.22,107.44,43.52,80.5,13.328,141.82,88.57,78.1
2007-03-29,25.76,38.839999999999996,76.18,65.65,,83.19,79.18,107.31,43.57,80.46,13.254,141.97,88.45,78.23
2007-03-30,25.3776,38.833333333333336,76.26,65.74,,83.09,79.51,107.27,43.53,80.46,13.352,142.0,88.28,79.35
2007-04-02,25.13,39.15,76.5,65.85,,82.86,79.75,106.84,43.59,80.18,13.241999999999999,142.16,88.1,79.85
2007-04-03,25.03,39.699999999999996,77.14,65.83,,82.79,80.53,106.78,44.16,80.18,13.338,143.69,87.99,80.55
2007-04-04,25.31,39.99666666666666,77.46,66.81,,82.92,80.49,106.87,44.34,80.23,13.575,143.85,88.08,80.15
2007-04-05,25.36,40.1,77.74,66.86,,82.71,80.44,106.65,44.56,80.2,13.66,144.24,87.75,80.07
2007-04-09,25.1,40.25666666666667,77.68,66.53,,82.33,80.57,106.3,44.45,80.02,13.7,144.44,87.17,80.22
2007-04-10,25.45,40.446666666666665,78.26,67.16,,82.5,80.8,106.52,44.68,80.12,13.847999999999999,144.61,87.43,80.55
2007-04-11,25.41,40.07333333333333,77.88,67.08,104.35,82.4,80.3,106.32,44.21,80.12,13.774000000000001,144.02,87.37,79.35
2007-04-12,25.56,40.74333333333333,78.4,66.99,104.42,82.48,80.84,106.48,44.56,80.11,13.811000000000002,144.66,87.39,78.81
2007-04-13,25.7,40.99,78.66,67.84,104.23,82.34,81.4,106.3,44.65,80.07,13.99,145.32,87.12,79.7
2007-04-16,25.5,41.449999999999996,79.49,68.4,104.19,82.43,82.45,106.39,45.06,80.06,13.98,146.7,87.6,79.8
2007-04-17,25.24,41.20666666666667,79.5,68.0,104.14,82.78,82.26,106.97,45.16,80.19,13.838,147.09,88.09,80.84
2007-04-18,25.25,40.89333333333334,79.47,68.38,104.17,82.97,81.78,107.0,45.01,80.3,13.88,147.27,88.53,80.34
2007-04-19,25.18,40.57,79.17,67.53,104.53,82.96,81.36,107.07,45.15,80.3,13.559000000000001,147.23,88.38,79.8
2007-04-20,25.53,41.053333333333335,80.08,68.7,104.466,82.87,82.31,107.04,45.4,80.28,13.871,148.62,88.15,80.4
2007-04-23,25.7,40.836666666666666,79.3,68.26,104.53,83.04,82.21,107.35,45.47,80.34,13.930000000000001,148.06,88.47,81.3
2007-04-24,25.35,40.89666666666667,79.25,67.73,105.25,83.2,82.29,107.62,45.7,80.41,13.709999999999999,148.12,88.8,80.75
2007-04-25,25.85,41.34666666666667,79.99,67.89,105.41,83.15,82.53,107.47,46.31,80.38,13.746,149.48,88.49,80.7
2007-04-26,25.67,41.28,79.62,66.87,105.6,82.91,83.17,107.24,46.55,80.32,13.26,149.65,87.85,80.75
2007-04-27,25.8,41.086666666666666,79.45,67.56,105.6,82.91,82.48,107.21,46.57,80.3499,13.488999999999999,149.53,87.83,80.55
2007-04-30,25.57,40.28,79.16,67.09,105.61,83.27,80.74,107.73,45.96,80.41,13.334999999999999,148.29,88.75,79.25
2007-05-01,25.62,40.44,79.08,66.69,105.33,82.96,81.07,107.19,46.11,80.09,13.187999999999999,148.67,88.49,78.56
2007-05-02,25.42,41.24333333333333,79.68,66.66,105.29,82.86,82.15,107.16,46.42,80.13,13.169999999999998,149.54,88.44,79.18
2007-05-03,25.54,41.61,79.79,67.49,105.3,82.77,82.29,107.01,46.59,80.07,13.316999999999998,150.35,88.24,79.39
2007-05-04,25.49,41.57666666666667,80.54,68.19,105.43,82.98,82.87,107.27,46.63,80.11,13.383000000000001,150.92,88.6,78.7
2007-05-07,25.37,41.84666666666667,80.66,68.25,105.42,83.05,82.59,107.4,46.63,80.11,13.456,150.95,88.84,78.92
2007-05-08,25.21,41.303333333333335,80.0,67.88,105.5,83.05,82.29,107.34,46.73,80.15,13.4,150.75,88.64,78.4
2007-05-09,25.08,41.97,80.44,67.45,105.22,82.78,82.62,107.17,46.83,80.09,13.324000000000002,151.16,88.29,79.25
2007-05-10,24.98,40.943333333333335,78.85,66.0,105.6,82.99,81.54,107.22,46.19,80.16,12.953,149.58,88.5,78.19
2007-05-11,25.35,41.983333333333334,80.18,66.45,105.66,82.82,82.3,107.11,46.78,80.13,13.147,150.86,88.19,79.25
2007-05-14,25.26,41.56666666666667,79.88,66.28,105.65,82.7,81.7,107.0,46.46,80.07,13.05,150.53,87.96,78.8
2007-05-15,25.51,41.626666666666665,80.02,66.54,105.57,82.69,80.98,106.76,46.1,80.09,13.123,150.57,87.93,77.6
2007-05-16,25.26,42.22,80.14,65.6,105.85,82.64,81.43,107.01,46.55,80.17,12.86,151.6,87.87,76.64
2007-05-17,25.47,42.050000000000004,79.73,65.06,105.82,82.42,80.78,106.69,46.33,80.12,12.77,151.3,87.51,75.31
2007-05-18,25.43,42.28333333333333,80.35,65.52,105.8501,82.18,81.73,106.39,46.71,80.04,12.904,152.62,86.93,74.55
2007-05-21,25.68,42.339999999999996,79.97,65.67,105.95,82.29,82.76,106.53,47.01,80.06,12.999,152.54,87.19,74.85
2007-05-22,25.31,42.36666666666667,80.04,65.22,105.96,82.06,83.33,106.19,47.05,80.08,12.89,152.42,86.74,75.96
2007-05-23,25.43,42.300000000000004,80.45,65.54,105.88,81.9,83.0,106.09,46.83,80.06,12.950999999999999,152.44,86.49,75.38
2007-05-24,25.29,41.28333333333333,79.68,64.75,105.91,82.01,82.0,106.22,46.16,80.09,12.768,151.06,86.57,74.12
2007-05-25,25.6,41.916666666666664,80.19,64.94,106.06,81.92,82.5,106.15,46.45,80.14,12.88,151.69,86.37,74.54
2007-05-29,25.04,41.77333333333333,80.29,65.07,105.64,81.75,83.33,105.94,46.81,80.06,13.096,152.24,86.36,77.2
2007-05-30,25.28,42.196666666666665,80.63,64.72,105.88,81.8301,83.8,106.02,47.19,80.12,13.100999999999999,153.48,86.54,79.27
2007-05-31,25.51,42.266666666666666,81.03,65.54,105.71,81.8,84.2,105.93,47.41,80.07,13.383000000000001,153.32,86.38,78.95
2007-06-01,25.7,43.376666666666665,81.56,66.44,105.11,81.12,84.7,105.03,47.44,79.74,13.637,154.08,85.59,79.06
2007-06-04,25.93,43.18333333333334,81.78,66.54,105.2,81.25,84.79,105.2,47.5801,79.77,13.648,154.1,85.98,79.38
2007-06-05,25.83,43.03333333333333,81.36,66.37,105.05,80.99,84.45,104.86,47.58,79.7,13.7,153.49,85.44,78.12
2007-06-06,25.82,41.949999999999996,80.19,66.41,104.92,81.03,83.51,104.95,47.07,79.8,13.63801,151.84,85.4,77.59
2007-06-07,25.95,41.303333333333335,78.82,65.26,104.43,80.22,81.84,103.83,46.3399,79.71,13.363,149.1,83.87,75.15
2007-06-08,25.49,42.03333333333333,79.68,64.22,104.15,80.37,82.85,103.88,46.91,79.74,13.030000000000001,151.04,83.8,76.05
2007-06-11,25.98,42.39333333333334,79.95,64.7,103.93,80.16,82.87,103.56,46.82,79.75,13.154,151.3,83.56,74.91
2007-06-12,25.91,41.68,78.53,64.1,103.4,79.59,81.51,103.003,46.54,79.68,12.931000000000001,149.65,82.35,73.61
2007-06-13,26.24,42.49,79.55,64.53,103.58,79.85,82.59,103.45,47.05,79.7,13.065000000000001,151.89,83.33,75.24
2007-06-14,26.49,43.156666666666666,80.14,64.6,103.66,79.87,83.34,103.42,47.36,79.7,13.07131,152.86,83.12,74.43
2007-06-15,26.65,44.13999999999999,80.79,64.85,103.64,80.22,84.33,103.8295,47.73,79.81,13.161000000000001,153.07,83.69,75.25
2007-06-18,26.65,44.18,81.24,64.95,103.7,80.18,84.17,103.82,47.77,79.81,13.163,152.89,83.52,74.09
2007-06-19,26.39,44.23,81.32,65.48,103.83,80.57,84.39,104.49,47.76,79.95,13.265,153.27,84.3,74.23
2007-06-20,26.42,43.85333333333333,80.36,64.71,102.9101,80.3101,82.93,103.99,47.31,79.87,13.081,151.14,83.62,72.0
2007-06-21,26.3,44.4,81.09,64.56,103.1,80.21,83.49,103.72,47.74,79.9,13.012,151.98,83.22,72.3999
2007-06-22,26.24,43.81333333333333,79.97,64.78,103.3,80.45,82.92,104.0,47.29,80.01,13.006,150.55,83.76,72.13
2007-06-25,26.14,43.48,79.95,64.43,102.7,80.71,82.49,104.12,47.09,80.08,12.825,149.83,84.22,70.07
2007-06-26,25.84,43.1,79.55,63.62,103.0,80.73,81.74,104.1,46.82,80.03,12.145,148.29,84.24,69.8
2007-06-27,25.8,43.699999999999996,80.12,63.67,102.64,80.72,83.55,104.1,47.54,80.02,12.209999999999999,150.4,84.32,71.59
2007-06-28,25.72,43.72333333333333,80.26,64.26,102.1,80.67,83.42,103.99,47.52,80.0,12.4,150.38,84.3,71.22
2007-06-29,25.7,43.88333333333333,80.77,64.27,101.81,81.09,82.96,104.58,47.6,80.16,12.35,150.43,85.17,70.95
2007-07-02,25.86,44.76666666666667,81.94,65.02,102.0,80.9,83.99,103.85,48.01,79.91,12.588,151.79,85.29,72.59
2007-07-03,25.89,45.123333333333335,82.33,64.74,101.81,80.66,84.36,103.87,48.31,79.88,12.532,152.34,84.77,72.39
2007-07-05,26.13,45.32333333333333,81.92,64.42,101.44,80.21,84.47,103.2,48.66,79.77,12.465,152.18,83.82,73.48
2007-07-06,26.35,46.1,82.51,64.96,101.55,80.02,84.8,103.0,48.86,79.76,12.68,152.98,83.48,73.39
2007-07-09,26.29,46.54666666666666,82.71,65.38,101.86,80.31,85.74,103.21,48.89,79.82,12.68,153.0,83.78,73.34
2007-07-10,26.48,45.626666666666665,81.7,65.61,101.59,80.86,83.21,103.92,48.48,79.97,12.87,150.92,85.2,71.48
2007-07-11,26.54,46.00666666666667,82.47,65.44,100.83,80.58,83.83,103.45,48.81,79.93,12.844999999999999,151.99,84.32,71.34
2007-07-12,26.61,47.01666666666667,83.62,66.02,101.13,80.35,84.82,103.04,49.56,79.88,13.003,154.39,84.03,72.26
2007-07-13,26.65,47.583333333333336,83.56,66.03,101.55,80.53,84.94,103.49,49.9,79.92,12.963,154.85,84.26,72.95
2007-07-16,26.18,47.10666666666666,83.37,65.82,101.59,80.85,84.48,103.76,49.85,80.0,12.894,154.83,85.07,72.34
2007-07-17,26.02,47.096666666666664,83.09,65.75,101.71,80.68,84.57,103.54,50.23,79.95,12.815000000000001,154.75,84.89,72.08
2007-07-18,26.32,46.52,82.8,66.62,100.95,80.97,84.24,103.84,50.17,80.07,13.115,154.47,85.21,71.92
2007-07-19,26.41,46.96666666666667,83.27,67.01,101.057,80.96,84.58,103.62,50.32,80.06,13.169,155.07,85.19,72.19
2007-07-20,26.4,46.66,82.41,67.58,100.8,81.36,83.2,103.91,50.05,80.19,13.233,153.5,85.96,70.93
2007-07-23,26.28,48.01,82.91,67.47,100.577,81.33,82.98,103.79,50.07,80.13,13.215,153.97,85.82,69.7
2007-07-24,26.08,46.36666666666667,81.66,67.47,100.0,81.55,81.0,103.66,49.33,80.21,13.205000000000002,151.3,86.14,68.29
2007-07-25,26.31,46.63333333333333,81.44,66.9,99.05,81.66,80.7,103.74,49.4,80.27,13.028,151.61,86.31,67.55
2007-07-26,26.03,44.39666666666667,78.73,65.65,97.65,82.31,78.46,103.52,48.98,80.46,12.705,148.02,87.03,66.31
2007-07-27,26.28,43.68333333333334,77.64,65.41,96.02,82.47,76.63,103.14,47.99,80.55,12.620999999999999,145.11,87.28,64.11
2007-07-30,25.98,45.11333333333334,79.02,65.77,96.95,82.26,77.96,103.3,48.55,80.45,12.790000000000001,147.38,87.03,65.35
2007-07-31,26.19,44.19,78.92,65.79,97.2799,82.6,77.1,103.25,47.53,80.58,12.802000000000001,145.72,87.66,65.09
2007-08-01,26.15,44.01666666666667,79.05,65.93,96.45,82.05,77.52,103.09,47.9,80.2,12.89,146.43,87.13,65.95
2007-08-02,26.19,44.50333333333333,79.29,65.89,97.0,82.11,78.13,102.95,48.34,80.24,12.899000000000001,147.6,87.35,67.04
2007-08-03,25.9,42.583333333333336,77.86,66.69,97.0,82.64,75.38,103.46,47.42,80.44,13.027000000000001,143.8,87.93,64.45
2007-08-06,25.54,43.343333333333334,78.71,66.52,96.79,82.31,76.03,103.1,47.97,80.34,12.883000000000001,146.21,87.29,66.7
2007-08-07,25.68,43.666666666666664,78.98,66.48,97.48,82.3,77.2,103.38,48.31,80.27,13.034,147.77,87.22,67.07
2007-08-08,25.64,45.13333333333333,80.26,66.77,98.63,81.73,79.55,103.49,48.84,80.21,13.053999999999998,149.83,86.16,69.72
2007-08-09,25.44,43.26666666666667,77.97,65.46,98.53,82.19,77.69,103.4,47.71,80.44,12.594,145.39,86.28,68.95
2007-08-10,25.53,42.516666666666666,76.63,66.57,98.33,82.07,78.06,102.94,47.28,80.41,12.765,144.71,86.08,66.87
2007-08-13,25.35,42.93666666666667,76.78,66.26,99.05,82.2,77.67,103.3,47.6,80.48,12.714,145.23,86.33,66.55
2007-08-14,25.4338,41.82666666666667,76.04,66.29,98.28,82.5,76.31,103.9464,46.79,80.59,12.623000000000001,143.01,86.56,64.64
2007-08-15,25.62,40.18333333333333,74.26,66.13,98.83,82.65,75.2,103.6648,45.9,80.7,12.385,141.04,86.25,63.55
2007-08-16,25.18,39.5,73.94,64.68,98.7,82.97,76.75,102.66,45.45,80.86,11.78,142.1,87.14,66.1
2007-08-17,25.16,40.75,74.62,65.01,99.7,83.03,78.41,102.84,46.31,80.93,11.664,144.71,86.79,67.6
2007-08-20,25.23,40.833333333333336,74.86,65.12,98.75,83.21,78.47,103.58,46.53,81.03,11.729000000000001,144.64,86.84,68.84
2007-08-21,25.19,40.68333333333333,74.81,65.07,98.24,83.57,78.69,103.79,47.02,81.14,11.51,144.93,87.26,69.16
2007-08-22,25.25,42.43333333333333,76.58,65.4,99.0,83.3,79.63,104.0,47.66,81.03,11.571,146.65,87.12,70.0
2007-08-23,25.33,42.65,76.92,65.31,99.6,83.33,78.61,104.05,47.53,80.98,11.623000000000001,146.52,87.42,68.8
2007-08-24,25.63,43.666666666666664,78.26,66.11,99.85,83.36,79.63,104.28,48.2,80.83,11.9,148.33,87.85,69.17
2007-08-27,25.66,43.86666666666667,77.43,65.98,100.5,83.59,78.61,104.0,47.88,80.94,11.69199,146.95,88.31,67.67
2007-08-28,25.39,42.083333333333336,75.87,65.59,100.1501,84.02,76.55,104.89,46.74,81.15,11.643,143.72,88.46,65.6
2007-08-29,25.63,43.75,77.61,66.07,100.55,83.7,78.56,104.41,48.08,81.05,11.81501,146.54,88.22,68.0
2007-08-30,25.68,43.52666666666667,77.07,65.8,100.76,84.12,78.03,104.72,48.33,81.12,11.7,146.15,88.81,68.35
2007-08-31,25.69,44.65,78.42,66.52,101.67,84.14,78.74,105.21,48.87,81.25,11.998000000000001,147.59,88.88,69.48
2007-09-04,25.98,45.403333333333336,79.14,67.44,101.75,83.65,79.75,104.49,49.68,80.81,12.18676,149.08,88.56,70.4
2007-09-05,26.03,44.71666666666667,77.99,67.56,101.7899,84.17,79.01,104.9,49.18,81.02,12.15,147.79,89.27,68.71
2007-09-06,25.93,45.06666666666666,78.28,68.86,101.73,83.99,79.03,104.66,49.14,80.92,12.3642,148.13,89.04,69.32
2007-09-07,26.1,44.050000000000004,77.33,69.39,100.57,84.89,77.66,105.23,48.23,81.22,12.442,146.07,90.3,67.65
2007-09-10,26.28,44.083333333333336,77.01,69.62,101.0,85.08,76.77,105.54,48.2,81.1,12.483,145.79,91.0,66.95
2007-09-11,26.34,44.97333333333333,78.34,70.52,101.83,84.9,77.99,104.93,48.93,81.11,12.64001,147.49,90.93,68.34
2007-09-12,26.62,45.13333333333333,78.42,70.46,102.29,84.69,77.56,104.5,48.94,81.18,12.572,147.87,90.59,67.94
2007-09-13,26.42,45.63333333333333,78.75,70.08,101.93,84.19,77.7,104.3501,49.18,81.06,12.469,148.91,89.78,69.47
2007-09-14,26.44,45.72333333333333,78.29,69.99,102.89,84.3,78.09,104.64,49.22,81.05,12.48,148.9,89.91,69.92
2007-09-17,26.75,45.43333333333334,77.19,70.97,103.36,84.35,77.26,104.6,48.81,81.04,12.706999999999999,148.1,90.34,69.41
2007-09-18,26.85,47.63333333333333,79.7,71.7,104.1,84.26,80.52,104.85,50.04,81.15,12.868,152.46,89.66,71.88
2007-09-19,27.08,47.85,80.42,71.43,106.09,83.96,81.61,104.27,50.17,81.28,12.868,153.36,88.83,73.23
2007-09-20,27.5,47.699999999999996,80.35,72.72,103.49,83.01,80.79,104.08,50.03,80.98,13.319999999999999,152.28,87.15,71.33
2007-09-21,27.69,48.333333333333336,80.7,72.34,103.75,83.43,80.96,104.57,50.36,81.09,13.419,151.97,87.89,71.84
2007-09-24,27.64,48.93333333333334,80.88,72.28,104.45,83.54,80.34,105.09,50.59,81.18,13.427000000000001,151.69,88.14,72.45
2007-09-25,27.44,48.75,80.98,72.33,104.7,83.55,79.92,105.03,51.07,81.25,13.366999999999999,151.39,87.83,70.65
2007-09-26,27.48,49.4,81.38,72.0,104.32,83.58,80.55,105.29,51.32,81.2,13.330000000000002,152.19,87.91,71.68
2007-09-27,28.2,50.13333333333333,82.46,72.7,104.0,83.85,81.0,105.56,51.58,81.35,13.425,153.09,88.52,72.23
2007-09-28,28.11,49.81666666666666,82.59,73.51,104.0,83.88,80.06,105.49,51.41,81.26,13.655000000000001,152.58,88.72,71.46
2007-10-01,27.82,51.38333333333333,83.65,73.9,103.75,83.67,82.03,104.33,52.0,81.04,13.646,154.3,88.88,73.2
2007-10-02,27.26,51.73333333333333,83.44,72.35,103.95,83.85,82.56,104.23,52.01,81.03,13.231,154.09,89.16,74.53
2007-10-03,27.29,50.166666666666664,83.06,71.9,103.4,83.79,82.32,104.7,51.65,81.02,13.216999999999999,153.78,88.9,74.17
2007-10-04,27.67,50.666666666666664,83.35,72.87,103.84,83.94,82.51,105.53,51.77,81.06,13.285,154.02,89.24,74.93
2007-10-05,27.75,52.35666666666666,84.2,73.4,103.9,83.2,84.13,105.1,52.818,80.97,13.294999999999998,155.85,88.28,76.69
2007-10-08,27.17,51.800000000000004,83.42,72.53,104.25,83.5,83.5,105.47,53.15,81.05,13.187999999999999,155.02,88.21,75.24
2007-10-09,27.36,52.60666666666666,84.35,73.09,104.33,83.24,84.18,105.01,53.3801,80.87,13.395,156.48,88.1,76.08
2007-10-10,27.68,52.67666666666667,84.19,73.36,104.24,83.29,84.11,105.38,53.51,80.89,13.486,156.22,88.15,75.55
2007-10-11,27.99,52.21333333333333,84.58,73.91,104.39,83.33,83.16,105.6,52.66,80.91,13.64,155.47,88.06,75.25
2007-10-12,28.12,53.166666666666664,84.95,74.59,104.5,83.0501,83.82,105.02,53.53,80.82,13.74,156.33,87.63,74.54
2007-10-15,28.6,52.51666666666667,84.26,75.14,105.0,83.13,83.05,105.35,53.12,80.82,13.690000000000001,155.01,87.65,73.14
2007-10-16,28.63,51.54333333333333,82.96,75.12,104.6,83.36,81.94,105.526,52.87,80.92,13.499,153.78,87.68,72.25
2007-10-17,28.48,52.73333333333333,83.84,74.5,103.31,83.87,82.24,106.03,53.55,81.11,13.522,154.25,88.64,72.14
2007-10-18,28.99,53.0,84.04,76.0,103.26,84.19,82.12,106.04,53.78,81.22,13.7,153.69,89.13,72.16
2007-10-19,28.9078,50.73333333333333,82.19,75.7,102.8,84.9128,79.09,106.73,52.44,81.43,13.453999999999999,149.67,90.46,69.09
2007-10-22,28.83,51.1,82.09,74.6,101.85,84.75,80.76,106.73,53.07,81.36,13.34766,150.54,90.47,70.9
2007-10-23,28.63,52.51666666666667,83.25,75.23,102.7,84.73,81.3,106.1,54.18,81.37,13.462,151.76,90.35,71.65
2007-10-24,28.73,52.17333333333334,83.07,75.52,102.7,85.16,80.855,106.75,53.77,81.53,13.475999999999999,151.48,91.02,70.45
2007-10-25,29.4,52.836666666666666,83.45,76.03,102.85,85.0874,80.66,106.5,53.05,81.48,13.762,151.84,90.71,70.6
2007-10-26,29.85,54.333333333333336,84.96,77.69,103.09,84.88,82.01,106.33,53.93,81.49,14.133000000000001,153.62,90.5,71.67
2007-10-29,30.34,55.583333333333336,85.58,78.12,103.4,84.9501,82.04,106.56,54.16,81.49,14.389,154.13,90.85,70.5
2007-10-30,29.66,54.53333333333333,84.9,77.35,103.2,85.04,81.27,106.57,54.26,81.48,14.113,153.06,90.8,71.47
2007-10-31,30.5,55.73,86.1,78.62,103.85,84.47,82.32,106.02,55.03,81.35,14.36,154.65,89.98,72.96
2007-11-01,30.11,53.48,84.29,77.93,102.5,84.86,79.14,106.35,54.0,81.31,14.003,151.03,90.75,69.55
2007-11-02,30.76,53.78333333333333,84.76,79.83,102.25,85.09,79.53,105.69,54.42,81.41,14.530000000000001,151.2,91.04,68.56
2007-11-05,30.56,51.913333333333334,83.41,79.75,102.2,84.9899,78.48,105.95,54.07,81.3999,14.618,150.05,91.0,67.57
2007-11-06,31.36,53.88333333333333,84.67,81.43,102.73,84.84,79.96,105.3,54.68,81.35,15.375,152.07,90.56,68.42
2007-11-07,31.2,52.166666666666664,83.2,82.24,102.6,85.15,77.48,105.23,53.35,81.58,15.171000000000001,147.91,90.72,66.29
2007-11-08,31.12,52.43333333333334,83.35,82.23,101.3,85.34,77.71,105.4,51.73,81.71,15.328999999999999,147.16,90.56,66.49
2007-11-09,31.11,51.199999999999996,81.73,82.18,101.75,85.85,76.85,105.87,50.0,81.74,15.290000000000001,145.14,91.33,65.95
2007-11-12,30.43,48.36666666666667,80.39,78.3,102.15,86.0,76.11,105.83,48.73,81.93,14.315000000000001,143.7,91.66,66.71
2007-11-13,29.85,51.78333333333333,82.55,79.12,101.75,85.45,78.465,105.3,50.74,81.68,14.459999999999999,148.08,91.32,68.92
2007-11-14,30.52,51.833333333333336,82.42,80.28,102.0,85.62,78.16,104.85,50.09,81.72,14.866999999999999,147.67,91.42,67.52
2007-11-15,30.22,50.63999999999999,81.06,77.95,101.97,86.1,76.87,105.25,49.82,81.99,14.344999999999999,145.54,92.28,67.4
2007-11-16,30.32,51.26666666666667,81.32,77.75,102.0,86.1,76.17,105.26,50.28,81.99,14.34,145.79,92.41,66.14
2007-11-19,30.55,48.903333333333336,79.17,77.24,102.0,86.72,74.64,106.07,49.7,82.26,14.071000000000002,143.76,93.01,64.7
2007-11-20,31.31,50.24666666666667,80.94,79.47,101.0,86.49,75.01,105.4,49.9,82.23,14.66,144.64,92.91,63.45
2007-11-21,31.35,47.71666666666667,79.11,79.36,99.1,87.17,73.5,106.14,49.31,82.49,14.344999999999999,141.68,93.45,63.01
2007-11-23,31.64,49.126666666666665,81.1,81.25,98.91,86.91,75.06,105.61,49.84,82.4,14.663,144.13,93.73,64.25
2007-11-26,31.25,47.17666666666667,79.83,81.3,100.0,88.1001,73.02,107.36,48.98,82.63,14.629,140.95,95.58,61.17
2007-11-27,31.0,48.98333333333333,80.91,80.1,100.15,87.28,73.95,106.44,49.96,82.38,14.344999999999999,142.57,94.67,62.6
2007-11-28,30.62,51.666666666666664,83.21,79.57,101.1,86.9701,76.75,105.7,51.48,82.31,14.297,147.13,94.03,65.35
2007-11-29,30.69,51.03333333333333,82.53,78.28,101.6,87.46,76.21,106.1,51.7,82.46,14.100999999999999,147.18,94.84,64.3
2007-11-30,30.31,51.46666666666667,82.98,77.32,102.01,87.58,76.58,106.62,51.31,82.5,13.9,148.66,94.38,66.05
2007-12-03,30.53,51.02,82.67,78.28,102.39,87.63,75.75,106.2,50.88,82.4099,14.007,147.68,94.75,65.34
2007-12-04,30.67,50.88666666666666,82.15,79.4,102.0,87.71,75.0,106.25,50.67,82.4,14.206999999999999,146.36,94.74,63.58
2007-12-05,30.44,53.14666666666667,83.1,78.63,100.8,87.38,76.44,105.85,51.57,82.43,14.13,148.81,93.61,65.72
2007-12-06,30.99,53.98333333333333,83.89,79.37,101.7,86.92,78.25,105.07,52.32,82.26,14.376,150.94,92.79,67.81
2007-12-07,30.89,53.343333333333334,83.56,78.6,101.65,86.36,78.36,104.17,52.33,82.17,14.276,150.91,91.75,67.57
2007-12-10,30.87,53.36000000000001,84.42,80.0,101.5,86.16,79.11,104.24,52.54,82.11,14.562000000000001,152.08,91.2,69.02
2007-12-11,31.14,53.43333333333334,82.22,78.84,101.4,87.34,76.33,105.25,51.32,82.41,14.35,147.91,92.99,65.38
2007-12-12,31.99,52.63333333333333,83.87,80.49,101.95,86.61,76.91,104.92,51.78,82.2,14.54832,149.37,92.03,65.16
2007-12-13,31.65,51.18666666666667,82.16,78.5,101.9,85.97,76.49,104.32,51.5,82.08,14.014,149.06,91.03,64.42
2007-12-14,31.43,49.96666666666667,79.94,78.52,102.05,85.72,75.0,103.14,50.97,81.88,13.738999999999999,147.17,90.61,62.8
2007-12-17,30.52,47.836666666666666,78.24,78.13,101.5,86.23,73.85,104.1452,49.73,82.12,13.713,145.07,91.42,60.86
2007-12-18,30.39,49.15,79.22,79.25,101.6,86.4,75.17,104.46,49.89,82.07,13.901,145.88,92.01,61.8
2007-12-19,30.68,49.47,78.57,79.24,102.1,87.09,75.63,105.28,49.88,82.28,13.985,145.88,93.23,62.43
2007-12-20,30.55,49.74,79.13,78.67,101.88,86.95,76.84,104.77,50.9,82.34,14.09,146.8,93.03,61.16
2007-12-21,30.91,51.199999999999996,80.26,80.1,102.2,86.32,78.6,104.66,51.85,82.21,14.215,148.13,91.67,62.36
2007-12-24,31.14,51.446666666666665,78.58,80.14,101.8399,86.07,79.17,104.13,52.24,82.14,14.463,149.23,91.24,64.38
2007-12-26,31.51,51.71333333333333,78.8,81.52,101.39,85.66,79.54,104.16,52.5,82.06,14.597,149.55,90.44,63.31
2007-12-27,31.62,50.52,78.32,81.56,101.49,85.92,77.39,104.312,51.93,81.96,14.526,147.67,91.06,62.05
2007-12-28,31.52,50.71,78.99,83.0,100.5,86.61,76.56,104.64,51.86,82.06,14.652000000000001,147.3,92.48,60.96
2007-12-31,31.56,50.1,78.5,82.46,100.72,87.01,75.92,104.84,51.22,82.19,14.697,146.21,93.045,61.46
2008-01-02,32.43,49.27333333333333,78.22,84.86,99.5,87.63,75.16,106.08,50.45,82.3401,15.180000000000001,144.93,94.38,61.27
2008-01-03,32.68,49.71666666666667,78.35,85.57,99.31,87.81,74.33,105.73,50.62,82.47,15.285,144.86,94.25,59.36
2008-01-04,32.49,48.22333333333333,76.57,85.13,99.2,88.04,72.09,106.6,48.4,82.59,15.166999999999998,141.31,94.27,56.95
2008-01-07,31.9,48.57666666666666,76.65,84.77,98.61,88.2,72.25,106.47,48.17,82.54,15.053,141.19,94.68,57.48
2008-01-08,32.19,48.199999999999996,76.22,86.78,98.04,88.3852,70.02,106.27,46.92,82.66,15.59,138.91,94.57,55.49
2008-01-09,31.87,49.78,76.77,86.5499,96.97,88.25,70.73,106.05,47.92,82.62,15.52,140.37,94.75,56.47
2008-01-10,31.72,50.36666666666667,76.69,88.25,97.69,88.01,71.7,105.7379,47.99,82.62,16.061,141.29,93.47,57.34
2008-01-11,32.01,48.949999999999996,75.16,88.58,97.9,88.57,70.22,106.51,47.05,82.85,16.077,140.15,94.2,57.35
2008-01-14,32.41,49.669999999999995,76.36,89.5399,97.5552,88.61,70.8,106.07,47.87,82.88,16.28,141.28,94.55,57.1101
2008-01-15,32.01,47.42336666666667,73.8801,87.99,97.81,89.19,69.54,106.64,46.55,82.95,15.834,138.17,95.61,55.95
2008-01-16,31.71,45.449999999999996,72.39,86.7,97.7,89.02,69.57,106.48,46.05,83.017,15.654,136.98,94.92,56.59
2008-01-17,31.3,44.26666666666667,71.3,86.5001,97.01,89.74,67.88,106.98,45.41,83.16,15.716999999999999,133.43,96.15,55.82
2008-01-18,31.42,45.13333333333333,71.71,87.42,97.77,89.61,67.22,106.8,45.35,83.23,16.03,132.06,95.49,55.08
2008-01-22,31.31,44.0,69.7101,88.1699,97.09,90.615,66.74,107.03,44.18,83.58,15.902000000000001,130.72,96.5099,56.4
2008-01-23,30.72,44.28,69.3,87.89,97.28,90.19,69.02,107.17,44.02,83.54,15.9,133.86,96.29,61.75
2008-01-24,31.48,45.13999999999999,71.73,90.08,98.5,89.37,68.97,106.26,44.91,83.28,16.3,134.99,94.36,60.3
2008-01-25,32.18,44.45333333333334,70.69,90.3,98.65,90.2,68.47,107.41,43.99,83.5,16.298,133.04,95.95,59.9499
2008-01-28,32.33,45.553333333333335,71.48,91.75,98.2,89.87,69.92,107.38,44.33,83.46,16.55,135.24,95.59,61.98
2008-01-29,32.6,45.330000000000005,71.91,91.15,98.3,89.51,70.1,107.2,44.41,83.41,16.534,135.91,94.94,61.42
2008-01-30,32.32,44.73330000000001,71.5801,92.0601,98.68,89.467,69.22,107.18,44.37,83.47,16.675,134.91,94.32,59.78
2008-01-31,32.48,45.629999999999995,72.34,91.4,98.88,89.93,70.94,107.53,45.13,83.55,16.818,137.37,94.99,60.98
2008-02-01,31.91,46.54,73.55,89.3499,98.27,89.94,72.63,107.49,45.5899,83.42,16.6187,139.58,95.23,63.53
2008-02-04,32.47,46.72666666666667,72.8,89.1,98.295,89.44,71.79,107.2,44.95,83.43,16.515,137.82,94.25,62.87
2008-02-05,32.2,44.169999999999995,69.4599,87.68,97.5,90.07,69.95,107.57,43.6699,83.62,16.166999999999998,134.13,94.97,60.65
2008-02-06,32.05,43.44663333333333,69.4,88.9499,97.3,89.91,68.96,106.99,42.81,83.65,16.37499,133.05,94.68,59.66
2008-02-07,32.44,44.18333333333334,69.0499,89.85,96.89,88.9,70.11,105.76,43.11,83.54,16.669999999999998,133.93,92.64,61.07
2008-02-08,33.41,44.1,68.34,91.0,96.16,89.65,69.67,106.16,43.6,83.69,17.026,133.07,93.7,59.1199
2008-02-11,33.63,44.64666666666667,68.7,91.33,95.4,89.85,69.58,106.48,44.07,83.72,17.4,133.75,94.09,57.92
2008-02-12,32.95,45.36666666666667,70.18,89.33,95.76,89.66,70.41,106.33,43.82,83.75,17.033,134.99,93.53,59.57
2008-02-13,33.22,46.38666666666666,70.66,89.44,95.51,89.28,71.85,105.26,44.78,83.78,17.13201,136.37,92.5399,60.04
2008-02-14,33.89,45.79,70.34,89.71,95.98,88.79,70.18,105.03,43.97,83.72,17.087,135.17,91.18,58.92
2008-02-15,33.73,46.11666666666667,70.6,89.15,95.74,88.98,69.87,105.37,43.82,83.63,16.952,135.14,91.88,59.4
2008-02-19,34.83,46.72,71.29,91.58,95.25,88.34,70.73,104.33,43.74,83.57,17.378,135.52,90.95,59.25
2008-02-20,35.01,47.11000000000001,70.92,93.24,95.5,88.26,70.77,104.56,43.94,83.47,17.7,135.92,91.58,59.62
2008-02-21,34.82,46.449999999999996,70.79,93.25,95.83,89.17,69.39,105.28,43.52,83.7,17.696,134.79,92.55,58.0
2008-02-22,35.3,47.07333333333333,71.69,93.39,96.0,88.92,69.37,104.866,43.68,83.61,17.91599,135.62,92.02,59.64
2008-02-25,35.64,47.949999999999996,72.83,92.74,96.29,88.33,70.77,104.2,43.9,83.48,17.990000000000002,137.33,91.08,61.4601
2008-02-26,36.4,48.583333333333336,73.91,93.71,96.91,88.55,71.43,104.95,44.07,83.6,18.6,138.36,91.11,61.45
2008-02-27,36.35,48.99333333333333,74.15,94.78,96.89,88.76,71.4,104.85,44.29,83.7,19.133000000000003,138.22,91.19,61.16
2008-02-28,36.7,48.46666666666667,73.44,95.99,96.75,89.8,70.32,105.61,44.12,83.9,19.666,136.87,92.81,59.9
2008-02-29,36.1,46.54,71.6001,96.18,96.38,90.76,68.86,106.28,42.95,84.1901,19.668,133.82,94.23,59.043
2008-03-03,36.63,46.79333333333333,71.81,97.24,95.79,90.2501,68.2,105.83,42.67,84.03,20.1626,133.5,93.64,59.45
2008-03-04,36.5,45.70666666666667,70.72,95.18,95.68,89.91,67.8,105.21,42.91,84.01,19.619999999999997,132.99,92.73,58.89
2008-03-05,37.3,46.666666666666664,71.57,97.72,95.945,89.52,68.45,104.47,43.1199,83.96,20.6214,133.83,91.62,59.7
2008-03-06,37.58,45.06666666666666,70.55,96.5,95.7,90.24,66.17,104.33,42.17,84.21,20.075,131.06,92.11,56.98
2008-03-07,37.2,44.443333333333335,69.72,96.09,95.5,90.55,65.96,104.11,42.07,84.17,20.04,129.71,92.23,57.91
2008-03-10,37.9,43.663333333333334,69.37,95.87,95.28,91.2,64.5,104.09,41.26,84.26,19.475,128.0,93.59,57.09
2008-03-11,38.49,46.6,71.56,95.99,95.52,90.207,67.3,102.9,42.8301,83.84,19.52,132.6,92.79,60.8
2008-03-12,38.91,45.73666666666667,71.56,97.01,95.5,91.25,66.52,104.14,42.71,84.11,19.97,131.36,94.58,59.52
2008-03-13,38.95,45.32,71.68,98.34,94.83,90.77,67.88,103.01,43.04,84.07,20.406,131.65,93.84,60.22
2008-03-14,38.9,43.71333333333333,69.9499,98.71,94.26,91.71,66.14,102.95,42.25,84.32,20.421,129.61,95.0,59.0
2008-03-17,37.34,42.63333333333333,68.89,99.17,93.82,92.17,65.06,103.79,41.48,84.51,19.98,128.3,95.73,59.3599
2008-03-18,38.17,44.85,71.0,96.5,95.2,91.54,68.05,103.6,43.33,84.21,19.378999999999998,133.63,95.36,61.97
2008-03-19,36.52,42.15553333333333,68.4299,93.0399,95.3,92.33,66.35,104.05,42.26,84.3,18.250999999999998,130.32,96.94,61.5
2008-03-20,35.05,42.8667,69.46,89.9128,95.75,92.53,67.48,104.6,43.09,84.2,16.70101,132.08,97.181,63.55
2008-03-24,35.69,44.51003333333333,70.7299,90.1001,96.482,90.9,69.99,104.4,44.5799,83.85,16.78699,134.72,95.3,64.98
2008-03-25,36.05,45.193333333333335,71.76,92.73,96.73,91.22,70.22,104.87,44.83,83.91,17.775,134.85,95.7,64.65
2008-03-26,37.13,44.82666666666666,71.76,93.8,96.505,91.29,69.64,104.998,44.7,84.09,18.225,133.2,95.3,63.41
2008-03-27,37.54,44.61000000000001,71.7,93.46,96.19,91.17,69.09,104.36,43.71,84.18,18.32,132.78,94.63,62.89
2008-03-28,36.65,44.53,71.64,91.88,96.24,91.53,68.19,104.92,43.49,84.22,17.75,131.51,95.55,62.15
2008-03-31,35.77,44.79333333333333,71.9,90.41,96.6647,91.69,68.29,105.2,43.72,84.2352,17.041,131.97,95.89,62.39
2008-04-01,35.57,46.513299999999994,74.1701,86.8599,96.45,90.58,70.79,104.52,45.59,83.76,16.6,136.61,93.9299,65.94
2008-04-02,36.63,46.550000000000004,74.33,89.27,96.5,90.28,70.96,104.7,45.49,83.69,17.246000000000002,136.7,94.13,65.62
2008-04-03,36.83,47.11333333333334,74.55,89.42,96.33,90.275,71.15,104.75,45.59,83.63,17.23,137.04,94.34,67.12
2008-04-04,37.09,46.92333333333334,74.8,90.25,96.7,90.97,71.16,106.02,45.86,83.78,17.615000000000002,136.89,95.2,66.06
2008-04-07,37.49,47.54666666666666,75.26,91.17,97.47,90.37,70.96,106.14,45.76,83.62,17.95,136.96,94.7,65.45
2008-04-08,37.64,47.285333333333334,74.47,90.35,97.8,90.38,71.02,105.762,45.41,83.67,17.506999999999998,136.82,94.37,65.36
2008-04-09,38.27,46.550000000000004,73.86,92.29,96.95,90.92,69.81,105.45,44.9,83.83,18.015,135.83,95.35,63.72
2008-04-10,38.1,47.21666666666667,73.63,91.77,97.3,90.56,70.47,105.548,45.54,83.8,17.812,136.02,95.03,64.34
2008-04-11,37.95,46.446666666666665,72.64,91.3,96.52,90.95,68.74,105.65,44.28,83.94,17.5778,133.38,95.67,63.55
2008-04-14,38.21,46.336666666666666,72.8,91.11,96.86,90.72,68.53,105.0,44.08,83.89,17.515,132.93,95.11,63.18
2008-04-15,38.67,46.879999999999995,73.31,91.66,96.85,90.31,69.01,104.78,44.14,83.78,17.682,133.24,93.93,63.82
2008-04-16,39.04,48.26666666666667,75.6155,93.27,97.2725,89.7,71.2,104.18,45.37,83.598,18.154,136.85,93.01,66.41
2008-04-17,38.86,47.916666666666664,74.78,92.56,97.37,89.49,70.92,104.45,45.27,83.45,18.009999999999998,137.05,92.85,66.65
2008-04-18,38.88,48.638666666666666,75.31,90.62,98.03,89.4,71.67,104.91,46.71,83.4,17.671,138.48,92.77,66.27
2008-04-21,38.93,48.88666666666666,75.9,90.25,97.87,89.41,71.68,104.57,47.04,83.321,17.267,138.55,93.14,65.78
2008-04-22,39.17,48.43333333333334,75.108,90.27,98.0,89.48,70.5,104.34,46.34,83.35,17.477,137.94,93.46,65.62
2008-04-23,38.8,49.129999999999995,75.5,89.22,98.4,89.39,70.55,104.66,46.85,83.35,17.00101,137.72,93.15,66.44
2008-04-24,38.15,48.5,75.01,87.22,98.43,88.69,71.23,104.52,47.27,83.12,16.55236,138.32,92.36,67.76
2008-04-25,38.85,48.85666666666666,75.63,87.27,98.9,88.57,71.9,104.57,47.15,83.13,16.685,139.6,91.82,68.14
2008-04-28,38.94,48.76333333333333,76.074,87.69,99.48,88.73,72.38,105.07,47.24,83.22,16.84001,139.63,92.1,68.05
2008-04-29,38.0,47.9,75.4,85.81,99.19,88.89,71.74,105.4,47.6,83.202,16.381999999999998,139.08,92.45,67.31
2008-04-30,37.93,48.88666666666666,75.81,86.65,99.29,89.17,71.4,105.99,47.21,83.36,16.72,138.26,93.115,66.37
2008-05-01,37.05,49.406666666666666,76.27,83.99,100.82,88.88,72.75,106.15,48.7,83.05,15.99401,141.12,92.78,67.8
2008-05-02,37.99,49.879999999999995,76.48,84.58,99.8,88.16,72.52,105.53,48.77,82.94,16.256999999999998,141.51,91.61,67.74
2008-05-05,38.78,49.843333333333334,76.61,86.27,99.64,88.29,72.27,105.68,48.63,83.03,16.574260000000002,140.83,91.61,67.55
2008-05-06,39.29,50.4,77.18,86.63,98.93,88.01,72.86,105.0,48.93,83.08,16.73,142.05,90.95,68.02
2008-05-07,39.36,48.9,75.83,85.82,99.0,88.36,71.56,105.28,48.04,83.18,16.50299,139.52,91.3399,66.17
2008-05-08,40.0,49.403333333333336,76.49,87.24,98.79,88.93,71.71,105.745,48.4,83.25,16.7,139.16,92.16,65.77
2008-05-09,40.62,49.0,75.88,87.42,99.0,89.03,71.5,105.75,48.21,83.28,16.665,138.9,92.5,65.41
2008-05-12,39.93,49.629999999999995,76.64,86.99,98.87,88.88,73.07,105.654,49.09,83.1201,16.997,140.46,92.36,66.98
2008-05-13,40.15,49.86666666666667,76.38,85.3901,98.84,88.14,73.49,105.05,49.22,82.98,16.5537,140.48,91.35,67.25
2008-05-14,39.5,49.98666666666667,76.38,85.2,98.7,88.11,73.4,105.1099,49.11,82.92,16.36601,140.77,91.39,67.67
2008-05-15,39.95,51.050000000000004,77.68,87.0,98.96,88.6,73.55,105.81,49.97,82.99,16.5547,142.53,92.22,68.49
2008-05-16,40.53,51.699999999999996,78.5202,89.1001,99.1,88.45,73.9501,105.67,50.0099,83.01,16.75,142.66,91.84,68.13
2008-05-19,40.59,51.71,78.2,89.39,99.49,88.65,73.97,105.6944,49.65,83.1,16.819,143.05,91.962,68.24
2008-05-20,41.15,50.81333333333333,77.48,90.9,99.3,88.92,73.7,105.73,49.27,83.22,17.5,141.89,92.44,67.32
2008-05-21,42.35,50.29666666666666,76.6,91.96,99.12,88.71,72.65,105.265,48.18,83.13,17.86,139.49,92.46,65.7
2008-05-22,41.74,50.443333333333335,77.49,90.98,98.97,88.13,73.17,104.11,48.35,82.9,17.78,139.51,91.37,65.14
2008-05-23,41.82,49.56333333333333,76.61,91.23,98.38,88.52,72.21,104.59,48.2,83.06,18.021,137.64,91.77,64.83
2008-05-27,41.15,49.48333333333333,76.46,89.36,97.83,88.09,73.32,103.96,49.05,82.97,17.256,138.66,91.15,65.72
2008-05-28,41.41,50.15,76.45,89.14,98.31,87.43,73.66,103.295,49.25,82.8199,17.265,139.3,90.34,65.83
2008-05-29,40.28,50.26,76.28,86.51,98.215,87.02,74.41,102.79,49.69,82.79,16.478,140.0,89.69,66.54
2008-05-30,40.55,50.43333333333334,76.71,87.45,98.22,87.31,74.67,103.2,50.01,82.91,16.673,140.35,90.28,66.23
2008-06-02,41.09,49.833333333333336,75.91,87.96,96.78,87.52,73.99,103.08,49.4,82.85,16.642,138.9,90.3,65.12
2008-06-03,40.12,48.93333333333334,75.75,86.88,96.85,87.9801,73.84,103.48,49.13,82.97,16.587,138.09,90.95,65.55
2008-06-04,39.52,48.50666666666667,75.31,86.65,96.75,87.66,74.3,103.16,49.76,82.94,16.64099,138.02,90.14,65.89
2008-06-05,41.02,50.050000000000004,76.56,86.45,97.17,87.2,76.2,102.61,50.55,82.83,16.972,140.78,89.6,67.4
2008-06-06,42.07,48.23666666666667,74.36,89.06,96.905,87.96,73.92,103.12,49.03,82.94,17.4,136.29,90.76,64.58
2008-06-09,42.5,48.11333333333334,74.256,87.987,97.21,87.33,73.68,103.03,48.77,82.52,16.944,136.62,90.76,63.3
2008-06-10,42.33,47.00333333333333,73.0,85.55,97.25,86.81,73.14,102.44,48.54,82.33,16.44,135.94,90.17,63.33
2008-06-11,43.89,46.300000000000004,72.07,87.02,97.23,86.9,71.87,102.4,47.38,82.47,16.7,133.94,89.96,62.37
2008-06-12,43.88,46.57,71.82,85.6,97.07,86.14,72.02,101.53,47.42,82.07,16.35,134.45,89.06,63.01
2008-06-13,43.6,47.07333333333333,72.48,85.83,97.5,85.94,73.32,101.0,48.37,82.161,16.331,136.15,88.87,64.06
2008-06-16,43.56,47.23333333333333,72.85,87.01,96.15,85.95,73.78,101.36,48.8,82.21,16.95,136.23,88.89,64.91
2008-06-17,44.0,47.43333333333334,73.07,87.25,96.32,86.24,73.72,101.69,48.54,82.37,16.902,135.57,89.07,63.07
2008-06-18,44.6,47.20333333333334,72.47,88.28,96.53,86.71,73.13,102.2,48.02,82.45,17.189,134.25,89.82,62.14
2008-06-19,43.56,47.27666666666667,72.33,88.42,95.9199,86.212,73.74,101.67,48.77,82.292,17.153,134.42,89.2899,63.58
2008-06-20,43.86,45.73333333333333,70.75,88.95,95.54,86.61,72.57,101.73,47.42,82.44,17.1964,131.58,89.81,62.15
2008-06-23,44.17,45.86666666666667,70.74,87.09,95.19,86.57,71.89,101.69,47.05,82.3499,16.630000000000003,131.45,90.0,60.61
2008-06-24,44.18,45.663333333333334,70.42,87.47,94.79,87.03,70.7,101.63,46.81,82.5,16.491999999999997,131.19,90.5948,59.85
2008-06-25,44.01,46.050000000000004,69.846,87.42,95.105,87.02,71.5,101.708,47.57,82.56,16.625999999999998,131.81,90.64,60.83
2008-06-26,45.47,44.47,68.08,90.61,94.36,87.51,69.66,101.79,45.65,82.8,17.025,128.23,91.25,58.8
2008-06-27,45.59,44.9,68.26,91.47,94.1,87.94,69.7,101.69,45.65,82.84,17.330000000000002,127.53,92.32,58.34
2008-06-30,44.78,45.24,68.67,91.4,94.0,88.0,69.05,101.4,45.17,82.89,17.262999999999998,127.98,92.34,58.42
2008-07-01,45.57,44.43333333333334,67.93,92.66,93.25,87.47,69.1,100.92,45.81,82.65,17.9,128.38,91.79,58.37
2008-07-02,46.44,43.166666666666664,66.85,93.17,93.18,87.68,66.91,100.85,44.71,82.66,18.215,126.18,92.27,57.65
2008-07-03,46.42,43.04333333333333,67.28,92.06,93.1375,87.71,66.32,100.72,44.63,82.8,18.000989999999998,126.31,92.07,57.06
2008-07-07,45.79,42.88999999999999,66.7,91.23,93.22,88.1199,65.69,101.19,44.9,82.849,17.6,125.02,92.49,55.78
2008-07-08,44.13,43.416666666666664,67.05,90.86,92.97,88.34,68.07,101.74,45.97,82.86,17.663999999999998,127.24,93.09,59.94
2008-07-09,44.1,42.54,66.18,91.5,92.65,88.76,66.25,101.81,44.75,83.0,17.95,124.79,93.5,55.85
2008-07-10,45.3,43.31,66.75,93.53,92.77,88.79,66.9,101.23,45.28,82.9,18.119999999999997,125.3,93.49,56.93
2008-07-11,45.93,43.02,65.7,95.16,92.65,87.96,67.27,100.45,44.56,82.73,18.63899,123.84,92.16,56.65
2008-07-14,45.95,42.96666666666667,65.56,95.91,92.425,88.43,66.16,100.5,44.23,82.92,18.935,122.72,92.97,54.68
2008-07-15,44.49,42.25,64.51,96.17,91.0,88.75,65.88,100.48,44.24,83.04,18.6998,120.99,92.94,54.15
2008-07-16,43.81,43.47,65.7,94.44,91.3,87.94,68.3,99.69,45.34,82.96,18.544999999999998,123.96,91.26,58.1
2008-07-17,42.78,43.67333333333334,66.7,94.22,91.57,87.52,68.4,99.35,45.64,82.84,18.31999,125.2,90.79,58.8
2008-07-18,42.05,43.29666666666666,67.13,94.17,93.04,87.22,68.88,99.17,44.59,82.69,17.968,125.98,90.45,58.9
2008-07-21,42.56,43.833333333333336,67.52,95.12,93.5,87.42,69.72,99.28,44.78,82.73,18.228,126.05,90.8,59.34
2008-07-22,41.63,43.86000000000001,67.75,93.06,93.815,87.12,71.47,99.92,44.78,82.66,17.759,127.48,90.35,60.93
2008-07-23,40.69,43.92333333333334,68.0,90.57,93.57,86.98,71.93,99.57,45.37,82.6199,17.19,128.17,90.17,62.65
2008-07-24,40.72,42.3,66.76,91.33,93.79,87.73,70.11,100.45,44.69,82.85,17.26,125.51,91.05,58.5
2008-07-25,40.21,42.59,66.9,91.69,93.99,87.22,70.68,99.92,45.27,82.74,17.25,125.48,90.14,59.46
2008-07-28,40.41,41.87,65.78,91.73,93.67,87.72,69.48,100.5,44.42,82.91,17.36,123.64,91.05,58.49
2008-07-29,39.95,44.19,66.43,90.59,93.69,87.47,71.18,100.25,45.34,82.84,17.19,126.28,90.68,61.21
2008-07-30,40.74,43.73,67.05,89.52,93.705,87.64,71.61,100.73,45.57,82.862,17.3599,128.53,90.77,61.0
2008-07-31,40.4,42.75,66.39,90.08,93.9,88.34,71.32,101.36,45.46,83.03,17.53,126.83,91.67,60.24
2008-08-01,39.95,42.46,65.4,89.57,92.82,88.08,71.41,100.525,44.88,82.78,17.28,126.16,91.54,60.29
2008-08-04,38.63,41.16,64.78,88.14,92.18,88.02,70.75,100.54,44.43,82.77,16.74,124.99,91.33,59.41
2008-08-05,38.36,41.69,66.42,86.08,92.83,87.57,71.96,100.1,45.93,82.73,16.22,128.36,90.65,62.08
2008-08-06,37.95,42.52,66.44,86.64,92.21,87.6,72.32,100.25,46.63,82.74,16.37,128.93,90.2799,61.78
2008-08-07,38.16,41.06,65.11,86.09,92.095,88.42,71.24,101.08,46.27,82.92,16.0699,127.01,91.75,60.15
2008-08-08,37.09,41.16,65.38,84.43,92.26,88.38,73.12,101.176,47.32,82.848,15.1898,129.37,92.0,61.9
2008-08-11,37.05,40.73,65.32,81.13,92.0,87.95,74.87,100.72,47.75,82.74,14.4,130.71,91.12,63.9
2008-08-12,36.73,40.39,64.85,80.52,92.36,88.56,74.31,101.33,47.8,82.89,14.4,129.35,91.97,62.47
2008-08-13,37.96,40.38,63.83,81.56,92.5,88.37,74.58,100.8,47.7,82.88,14.79,128.57,91.65,61.56
2008-08-14,37.63,40.91,63.58,79.35,92.5,88.64,75.3,101.09,48.25,82.91,14.06,129.54,92.24,62.55
2008-08-15,37.12,40.27,63.16,77.63,92.715,88.97,75.1,101.32,48.16,82.97,12.7,130.17,93.04,62.46
2008-08-18,37.33,39.59,62.84,78.8,92.5,89.19,74.13,101.36,47.6,83.04,12.93,128.39,93.41,61.6
2008-08-19,37.91,39.2572,62.13,80.433,92.68,89.06,72.9,101.2,47.01,83.1,13.09,126.99,93.05,60.08
2008-08-20,38.21,40.26,62.5,80.06,92.66,89.3199,73.0,101.21,47.09,83.21,13.18,127.58,93.31,60.17
2008-08-21,39.85,40.2,62.75,82.3,92.525,89.13,72.16,100.61,46.87,83.14,13.69,127.8,93.14,59.1
2008-08-22,38.5,40.17,63.04,81.08,92.0,88.87,73.68,100.65,47.49,82.9901,13.26,129.65,93.08,61.11
2008-08-25,38.28,39.34,62.05,80.93,92.5,89.46,72.06,101.3,46.49,83.13,13.33,127.02,94.01,59.26
2008-08-26,38.3,39.41,62.36,81.23,92.0,89.49,72.17,101.42,46.43,83.1,13.45,127.39,94.09,59.96
2008-08-27,38.66,40.25,62.95,81.36,92.1,89.62,73.03,101.26,46.73,83.15,13.35,128.63,94.25,60.56
2008-08-28,37.9,40.53,63.76,82.18,92.23,89.49,74.51,101.24,47.11,83.11,13.55,130.19,94.26,62.1
2008-08-29,37.76,40.05,63.57,81.71,92.4,89.38,73.87,101.04,46.12,83.15,13.37,128.79,93.84,61.67
2008-09-02,36.78,38.84,62.59,79.2,91.8,89.5699,73.85,100.98,45.55,83.02,12.94,127.99,94.37,62.07
2008-09-03,36.57,38.2,62.33,78.89,92.1,89.79,74.15,101.1799,45.12,83.05,12.751,127.88,94.77,63.05
2008-09-04,36.05,36.44,59.66,78.39,92.5,90.24,71.82,101.21,43.66,83.1,12.63,124.03,95.526,61.28
2008-09-05,35.69,36.96,59.44,78.98,92.42,90.042,71.64,101.1059,43.45,83.07,12.03,124.42,95.48,61.29
2008-09-08,35.61,37.42,60.77,78.86,92.31,90.05,72.48,101.28,43.31,83.03,11.95,126.99,95.88,63.94
2008-09-09,34.31,35.32,58.8,76.49,92.51,90.46,70.81,101.63,42.45,83.16,11.18,123.22,96.83,61.55
2008-09-10,34.36,35.8875,59.37,74.22,92.0,90.23,71.47,101.59,42.8,83.18,10.6,123.72,96.23,61.66
2008-09-11,34.07,35.36,59.24,73.08,92.0,90.07,71.92,100.8,43.6,83.15,10.32,125.51,96.18,62.6
2008-09-12,34.3,36.54,60.4,75.55,92.0,89.62,72.25,100.03,43.43,83.158,10.75,126.09,94.94,62.4
2008-09-15,32.95,33.67,57.83,77.56,88.62,91.34,69.01,99.29,42.08,83.75,10.95,120.09,98.02,58.8
2008-09-16,32.28,33.96,57.4,76.79,86.58,91.08,71.0,92.99,42.41,83.6,10.4,122.1,98.0,61.7
2008-09-17,33.25,31.55,55.21,85.46,81.38,91.9,67.8,88.732,40.21,84.0,11.9,116.61,98.49,58.15
2008-09-18,33.31,34.21,57.72,82.8,87.8,90.82,71.8,89.94,41.57,83.73,11.89,120.07,97.05,63.09
2008-09-19,34.41,38.47,61.81,85.98,88.92,89.2,75.0,92.75,42.9,83.26,12.46,124.12,93.97,64.97
2008-09-22,35.6,35.96,59.7,89.18,88.84,89.01,71.95,93.3,40.88,83.32,13.35,121.31,93.96,59.51
2008-09-23,35.25,34.84,58.86,88.32,87.972,89.01,70.99,92.34,40.57,83.38,13.18,118.55,93.6,59.91
2008-09-24,34.96,35.24,59.03,86.71,88.7601,89.24,69.94,92.1,40.85,83.56,13.09,118.93,94.01,58.73
2008-09-25,35.57,37.05,60.39,86.45,86.5,88.97,70.3,92.5,41.5,83.41,13.03,120.79,93.82,59.46
2008-09-26,35.15,35.79,59.75,86.64,86.2,88.91,70.63,90.0,41.08,83.41,13.15,120.85,94.5,61.3
2008-09-29,32.97,31.61,53.08,89.57,79.22,90.15,65.05,81.8,37.82,83.89,12.95,111.38,97.25,56.72
2008-09-30,33.89,34.17,56.3,85.07,82.0,88.96,68.0,89.79,38.91,83.56,11.85,115.99,94.88,60.8
2008-10-01,33.1,34.58,55.88,85.97,84.848,89.28,67.02,90.21,38.5,83.54,12.33,116.06,95.78,59.33
2008-10-02,31.27,31.55,53.44,82.33,82.64,89.78,63.58,88.9,36.75,83.72,10.8,111.85,96.55,55.5
2008-10-03,30.54,30.72,53.23,82.59,82.335,90.12,62.7,88.86,36.18,83.95,10.99,110.34,97.4,53.1
2008-10-06,29.24,28.41,50.22,84.28,79.35,90.85,59.72,87.83,34.86,84.12,10.75,104.72,99.17,51.51
2008-10-07,29.6,26.2,47.87,87.27,78.01,90.78,55.8,89.4719,32.65,84.137,11.3799,100.03,98.87,47.09
2008-10-08,30.03,26.2,46.8,89.42,74.75,89.62,54.46,88.83,32.39,83.776,11.51,97.51,97.45,46.44
2008-10-09,28.63,24.27,44.002,89.9,73.01,88.72,49.99,86.465,31.52,83.83,11.95,90.7,96.63,42.76
2008-10-10,27.36,24.55,42.36,83.22,68.135,87.68,52.45,81.7,31.32,83.96,9.8,88.5,95.95,46.85
2008-10-13,28.88,30.14,49.09,81.99,76.5,87.08,56.98,86.2,35.13,83.59,10.59,101.35,94.72,49.83
2008-10-14,28.35,28.64,48.08,82.2,77.0,86.67,55.38,84.85,33.61,83.61,10.86,99.85,94.11,46.44
2008-10-15,27.06,24.01,42.95,83.31,73.641,87.38,50.41,84.85,30.6,83.886,10.27,90.02,95.01,40.48
2008-10-16,26.55,25.19,45.48,79.29,70.85,87.4,53.71,85.74,32.26,83.84,9.6,93.77,94.519,42.83
2008-10-17,26.85,24.4,44.51,77.21,70.0,87.95,52.2,85.01,32.3,83.9,9.23,93.21,93.87,42.372
2008-10-20,27.39,26.11,47.35,78.5,71.4,88.04,54.69,87.6,33.2,83.8399,9.77,98.81,94.62,42.68
2008-10-21,26.41,24.03,44.68,76.027,70.99,88.97,53.18,88.47,31.48,84.01,9.98,95.86,95.12,41.22
2008-10-22,25.16,21.5,41.42,71.71,70.4,89.65,50.49,87.45,30.61,84.13,9.45,90.64,97.05,38.31
2008-10-23,25.26,22.1,42.33,70.65,71.59,89.77,48.99,88.0,30.49,84.0798,9.38,91.69,97.77,37.31
2008-10-24,24.25,19.82,39.59,72.21,69.8,89.39,47.17,88.352,29.51,84.15,9.13,87.04,96.73,35.19
2008-10-27,24.07,19.3,37.51,72.18,66.25,89.34,44.86,87.78,28.69,83.94,8.85,83.95,96.8,33.19
2008-10-28,24.73,23.34,42.68,73.79,67.0,88.62,48.45,87.2,31.86,84.0395,9.05,93.76,95.39,38.38
2008-10-29,26.19,22.6,42.78,74.0,70.05,88.75,48.7,88.67,31.78,84.09,9.67,93.08,94.91,37.02
2008-10-30,25.11,25.65,44.28,72.71,71.97,88.07,51.43,88.01,32.84,84.16,9.68,96.3,94.05,39.0
2008-10-31,25.39,25.43,44.57,71.34,72.0,87.89,53.75,87.65,32.89,84.2,9.58,96.83,92.83,41.51
2008-11-03,25.11,25.2,44.75,71.1,71.89,87.71,53.82,87.93,32.82,84.0268,9.62,97.11,92.71,40.15
2008-11-04,26.25,27.5,47.82,75.4786,72.6999,88.76,54.44,88.53,33.75,84.0,10.12,100.41,94.45,42.4
2008-11-05,25.57,24.0,45.22,72.8,72.1,89.23,51.59,90.25,31.99,84.15,10.21,96.19,95.57,38.23
2008-11-06,24.45,22.79,42.3,72.22,72.099,88.96,49.59,90.8685,30.56,84.18,9.9,90.86,94.88,36.44
2008-11-07,24.48,24.64,44.69,72.5,72.85,88.64,50.62,90.23,31.19,84.03,9.94,93.86,94.26,38.75
2008-11-10,24.64,24.87,44.02,73.58,72.86,88.73,49.45,90.27,30.77,84.29,10.06,92.63,94.7199,35.28
2008-11-11,24.17,23.32,42.57,72.05,72.73,89.06,48.38,90.56,30.1,84.35,9.64,89.77,95.0001,34.79
2008-11-12,23.46,21.59,40.28,70.0,71.7,89.61,45.56,90.54,28.71,84.4784,9.17,85.82,95.61,32.3
2008-11-13,23.9,24.58,43.71,72.15,71.315,88.96,49.31,89.92,30.46,84.27,9.3001,91.17,93.32,35.8499
2008-11-14,23.75,22.22,41.2,73.3,70.45,89.84,45.64,89.9,28.98,84.25,9.36,86.62,95.17,31.81
2008-11-17,23.21,21.85,40.45,72.65,69.36,90.22,45.25,90.55,28.37,84.4,9.18,85.47,95.59,30.66
2008-11-18,22.86,21.53,40.52,72.51,67.9,90.92,45.03,90.66,28.34,84.49,9.4762,87.08,96.82,30.37
2008-11-19,22.6,19.67,37.81,72.26,65.58,91.9,41.36,90.8,26.86,84.61,9.1,81.5,99.3,26.29
2008-11-20,21.45,18.26,35.73,73.45,63.4,93.75,38.53,89.81,25.56,84.77,8.86,75.45,104.43,24.21
2008-11-21,21.82,20.89,38.27,78.85,64.03,92.89,40.64,90.85,26.67,84.63,9.52,79.52,102.92,25.99
2008-11-24,23.32,22.16,40.56,80.91,64.32,92.02,43.5,90.45,28.3,84.42,10.43,85.03,101.31,30.41
2008-11-25,22.54,21.74,41.3,80.87,64.99,93.6,44.22,90.88,28.17,84.49,10.19,85.66,104.29,30.89
2008-11-26,23.26,23.4,41.75,80.38,66.5,94.17,46.87,90.4,29.35,84.75,10.19,88.97,104.43,32.56
2008-11-28,22.25,22.95,41.73,80.31,66.25,94.36,47.34,90.14,29.12,84.8,10.23,90.09,105.72,32.08
2008-12-01,21.56,20.74,38.32,75.65,64.2,95.32,42.02,91.09,26.93,84.66,9.18,82.11,109.4,25.819
2008-12-02,21.57,22.05,40.4,76.95,64.89,95.82,44.23,91.78,27.83,84.6496,9.49,85.27,109.82,29.25
2008-12-03,21.32,22.23,40.94,76.18,64.9,95.97,45.57,92.42,28.62,84.72,9.51,87.32,110.13,30.89
2008-12-04,20.2,21.28,39.68,75.5,64.52,96.57,44.06,92.51,27.81,84.74,9.3799,85.3,112.3,30.04
2008-12-05,19.7,22.54,40.18,74.52,64.55,95.55,46.1,91.88,28.94,84.64,9.4,87.93,110.48,33.22
2008-12-08,20.61,23.98,42.09,76.195,65.3,95.19,48.14,92.83,30.08,84.52,9.89,91.0,110.24,36.32
2008-12-09,20.16,23.65,41.7,76.33,64.81,96.0,46.649,93.46,30.01,84.78,9.7,89.5,112.42,33.17
2008-12-10,20.77,25.06,42.798,79.75,64.76,95.91,47.75,93.68,29.91,84.67,10.12,90.11,112.15,36.02
2008-12-11,21.43,24.42,42.61,80.65,64.26,96.49,45.33,94.0,29.09,84.87,10.2,87.94,112.37,30.88
2008-12-12,21.9,24.76,43.03,80.81,65.15,96.76,46.89,94.51,29.68,84.9124,10.14,88.99,112.37,34.11
2008-12-15,20.95,24.43,43.14,82.6,64.805,96.97,45.38,94.48,29.16,84.97,10.55,87.75,113.65,32.92
2008-12-16,21.25,26.38,45.62,84.46,66.0139,98.51,48.33,96.42,30.56,85.01,11.0334,91.88,116.46,36.95
2008-12-17,20.96,25.92,45.39,85.43,67.7,99.18,48.77,97.85,30.19,84.83,11.29,90.99,119.62,37.63
2008-12-18,20.64,25.35,44.0,83.87,71.63,99.85,48.46,100.22,29.66,84.87,10.8399,89.29,122.13,34.5
2008-12-19,20.5,25.44,43.36,82.63,71.15,99.52,48.7,98.73,29.86,84.79,10.67,88.19,122.26,36.92
2008-12-22,19.9212,24.49,43.06,83.46,74.0,99.26,47.76,99.92,29.21,84.63,10.73,87.06,121.32,35.53
2008-12-23,20.0,23.95,42.2,82.63,75.08,99.21,46.71,100.25,29.06,84.65,10.16,86.16,121.16,35.33
2008-12-24,19.69,24.12,42.76,83.46,73.9,99.11,46.88,100.5,29.14,84.67,10.28,86.66,120.9,34.8
2008-12-26,20.0,24.04,42.96,85.6,75.31,99.64,47.55,100.69,29.13,84.77,10.64,87.16,121.3,35.3
2008-12-29,20.22,24.0,42.97,86.35,75.29,99.49,46.82,100.58,28.89,84.62,10.77,86.91,120.75,33.27
2008-12-30,20.34,24.64,44.26,85.9,75.52,99.63,48.12,101.46,29.49,84.7,10.82,88.97,121.9,34.6
2008-12-31,21.19,24.97,44.86,86.52,76.01,98.53,49.24,101.65,29.74,84.658,11.2,90.24,119.35,36.45
2009-01-02,21.93,26.16,45.44,86.23,75.77,97.12,50.22,100.61,31.03,84.21,11.41,92.96,116.35,35.29
2009-01-05,22.16,26.5,44.71,84.48,79.43,96.95,50.4,101.3,31.02,84.38,11.11,92.85,113.35,34.639
2009-01-06,22.74,27.1,45.19,85.13,80.1,96.89,51.25,101.47,31.33,84.4201,11.34,93.47,112.21,36.37
2009-01-07,21.58,25.54,44.41,82.75,78.654,96.91,49.74,100.62,30.44,84.36,10.856,90.67,112.65,35.15
2009-01-08,21.66,25.43,45.07,84.46,77.51,97.17,49.98,101.34,30.76,84.38,10.99,91.042,112.56,34.89
2009-01-09,21.41,24.88,43.51,83.92,78.6499,97.62,48.13,102.6,30.07,84.44,11.097,89.09,112.73,33.1
2009-01-12,20.44,23.83,42.46,80.76,76.94,98.23,46.7,102.07,29.52,84.46,10.5,86.95,113.9,31.16
2009-01-13,20.78,23.9,41.68,80.88,76.6581,98.3,47.32,101.85,29.53,84.47,10.6,87.11,114.02,32.1
2009-01-14,20.49,22.74,39.97,79.79,75.68,98.85,45.24,101.4,28.63,84.57,10.45,84.37,115.9,30.42
2009-01-15,20.47,23.0,40.33,80.39,75.38,98.77,45.97,101.6,29.099,84.48,10.49,84.4,116.09,31.42
2009-01-16,20.56,23.25,40.57,82.71,75.99,97.86,46.48,101.6,29.42,84.52,11.11,85.06,114.3,32.61
2009-01-20,19.92,21.52,37.6,84.52,74.69,97.71,43.33,100.1,27.96,84.56,11.09,80.57,114.28,28.96
2009-01-21,20.0,22.69,39.44,84.15,74.7,96.84,45.49,99.6,29.15,84.43,11.1792,84.05,110.67,31.99
2009-01-22,19.74,21.94,38.52,84.58,74.5,96.2,44.17,99.23,28.76,84.47,11.33,82.75,108.54,30.24
2009-01-23,20.66,22.22,38.25,88.53,73.31,96.22,44.39,98.57,28.9,84.45,11.85,83.11,107.69,31.16
2009-01-26,20.7,22.48,39.0,88.95,73.5,95.98,44.89,97.69,29.11,84.34,11.9,83.68,106.75,30.98
2009-01-27,20.14,22.88,39.76,88.38,74.18,96.61,45.38,99.53,29.32,84.43,11.85,84.53,109.26,31.42
2009-01-28,20.62,24.04,40.93,87.415,76.81,95.993,47.25,100.32,30.35,84.4,11.86,87.39,106.53,34.14
2009-01-29,20.37,22.82,39.07,89.5,74.9,94.74,45.4,99.1177,29.58,84.24,12.26,84.55,104.08,31.35
2009-01-30,20.25,22.65,38.7,91.31,75.24,94.7,44.48,99.82,29.06,84.29,12.52,82.83,103.75,30.06
2009-02-02,19.86,22.42,38.32,88.84,72.9,95.2,44.84,98.85,29.41,84.23,12.21,82.58,105.39,30.79
2009-02-03,19.63,23.09,39.42,88.47,73.03,94.38,45.16,98.52,29.87,84.14,12.32,83.74,102.88,30.48
2009-02-04,19.74,23.26,39.22,89.18,72.97,93.9,44.83,98.56,29.91,84.0,12.42,83.33,102.52,29.74
2009-02-05,20.18,23.75,39.78,90.12,72.37,94.12,45.35,97.7,30.57,84.02,12.75,84.57,102.61,29.11
2009-02-06,20.3301,24.94,40.7,89.59,73.83,93.55,46.96,98.28,31.37,83.97,12.91,86.979,102.29,31.13
2009-02-09,20.22,24.81,40.69,88.32,74.4,93.36,46.75,98.4604,31.5,83.94,12.7199,87.1,102.62,31.59
2009-02-10,19.96,23.31,38.67,90.21,73.91,94.61,44.59,98.9385,30.34,84.13,12.98,83.11,104.85,28.78
2009-02-11,19.84,24.01,39.09,92.29,73.74,95.34,44.76,99.28,30.2,84.11,13.34,83.6,106.21,29.33
2009-02-12,19.87,23.86,38.97,93.17,73.51,95.31,45.14,99.36,30.57,84.21,13.33,83.66,105.21,28.83
2009-02-13,19.51,23.98,38.55,92.55,73.8,94.56,44.67,98.6,30.43,84.05,13.54,82.76,102.41,27.06
2009-02-17,18.42,22.45,36.5,95.45,71.92,96.15,42.9,99.14,29.22,84.27,13.99,79.22,105.6,25.14
2009-02-18,18.31,22.29,36.47,96.91,71.49,95.45,42.29,98.65,29.24,84.13,14.169,79.03,104.7,25.5
2009-02-19,18.7592,22.08,36.42,95.77,71.85,94.92,41.7,97.84,28.79,84.1,13.888,78.181,102.92,24.4
2009-02-20,18.55,21.52,35.89,97.8,70.8,95.19,41.14,97.43,28.87,84.17,14.25,77.42,103.92,25.94
2009-02-23,18.37,20.99,34.52,97.73,69.02,95.28,39.56,97.1,27.86,84.16,14.34,74.65,104.88,23.99
2009-02-24,18.72,22.14,35.96,94.73,70.0,94.92,41.02,96.75,28.78,84.1,13.612,77.48,104.77,26.02
2009-02-25,18.94,21.76,34.97,93.15,69.66,94.06,40.17,95.43,28.59,83.94,13.49,76.872,103.56,25.5199
2009-02-26,19.34,21.57,34.68,93.057,68.28,93.82,39.42,94.82,27.79,83.98,12.97,75.62,102.47,24.21
2009-02-27,19.11,21.23,34.68,92.63,67.25,93.74,39.15,94.16,27.53,84.03,12.88,73.93,101.88,23.89
2009-03-02,18.15,19.94,32.69,90.93,65.15,94.43,36.94,93.69,26.64,84.09,12.77,70.6,103.28,22.4
2009-03-03,18.27,20.22,32.56,90.04,65.41,94.31,36.24,93.18,26.62,84.02,12.65,70.07,102.59,22.49
2009-03-04,18.91,21.64,34.01,88.99,65.4,93.83,36.99,93.15,27.33,83.93,12.78,71.73,102.12,22.85
2009-03-05,18.75,20.75,32.64,91.987,62.3,94.93,35.02,92.9,26.51,84.03,13.15,68.8,104.96,21.44
2009-03-06,19.2,21.1,32.58,92.29,62.0,94.48,35.2,93.1,26.3,83.9684,13.18,68.92,104.26,21.15
2009-03-09,19.09,20.69,31.7,90.57,61.64,94.52,34.39,90.54,25.74,83.89,12.77,68.11,103.65,21.62
2009-03-10,19.04,22.37,33.83,88.14,64.69,93.83,36.63,91.85,27.33,83.84,12.45,72.17,101.66,24.63
2009-03-11,18.44,22.37,34.02,89.22,65.72,94.5,36.68,91.88,27.75,83.88,12.59,72.64,102.76,24.23
2009-03-12,19.3,23.23,34.79,91.1,66.81,94.77,38.96,91.8,28.67,83.91,12.79,75.5,103.25,26.21
2009-03-13,19.13,23.36,35.02,91.3,66.96,94.6948,39.37,92.65,28.74,83.98,13.05,76.09,102.73,25.65
2009-03-16,19.55,23.38,35.4,90.8,67.342,94.16,38.66,92.78,28.26,83.87,12.79,75.86,101.11,23.63
2009-03-17,19.97,23.89,36.33,90.04,66.96,93.98,40.45,92.53,29.33,83.85,12.6,78.18,100.56,25.42
2009-03-18,20.22,24.39,37.37,93.09,68.5,97.2,41.85,94.5,29.7,84.17,12.77,79.93,104.37,26.81
2009-03-19,20.64,24.23,37.35,94.35,67.9,96.87,41.41,94.7,29.68,84.07,13.42,78.94,104.5,25.17
2009-03-20,20.92,23.9,36.83,93.59,67.77,96.87,39.98,93.74,29.18,84.17,13.61,76.71,103.92,23.0
2009-03-23,21.36,26.11,39.48,92.08,69.17,96.54,43.38,94.03,30.9,84.1,13.46,82.22,103.02,26.72
2009-03-24,21.01,25.3,38.24,90.95,69.3,96.4,41.56,93.1,30.331,83.99,13.25,80.6,104.0,24.66
2009-03-25,20.69,25.68,38.83,91.98,69.67,95.82,42.73,92.65,30.47,83.97,13.35,81.45,102.6,24.58
2009-03-26,21.05,26.38,39.35,91.93,70.75,96.07,44.38,93.13,31.41,84.08,13.35,83.11,103.79,25.13
2009-03-27,20.66,25.6,38.09,90.69,70.03,96.01,42.89,93.42,30.82,84.12,13.15,81.61,104.56,24.01
2009-03-30,19.91,24.28,36.64,89.98,66.75,96.42,41.66,93.35,30.06,84.2,12.85,78.79,104.96,22.7
2009-03-31,20.0,24.81,37.59,90.28,67.8,96.59,42.05,94.12,30.32,84.32,12.79,79.52,105.71,24.28
2009-04-01,19.95,25.63,38.57,91.03,67.1,96.55,42.78,93.46,30.77,84.16,12.84,81.06,106.37,24.15
2009-04-02,20.72,27.02,40.31,88.8,69.54,95.92,44.92,93.49,31.76,84.02,12.77,83.43,105.07,25.9
2009-04-03,21.04,27.35,40.54,87.59,70.52,94.82,45.63,92.91,32.35,83.83,12.6,84.26,102.92,28.13
2009-04-06,20.779,27.01,39.7,85.27,70.29,94.6,44.85,92.86,32.27,83.89,11.94,83.6,102.48,27.81
2009-04-07,20.41,26.39,38.87,86.74,69.48,94.84,43.26,92.82,31.42,83.92,12.07,81.65,102.74,25.73
2009-04-08,20.56,26.78,39.26,86.61,70.3,95.31,44.06,93.75,31.95,83.92,12.138,82.53,103.65,26.112
2009-04-09,20.86,27.95,40.31,86.31,72.3,94.75,46.64,94.38,32.94,83.82,12.17,85.81,102.35,29.61
2009-04-13,20.95,28.12,40.71,87.88,72.25,95.31,46.66,95.29,32.89,83.98,12.57,85.83,103.29,29.7
2009-04-14,20.57,27.67,40.32,87.37,71.88,95.8,45.31,95.54,32.49,84.05,12.54,84.35,103.83,27.18
2009-04-15,20.44,28.07,40.85,87.5,72.49,95.89,46.0,96.28,32.4,84.09,12.55,85.25,103.65,29.54
2009-04-16,20.35,28.31,41.11,85.81,73.64,95.51,47.33,96.69,33.24,83.97,12.06,86.5,102.83,30.53
2009-04-17,20.2,28.11,40.97,85.22,75.25,94.74,47.75,96.57,33.31,83.88,11.68,87.08,101.7,31.08
2009-04-20,19.44,26.74,39.29,86.95,72.5,95.4,45.3,96.04,32.24,83.96,11.89,83.43,103.24,27.88
2009-04-21,19.51,27.31,40.19,86.89,73.32,95.03,46.87,96.34,32.69,83.97,11.86,85.06,102.22,30.35
2009-04-22,19.54,27.08,39.87,87.38,73.67,94.8,46.86,96.1,32.79,83.97,12.13,84.54,101.6,29.29
2009-04-23,19.8,27.5,40.87,88.8,73.59,94.78,46.75,96.02,33.11,83.91,12.54,85.37,101.59,30.61
2009-04-24,20.1,28.02,41.5,89.72,74.73,94.41,47.62,96.23,33.69,83.91,12.67,86.66,100.57,32.06
2009-04-27,19.6,27.08,41.01,89.01,74.14,94.8,47.11,96.11,33.73,84.01,12.66,85.84,101.0,30.14
2009-04-28,19.46,26.99,40.62,87.75,74.3,94.34,47.18,95.8,33.48,83.93,12.3,85.57,99.35,30.54
2009-04-29,19.91,28.41,41.66,88.33,75.68,93.83,48.97,96.26,33.94,83.97,12.55,87.39,98.47,31.87
2009-04-30,19.98,28.67,41.92,87.27,76.27,93.67,48.52,96.2,34.28,84.04,12.21,87.42,98.08,31.73
2009-05-01,20.58,29.09,42.41,86.95,75.56,93.09,48.82,95.97,34.37,83.81,12.31,87.89,97.11,30.69
2009-05-04,20.9799,31.1,44.17,88.6401,75.3748,93.185,50.6,96.2,35.05,83.79,12.8301,90.88,97.43,33.22
2009-05-05,20.68,30.82,43.73,88.25,76.03,93.16,50.35,96.51,35.02,83.77,13.14,90.57,97.31,31.98
2009-05-06,21.23,31.349,44.79,89.54,76.66,93.2,50.49,96.94,35.03,83.82,13.52,92.141,97.08,33.2
2009-05-07,21.27,30.57,44.04,89.44,75.4,92.42,49.3,96.01,34.21,83.7,13.6,90.86,94.71,31.3
2009-05-08,21.8,31.59,45.95,89.98,76.75,92.53,51.01,96.62,34.23,83.76,13.79,92.98,94.94,33.39
2009-05-11,21.62,30.85,44.78,89.69,76.35,93.4,50.26,96.91,34.35,83.9,13.74,91.24,96.29,32.12
2009-05-12,21.84,31.07,45.26,90.7,76.65,93.34,49.55,97.18,33.93,83.89,14.02,90.97,96.64,32.03
2009-05-13,21.59,29.93,43.72,91.09,75.65,93.77,47.28,97.0,33.02,83.93,13.81,88.68,97.69,29.93
2009-05-14,21.73,30.36,44.15,91.03,74.85,93.78,47.94,97.22,33.39,83.96,13.85,89.44,98.07,30.64
2009-05-15,21.18,30.08,43.75,91.55,73.8,93.55,47.76,97.2,33.37,83.95,13.77,88.71,98.04,29.61
2009-05-18,21.74,31.75,45.42,90.36,75.37,93.0,49.36,97.06,34.24,83.87,13.58,91.23,96.52,31.99
2009-05-19,21.74,32.11,45.83,90.96,75.87,92.87,49.38,97.45,34.4,83.92,13.98,91.12,96.01,31.38
2009-05-20,22.09,32.21,46.13,92.25,76.99,93.1601,48.92,98.01,34.28,84.03,14.1,90.51,97.02,31.13
2009-05-21,21.91,31.61,45.78,93.85,76.0,92.14,48.29,97.01,33.65,83.922,14.338,89.21,94.58,31.22
2009-05-22,22.23,31.75,46.04,94.15,77.05,91.6,47.79,96.88,33.54,83.94,14.5,89.02,93.53,30.45
2009-05-26,22.28,32.13,46.96,93.76,76.85,90.99,50.07,96.84,34.79,83.83,14.42,91.3,92.12,32.26
2009-05-27,22.38,31.76,46.05,93.45,76.99,89.96,49.1,96.17,34.55,83.81,14.58,89.67,90.492,31.09
2009-05-28,22.79,32.74,46.52,94.24,77.26,90.43,49.16,96.53,34.95,83.8,14.93,90.92,91.8,31.52
2009-05-29,23.23,33.24,47.45,96.2,77.835,91.45,50.17,97.95,35.38,83.92,15.47,92.53,94.17,32.56
2009-06-01,23.87,34.64,48.62,95.73,78.95,89.69,52.13,97.43,36.39,83.72,15.35,94.77,91.09,34.23
2009-06-02,23.97,34.14,49.04,96.36,78.72,89.99,52.78,98.15,36.44,83.69,15.75,94.85,91.58,33.52
2009-06-03,23.17,32.93,47.58,94.41,78.27,90.54,52.43,98.65,36.33,83.8396,15.14,93.65,92.44,33.46
2009-06-04,24.02,33.54,47.88,96.23,78.51,89.49,53.18,98.22,36.74,83.76,15.628,94.53,90.53,34.53
2009-06-05,23.89,33.61,47.29,93.71,78.76,88.6,53.2,97.7,36.78,83.21,15.01,94.55,89.84,34.44
2009-06-08,23.83,33.09,47.19,93.56,78.9,88.15,52.57,97.5,36.67,82.99,14.76,94.16,89.61,33.81
2009-06-09,24.06,33.15,47.77,93.83,79.05,88.53,52.81,98.24,36.95,83.1788,15.03,94.64,89.6,33.81
2009-06-10,23.97,33.568,47.86,93.86,79.15,88.0,52.6,97.95,36.82,83.17,15.01,94.4,88.19,33.22
2009-06-11,24.19,34.29,48.68,93.7,79.33,88.6,52.62,98.29,36.82,83.1801,15.13,94.82,89.17,32.54
2009-06-12,23.85,33.74,48.43,92.17,79.74,89.07,52.78,99.02,36.65,83.2699,14.63,95.08,89.97,33.72
2009-06-15,23.39,32.53,46.69,91.1,78.56,89.47,51.36,99.05,35.9,83.33,13.83,92.9,90.78,32.12
2009-06-16,23.3,32.04,46.15,91.93,77.81,89.97,50.5,98.99,35.55,83.42,13.99,91.64,92.36,31.53
2009-06-17,23.37,31.68,46.28,92.35,77.36,89.73,50.77,99.11,35.889,83.51,14.12,91.55,91.84,30.93
2009-06-18,23.4,31.59,46.2,91.61,78.1,88.64,51.0,97.85,35.82,83.37,13.97,92.219,90.45,31.14
2009-06-19,23.2,31.75,46.93,91.9,78.18,89.05,51.31,98.59,36.16,83.4219,13.99,92.04,91.69,31.45
2009-06-22,22.42,30.6,45.42,90.54,77.12,89.53,49.49,98.95,35.08,83.53,13.54,89.28,92.58,29.81
2009-06-23,22.81,30.55,45.06,90.92,77.25,89.82,49.09,99.75,35.0,83.53,13.62,89.35,93.67,30.03
2009-06-24,22.8,31.22,45.1,91.45,77.64,89.48,49.62,99.59,35.59,83.52,13.68,90.118,92.73,30.19
2009-06-25,23.0,32.15,46.05,92.31,78.38,90.6,51.053,100.37,36.29,83.68,13.81,92.08,94.43,30.59
2009-06-26,22.81,32.32,45.96,92.29,78.36,90.72,51.23,100.42,36.37,83.72,13.9,91.84,94.59,30.85
2009-06-29,23.03,32.56,46.35,92.04,79.34,90.91,51.23,100.31,36.45,83.72,13.66,92.7,94.73,30.83
2009-06-30,22.62,32.23,45.81,91.18,79.71,90.67,51.08,100.28,36.38,83.71,13.38,91.95,94.57,31.01
2009-07-01,22.53,32.82,46.57,92.39,79.18,90.36,51.87,99.7,36.4,83.68,13.55,92.33,94.08,31.55
2009-07-02,22.03,31.92,45.23,91.25,77.8,90.66,49.91,99.71,35.6,83.77,13.16,89.81,94.3,29.88
2009-07-06,21.37,31.85,45.29,90.76,76.64,90.72,49.47,99.95,35.41,83.8,13.1,89.8,94.12,30.63
2009-07-07,21.03,31.1,44.19,90.71,75.57,91.08,48.4,99.55,34.53,83.79,12.89,88.06,94.75,29.44
2009-07-08,20.77,30.74,44.01,89.27,76.03,92.13,48.07,100.46,34.71,83.92,12.69,88.0,96.5,29.16
2009-07-09,20.9,31.291,44.55,89.51,77.12,91.59,47.87,100.5,34.77,83.88,12.67,88.17,95.35,28.61
2009-07-10,20.74,30.92,44.03,89.58,76.53,92.16,48.1,100.9,34.92,83.96,12.5,87.96,96.23,28.57
2009-07-13,20.85,31.14,44.8,90.19,76.7,91.83,49.26,100.84,35.59,83.91,12.66,90.102,95.69,29.65
2009-07-14,20.85,31.48,45.04,90.81,77.0,91.22,49.55,100.62,35.72,83.85,12.718,90.61,94.1,30.01
2009-07-15,21.4,33.17,46.58,92.24,78.7,90.04,51.46,99.69,36.92,83.65,13.06,93.26,91.68,31.12
2009-07-16,21.45,33.23,46.99,91.98,78.94,90.58,52.1,100.38,37.01,83.78,13.09,94.15,92.67,31.48
2009-07-17,21.77,33.57,46.82,91.93,79.01,89.97,51.9,100.07,37.56,83.75,13.17,94.13,91.24,30.64
2009-07-20,22.13,34.77,47.73,93.28,80.11,90.3,52.54,100.48,37.92,83.74,13.45,95.131,91.72,31.72
2009-07-21,22.05,34.665,48.03,93.13,80.5,91.31,52.45,101.9,38.18,83.84,13.33,95.57,93.55,31.63
2009-07-22,22.17,34.59,48.15,93.44,80.6,90.77,52.86,101.63,38.5,83.8,13.45,95.55,92.71,31.67
2009-07-23,22.63,35.57,48.96,93.26,81.42,89.89,54.53,101.46,39.35,83.65,13.52,97.661,91.01,32.93
2009-07-24,22.65,35.4,49.26,93.41,81.9,90.08,54.81,101.74,39.05,83.7,13.66,98.06,91.45,33.16
2009-07-27,22.74,35.71,49.31,93.71,82.05,89.66,55.09,101.51,39.35,83.64,13.84,98.35,90.4,33.64
2009-07-28,22.49,35.55,49.1,92.11,82.14,89.84,55.12,101.9,39.08,83.586,13.52,97.89,91.2,33.61
2009-07-29,21.91,34.75,48.7,91.2,82.42,89.9,54.84,102.54,39.34,83.54,13.12,97.652,91.7,33.19
2009-07-30,22.59,35.61,49.65,91.62,83.1,90.26,55.8,103.1,39.57,83.55,13.25,98.67,93.0,34.38
2009-07-31,23.04,35.78,50.41,93.35,84.45,91.17,55.57,104.46,39.45,83.69,13.7,98.81,94.81,34.35
2009-08-03,23.69,37.12,51.58,93.87,83.9,89.94,56.54,103.0,40.04,83.46,14.03,100.44,93.06,34.97
2009-08-04,23.7,36.78,51.5,94.68,83.72,89.68,57.11,102.48,40.04,83.39,14.35,100.7,92.32,36.88
2009-08-05,23.95,36.47,51.29,94.78,83.45,89.17,56.54,102.5,39.73,83.36,14.52,100.41,90.94,38.29
2009-08-06,23.4,36.17,50.97,94.6,82.79,89.17,55.75,102.22,39.38,83.36,14.32,99.89,91.25,38.0
2009-08-07,23.29,36.53,50.92,93.75,83.37,88.58,57.09,102.2,39.88,83.22,14.39,101.202,90.49,40.12
2009-08-10,23.28,36.12,50.61,92.927,83.75,89.15,57.19,102.52,39.6,83.35,14.15,100.99,91.62,39.26
2009-08-11,22.93,35.44,50.32,92.79,83.55,89.77,56.27,103.05,39.26,83.44,14.09,99.73,92.68,38.12
2009-08-12,23.05,35.76,50.89,92.95,83.34,89.52,57.12,102.15,39.87,83.47,14.34,100.8,91.69,38.4
2009-08-13,23.36,36.38,51.67,93.72,82.28,90.22,57.59,103.14,40.09,83.61,14.79,101.57,92.99,38.6
2009-08-14,22.7,35.72,51.23,93.0,81.87,90.5,56.41,103.12,39.63,83.67,14.429,100.79,93.35,38.28
2009-08-17,22.36,34.32,49.58,91.61,79.87,91.12,54.82,103.29,38.48,83.76,13.75,98.31,94.73,36.24
2009-08-18,22.8,35.07,50.44,92.06,81.25,90.8,55.55,103.03,39.03,83.74,13.72,99.09,94.18,36.6
2009-08-19,22.96,35.16,50.87,92.532,81.58,91.14,56.23,103.36,39.3,83.78,13.57,99.96,94.96,36.31
2009-08-20,22.77,35.77,51.23,92.27,81.33,91.38,56.84,103.85,39.76,83.76,13.7,100.99,95.74,37.76
2009-08-21,22.94,36.31,52.35,93.65,82.44,90.45,58.15,103.38,40.29,83.63,13.92,102.97,93.77,38.75
2009-08-24,22.98,36.47,52.34,92.34,82.01,91.01,58.13,103.91,40.25,83.73,13.9,102.96,95.47,38.62
2009-08-25,22.65,36.39,52.86,92.76,82.0,91.25,58.38,104.09,40.37,83.73,14.04,103.16,96.01,39.05
2009-08-26,22.59,36.28,52.64,92.79,82.32,91.37,58.51,104.78,40.3,83.78,14.09,103.17,96.45,39.17
2009-08-27,22.78,36.21,53.04,93.19,81.9,91.12,58.42,104.3,40.4,83.77,14.08,103.4,96.07,39.55
2009-08-28,22.73,36.02,53.07,93.87,82.31,91.33,58.05,104.82,40.44,83.86,14.5,103.38,96.51,39.9
2009-08-31,22.11,35.31,52.68,93.4,82.32,91.6,57.2,105.33,40.03,83.92,14.62,102.46,96.6,39.27
2009-09-01,21.77,34.64,51.37,93.9,80.85,91.58,55.92,104.31,39.28,83.88,14.76,100.2,96.06,37.17
2009-09-02,21.82,35.01,51.31,96.19,80.42,92.08,55.64,104.62,39.25,83.97,15.22,99.82,97.46,36.42
2009-09-03,21.71,35.71,51.71,97.46,80.94,91.75,56.26,104.8,39.51,83.89,15.87,100.65,96.86,37.146
2009-09-04,21.62,36.4,52.5,97.529,81.56,91.2,57.05,104.87,40.36,83.85,15.97,102.06,95.21,37.58
2009-09-08,22.02,37.15,53.54,97.43,82.72,90.99,57.68,104.6,40.74,83.86,16.15,102.94,94.54,38.89
2009-09-09,22.11,37.35,54.2,97.08,81.94,91.07,58.67,104.57,41.09,83.87,16.06,103.73,94.43,39.65
2009-09-10,22.23,37.84,54.68,97.7,83.21,91.75,59.4,105.26,41.48,83.92,16.41,104.79,96.17,40.24
2009-09-11,21.94,37.86,54.61,98.78,84.0,92.02,59.42,106.21,41.52,83.89,16.5,104.77,96.7,40.17
2009-09-14,21.82,37.72,54.72,97.96,84.1,91.484,60.05,105.67,41.68,83.84,16.31,105.28,95.74,41.36
2009-09-15,22.33,38.17,54.73,98.9,84.7,91.29,60.54,105.61,41.81,83.88,16.78,105.72,95.25,42.02
2009-09-16,22.62,39.13,55.81,99.91,85.79,91.22,61.79,105.94,42.42,83.77,17.14,107.32,95.42,43.73
2009-09-17,22.63,38.92,55.45,99.34,85.94,91.67,61.66,106.46,42.41,83.89,16.95,107.16,96.62,43.54
2009-09-18,22.4325,39.03,55.6,98.67,85.7,91.18,61.91,105.79,42.44,83.81,16.7,106.72,95.76,43.6
2009-09-21,21.94,38.69,55.01,98.36,85.75,91.12,61.74,106.04,42.57,83.84,16.54,106.45,95.98,42.92
2009-09-22,22.3,39.28,55.77,99.67,85.65,91.36,62.02,106.29,42.65,83.82,16.88,107.07,96.18,44.28
2009-09-23,21.8,38.69,55.29,98.83,85.91,91.56,61.43,106.34,42.45,83.95,16.544,106.18,96.47,42.68
2009-09-24,21.52,37.93,54.48,97.55,86.07,91.81,60.2,106.51,42.07,83.9752,15.99,105.01,96.75,40.72
2009-09-25,21.35,38.09,54.25,97.0,85.79,92.18,59.83,106.92,41.7,83.94,15.74,104.45,97.98,40.85
2009-09-28,21.54,38.58,54.99,97.05,86.47,92.34,61.26,107.19,42.41,83.93,15.91,106.32,98.84,42.54
2009-09-29,21.46,38.669,54.66,97.43,86.37,92.3,60.99,106.77,42.22,83.92,15.89,106.0,98.75,41.85
2009-09-30,22.06,38.91,54.68,98.85,86.35,92.37,60.24,106.68,42.25,84.01,16.38,105.59,98.66,41.45
2009-10-01,21.9214,37.85,53.25,97.89,83.39,92.81,58.44,105.12,41.0,83.99,16.042,103.0,99.7,39.59
2009-10-02,21.7,37.86,52.66,98.37,83.42,92.77,58.0,104.44,40.88,84.02,15.82,102.49,99.01,39.31
2009-10-05,22.4,38.74,53.42,99.82,84.54,92.76,59.04,105.0,41.21,84.02,16.38,104.02,99.02,40.39
2009-10-06,22.13,39.38,54.32,102.28,84.25,92.46,60.14,104.78,41.94,83.97,17.08,105.51,98.04,40.28
2009-10-07,22.17,39.34,54.52,102.361,84.87,93.05,60.16,105.45,42.06,84.08,17.25,105.8,99.19,40.25
2009-10-08,22.61,39.82,55.31,103.64,85.41,92.71,60.71,104.86,42.24,84.0,17.52,106.61,98.15,41.02
2009-10-09,22.7,39.85,55.17,102.84,85.74,91.82,61.42,103.94,42.48,83.88,17.44,107.26,95.9,41.37
2009-10-12,23.16,40.18,55.5,103.56,85.72,92.09,61.43,104.3,42.57,83.98,17.48,107.68,96.05,41.31
2009-10-13,23.42,40.25,55.38,104.26,85.7,92.3,61.17,104.5,42.58,84.03,17.48,107.46,96.55,40.73
2009-10-14,23.6,41.55,56.71,104.18,86.04,91.67,62.34,104.0,43.16,83.92,17.56,109.31,95.12,42.22
2009-10-15,23.84,41.32,56.97,102.86,86.02,91.37,62.3,103.98,43.06,83.87,17.06,109.71,94.68,41.86
2009-10-16,23.9,40.75,56.11,103.18,86.01,91.79,61.68,104.06,42.78,83.9174,17.18,108.89,95.45,40.76
2009-10-19,24.24,41.53,57.01,104.23,86.03,91.93,62.19,104.59,43.21,83.92,17.44,109.79,96.2,41.64
2009-10-20,24.09,40.98,56.71,103.42,86.19,92.14,61.33,105.26,43.22,83.96,17.2,109.211,96.72,40.87
2009-10-21,24.6,40.76,56.52,103.745,86.34,91.93,60.5,104.82,43.14,83.92,17.36,108.23,96.14,40.35
2009-10-22,24.8,41.1,57.07,103.92,87.0,91.66,61.34,105.44,43.31,83.93,17.32,109.33,95.67,41.41
2009-10-23,24.71,40.76,56.17,103.49,86.85,91.21,60.058,104.86,43.13,83.79,17.4,108.08,94.95,40.92
2009-10-26,24.26,40.25,55.32,101.86,86.9,90.6891,59.52,104.42,42.99,83.7,16.79,106.91,93.72,40.82
2009-10-27,24.09,39.55,54.88,101.85,86.22,91.47,58.79,105.32,42.34,83.87,16.34,106.42,95.0,40.23
2009-10-28,23.47,37.74,53.56,100.73,84.8,91.75,56.83,104.61,41.39,83.99,15.86,104.41,95.45,38.54
2009-10-29,24.2,39.41,55.14,102.688,85.99,91.31,57.91,104.74,42.09,83.92,16.41,106.65,94.41,40.3
2009-10-30,23.585,37.57,53.3,102.53,85.18,91.99,56.33,105.68,40.96,84.02,16.07,103.56,95.78,39.6
2009-11-02,24.0,38.13,53.82,103.95,85.14,90.98,56.22,105.04,41.13,83.84,16.16,104.32,95.05,39.59
2009-11-03,24.34,38.19,53.61,106.46,85.33,90.77,57.07,104.56,41.26,83.83,17.0,104.65,94.1,40.17
2009-11-04,24.32,38.9,54.15,107.1,85.46,90.52,56.25,104.97,41.33,83.82,17.14,104.92,93.24,39.31
2009-11-05,24.19,39.7,54.85,106.98,85.53,90.54,58.04,105.04,42.35,83.9,17.12,106.8501,93.24,40.2
2009-11-06,23.76,39.65,55.01,107.43,85.61,90.81,58.08,105.32,42.6,83.96,17.09,107.13,93.33,39.54
2009-11-09,24.15,41.11,56.55,108.19,85.95,90.85,59.22,105.38,43.51,83.96,17.288,109.57,93.44,41.49
2009-11-10,24.03,40.92,56.25,108.39,85.92,90.92,58.85,105.31,43.62,83.94,17.03,109.59,93.27,41.18
2009-11-11,24.19,41.27,56.418,109.6,85.97,91.18,59.26,105.7,43.9,84.03,17.29,110.15,93.66,41.95
2009-11-12,23.83,40.35,55.6,108.21,86.07,91.21,58.17,105.7,43.65,84.02,16.92,109.03,93.49,41.52
2009-11-13,23.81,41.04,56.38,109.74,85.9,91.28,58.73,106.01,44.01,84.04,17.15,109.62,93.92,42.08
2009-11-16,24.5,42.07,57.28,111.63,86.3,91.77,60.28,106.51,44.46,84.09,18.01,111.21,95.02,43.1
2009-11-17,24.62,41.92,56.9,111.97,86.28,91.97,60.28,106.67,44.6,84.11,18.13,111.339,95.53,42.35
2009-11-18,24.64,41.59,56.72,112.25,86.06,91.74,60.16,106.32,44.353,84.11,18.23,111.27,94.97,43.12
2009-11-19,24.29,40.82,55.65,112.3,86.24,91.85,58.66,106.45,43.66,84.14,18.26,109.82,95.14,42.13
2009-11-20,24.26,40.65,55.34,112.94,86.22,91.84,58.59,105.95,43.44,84.16,18.22,109.43,95.12,41.83
2009-11-23,24.37,41.5,56.33,114.29,86.13,91.71,59.61,105.95,44.14,84.15,18.27,110.82,95.0,42.36
2009-11-24,24.09,41.27,56.1,114.73,86.18,92.18,59.34,106.36,43.99,84.22,18.25,110.99,95.6,41.728
2009-11-25,24.67,41.75,56.85,116.62,86.22,92.49,59.33,106.75,44.18,84.26,18.52,111.38,96.04,41.9
2009-11-27,24.39,40.13,55.21,115.06,85.62,92.91,57.58,106.72,43.51,84.32,17.95,109.57,96.4,40.68
2009-11-30,24.66,40.52,55.39,115.64,85.9,93.06,58.09,107.25,43.56,84.33,18.15,109.94,96.63,42.2
2009-12-01,24.84,41.68,56.91,117.38,85.7,92.34,58.99,106.26,44.01,83.77,18.78,111.3,95.25,42.82
2009-12-02,24.67,41.85,57.0,119.18,85.79,92.15,59.69,106.28,44.07,83.7,18.89,111.25,95.33,43.52
2009-12-03,24.65,41.46,56.87,118.7,85.9,91.72,58.96,106.25,43.89,83.65,18.62,110.38,94.34,43.03
2009-12-04,24.45,41.84,56.67,113.753,86.25,91.04,60.42,105.81,44.12,83.44,18.15,111.01,93.34,44.3
2009-12-07,24.23,41.48,56.36,113.11,86.36,91.29,60.51,105.76,43.91,83.62,17.82,110.84,93.46,43.37
2009-12-08,23.99,40.71,55.38,110.95,86.46,91.61,60.04,106.21,43.642,83.7,17.3,109.61,93.6,43.12
2009-12-09,23.69,40.96,55.31,110.84,86.46,91.43,59.85,105.6,44.08,83.64,17.15,110.021,93.17,43.03
2009-12-10,23.56,41.2,55.48,110.82,86.89,91.12,59.61,105.69,44.3,83.61,17.09,110.64,92.1,42.86
2009-12-11,23.68,41.35,55.46,109.32,86.94,90.67,60.17,105.19,44.13,83.52,16.87,111.11,92.09,43.55
2009-12-14,23.81,41.63,56.0,110.24,87.64,90.67,61.08,105.77,44.55,83.43,17.08,111.87,92.2,44.34
2009-12-15,23.7,41.2,55.38,110.21,87.55,90.38,60.91,105.01,44.3,83.41,17.09,111.35,91.79,43.9
2009-12-16,24.11,41.44,56.03,111.59,87.75,90.38,61.3,105.41,44.36,83.47,17.36,111.52,91.68,44.22
2009-12-17,23.74,40.25,54.71,107.34,87.7,91.18,60.62,105.86,43.82,83.63,16.79,110.18,93.19,43.95
2009-12-18,23.84,40.36,54.84,108.95,87.65,90.73,61.18,105.69,44.46,83.57,16.95,110.21,92.79,44.24
2009-12-21,23.61,40.31,55.001,106.95,87.91,89.8,61.991,105.18,44.96,83.44,16.69,111.33,91.14,44.84
2009-12-22,23.78,40.39,54.85,106.17,88.1,89.4,62.57,104.74,45.23,83.34,16.64,111.73,90.63,45.31
2009-12-23,24.2,40.79,55.35,106.55,88.31,89.36,63.12,105.07,45.56,83.34,16.81,111.95,90.65,45.85
2009-12-24,24.34,41.2,55.57,108.36,88.64,89.04,63.36,104.58,45.98,83.24,17.17,112.48,89.71,45.92
2009-12-28,24.77,41.34,55.81,108.55,88.38,88.8,63.26,104.3,46.22,83.12,17.218,112.72,89.46,46.14
2009-12-29,24.72,41.18,55.9,107.47,87.33,88.87,63.23,104.18,46.03,83.09,16.81,112.562,89.73,45.45
2009-12-30,24.69,41.36,55.67,106.93,87.7,89.03,63.19,104.3,46.17,83.06,16.53,112.52,90.32,45.52
2009-12-31,24.62,41.5,55.28,107.31,87.84,88.6,62.44,104.15,45.75,82.96,16.539,111.44,89.89,44.74
2010-01-04,25.24,42.71,56.73,109.8,88.53,88.82,63.98,104.7,46.42,83.07,17.23,113.33,89.81,44.55
2010-01-05,25.27,43.02,56.78,109.7,88.95,89.21,63.76,105.2,46.42,83.17,17.51,113.63,90.39,44.5
2010-01-06,25.72,43.11,57.02,111.51,89.18,88.85,63.7,104.89,46.14,83.18,17.86,113.71,89.18,44.42
2010-01-07,25.4,42.86,56.8,110.82,89.54,88.85,64.17,105.02,46.17,83.16,17.89,114.19,89.33,44.9
2010-01-08,25.38,43.2,57.25,111.37,89.68,88.96,64.52,105.25,46.55,83.2398,18.15,114.57,89.29,44.57
2010-01-11,25.3,43.11,57.72,112.85,89.6,89.02,64.26,105.36,46.36,83.28,18.21,114.73,88.8,44.83
2010-01-12,24.76,42.42,57.04,110.49,89.14,89.66,63.56,105.56,45.78,83.35,17.91,113.66,90.32,44.08
2010-01-13,24.78,42.55,57.52,111.54,89.34,89.23,64.38,105.12,46.35,83.28,18.27,114.62,89.27,44.97
2010-01-14,24.65,42.44,57.96,112.03,89.44,89.65,64.62,105.5,46.39,83.36,18.31,114.93,90.52,44.93
2010-01-15,24.37,41.9493,57.05,110.86,89.08,90.05,63.68,105.46,45.85,83.43,18.05,113.64,91.08,44.59
2010-01-19,24.53,42.8,57.61,111.52,89.118,89.89,64.85,105.55,46.59,83.45,18.45,115.06,90.82,45.5
2010-01-20,24.07,41.77,56.14,108.94,88.99,90.2,63.91,105.48,45.92,83.45,17.57,113.89,91.74,44.99
2010-01-21,23.77,40.5075,54.94,107.37,87.6,90.53,62.8575,105.76,45.49,83.52,17.07,111.7,92.16,43.7
2010-01-22,23.52,39.61,53.87,107.17,86.77,90.61,61.73,105.6,44.16,83.59,16.78,109.21,92.0,42.6
2010-01-25,23.63,39.9,54.53,107.48,86.9,90.41,61.8,105.59,44.31,83.52,16.83,109.77,91.58,42.9
2010-01-26,23.37,39.07,54.22,107.56,87.01,90.59,61.19,105.31,44.35,83.53,16.43,109.31,91.61,42.5
2010-01-27,23.03,38.97,54.16,106.528,87.04,90.38,61.84,104.93,44.7,83.4983,16.26,109.83,91.56,42.88
2010-01-28,22.95,38.7,53.25,106.48,86.67,90.35,60.78,104.78,43.55,83.54,15.92,108.57,91.51,42.51
2010-01-29,22.69,38.28,52.48,105.96,86.23,90.7,60.11,105.45,42.79,83.62,15.9,107.39,92.31,42.27
2010-02-01,23.24,39.31,53.44,108.35,85.98,90.09,60.82,104.53,43.26,83.5,16.36,109.06,91.15,43.04
2010-02-02,23.74,39.63,54.33,109.13,86.24,90.24,61.49,104.86,43.65,83.51,16.35,110.38,91.41,43.63
2010-02-03,23.45,39.4,53.76,108.7,86.68,89.81,61.08,104.75,43.89,83.45,16.07,109.83,90.35,42.92
2010-02-04,22.67,37.62,51.57,104.37,85.45,90.55,59.04,104.74,42.62,83.57,15.04,106.44,91.78,41.33
2010-02-05,22.38,37.2,51.48,104.68,84.95,90.84,59.27,104.42,42.98,83.7,14.9,106.66,91.98,42.09
2010-02-08,22.39,36.83,50.46,104.04,84.58,90.76,58.68,104.52,42.67,83.64,14.75,105.89,92.1,41.17
2010-02-09,22.79,38.03,52.05,105.41,84.75,90.27,59.49,104.28,43.11,83.56,15.12,107.22,91.18,41.04
2010-02-10,22.88,37.93,51.72,105.12,83.61,90.02,59.63,103.47,43.02,83.47,14.95,107.01,90.31,41.12
2010-02-11,23.15,38.93,52.2,107.13,83.948,89.91,60.578,103.708,43.67,83.5,15.37,108.13,89.82,41.508
2010-02-12,23.02,38.44,51.75,107.04,83.9,90.12,61.02,103.83,43.76,83.57,15.24,108.04,90.19,42.0
2010-02-16,23.72,39.43,52.9,109.62,84.73,90.32,62.05,104.24,44.32,83.58,15.82,109.74,90.36,43.19
2010-02-17,23.6,39.57,52.97,109.25,85.38,89.84,62.47,103.891,44.57,83.51,15.74,110.26,89.33,43.58
2010-02-18,23.81,39.72,53.27,109.98,86.19,89.52,62.98,103.82,44.85,83.46,15.88,110.91,88.97,44.23
2010-02-19,23.95,39.38,52.94,109.47,86.77,89.57,63.06,104.19,44.83,83.43,15.97,111.14,89.45,44.26
2010-02-22,23.82,39.43,53.04,109.07,86.88,89.5,63.25,104.25,44.74,83.46,15.9,111.16,89.08,44.37
2010-02-23,23.43,38.52,52.29,107.89,86.25,90.18,62.51,104.5,44.16,83.53,15.57,109.81,90.47,44.03
2010-02-24,23.62,38.89,52.62,107.36,86.58,90.23,63.04,104.95,44.61,83.57,15.62,110.82,90.69,44.48
2010-02-25,23.22,38.57,52.3,108.31,86.59,90.56,63.06,104.84,44.6,83.64,15.77,110.67,91.2,44.65
2010-02-26,23.63,38.96,52.62,109.43,87.17,90.695,62.8,105.53,44.76,83.67,16.07,110.74,91.67,44.63
2010-03-01,23.39,39.62,53.03,109.43,86.59,90.55,64.26,105.22,45.41,83.58,16.11,111.89,91.34,45.01
2010-03-02,23.64,40.066,53.43,111.02,87.15,90.6,64.75,105.44,45.55,83.58,16.56,112.2,91.22,45.03
2010-03-03,23.87,40.12,54.07,111.63,87.24,90.51,65.12,105.66,45.6,83.57,16.82,112.3,90.99,44.91
2010-03-04,23.66,39.91,53.93,110.83,87.31,90.67,65.29,105.71,45.75,83.54,16.79,112.641,91.47,45.19
2010-03-05,23.94,40.95,54.98,110.81,87.83,90.24,66.62,105.58,46.44,83.47,17.01,114.25,90.27,46.42
2010-03-08,23.91,40.98,54.98,109.88,87.85,90.0,66.74,105.75,46.53,83.43,16.89,114.27,89.8,46.89
2010-03-09,23.65,41.21,54.85,109.718,88.23,90.23,66.98,105.65,46.79,83.49,16.92,114.46,89.82,47.0
2010-03-10,23.72,41.5,55.08,108.47,88.26,90.08,67.55,105.75,47.17,83.47,16.66,114.97,89.59,47.42
2010-03-11,23.66,41.51,55.29,108.6,88.18,90.0,67.75,105.71,47.35,83.37,16.81,115.45,89.92,47.7
2010-03-12,23.52,41.37,55.66,107.95,88.2,90.14,67.72,105.93,47.36,83.38,16.76,115.46,90.48,48.08
2010-03-15,23.24,41.07,55.27,108.36,88.1,90.14,67.49,105.91,47.24,83.41,16.74,115.49,90.36,47.97
2010-03-16,23.55,41.6,55.97,110.4,88.396,90.49,68.07,106.4,47.54,83.43,17.05,116.41,91.08,49.13
2010-03-17,23.76,42.05,56.27,109.59,88.4,90.6,68.47,106.79,47.67,83.45,17.08,117.1,91.47,49.86
2010-03-18,23.71,41.73,55.9425,110.34,88.53,90.36,68.26,106.58,47.83,83.4,17.08,117.0375,91.17,49.59
2010-03-19,23.42,41.19,55.37,108.28,88.09,90.24,67.4075,106.5,47.49,83.34,16.65,115.97,91.26,49.05
2010-03-22,23.42,41.34,55.53,107.75,88.51,90.54,68.36,106.67,47.92,83.37,16.6,116.5925,91.36,49.67
2010-03-23,23.32,41.63,55.92,108.32,88.5,90.35,69.23,106.6,48.2525,83.34,16.72,117.41,90.93,49.53
2010-03-24,23.06,41.01,55.0,106.3,88.45,89.45,68.27,105.81,48.02,83.21,16.29,116.84,89.27,49.8
2010-03-25,22.93,40.9,54.97,106.78,88.66,89.12,67.838,105.43,47.95,83.24,16.32,116.65,88.7,49.55
2010-03-26,22.97,41.1,55.51,108.59,88.63,89.33,67.81,105.75,48.0,83.29,16.61,116.582,88.95,49.29
2010-03-29,23.49,41.84,55.98,108.75,88.74,89.2,68.18,105.66,48.23,83.33,17.04,117.32,88.61,49.44
2010-03-30,23.54,42.0,55.98,107.97,88.65,89.29,68.39,105.72,48.39,83.31,16.95,117.4,88.89,49.37
2010-03-31,23.52,42.1225,55.98,108.95,88.37,89.5,67.8025,105.77,48.16,83.37,17.14,117.0,89.5,48.81
2010-04-01,23.98,43.22,56.97,110.26,87.5,89.06,68.43,105.53,48.16,83.26,17.54,117.8,88.95,49.06
2010-04-05,24.36,43.61,57.03,110.89,87.46,88.26,69.71,104.56,48.61,83.03,17.75,118.76,87.47,50.14
2010-04-06,24.34,43.74,56.87,111.03,88.03,88.52,70.12,104.81,48.75,83.09,17.61,119.04,87.61,51.29
2010-04-07,24.25,43.36,56.47,112.49,88.16,89.07,69.898,105.34,48.63,83.22,17.77,118.36,88.73,50.16
2010-04-08,24.21,43.5125,56.41,112.65,88.31,88.97,69.83,105.14,48.74,83.2,17.72,118.7725,88.77,50.22
2010-04-09,24.26,43.78,57.15,113.64,88.44,89.07,70.25,105.21,49.03,83.22,18.01,119.55,88.98,50.93
2010-04-12,24.24,43.43,57.33,113.01,88.46,89.31,70.54,105.51,49.07,83.26,17.8,119.74,89.45,50.61
2010-04-13,24.33,43.34,57.28,112.69,88.7,89.48,70.7,105.89,49.32,83.24,17.84,119.83,89.74,51.85
2010-04-14,24.61,43.98,58.04,113.03,88.94,89.24,72.21,105.8,49.91,83.24,18.07,121.19,89.11,51.93
2010-04-15,24.7,43.74,58.0,113.65,89.18,89.39,72.43,105.98,50.13,83.3,18.07,121.29,89.21,50.51
2010-04-16,24.25,42.46,56.72,111.24,88.46,89.93,71.4575,106.23,49.53,83.43,17.41,119.36,89.86,49.35
2010-04-19,23.94,42.29,56.57,111.15,88.29,89.71,71.11,105.96,49.5,83.35,17.38,119.81,89.64,49.57
2010-04-20,24.13,42.79,56.92,111.46,89.24,89.75,72.08,106.19,49.75,83.36,17.48,120.88,89.96,50.41
2010-04-21,24.25,42.65,56.55,112.31,89.25,90.04,72.58,106.56,50.03,83.37,17.77,120.66,90.7,51.29
2010-04-22,24.31,42.83,56.04,111.84,88.99,89.83,73.35,106.32,50.31,83.31,17.64,121.02,90.43,52.08
2010-04-23,24.47,43.06,56.46,113.19,89.57,89.58,74.13,106.3,50.52,83.28,17.91,121.8125,90.11,52.77
2010-04-26,24.35,43.06,56.52,112.75,89.57,89.64,73.85,106.35,50.41,83.28,17.93,121.35,90.21,53.19
2010-04-27,23.98,41.515,54.25,114.63,88.44,90.48,72.16,106.42,49.34,83.44,17.88,118.48,91.48,51.49
2010-04-28,24.06,41.87,54.26,114.31,88.5,90.02,72.28,106.6,49.37,83.42,17.75,119.38,90.7,51.65
2010-04-29,24.25,42.56,55.1,114.28,89.11,90.17,73.81,106.873,50.23,83.44,18.14,120.8575,91.08,53.98
2010-04-30,24.44,42.05,54.41,115.36,89.4,90.72,71.65,107.31,49.2375,83.54,18.26,118.8125,92.13,52.3
2010-05-03,24.56,42.28,54.8,115.73,88.75,90.21,73.26,106.89,49.93,83.38,18.42,120.35,91.69,54.04
2010-05-04,23.9,40.34,52.63,114.87,87.84,90.82,70.96,107.02,48.43,83.43,17.59,117.52,93.34,52.81
2010-05-05,23.36,39.61,51.62,115.09,86.64,91.17,69.92,106.56,48.18,83.54,17.11,116.82,93.89,52.1
2010-05-06,22.8999,37.9901,49.32,118.486,84.486,92.174,67.3,104.8,46.57,83.72,17.32,112.942,96.79,49.96
2010-05-07,22.78,38.19,49.21,118.27,84.48,91.92,65.36,105.14,45.41,83.69,18.0,111.26,95.58,49.12
2010-05-10,23.22,40.94,52.4,117.57,86.06,91.22,69.03,105.8,47.77,83.58,18.11,116.16,93.6,52.36
2010-05-11,23.18,40.2,51.55,120.656,85.96,91.33,69.49,105.91,47.72,83.63,18.95,115.83,93.36,52.67
2010-05-12,23.37,40.7,52.13,121.4,87.01,91.1,71.62,105.87,48.62,83.61,19.12,117.45,92.65,53.52
2010-05-13,23.17,40.32,51.45,120.56,86.47,91.35,70.93,106.18,47.85,83.66,18.99,115.99,93.26,52.65
2010-05-14,22.58,39.49,49.99,120.37,85.97,91.94,69.56,106.15,46.93,83.77,18.93,113.89,94.88,50.98
2010-05-17,21.94,39.25,50.06,119.36,85.86,91.74,69.69,106.33,47.08,83.74,18.53,113.95,94.53,51.05
2010-05-18,21.91,38.4275,48.98,119.49,85.68,92.41,68.35,106.67,46.43,83.83,18.57,112.4,95.98,49.76
2010-05-19,21.71,38.06,49.17,116.63,85.18,92.49,67.54,106.73,46.06,83.79,17.87,111.76,96.3,49.3
2010-05-20,21.26,36.165,47.46,115.84,82.64,93.39,64.12,106.49,44.35,83.89,17.35,107.54,98.33,46.77
2010-05-21,21.48,37.34,48.62,115.22,84.3,93.44,65.07,106.31,44.84,83.83,17.29,109.115,98.43,48.34
2010-05-24,21.46,36.95,47.51,116.84,84.43,93.44,64.2,106.59,44.66,83.82,17.56,107.71,98.09,47.26
2010-05-25,21.29,36.55,47.32,117.36,84.33,93.76,64.19,106.08,44.7,83.81,17.54,107.818,98.57,47.64
2010-05-26,21.52,36.53,46.62,118.47,83.32,93.57,64.345,106.15,44.2,83.74,17.74,107.17,98.29,47.54
2010-05-27,22.15,38.74,49.27,118.69,84.47,92.68,67.11,105.6,45.87,83.68,18.12,110.76,96.06,50.15
2010-05-28,21.96,38.1,48.32,118.881,84.61,93.1,66.25,105.46,45.6,83.84,18.03,109.369,96.5,49.51
2010-06-01,21.55,37.405,47.84,119.91,83.57,92.96,64.24,104.93,45.18,83.77,18.02,107.53,96.85,48.48
2010-06-02,21.81,38.71,49.12,119.78,84.0,92.43,66.07,105.3,46.25,83.71,17.978,110.33,95.93,49.43
2010-06-03,21.93,38.57,48.97,117.96,84.03,92.3,66.92,104.96,46.69,83.69,17.64,110.71,95.23,49.29
2010-06-04,21.25,37.2,46.88,119.19,83.56,93.58,63.555,105.6,45.0925,83.88,17.05,106.82,97.79,46.5
2010-06-07,21.29,36.62,46.29,121.49,82.98,93.96,61.92,106.045,44.27,83.85,17.81,105.49,98.54,46.25
2010-06-08,21.46,37.46,47.03,121.0025,83.11,93.67,61.89,106.04,44.19,83.84,17.89,106.62,98.05,47.08
2010-06-09,21.56,37.26,46.86,120.56,83.294,93.68,61.93,106.08,43.82,83.85,17.76,106.05,97.94,47.36
2010-06-10,21.92,38.56,48.84,118.975,84.14,92.81,64.07,105.64,45.07,83.74,17.86,109.15,96.19,49.41
2010-06-11,21.95,38.76,48.91,120.01,84.2577,93.4,64.94,106.03,45.5,83.83,17.85,109.68,97.41,50.0
2010-06-14,22.01,38.77,49.22,119.6,84.37,93.32,65.35,105.83,45.49,83.85,17.86,109.509,96.91,50.62
2010-06-15,22.38,39.94,50.78,120.99,85.19,93.03,66.99,105.7,46.71,83.81,18.19,112.0,96.51,51.75
2010-06-16,22.43,39.94,50.54,120.33,85.26,93.29,66.68,105.81,46.9,83.83,18.08,111.96,97.06,51.28
2010-06-17,22.44,39.74,50.7,121.9,85.9,93.73,66.76,106.51,47.05,83.88,18.33,112.14,97.85,51.39
2010-06-18,22.4,39.92,50.61,122.83,86.27,93.54,66.8,106.5,47.0,83.89,18.75,111.729,97.69,51.23
2010-06-21,22.31,40.61,50.6,120.39,86.58,93.47,66.1077,106.77,46.6,83.9,18.33,111.41,97.41,50.83
2010-06-22,22.26,39.83,49.96,121.45,85.96,94.03,64.75,107.29,46.24,83.94,18.42,109.57,98.57,49.32
2010-06-23,21.89,39.67,49.43,120.95,85.9,94.38,64.57,107.74,46.05,84.0,18.18,109.23,99.24,49.45
2010-06-24,21.94,38.97,48.57,121.3,85.31,94.3,63.54,107.31,45.35,84.02,18.26,107.42,98.65,47.95
2010-06-25,22.34,39.43,48.85,122.76,85.7,94.45,64.63,107.49,45.27,84.05,18.67,107.8675,99.05,49.16
2010-06-28,22.1,39.16,48.49,121.09,85.89,95.12,64.26,108.08,45.11,84.1,18.38,107.53,99.98,48.58
2010-06-29,21.49,37.57,46.83,121.27,85.03,95.53,61.83,108.03,43.37,84.14,18.13,104.21,101.07,46.99
2010-06-30,21.57,37.32,46.51,121.68,84.9,95.67,61.115,108.46,42.71,84.12,18.21,103.22,101.75,46.49
2010-07-01,21.24,37.59,47.19,117.04,84.68,95.38,60.68,108.14,42.59,84.02,17.44,102.76,101.6,46.33
2010-07-02,21.2,37.75,47.09,118.49,84.7,95.21,59.82,107.83,42.47,84.02,17.46,102.2,100.79,45.44
2010-07-06,21.26,38.45,48.03,116.51,85.37,95.44,59.04,108.28,42.6,84.02,17.4,102.87,101.62,44.43
2010-07-07,21.74,39.3,49.525,117.73,86.4,95.14,61.1,108.35,43.96,84.01,17.65,106.1075,100.43,46.59
2010-07-08,21.94,39.49,50.01,117.21,86.8,94.91,61.98,108.08,44.2,84.02,17.61,107.16,99.79,47.17
2010-07-09,21.98,39.975,50.06,118.36,86.6,94.66,62.94,107.95,44.62,83.99,17.73,107.96,99.22,47.77
2010-07-12,21.73,39.65,49.87,117.34,86.53,94.82,62.23,108.08,44.75,84.0,17.62,108.03,99.18,47.92
2010-07-13,22.08,40.11,50.79,118.36,87.2,94.35,64.2,108.14,45.33,83.94,17.82,109.66,98.33,49.1
2010-07-14,22.04,40.03,50.97,118.3,87.12,94.82,63.97,108.62,45.56,84.03,17.96,109.651,99.32,48.81
2010-07-15,22.25,39.84,51.22,118.23,87.25,95.31,63.38,108.81,45.6,84.05,17.95,109.68,100.31,48.645
2010-07-16,21.97,38.65,49.58,116.67,86.72,95.86,61.07,109.0,44.34,84.13,17.49,106.66,100.8,47.07
2010-07-19,21.95,39.16,49.9,115.73,87.01,95.61,61.33,108.98,44.72,84.1,17.27,107.29,100.18,47.65
2010-07-20,22.13,40.08,50.24,116.65,87.71,95.71,62.3595,109.1,45.26,84.13,17.33,108.48,100.33,48.54
2010-07-21,22.07,39.67,49.33,115.85,87.67,96.32,61.24,109.63,44.64,84.17,17.31,107.07,102.03,47.53
2010-07-22,22.51,40.87,50.99,116.863,88.45,95.79,63.42,109.49,45.77,84.14,17.71,109.461,100.85,49.31
2010-07-23,22.44,41.15,51.59,116.09,88.85,95.48,64.98,109.63,46.06,84.1,17.72,110.41,99.78,49.935
2010-07-26,22.42,41.43,51.95,115.52,88.89,95.45,66.46,109.73,46.44,84.07,17.78,111.56,99.61,51.19
2010-07-27,22.18,41.36,52.1,113.51,88.77,95.12,66.22,109.36,46.42,84.02,17.3,111.55,98.65,51.18
2010-07-28,22.27,41.13,51.83,113.78,88.58,95.53,65.15,109.75,46.05,84.1,17.16,110.83,98.97,51.08
2010-07-29,22.59,41.2,52.07,114.288,88.85,95.73,64.98,109.79,45.71,84.17,17.24,110.29,98.94,50.65
2010-07-30,22.89,41.4,51.91,115.49,88.62,96.29,65.02,110.3,45.81,84.21,17.58,110.27,100.48,50.95
2010-08-02,23.33,42.475,53.66,115.54,88.48,95.74,66.151,109.63,46.67,84.12,17.96,112.76,98.75,52.66
2010-08-03,23.41,42.27,53.58,115.99,88.48,96.19,65.62,109.9,46.47,84.18,18.02,112.22,99.32,52.15
2010-08-04,23.61,42.33,53.63,116.72,88.43,95.79,66.31,109.56,46.938,84.11,17.93,112.97,98.56,52.52
2010-08-05,23.5,42.14,53.59,116.98,88.39,96.25,65.53,109.76,46.83,84.21,17.96,112.85,99.02,51.86
2010-08-06,23.29,42.08,53.75,117.84,88.37,96.88,65.14,110.39,46.76,84.23,18.07,112.392,100.1,51.62
2010-08-09,23.37,42.3,53.81,117.4,88.21,96.86,65.86,110.75,47.08,84.18,17.96,112.992,99.73,52.21
2010-08-10,23.12,41.72,53.38,117.73,88.18,97.35,64.62,110.61,46.6725,84.22,17.97,112.375,99.94,51.7
2010-08-11,22.6,40.39,50.95,117.34,87.03,97.9,62.08,110.6,45.4,84.24,17.53,109.3,101.28,50.41
2010-08-12,22.43,40.46,50.89,118.77,86.73,97.65,61.77,110.21,45.04,84.22,17.69,108.63,101.03,49.78
2010-08-13,22.41,40.68,50.71,118.74,87.11,98.07,61.07,110.64,44.72,84.21,17.74,108.31,102.29,49.78
2010-08-16,22.34,41.06,51.12,119.73,87.22,98.78,61.56,111.86,44.8,84.29,18.0,108.26,104.85,49.74
2010-08-17,22.66,41.49,51.69,119.75,87.55,98.28,62.62,111.68,45.372,84.27,18.12,109.59,104.25,50.88
2010-08-18,22.57,41.46,51.67,120.22,87.7,98.18,62.81,111.78,45.55,84.29,18.02,109.79,104.53,50.925
2010-08-19,22.34,41.14,50.84,120.39,87.52,98.62,61.09,111.9,44.86,84.31,17.92,107.88,106.16,49.63
2010-08-20,22.2,41.02,50.31,119.97,87.73,98.3,61.15,112.1,44.92,84.28,17.59,107.53,106.04,49.47
2010-08-23,22.05,40.65,50.21,119.78,87.73,98.43,60.32,112.34,44.48,84.29,17.61,107.1236,106.06,49.21
2010-08-24,21.8,40.13,49.52,120.36,87.27,99.21,59.63,112.6,43.65,84.35,17.99,105.53,107.76,49.01
2010-08-25,21.91,39.87,49.57,121.36,87.154,98.76,60.5299,112.81,44.07,84.2725,18.54,105.94,107.41,49.79
2010-08-26,22.16,39.62,49.55,120.96,87.03,99.21,60.08,112.91,43.54,84.27,18.59,105.23,108.42,49.49
2010-08-27,22.54,40.49,50.52,121.01,87.02,98.07,61.65,111.89,44.07,84.21,18.7,106.86,105.35,50.31
2010-08-30,22.5,39.82,49.79,120.91,87.176,98.82,60.3,112.62,43.61,84.31,18.63,105.311,107.366,49.92
2010-08-31,22.2,40.06,49.94,122.08,87.15,99.26,60.18,113.0,43.46,84.34,18.93,105.31,108.56,50.3
2010-09-01,22.64,41.47,51.72,121.69,87.46,98.3,62.51,111.73,44.76,84.2225,18.96,108.46,106.0,51.94
2010-09-02,22.8,41.54,52.01,122.29,87.6,97.89,63.2,111.59,45.26,84.2,19.28,109.47,104.88,52.6
2010-09-03,22.92,42.03,52.49,121.86,87.86,97.33,64.33,110.75,46.01,84.16,19.42,110.89,103.58,53.37
2010-09-07,23.04,41.42,51.76,122.7,87.73,98.1,63.11,111.57,45.7,84.25,19.36,109.64,105.7,52.55
2010-09-08,23.09,41.868,52.16,122.71,87.75,97.83,63.48,111.35,46.25,84.19,19.5,110.41,104.86,52.66
2010-09-09,22.96,42.112,52.65,121.56,88.1,97.06,63.52,110.77,46.43,84.1,19.32,110.92,102.79,52.05
2010-09-10,23.2,42.26,52.81,121.73,88.33,96.78,63.72,110.85,46.6,84.09,19.42,111.482,102.32,52.33
2010-09-13,23.37,43.27,53.77,121.62,88.785,97.24,65.27,111.0,47.25,84.16,19.54,112.72,102.825,53.19
2010-09-14,23.44,43.25,54.13,124.024,88.77,97.73,64.99,111.52,47.45,84.22,20.05,112.65,103.81,52.99
2010-09-15,23.4,43.31,54.15,123.94,88.69,97.39,65.3575,111.34,47.75,84.24,20.17,113.08,102.27,53.45
2010-09-16,23.28,43.09,53.89,124.63,88.84,97.05,64.94,110.99,47.94,84.26,20.35,113.05,101.26,53.17
2010-09-17,23.36,43.02,53.63,124.5425,89.0,97.27,65.21,111.35,47.995,84.28,20.29,112.49,101.67,53.33
2010-09-20,23.55,43.7,54.56,124.87,89.14,97.57,67.0225,111.49,48.8299,84.29,20.29,114.21,102.26,54.63
2010-09-21,23.3,43.57,54.55,126.01,88.99,98.48,66.63,112.34,48.82,84.35,20.59,113.98,103.68,53.83
2010-09-22,23.44,43.6,54.47,126.2,88.63,98.63,65.84,112.27,48.69,84.34,20.712,113.42,104.61,53.1
2010-09-23,23.46,43.32,53.88,126.3,88.4,98.77,64.88,112.35,48.67,84.35,20.66,112.498,104.912,51.79
2010-09-24,23.82,44.12,55.38,126.69,88.75,98.28,66.99,112.1,49.66,84.34,21.01,114.82,103.5,52.78
2010-09-27,23.66,44.0375,55.1,126.72,88.9,99.04,66.82,112.68,49.39,84.36,20.99,114.27,105.3,52.13
2010-09-28,23.66,44.36,55.42,127.85,89.03,99.37,67.48,112.88,49.37,84.38,21.29,114.67,106.02,52.34
2010-09-29,23.97,44.51,55.33,127.95,89.24,99.13,67.67,112.77,49.29,84.36,21.4,114.47,105.58,51.93
2010-09-30,24.11,44.77,54.92,127.91,89.69,99.01,67.5,113.09,49.07,84.37,21.31,114.13,105.51,52.08
2010-10-01,24.16,45.43,55.468,128.91,89.22,98.83,67.86,112.11,49.01,84.32,21.65,114.61,104.61,52.34
2010-10-04,24.08,45.29,54.67,128.46,88.91,99.18,66.94,112.29,48.48,84.33,21.51,113.75,104.88,52.82
2010-10-05,24.57,46.11,56.22,130.99,89.23,99.2,68.84,112.52,49.66,84.37,22.34,116.04,104.25,53.66
2010-10-06,24.58,46.09,56.69,131.81,89.15,99.84,68.61,113.25,49.23,84.38,22.69,116.03,105.56,53.37
2010-10-07,24.33,45.68,56.5,130.37,89.33,99.94,68.41,113.22,49.41,84.45,22.02,115.89,104.68,53.52
2010-10-08,25.14,46.23,56.87,131.66,89.63,99.98,69.28,113.11,49.75,84.45,22.73,116.5375,104.22,53.67
2010-10-11,25.02,46.2,56.8,132.292,89.82,100.08,69.34,113.21,49.77,84.46,22.78,116.65,104.24,53.66
2010-10-12,25.14,46.01,56.68,131.96,89.74,99.79,69.52,113.04,50.11,84.4,22.84,117.01,103.21,54.04
2010-10-13,25.26,46.855,57.32,134.07,90.04,99.79,70.58,112.98,50.52,84.41,23.49,117.92,103.05,54.6
2010-10-14,25.22,46.775,57.72,134.75,89.61,99.22,70.53,112.07,50.42,84.37,24.028,117.46,101.508,54.46
2010-10-15,24.94,46.72,57.53,133.68,89.84,98.79,70.29,111.36,51.49,84.4,23.75,117.7,100.27,54.39
2010-10-18,25.19,46.74,57.66,134.28,89.72,99.26,70.88,112.13,51.3,84.42,23.96,118.28,101.08,55.09
2010-10-19,24.45,45.26,56.39,130.11,89.71,99.6,69.5,112.14,50.82,84.46,22.84,116.73,101.69,54.41
2010-10-20,25.03,45.98,57.45,131.32,89.99,99.54,70.21,112.34,51.19,84.47,23.33,117.87,101.91,55.6
2010-10-21,24.72,45.98,57.14,129.47,89.85,98.99,69.87,112.04,51.29,84.48,22.59,118.13,100.7,55.54
2010-10-22,24.925,46.03,57.29,129.73,90.26,99.02,70.32,112.18,51.64,84.46,22.76,118.347,101.38,55.57
2010-10-25,25.06,46.53,57.51,130.85,90.61,98.99,70.74,112.58,51.89,84.48,23.1,118.7,101.67,55.67
2010-10-26,25.19,46.49,57.14,130.88,90.75,98.33,70.69,111.98,52.03,84.4,23.28,118.72,100.1,55.27
2010-10-27,25.11,45.7,56.59,129.52,90.65,97.76,70.51,111.69,52.19,84.36,23.068,118.38,99.22,54.88
2010-10-28,25.24,45.99,57.03,131.24,90.7,98.33,70.08,112.14,52.3,84.47,23.43,118.4,99.49,54.54
2010-10-29,25.18,46.12,57.01,132.62,90.74,98.77,70.3,112.36,52.18,84.49,24.17,118.49,100.42,54.55
2010-11-01,25.34,46.63,56.8,131.92,89.97,98.37,69.82,111.89,52.22,84.46,24.07,118.53,99.67,55.02
2010-11-02,25.57,47.205,57.74,132.49,90.41,98.7,71.27,112.41,52.78,84.41,24.31,119.475,100.98,55.4
2010-11-03,25.69,47.5,58.14,131.57,90.71,99.02,71.55,112.04,53.02,84.44,24.249,119.95,98.92,55.4
2010-11-04,26.3,48.58,59.46,136.03,91.89,99.82,73.36,113.1,53.67,84.46,25.63,122.26,99.69,56.68
2010-11-05,26.41,48.49,59.2,136.38,91.79,99.4,73.77,112.74,53.67,84.39,26.2,122.725,97.98,57.29
2010-11-08,26.48,48.295,58.835,137.78,91.52,99.43,73.7125,112.8,53.7375,84.35,27.15,122.49,98.42,56.98
2010-11-09,26.3,47.68,58.252,135.59,91.26,98.59,72.73,111.96,53.45,84.24,26.18,121.61,96.25,54.67
2010-11-10,26.58,48.03,58.42,137.24,90.51,98.96,73.54,111.72,53.715,84.29,26.72,122.1,96.38,55.35
2010-11-11,26.36,47.56,57.92,137.66,90.15,98.85,73.25,111.23,53.385,84.16,27.11,121.635,96.33,54.91
2010-11-12,25.26,46.41,57.44,133.69,89.82,98.03,72.03,110.45,52.51,84.16,25.518,120.198,95.81,54.4
2010-11-15,25.3,46.39,57.4,132.42,89.65,96.77,72.04,109.24,52.315,84.11,24.93,120.03,93.81,53.88
2010-11-16,24.55,45.1675,56.05,130.968,88.66,97.49,70.64,109.82,51.45,84.15,24.93,118.16,96.138,52.03
2010-11-17,24.36,45.4,56.3575,130.38,89.11,97.21,70.83,109.82,51.6,84.2,25.0,118.218,95.61,52.43
2010-11-18,25.02,46.48,57.77,132.088,90.24,96.98,72.21,109.9,52.43,84.21,26.35,119.9575,96.0,52.9
2010-11-19,24.66,46.51,57.77,132.2,90.21,97.18,72.45,110.28,52.47,84.16,26.74,120.29,96.59,53.18
2010-11-22,24.74,46.37,57.15,133.48,89.58,97.7,72.802,110.89,52.91,84.24,27.17,120.19,97.0,53.32
2010-11-23,24.675,44.9,55.43,134.41,88.35,97.9,72.1075,110.95,52.07,84.29,26.865,118.4475,97.48,52.9
2010-11-24,25.14,45.935,56.31,134.18,88.88,96.85,73.73,110.04,53.12,84.145,26.94,120.2,95.74,53.92
2010-11-26,25.26,44.93,55.37,133.11,88.56,97.27,73.22,110.18,52.968,84.2,26.13,118.8,97.07,53.81
2010-11-29,25.31,45.15,54.88,133.508,88.79,97.48,73.33,110.29,52.73,84.19,26.55,119.162,97.9,53.78
2010-11-30,25.07,44.78,54.26,135.42,88.99,97.65,72.75,110.12,52.085,84.25,27.44,118.4925,98.41,53.54
2010-12-01,25.81,46.065,55.8,135.38,89.22,96.13,74.38,109.45,53.19,84.06,27.81,121.01,95.894,53.85
2010-12-02,26.03,46.97,56.86,135.2,89.27,95.89,75.13,109.21,53.73,84.06,27.93,122.56,95.64,54.68
2010-12-03,26.36,47.14,57.41,138.07,89.42,95.9,75.67,108.9,53.87,84.17,28.5975,122.89,94.89,54.67
2010-12-06,26.33,47.06,57.15,139.11,89.368,96.5,76.14,109.66,53.845,84.22,29.51,122.76,96.23,54.78
2010-12-07,26.15,46.84,57.18,136.5,89.83,94.9,76.58,108.64,53.88,84.07,28.08,122.83,94.17,54.9
2010-12-08,26.35,46.54,57.35,134.79,89.54,94.09,76.53,107.94,54.08,83.94,27.7,123.28,93.26,54.09
2010-12-09,26.28,46.385,57.5,135.37,89.35,94.29,76.79,108.2,54.135,83.93,28.03,123.76,93.72,53.61
2010-12-10,26.24,46.59,57.63,135.408,89.39,93.49,77.745,107.7,54.495,83.9,27.98,124.48,93.15,53.96
2010-12-13,26.5,46.89,58.25,136.05,88.94,93.79,77.35,108.1,54.3,83.95,28.87,124.56,93.5,54.05
2010-12-14,26.43,46.96,58.34,136.18,89.38,92.8,77.31,107.44,54.395,83.91,28.81,124.67,92.135,53.52
2010-12-15,26.36,46.2,57.57,134.7,89.03,92.42,77.07,106.77,54.16,83.88,28.08,124.098,90.94,53.01
2010-12-16,26.27,46.33,57.89,133.81,89.36,92.97,77.78,107.29,54.58,83.9,28.28,124.82,91.57,53.1
2010-12-17,26.47,46.405,57.57,134.2,89.49,93.77,78.02,108.27,54.52,83.97,28.5075,124.3,93.24,53.54
2010-12-20,26.71,46.185,57.7,135.11,89.65,93.76,78.33,108.2,54.56,83.99,28.71,124.6,93.14,54.18
2010-12-21,26.88,46.5,57.64,135.32,89.84,93.96,79.201,108.43,54.89,83.97,28.64,125.39,93.79,54.75
2010-12-22,27.0175,46.6625,57.75,135.05,90.09,93.7,78.82,108.34,54.885,83.95,28.57,125.78,93.12,55.17
2010-12-23,27.12,46.61,57.72,134.66,90.18,93.37,78.72,108.39,54.742,83.84,28.61,125.6,92.93,54.92
2010-12-27,27.07,46.46,57.6,135.02,90.25,93.73,78.96,108.6,54.77,83.89,28.59,125.65,93.76,55.0
2010-12-28,27.36,46.5,57.65,137.22,89.73,92.5,78.74,107.31,54.67,83.71,29.53,125.83,91.61,55.22
2010-12-29,27.37,47.07,58.15,137.71,90.03,93.54,78.91,108.12,54.79,83.91,29.87,125.92,93.16,55.33
2010-12-30,27.04,47.31,57.87,137.03,90.13,93.35,78.76,108.17,54.66,83.88,29.76,125.72,93.09,55.48
2010-12-31,27.55,47.642,58.22,138.72,90.29,93.82,78.24,108.44,54.46,83.98,30.18,125.75,94.12,55.37
2011-01-03,27.67,48.1,58.7,138.0,90.36,93.53,79.6,108.86,55.31,83.96,29.98,127.05,93.41,56.4
2011-01-04,27.3,48.32,58.52,134.75,90.77,93.75,78.422,109.0,55.265,83.94,29.08,126.98,93.52,55.32
2011-01-05,27.59,48.2,58.27,134.37,91.0,92.74,79.34,108.2,55.74,83.79,28.61,127.64,91.46,55.52
2011-01-06,27.22,47.685,57.6,133.83,91.11,93.22,78.97,108.365,55.92,83.88,28.42,127.39,91.86,55.0
2011-01-07,27.12,47.25,57.37,133.58,90.76,93.84,78.52,108.91,55.87,83.9975,28.1,127.14,92.35,55.02
2011-01-10,27.44,46.76,57.27,134.12,90.69,94.16,78.97,109.1,56.08,84.04,28.29,126.98,92.85,55.01
2011-01-11,27.745,47.255,57.66,134.91,91.04,93.79,79.29,109.05,56.16,83.99,28.8925,127.43,92.33,54.89
2011-01-12,27.9275,48.21,58.93,135.46,91.23,93.52,79.97,108.98,56.555,83.99,29.0,128.58,91.61,55.12
2011-01-13,27.89,47.79,59.09,134.05,91.21,94.15,79.94,109.45,56.575,84.02,28.0,128.37,92.43,55.3
2011-01-14,28.0225,47.93,59.45,132.69,91.36,93.89,80.54,108.93,57.0,84.02,27.74,129.3,91.835,55.67
2011-01-18,27.99,47.86,59.84,133.43,91.35,93.66,80.6,108.87,57.16,84.0,28.1525,129.52,91.41,56.15
2011-01-19,27.96,47.49,59.43,133.72,91.07,93.9,78.53,108.79,56.51,84.04,28.08,128.25,92.07,55.41
2011-01-20,27.68,46.97,58.92,131.2,90.89,93.17,77.71,108.32,56.11,83.95,26.85,128.08,90.8,55.42
2011-01-21,27.96,46.48,59.24,131.03,91.26,93.48,77.19,108.48,55.68,83.97,26.83,128.37,91.52,55.46
2011-01-24,27.72,46.8425,59.87,130.36,91.39,93.49,77.76,108.53,56.45,83.96,26.36,129.1,91.56,55.74
2011-01-25,27.3675,46.555,59.75,130.1,91.53,93.96,77.88,109.07,56.5325,84.02,26.23,129.17,92.43,56.39
2011-01-26,27.98,46.97,60.13,131.16,91.72,93.39,79.12,108.46,56.83,84.0,26.89,129.67,91.03,56.48
2011-01-27,27.74,46.81,60.27,127.925,91.84,93.74,79.35,108.64,57.18,84.06,26.29,129.99,91.44,57.37
2011-01-28,28.09,45.33,58.93,130.28,91.29,94.17,77.41,108.78,55.73,84.1,27.3,127.72,91.92,56.42
2011-01-31,28.53,45.81,59.44,129.87,91.78,93.8,77.95,108.48,56.0,84.09,27.392,128.68,91.22,57.17
2011-02-01,28.74,46.92,60.85,130.8,91.37,93.13,79.75,107.91,57.05,83.93,27.87,130.74,90.45,57.31
2011-02-02,29.02,46.57,60.8,130.45,91.47,92.91,79.45,107.7,56.955,83.88,27.69,130.485,90.47,57.31
2011-02-03,28.83,46.51,60.81,132.2,91.47,92.38,79.728,107.4375,57.0575,83.8,28.285,130.78,89.72,57.47
2011-02-04,28.67,46.4975,60.79,131.66,91.87,91.81,79.87,107.11,57.375,83.73,28.4,131.15,88.81,57.05
2011-02-07,28.59,46.56,60.98,131.68,92.04,91.77,80.66,107.23,57.65,83.69,28.66,131.97,89.27,57.61
2011-02-08,28.78,46.58,61.38,133.14,92.14,91.14,81.23,106.84,58.025,83.58,29.64,132.57,88.45,57.86
2011-02-09,28.92,45.51,61.2,133.07,91.62,91.66,80.87,107.53,57.93,83.64,29.518,132.269,89.22,57.9
2011-02-10,28.75,45.08,60.8,132.85,91.72,91.36,81.19,107.0,58.021,83.6,29.46,132.321,88.19,58.14
2011-02-11,28.65,45.625,60.83,132.3225,91.95,91.78,82.07,107.59,58.44,83.6,29.21,133.11,89.46,58.52
2011-02-14,28.79,45.4,60.95,132.95,92.02,91.81,82.49,107.66,58.58,83.6,29.96,133.43,89.521,58.53
2011-02-15,28.42,45.49,60.77,133.97,91.84,92.02,82.018,107.9,58.5,83.64,30.0,133.01,89.92,58.31
2011-02-16,28.63,45.87,61.5,134.1,91.87,91.89,82.68,107.77,58.881,83.63,29.96,133.85,89.63,58.44
2011-02-17,28.72,46.03,61.71,135.04,92.08,92.23,83.26,107.97,58.86,83.73,31.03,134.25,89.77,58.5
2011-02-18,28.69,46.31,61.9225,135.41,92.36,92.21,83.35,108.13,58.73,83.76,31.7875,134.53,89.49,58.73
2011-02-22,28.65,44.83,60.15,136.29,91.6,93.1,81.21,108.43,57.03,83.85,32.26,131.83,90.83,58.22
2011-02-23,29.29,44.871,60.23,137.51,91.69,92.87,79.81,108.3,56.56,83.83,32.71,131.02,91.16,57.73
2011-02-24,29.03,44.98,60.28,136.48,91.76,93.11,80.318,108.42,56.855,83.87,31.195,130.93,91.74,57.29
2011-02-25,29.67,45.52,61.0,137.384,92.04,93.41,82.18,108.93,57.65,83.89,32.56,132.33,92.28,58.41
2011-02-28,29.72,45.79,61.55,137.661,92.5,93.37,82.268,109.22,57.7689,83.92,33.11,133.15,92.4,59.86
2011-03-01,30.1675,45.32,60.69,140.03,91.78,93.26,80.62,108.79,56.84,83.91,33.8725,130.93,92.37,58.08
2011-03-02,30.29,45.94,61.01,139.917,91.86,92.77,80.96,108.21,57.14,83.87,33.84,131.21,90.95,57.55
2011-03-03,30.28,46.8525,61.79,138.09,92.19,92.14,82.8,107.75,58.265,83.7,33.415,133.47,90.06,58.38
2011-03-04,30.43,46.895,61.23,139.35,92.0,92.8,82.44,108.16,57.9675,83.89,34.6925,132.47,90.81,57.82
2011-03-07,30.29,46.24,60.64,139.721,92.02,92.57,81.09,107.89,57.19,83.83,35.23,131.43,90.23,57.4
2011-03-08,30.03,46.86,60.83,139.36,91.94,92.35,82.41,107.75,57.42,83.8,35.18,132.58,89.68,58.21
2011-03-09,30.15,46.95,60.85,139.41,91.68,92.89,82.08,108.31,57.03,83.86,35.27,132.39,90.55,58.15
2011-03-10,29.66,45.56,59.34,137.77,91.2,93.68,79.97,108.75,56.14,83.95,34.36,129.9375,92.075,57.26
2011-03-11,29.49,46.03,59.34,138.22,91.18,93.46,80.18,108.65,56.49,83.965,35.029,130.84,91.55,57.837
2011-03-14,29.57,46.3,58.28,138.86,90.81,93.67,79.75,108.77,56.29,84.01,35.01,130.05,91.51,57.26
2011-03-15,28.49,45.53,57.06,136.27,90.34,94.01,79.04,108.76,55.49,83.97,33.61,128.56,92.88,56.96
2011-03-16,28.66,44.6,55.29,136.24,89.78,94.81,78.25,109.41,54.15,84.12,33.37,126.175,93.93,56.12
2011-03-17,29.55,45.15,57.13,136.97,90.75,94.52,78.42,109.34,54.65,84.08,33.511,127.85,93.21,56.55
2011-03-18,29.72,45.23,57.919,138.37,91.18,94.46,79.46,109.41,54.45,84.04,34.27,127.76,93.46,57.12
2011-03-21,29.86,46.0975,59.345,139.14,91.74,93.97,81.3,109.06,55.5,83.95,35.3,129.74,92.91,57.739
2011-03-22,30.08,46.24,59.18,139.05,91.79,94.02,80.87,109.26,55.395,83.93,35.5375,129.29,93.22,57.37
2011-03-23,30.14,46.85,59.25,140.34,91.68,93.9,81.12,109.19,55.71,83.94,36.47,129.66,93.1,56.74
2011-03-24,30.24,47.39,60.04,139.22,91.76,93.42,81.51,108.83,56.7,83.88,36.12,130.9,92.4,56.98
2011-03-25,30.32,47.34,59.38,139.26,91.79,93.17,82.22,108.67,56.84,83.82,36.39,131.3,92.17,57.01
2011-03-28,29.91,47.095,59.35,138.54,91.82,93.2,82.04,108.71,56.53,83.78,36.19,130.98,92.3,56.94
2011-03-29,30.08,47.64,59.66,138.21,91.87,92.93,82.81,108.18,57.08,83.75,36.17,131.86,91.59,57.17
2011-03-30,30.04,48.25,60.37,138.67,92.01,93.25,83.88,108.55,57.35,83.8,36.53,132.77,92.32,58.0
2011-03-31,30.51,48.67,60.08,139.86,91.96,93.01,84.17,108.2,57.43,83.75,36.77,132.59,92.13,58.47
2011-04-01,30.72,49.45,60.65,139.2,91.28,92.96,84.54,108.28,57.46,83.75,36.86,133.15,92.19,58.56
2011-04-04,31.0,49.87,60.73,139.84,91.84,93.17,84.73,108.53,57.27,83.77,37.58,133.26,92.29,58.52
2011-04-05,31.03,49.77,60.58,142.05,91.74,92.7,85.19,108.59,57.12,83.68,38.34,133.24,91.92,58.58
2011-04-06,31.12,50.04,61.08,142.38,91.94,92.3,85.38,108.24,57.26,83.68,38.62,133.66,90.54,58.61
2011-04-07,31.18,49.99,60.78,142.51,92.03,92.31,84.87,108.08,57.22,83.74,38.73,133.32,90.36,57.96
2011-04-08,31.92,50.04,61.28,143.66,92.03,92.04,83.98,108.02,56.95,83.71,39.86,132.86,89.88,57.54
2011-04-11,31.33,49.45,61.16,142.64,91.94,92.16,83.23,108.03,56.76,83.7,39.21,132.46,89.96,57.58
2011-04-12,30.69,48.52,60.59,141.61,91.65,92.68,82.14,108.41,56.37,83.84,39.09,131.47,90.93,57.48
2011-04-13,30.93,48.92,60.77,141.9,92.09,93.04,82.25,108.6,56.85,83.88,39.57,131.46,91.5,57.39
2011-04-14,31.01,49.07,61.04,143.81,91.72,92.73,82.63,108.33,56.75,83.8,41.07,131.56,91.43,58.22
2011-04-15,31.17,49.135,60.95,145.05,91.84,93.41,83.51,108.9,56.65,83.96,41.84,132.04,92.67,58.97
2011-04-18,30.979,47.9,59.7,145.93,91.52,93.64,82.13,109.05,56.25,83.98,42.419,130.56,92.88,58.44
2011-04-19,30.99,48.5899,60.14,145.93,91.84,93.76,82.1486,109.28,56.6,84.0,43.0,131.31,93.28,58.9
2011-04-20,31.48,49.74,61.67,146.5,92.19,93.39,83.83,109.33,57.875,83.99,44.121,133.1,92.68,59.59
2011-04-21,31.71,50.175,62.07,146.74,92.41,93.46,84.45,109.43,58.34,83.97,45.535,133.78,92.6,59.99
2011-04-25,31.62,49.77,62.07,146.87,92.31,93.79,84.34,109.54,58.49,83.98,45.83,133.64,92.95,60.39
2011-04-26,31.61,50.2,62.55,146.38,92.52,94.19,85.18,110.05,58.82,84.06,44.03,134.791,93.85,60.92
2011-04-27,31.8,50.11,63.33,149.2,92.58,93.92,85.69,109.91,59.22,84.09,47.0,135.67,92.89,61.37
2011-04-28,31.57,49.7,63.76,149.82,92.63,94.28,86.08,110.26,59.13,84.09,47.26,136.11,93.6,62.19
2011-04-29,31.9,50.0,63.46,152.37,92.85,94.47,86.39,110.47,59.08,84.13,46.88,136.43,93.89,61.83
2011-05-02,31.58,50.01,63.87,150.414,92.23,94.2,85.38,110.3,58.97,84.05,42.83,136.22,93.64,61.92
2011-05-03,31.25,48.895,63.35,149.88,92.25,94.45,84.3,110.25,58.69,84.08,40.58,135.73,94.17,61.39
2011-05-04,30.75,48.09,62.81,147.73,92.22,94.69,83.21,110.41,58.6,84.12,38.271,134.83,94.59,61.04
2011-05-05,28.69,47.63,61.57,143.47,91.84,95.16,82.83,110.79,58.28,84.14,33.721,133.61,95.49,61.0
2011-05-06,28.6,48.25,61.6,145.3,92.31,95.21,83.27,110.79,58.47,84.15,34.48,134.2,95.07,60.46
2011-05-09,29.65,48.34,62.04,147.38,92.43,95.35,84.24,110.9,58.69,84.19,36.98,134.72,94.97,60.77
2011-05-10,29.92,48.91,62.63,147.9,92.63,94.89,85.53,110.45,59.19,84.11,37.52,135.87,94.29,61.73
2011-05-11,28.96,47.83,61.37,146.54,92.49,95.23,83.95,110.63,58.755,84.19,34.39,134.44,94.83,61.08
2011-05-12,28.99,47.97,61.57,146.59,92.58,95.02,84.69,110.37,59.11,84.15,33.32,135.08,94.23,61.18
2011-05-13,29.04,46.92,60.61,145.63,92.2,95.39,83.51,110.7,58.41,84.19,34.391,134.04,95.08,60.53
2011-05-16,28.66,46.85,60.5,145.37,92.38,95.62,82.29,111.02,57.399,84.23,32.85,133.19,95.61,60.62
2011-05-17,28.73,47.0,60.63,144.74,92.54,95.9,82.03,111.17,57.56,84.24,33.09,133.17,96.59,60.6
2011-05-18,29.31,47.76,61.0,145.6,92.65,95.35,83.29,110.89,58.04,84.2,34.23,134.36,95.31,61.19
2011-05-19,29.08,47.45,61.35,145.65,92.61,95.45,83.47,111.08,58.21,84.21,34.26,134.68,95.27,61.45
2011-05-20,29.35,47.07,60.48,147.49,92.54,95.68,82.859,111.0,57.765,84.24,34.18,133.61,95.32,60.7
2011-05-23,28.88,46.09,59.08,147.83,92.1,95.81,81.37,110.93,56.92,84.25,34.27,132.06,95.78,60.08
2011-05-24,29.27,46.55,59.42,148.59,91.95,95.91,80.98,111.07,56.57,84.25,35.77,131.95,96.14,60.26
2011-05-25,29.8,46.65,59.8,148.58,91.95,95.92,82.0,110.85,56.79,84.288,36.92,132.39,95.69,60.54
2011-05-26,29.91,47.25,60.36,148.22,91.87,96.45,83.08,111.33,57.1415,84.34,36.51,133.0,96.51,61.35
2011-05-27,30.08,47.75,60.8,149.7,92.15,96.44,83.65,111.45,57.43,84.37,37.03,133.51,96.47,61.7
2011-05-31,30.25,48.53,62.06,149.64,92.4,96.59,84.84,111.44,58.36,84.37,37.6,134.9,96.69,62.68
2011-06-01,29.87,47.66,60.59,149.91,91.3,97.14,82.11,111.57,57.09,84.36,35.75,131.87,97.64,60.88
2011-06-02,30.13,48.11,60.9,149.5,91.24,96.56,82.08,110.56,57.21,84.31,35.29,131.73,95.78,60.44
2011-06-03,30.245,47.87,60.93,150.22,90.88,96.94,80.88,110.8,56.35,84.34,35.34,130.42,96.33,60.68
2011-06-06,29.9,47.1,60.14,150.48,90.66,96.88,79.55,110.61,55.89,84.35,35.71,129.045,95.6,59.79
2011-06-07,30.18,47.47,60.69,150.42,90.59,97.06,79.74,110.99,55.79,84.41,36.12,128.96,96.04,60.42
2011-06-08,30.43,47.13,59.91,149.81,90.16,97.27,78.85,111.06,55.39,84.42,36.03,128.42,96.79,60.25
2011-06-09,30.6,47.5,60.53,150.56,90.22,96.88,79.27,110.76,55.485,84.33,36.67,129.4,96.4,59.6
2011-06-10,30.28,46.47,59.13,149.24,89.63,97.19,78.0,110.63,54.64,84.4,35.25,127.6,97.14,58.1
2011-06-13,30.08,46.39,59.22,147.77,89.29,96.98,77.78,110.75,54.64,84.37,33.87,127.7,96.65,58.34
2011-06-14,30.29,47.09,60.27,148.67,89.85,96.21,79.45,110.42,55.34,84.3,34.67,129.32,95.19,59.21
2011-06-15,29.48,46.08,58.29,149.12,89.47,97.25,78.03,111.03,54.29,84.42,34.88,127.02,96.92,58.26
2011-06-16,29.36,45.73,58.09,148.97,87.88,97.52,78.21,110.82,54.08,84.43,34.65,127.3,97.36,58.72
2011-06-17,29.23,45.79,58.66,149.94,88.85,97.45,78.23,110.86,53.79,84.45,34.95,127.05,96.9,59.28
2011-06-20,29.07,45.72,58.59,150.03,89.47,97.3,78.95,110.88,54.07,84.45,35.09,127.7,97.02,60.0
2011-06-21,29.09,46.56,59.86,150.76,90.07,97.17,80.66,110.85,55.23,84.46,35.51,129.45,96.59,60.47
2011-06-22,29.22,45.64,58.15,150.99,89.42,97.13,80.04,111.0,54.831,84.44,35.5,128.67,96.65,60.29
2011-06-23,28.6,45.58,57.65,148.339,89.9,97.64,80.35,111.29,55.34,84.49,34.37,128.301,97.39,59.07
2011-06-24,28.26,45.5,57.1,146.26,89.47,98.05,79.94,111.35,54.38,84.54,33.36,126.81,96.98,58.58
2011-06-27,28.25,46.03,57.57,145.73,89.45,97.67,80.56,110.99,55.245,84.46,32.63,127.94,95.65,58.83
2011-06-28,28.75,46.66,58.26,146.24,89.81,96.77,81.81,110.22,56.07,84.31,33.0,129.61,94.88,59.32
2011-06-29,29.27,47.09,59.28,147.18,90.7,96.19,82.2,109.97,56.3,84.31,34.01,130.72,94.25,59.94
2011-06-30,28.96,47.6,60.14,146.001,91.31,95.86,82.8,110.13,57.05,84.3,33.84,131.97,94.1,60.1
2011-07-01,29.0,48.16,60.8,144.93,91.21,95.39,84.09,109.71,57.91,84.21,33.0,133.92,93.63,61.13
2011-07-05,29.39,48.14,60.44,147.63,91.33,95.99,84.04,110.1,58.2,84.31,34.63,133.81,93.84,61.6
2011-07-06,29.38,47.82,60.06,148.91,91.37,96.16,84.38,110.33,58.39,84.34,35.1,133.97,94.32,62.06
2011-07-07,30.0,48.48,60.58,149.15,91.73,95.79,85.65,110.36,59.19,84.26,35.5,135.36,94.04,62.84
2011-07-08,29.97,47.93,59.83,150.25,91.48,96.81,85.13,111.07,59.03,84.38,35.751,134.4,95.37,62.76
2011-07-11,29.74,46.59,58.02,151.59,90.58,97.55,83.32,111.44,57.96,84.44,34.9,131.97,96.8,61.67
2011-07-12,30.0,46.12,57.63,152.77,90.33,97.69,82.85,111.53,57.52,84.43,35.2,131.4,97.13,61.88
2011-07-13,30.41,46.87,58.49,154.14,91.03,97.85,83.59,111.81,57.76,84.45,37.23,131.84,97.4,61.27
2011-07-14,30.24,46.368,57.98,154.54,90.98,97.29,82.26,111.12,57.09,84.42,37.41,130.93,96.01,60.7
2011-07-15,30.51,46.66,58.18,155.2,90.95,97.69,82.81,111.37,57.85,84.44,38.24,131.69,96.17,61.37
2011-07-18,30.34,46.12,57.32,156.57,90.79,97.63,81.48,110.94,57.54,84.44,39.47,130.61,95.24,60.94
2011-07-19,30.55,46.79,58.18,154.66,91.2,98.0,83.32,111.48,58.85,84.44,38.01,132.73,97.22,61.92
2011-07-20,30.65,46.93,58.87,156.02,91.28,97.52,83.18,111.22,58.6,84.41,39.12,132.65,96.07,62.37
2011-07-21,30.5,47.68,60.12,154.83,91.72,96.98,83.94,111.05,58.99,84.37,38.31,134.49,95.33,62.87
2011-07-22,30.75,47.65,60.18,156.12,91.84,97.35,84.05,111.5,59.6,84.38,39.07,134.58,96.05,63.18
2011-07-25,30.6,47.55,59.8,157.34,91.35,97.04,83.06,110.97,59.48,84.34,39.31,133.83,95.0,62.59
2011-07-26,30.84,47.71,60.16,157.77,91.54,97.45,82.43,111.46,59.625,84.39,39.89,133.33,95.65,62.73
2011-07-27,30.63,46.87,58.7,157.19,90.82,97.29,79.97,111.13,58.09,84.34,39.17,130.6,95.66,60.97
2011-07-28,30.53,46.91,58.56,157.32,90.96,97.48,79.84,111.37,58.19,84.39,38.76,130.22,96.02,61.03
2011-07-29,30.28,47.11,58.71,158.29,91.05,98.66,79.74,112.37,58.0,84.48,38.85,129.33,97.92,61.04
2011-08-01,30.28,47.07,57.97,157.72,90.7,98.78,79.22,112.28,57.73,84.39,38.29,128.78,98.58,60.12
2011-08-02,30.28,45.62,56.44,161.52,89.58,99.69,76.75,113.22,56.27,84.5,39.82,125.49,101.54,58.2
2011-08-03,29.83,45.461,56.77,161.49,89.53,99.77,77.26,113.18,56.81,84.49,40.55,126.17,101.74,57.72
2011-08-04,28.7,42.86,52.81,160.64,86.95,101.09,72.6,114.0,54.17,84.57,37.61,120.26,105.36,54.9
2011-08-05,28.82,42.58,53.745,161.75,86.86,99.92,71.33,112.59,53.83,84.55,37.32,120.08,102.32,53.53
2011-08-08,27.75,39.03,49.73,167.119,83.16,101.51,65.12,111.52,50.59,84.58,37.97,112.26,105.55,48.88
2011-08-09,28.02,41.32,53.08,168.61,85.7,102.1,69.46,112.516,53.03,84.67,36.32,117.48,105.87,53.33
2011-08-10,28.14,39.13,49.91,174.58,84.25,103.45,66.06,113.53,50.86,84.73,38.444,112.29,109.02,52.1
2011-08-11,28.75,41.292,52.3,170.75,85.78,101.93,69.36,111.2,53.1,84.71,37.8,117.33,103.52,54.8
2011-08-12,28.71,41.27,52.9,169.97,85.38,102.64,69.79,112.47,53.57,84.72,38.12,118.12,105.57,54.79
2011-08-15,29.06,42.23,54.13,171.8,86.77,102.26,71.76,112.68,54.36,84.69,38.67,120.62,104.5,56.79
2011-08-16,29.06,41.87,53.34,173.92,86.22,102.73,70.44,113.09,53.9,84.69,39.03,119.59,106.23,56.62
2011-08-17,29.31,42.17,53.65,174.42,87.17,103.45,70.46,113.4,53.58,84.71,39.33,119.67,108.09,56.78
2011-08-18,28.59,40.18,51.04,177.72,86.11,103.99,66.45,113.55,50.95,84.7,39.66,114.51,110.31,54.25
2011-08-19,29.1,39.68,50.17,179.95,85.36,104.1,65.28,113.41,50.03,84.7,41.68,112.64,111.2,53.21
2011-08-22,29.15,39.64,50.49,184.59,85.46,103.91,65.05,112.99,50.21,84.69,42.63,112.73,110.92,53.27
2011-08-23,29.45,41.03,52.13,177.67,86.1,103.49,68.19,111.7,52.28,84.65,40.63,116.44,109.39,54.58
2011-08-24,29.15,40.63,52.15,171.646,85.71,102.38,69.2,110.38,52.69,84.65,38.83,118.08,106.28,55.3
2011-08-25,29.28,39.84,50.89,172.36,85.02,103.01,67.5,110.99,51.83,84.7,40.0,116.28,107.43,54.27
2011-08-26,29.605,40.52,51.69,177.47,85.88,103.34,69.11,111.04,53.13,84.71,40.41,117.97,108.49,54.93
2011-08-29,29.705,41.83,52.92,173.89,86.75,102.66,72.38,111.4,54.61,84.69,39.72,121.36,106.99,56.81
2011-08-30,30.11,41.89,52.61,179.1,86.91,103.37,72.8,111.99,54.97,84.71,40.4,121.68,108.71,56.97
2011-08-31,30.16,42.75,53.57,177.72,88.03,103.0,72.65,112.33,55.06,84.71,40.45,122.22,107.03,57.61
2011-09-01,29.95,42.52,52.91,177.87,87.41,103.59,71.09,112.0,54.56,84.68,40.52,120.94,108.97,56.78
2011-09-02,29.79,41.56,51.73,183.238,87.0,104.54,68.46,112.69,53.28,84.64,42.18,117.85,112.51,55.44
2011-09-06,29.69,41.13,50.029,182.9,85.97,104.68,68.27,113.35,53.29,84.65,41.05,116.99,113.68,55.2
2011-09-07,29.96,42.35,51.52,177.08,86.39,104.12,70.85,113.57,54.64,84.63,40.53,120.29,111.51,57.28
2011-09-08,29.76,41.41,50.5,181.81,86.66,104.63,69.55,113.47,54.39,84.66,41.22,119.04,112.51,56.84
2011-09-09,29.29,40.01,48.75,180.7,85.88,105.14,67.5,113.59,53.18,84.69,40.52,115.92,113.71,55.06
2011-09-12,29.22,39.93,48.54,176.67,85.14,104.82,68.08,112.9,53.86,84.63,39.14,116.67,113.83,55.24
2011-09-13,29.13,39.99,49.06,178.54,85.79,104.51,69.18,112.88,54.58,84.64,39.87,117.74,112.21,55.37
2011-09-14,28.99,39.88,49.8,177.21,86.36,104.57,70.42,112.83,55.36,84.64,39.6,119.37,113.16,55.73
2011-09-15,29.11,40.46,50.88,174.4,86.94,103.79,71.41,112.44,56.18,84.65,38.79,121.43,111.43,56.65
2011-09-16,28.98,40.53,50.9,176.03,86.89,103.99,71.52,112.44,56.59,84.67,39.39,121.521,112.24,57.2
2011-09-19,28.49,39.33,49.5,173.31,86.76,104.84,70.24,113.06,56.61,84.71,38.65,120.31,114.38,55.95
2011-09-20,28.44,39.04,49.7,175.78,86.9,104.98,69.15,113.11,56.36,84.67,38.83,120.17,114.86,55.92
2011-09-21,28.02,37.59,48.22,173.59,86.15,105.43,66.59,113.37,55.38,84.58,38.56,116.63,118.66,52.97
2011-09-22,27.03,34.95,46.66,169.05,84.98,106.41,64.73,113.59,53.58,84.59,34.92,112.86,123.12,51.68
2011-09-23,26.55,35.88,47.19,159.8,85.21,105.53,65.14,112.89,54.15,84.6,29.98,113.54,120.83,51.56
2011-09-26,26.64,36.42,48.16,157.58,85.53,105.09,66.37,112.68,54.78,84.57,29.768,116.24,118.89,52.28
2011-09-27,27.09,37.58,49.35,160.63,85.63,104.39,67.8,112.32,55.35,84.54,31.17,117.54,117.07,52.8
2011-09-28,26.36,36.45,48.51,156.22,84.67,104.41,65.2,111.87,54.53,84.51,28.87,115.145,117.03,51.46
2011-09-29,26.67,36.95,49.46,157.7,84.51,104.41,66.33,111.75,53.88,84.53,29.96,116.05,117.84,52.26
2011-09-30,25.75,35.095,47.78,158.06,82.83,105.07,64.3,112.31,52.49,84.57,28.91,113.15,120.8,50.87
2011-10-03,25.62,34.36,46.52,160.96,81.3,105.83,60.99,112.1,51.14,84.54,29.49,109.93,123.81,48.47
2011-10-04,25.57,34.89,47.3,157.644,81.05,105.29,64.79,111.12,52.19,84.49,29.09,112.34,122.24,50.38
2011-10-05,25.93,35.7,48.03,159.46,82.04,104.85,65.68,111.58,53.53,84.49,29.66,114.42,121.36,49.95
2011-10-06,26.47,36.88,49.32,160.49,83.31,104.12,67.14,111.13,54.43,84.47,31.2,116.49,119.12,51.32
2011-10-07,26.35,36.44,48.98,159.18,83.38,103.58,65.5,111.03,54.07,84.44,30.23,115.71,118.24,49.89
2011-10-10,26.94,38.07,50.85,163.266,85.17,102.49,68.37,111.24,55.94,84.37,31.258,119.58,116.57,52.38
2011-10-11,27.14,38.09,50.76,162.1,84.23,102.83,68.84,111.54,56.32,84.41,31.38,119.7,116.18,51.34
2011-10-12,27.19,39.16,51.5,163.26,86.19,102.48,69.82,111.71,56.6,84.41,31.77,120.75,114.49,52.18
2011-10-13,27.25,38.81,51.52,162.3,85.83,102.89,69.76,111.81,57.12,84.43,30.94,120.51,115.63,51.84
2011-10-14,27.87,39.59,52.12,163.4,86.43,102.38,71.14,111.74,58.18,84.47,31.34,122.57,113.95,53.04
2011-10-17,27.47,38.25,50.92,162.62,85.93,103.05,68.98,111.66,57.28,84.48,31.04,120.23,115.92,51.89
2011-10-18,27.62,39.27,51.65,161.84,86.39,102.94,70.81,112.05,57.99,84.48,31.33,122.58,115.2,53.72
2011-10-19,27.08,38.52,50.72,159.87,86.11,103.1,69.43,112.34,56.87,84.51,30.23,121.13,115.16,53.1
2011-10-20,27.04,37.78,50.85,157.77,86.87,102.89,69.62,112.59,56.59,84.52,29.73,121.66,114.34,53.4
2011-10-21,27.18,38.855,52.08,159.52,87.92,102.7,71.13,112.96,57.3,84.49,30.48,123.97,113.13,55.16
2011-10-24,27.61,40.38,52.86,161.02,90.3,102.65,73.42,113.54,58.49,84.49,30.87,125.49,113.32,56.53
2011-10-25,27.7,39.58,51.95,165.59,88.7,103.53,71.36,114.1,57.34,84.54,32.43,123.049,116.2,55.61
2011-10-26,27.54,40.31,52.66,167.4,89.08,102.77,72.59,114.02,57.27,84.49,32.5,124.3,114.17,56.02
2011-10-27,28.27,42.76,55.57,169.55,90.39,101.53,76.42,114.0,58.85,84.43,34.1,128.63,110.3,58.68
2011-10-28,28.15,42.4,55.25,169.62,90.12,102.14,76.03,114.44,58.94,84.47,34.27,128.6,111.46,58.8
2011-10-31,27.72,40.815,52.38,167.34,89.28,103.51,74.01,114.7,57.95,84.55,33.44,125.5,115.88,58.14
2011-11-01,27.39,39.82,50.74,167.38,87.17,104.54,71.39,114.87,56.44,84.51,32.33,122.002,119.45,56.27
2011-11-02,27.56,41.04,51.17,169.06,88.0,104.29,73.15,115.29,56.92,84.53,33.25,123.99,117.96,57.35
2011-11-03,27.897,41.46,52.46,171.72,88.87,103.8,74.97,115.35,58.1,84.54,33.618,126.25,116.34,58.14
2011-11-04,27.99,41.19,51.8,170.85,88.78,104.11,74.6,115.58,57.8,84.54,33.2,125.481,116.48,57.67
2011-11-07,28.4,41.54,52.02,174.98,88.48,104.23,74.45,115.12,58.21,84.52,34.08,126.26,117.22,57.68
2011-11-08,28.54,42.03,52.65,173.53,88.68,103.76,75.54,114.41,58.88,84.51,34.0,127.88,115.72,58.43
2011-11-09,27.91,39.57,49.95,172.07,86.8,104.68,71.94,114.11,56.81,84.53,33.1,123.161,118.12,55.76
2011-11-10,27.88,39.83,50.54,171.14,86.89,104.17,72.47,113.54,56.78,84.54,33.14,124.32,116.36,55.75
2011-11-11,28.15,40.785,51.8,173.96,88.04,103.69,74.38,113.34,57.85,84.5,33.74,126.66,115.65,57.25
2011-11-14,27.85,40.23,50.88,173.2,87.45,104.34,73.31,113.33,57.49,84.54,33.33,125.46,117.51,56.19
2011-11-15,28.05,40.48,50.739,173.36,87.22,104.2,74.24,113.22,58.13,84.53,33.66,126.083,117.35,56.61
2011-11-16,27.98,39.39,49.77,171.51,86.373,104.58,73.038,112.86,57.17,84.51,32.82,124.08,118.42,56.07
2011-11-17,27.33,38.388,49.23,167.1,85.95,104.79,72.0,111.97,55.83,84.52,30.64,122.105,119.37,55.04
2011-11-18,27.29,38.54,49.4,167.62,85.89,104.4,71.98,112.15,55.4,84.49,31.4,121.979,119.34,55.39
2011-11-21,27.09,37.3,48.15,163.5,84.92,104.694,70.26,111.69,54.34,84.5,30.76,119.661,120.05,53.99
2011-11-22,27.27,37.43,48.01,165.31,84.27,105.01,69.67,111.4,54.52,84.51,31.89,119.19,121.39,53.74
2011-11-23,26.86,36.22,46.69,164.83,82.75,105.37,67.48,110.83,53.29,84.52,30.93,116.56,122.58,52.12
2011-11-25,26.64,36.1,46.45,163.4,82.75,104.7,66.62,110.39,52.88,84.52,30.2,116.34,120.8,52.35
2011-11-28,26.97,37.83,48.43,166.63,84.6,104.71,69.79,110.44,54.72,84.53,31.27,119.71,120.74,53.52
2011-11-29,27.32,37.659,48.75,166.88,85.15,104.51,69.66,110.19,54.38,84.54,31.03,120.05,119.75,53.44
2011-11-30,27.64,40.01,51.24,170.13,86.6,103.9,73.73,110.69,56.39,84.54,32.0,124.99,117.88,55.93
2011-12-01,27.535,39.8875,50.8,169.63,86.43,103.67,73.2,110.56,56.78,84.5,31.858,124.97,117.0,55.47
2011-12-02,27.78,39.77,50.79,169.82,86.92,104.13,73.5,111.5,56.62,84.48,31.65,124.86,118.64,55.42
2011-12-05,27.63,40.42,51.37,167.32,87.41,104.07,74.76,112.33,57.24,84.49,31.05,126.22,118.4,55.89
2011-12-06,27.78,39.87,51.13,168.18,87.8,103.8,74.83,111.73,57.08,84.49,31.93,126.26,117.27,55.8
2011-12-07,27.54,40.03,51.49,169.4,87.52,104.27,74.68,112.43,57.08,84.52,31.61,126.73,117.69,56.41
2011-12-08,27.19,38.59,49.8,165.976,86.95,104.8,72.36,112.05,56.12,84.53,30.698,123.95,119.16,55.13
2011-12-09,27.29,39.37,51.04,166.4,87.7,104.08,74.54,111.62,57.02,84.53,31.33,126.05,116.71,56.34
2011-12-12,26.94,37.89,49.55,161.99,87.23,104.44,73.47,111.63,56.38,84.53,30.49,124.21,118.01,55.34
2011-12-13,27.05,37.54,48.88,158.45,86.9,104.92,71.94,112.01,55.76,84.53,29.82,123.05,119.11,54.69
2011-12-14,26.09,37.0,48.3,152.89,86.75,105.36,71.04,112.2,54.89,84.51,28.07,121.74,121.36,55.01
2011-12-15,25.96,37.245,48.54,152.33,87.06,105.27,71.7,112.38,54.74,84.5,28.22,122.185,120.91,55.93
2011-12-16,26.17,37.52,48.335,155.23,87.47,105.78,72.26,113.01,54.86,84.54,28.85,121.59,122.32,56.55
2011-12-19,26.05,36.55,47.89,154.87,87.36,106.14,71.01,113.41,54.32,84.53,27.96,120.29,123.87,56.06
2011-12-20,26.65,37.725,48.985,156.98,88.45,105.18,73.86,113.33,55.93,84.51,28.77,123.93,120.78,57.76
2011-12-21,26.84,37.84,48.73,157.16,88.7,104.84,74.161,112.85,55.13,84.48,28.6,124.17,119.1,57.74
2011-12-22,26.87,38.335,49.17,156.04,89.04,104.97,74.27,113.44,55.6,84.47,28.36,125.27,119.6,58.57
2011-12-23,27.0,38.485,49.51,156.31,89.45,104.54,74.55,113.09,56.08,84.49,28.28,126.39,118.27,58.18
2011-12-27,27.12,38.12,49.285,154.91,89.27,104.41,74.77,113.13,56.24,84.42,27.87,126.49,118.45,58.44
2011-12-28,26.8,37.48,48.405,151.03,88.85,105.07,73.41,113.336,55.59,84.44,26.27,124.83,120.64,57.74
2011-12-29,26.88,37.91,49.29,150.34,89.38,105.2,74.15,113.28,55.99,84.45,27.068,126.12,120.86,58.25
2011-12-30,26.84,37.94,49.53,151.99,89.43,105.57,73.75,113.76,55.83,84.5,26.94,125.5,121.25,58.0
2012-01-03,27.64,39.1,50.885,155.92,89.72,104.9,74.975,113.67,56.9,84.45,28.83,127.495,119.43,58.49
2012-01-04,27.85,38.882,50.58,156.71,89.57,104.57,74.56,113.76,57.14,84.46,28.39,127.7,118.01,57.49
2012-01-05,27.47,38.71,49.83,157.78,89.18,104.59,74.98,113.27,57.61,84.47,28.51,128.04,117.8,58.03
2012-01-06,27.59,38.225,49.15,157.2,88.9,105.0,74.795,113.71,57.81,84.46,27.91,127.71,118.73,57.84
2012-01-09,27.62,38.615,49.34,156.5,89.02,105.02,75.17,113.54,57.62,84.48,28.13,128.02,118.52,57.64
2012-01-10,27.82,39.458,50.09,158.64,89.33,104.81,76.27,113.86,58.04,84.49,29.05,129.13,118.32,58.28
2012-01-11,27.74,39.49,49.93,159.67,89.24,105.42,76.57,113.84,58.16,84.52,29.14,129.2,119.86,58.69
2012-01-12,27.35,39.65,50.14,160.38,89.12,105.2,76.8,114.1,58.39,84.51,29.31,129.51,119.69,58.26
2012-01-13,27.29,39.29,49.6,159.26,89.02,105.67,76.39,114.51,58.18,84.53,28.82,128.84,120.88,58.39
2012-01-17,27.48,40.04,50.185,160.5,89.2,105.77,76.36,114.86,58.71,84.54,29.19,129.34,121.44,58.87
2012-01-18,27.49,41.05,51.03,161.6,89.45,105.44,77.72,114.63,59.49,84.53,29.65,130.77,119.97,59.28
2012-01-19,27.61,41.41,51.66,161.22,89.58,104.81,78.2,114.6,59.86,84.53,29.74,131.46,118.32,59.51
2012-01-20,27.41,41.38,51.93,162.07,89.58,104.45,78.25,114.31,59.77,84.51,31.22,131.54,116.98,59.88
2012-01-23,27.73,41.78,52.13,163.16,89.89,104.22,78.15,114.14,59.79,84.52,31.39,131.61,116.24,60.17
2012-01-24,27.78,41.835,51.84,162.01,90.12,104.34,78.6,114.55,59.68,84.52,31.08,131.46,116.45,60.63
2012-01-25,28.01,42.31,52.38,166.42,90.91,104.84,79.27,114.94,60.43,84.57,32.37,132.56,116.17,61.41
2012-01-26,28.09,42.14,52.4,167.27,91.13,105.4,79.18,115.84,60.22,84.58,32.43,131.88,117.71,61.84
2012-01-27,28.19,42.36,52.49,168.97,90.8,105.72,79.72,116.01,60.4,84.6,32.96,131.82,118.08,61.86
2012-01-30,27.9,41.75,51.87,168.03,90.51,106.08,79.1,115.86,60.45,84.57,32.53,131.37,119.47,61.4
2012-01-31,27.83,42.11,52.14,169.31,90.74,106.48,79.02,116.2,60.53,84.57,32.28,131.32,120.85,61.7
2012-02-01,27.92,43.045,52.96,169.56,90.4,105.92,80.72,116.27,61.02,84.51,32.77,132.47,119.18,62.31
2012-02-02,27.99,43.16,53.07,171.05,90.46,106.07,81.18,116.51,61.21,84.52,33.36,132.68,119.13,62.45
2012-02-03,28.32,43.88,53.905,167.64,90.72,105.23,82.95,116.34,62.05,84.52,32.69,134.54,116.57,63.32
2012-02-06,28.46,43.505,53.64,167.18,90.74,105.52,82.68,116.64,62.0,84.5,32.68,134.45,117.73,63.12
2012-02-07,28.44,43.6,53.97,169.7,90.92,104.84,82.63,116.42,62.13,84.48,33.26,134.79,116.27,62.96
2012-02-08,28.57,43.91,54.16,168.5,91.0,104.89,82.81,116.54,62.46,84.48,33.04,135.19,116.36,63.07
2012-02-09,28.72,43.89,54.3,168.02,91.04,104.65,82.4,116.17,62.91,84.44,32.9,135.36,115.49,62.61
2012-02-10,28.45,42.915,53.27,167.14,90.25,105.24,81.27,116.06,62.475,84.46,32.51,134.361,116.99,62.03
2012-02-13,28.52,43.615,53.88,167.51,90.51,105.17,82.32,116.46,63.05,84.41,32.75,135.36,117.14,62.66
2012-02-14,28.51,43.26,53.48,167.12,90.51,105.39,81.95,116.55,63.21,84.43,32.54,135.19,117.76,62.02
2012-02-15,28.61,43.38,53.54,168.108,90.22,105.47,81.27,116.39,62.77,84.44,32.45,134.56,117.55,61.65
2012-02-16,28.74,43.845,54.275,168.0,90.6,104.99,82.8,116.19,63.63,84.41,32.57,136.049,116.61,62.3
2012-02-17,28.69,43.93,54.52,167.35,90.57,104.88,82.79,116.01,63.43,84.39,32.278,136.41,116.58,62.35
2012-02-21,29.14,43.75,54.53,171.02,90.91,104.5,82.23,115.82,63.61,84.37,33.38,136.47,115.29,61.38
2012-02-22,29.41,43.825,54.365,172.94,91.2,104.91,81.58,116.54,63.32,84.41,33.44,136.032,116.742,60.86
2012-02-23,29.5,43.75,54.82,173.02,91.53,105.06,82.8,116.7,63.74,84.4,34.4,136.631,116.736,61.62
2012-02-24,29.68,44.19,55.15,172.231,91.81,105.14,82.64,116.79,63.96,84.38,34.37,136.93,117.5,61.7
2012-02-27,29.44,43.75,54.865,171.7,91.83,105.49,82.5,117.22,64.05,84.4,34.36,137.16,118.54,61.6
2012-02-28,29.43,44.36,55.38,173.49,92.01,105.54,82.28,117.59,64.7,84.42,35.83,137.559,118.15,61.24
2012-02-29,29.32,44.33,54.66,164.286,92.126,105.12,81.05,117.7,64.41,84.42,33.55,137.02,117.43,60.99
2012-03-01,29.78,44.75,55.28,166.61,91.75,104.61,81.47,117.02,64.92,84.37,34.44,137.73,116.06,61.36
2012-03-02,29.48,44.64,54.77,166.34,91.37,105.03,80.25,117.06,64.87,84.39,33.76,137.312,117.15,61.27
2012-03-05,29.34,43.87,54.48,165.65,90.86,104.82,80.34,116.85,64.2,84.39,33.032,136.75,116.22,61.89
2012-03-06,28.86,42.405,52.74,162.7,89.65,105.26,78.74,116.67,63.57,84.39,32.01,134.75,117.63,61.07
2012-03-07,28.99,42.91,53.39,163.63,89.9,105.06,79.48,116.62,64.06,84.37,32.41,135.69,116.91,61.4
2012-03-08,29.23,43.81,54.54,165.28,90.6,104.75,80.5101,116.64,64.75,84.34,32.85,137.04,115.74,61.08
2012-03-09,29.31,43.79,54.36,166.3799,90.7,104.67,81.6,116.58,65.02,84.34,33.22,137.57,115.97,61.38
2012-03-12,29.27,43.31,54.22,165.07,90.7,104.64,81.44,116.35,65.05,84.35,32.63,137.58,115.95,61.83
2012-03-13,29.4,44.49,55.0971,162.3,91.36,103.89,83.06,116.03,66.26,84.3,32.255,140.062,113.91,63.08
2012-03-14,29.2,43.79,54.61,159.57,91.13,102.703,82.38,114.65,66.49,84.18,31.265,139.91,111.04,62.91
2012-03-15,29.22,44.14,55.13,161.08,90.82,102.67,83.07,114.4,66.68,84.23,31.53,140.72,111.21,62.82
2012-03-16,29.58,44.09,55.51,161.3,90.49,102.64,83.0,114.57,66.52,84.28,31.59,140.3,111.43,63.18
2012-03-19,29.53,43.92,55.8,161.59,90.83,102.01,83.7,114.41,66.99,84.22,31.98,140.85,110.1,63.62
2012-03-20,29.17,43.16,55.14,160.13,90.76,102.06,82.951,114.34,67.11,84.2,31.15,140.44,110.54,63.53
2012-03-21,29.1,43.235,54.775,160.21,90.47,102.58,82.93,114.86,67.12,84.25,31.21,140.21,111.79,63.44
2012-03-22,28.87,42.58,54.4,159.57,90.69,102.71,82.13,114.67,66.98,84.26,30.54,139.2,112.15,62.57
2012-03-23,29.15,42.9,54.78,161.5329,90.5,103.09,82.68,114.76,66.939,84.27,31.24,139.65,113.21,62.96
2012-03-26,29.28,43.655,55.48,164.4,91.05,102.97,84.4,115.01,68.11,84.29,31.935,141.61,112.63,63.19
2012-03-27,29.16,43.42,55.13,163.24,91.21,103.54,83.81,115.9,68.21,84.32,31.585,141.17,113.44,63.2
2012-03-28,28.88,42.69,54.75,161.51,90.91,103.36,83.32,115.68,67.938,84.3,31.15,140.47,113.28,63.1
2012-03-29,28.48,42.64,54.4,161.28,90.9,103.79,83.08,115.91,67.68,84.33,31.35,140.23,114.13,63.13
2012-03-30,28.8,42.945,54.89,162.12,90.7185,103.28,82.81,115.63,67.55,84.32,31.38,140.81,112.2,63.65
2012-04-02,29.17,43.545,55.53,162.94,90.33,103.35,83.83,115.53,68.25,84.31,32.05,141.84,112.53,64.1
2012-04-03,29.04,43.29,54.56,159.89,90.25,102.59,83.27,114.43,68.23,84.25,31.65,141.26,110.58,63.85
2012-04-04,28.59,42.51,53.34,157.21,89.92,103.11,81.94,114.65,67.3,84.27,30.325,139.86,112.1001,63.15
2012-04-05,28.7,42.74,53.02,158.31,89.7,103.57,81.58,114.84,67.72,84.3,30.72,139.79,112.91,62.91
2012-04-09,28.57,42.11,52.79,159.37,89.24,104.63,80.24,115.59,67.21,84.36,30.59,138.22,115.55,62.24
2012-04-10,28.19,41.295,51.66,161.1,88.8,105.12,78.35,115.52,66.13,84.4,30.79,135.9,116.8599,60.9
2012-04-11,28.26,41.735,52.38,161.065,89.34,104.71,79.46,115.4,66.45,84.39,30.65,137.0,115.46,61.68
2012-04-12,28.63,42.81,53.335,162.7,90.14,104.5,80.6,115.45,67.205,84.4,31.42,138.79,114.98,62.53
2012-04-13,28.34,42.16,52.32,160.85,89.85,105.13,79.542,116.0,66.19,84.41,30.55,137.14,116.84,62.27
2012-04-16,28.06,41.945,52.7,160.46,89.99,105.1,79.67,116.0,65.45,84.41,30.56,137.05,116.67,63.12
2012-04-17,28.19,42.43,53.54,160.27,90.38,104.99,80.82,116.15,66.78,84.41,30.8,139.082,116.6,63.66
2012-04-18,27.92,42.23,53.26,159.31,90.35,105.2,80.21,116.13,66.61,84.43,30.64,138.61,116.94,63.23
2012-04-19,27.93,42.045,52.94,159.43,90.18,105.32,79.75,116.21,65.86,84.44,30.8,137.72,117.05,63.23
2012-04-20,28.04,42.325,53.45,159.54,90.32,105.33,80.21,116.18,65.68,84.44,30.75,137.95,117.07,64.0
2012-04-23,27.99,41.52,52.38,159.07,90.13,105.54,79.1,116.2,65.08,84.46,29.97,136.79,117.92,63.34
2012-04-24,27.99,41.61,52.8,159.3,90.34,105.27,79.7,115.99,64.73,84.43,29.93,137.31,117.09,64.29
2012-04-25,28.15,41.985,53.52,159.62,91.0,105.14,80.94,116.19,66.45,84.45,29.86,139.19,116.49,65.03
2012-04-26,28.21,42.25,53.84,161.03,91.06,105.49,81.74,116.38,66.84,84.46,30.18,140.16,117.19,65.19
2012-04-27,28.3,42.31,54.06,161.38,91.02,105.6,82.38,116.55,67.24,84.44,30.37,140.39,117.29,65.64
2012-04-30,28.41,42.215,53.75,161.88,91.2,105.69,81.47,116.48,66.76,84.46,30.11,139.87,117.32,65.47
2012-05-01,28.41,42.5,53.97,161.32,90.76,105.33,81.55,115.87,66.87,84.43,30.06,140.74,116.43,66.18
2012-05-02,28.04,42.415,53.55,160.59,91.11,105.53,81.77,116.25,67.06,84.44,29.78,140.325,117.25,66.08
2012-05-03,27.73,42.1,53.08,158.97,91.05,105.52,80.62,116.32,66.35,84.43,29.29,139.25,117.22,65.85
2012-05-04,27.24,41.36,52.27,159.47,90.87,105.94,79.09,116.45,64.7,84.46,29.412,137.0,118.14,65.27
2012-05-07,27.18,41.51,52.65,159.08,91.02,105.91,79.3,116.65,64.76,84.46,29.21,137.1,118.16,65.73
2012-05-08,27.077,40.85,51.84,156.0,91.0,106.15,79.25,116.94,64.52,84.47,28.652,136.55,118.79,65.61
2012-05-09,26.87,40.32,51.24,154.47,90.68,106.24,78.8,116.74,64.321,84.46,28.38,135.74,118.87,65.4
2012-05-10,26.88,40.49,51.48,154.77,90.58,106.09,79.1,116.5,64.19,84.45,28.25,136.02,118.52,65.45
2012-05-11,26.68,39.965,51.16,153.56,90.81,106.44,78.9,116.85,64.18,84.46,28.08,135.61,119.5,65.59
2012-05-14,26.33,39.06,50.18,151.33,90.14,106.91,77.85,116.88,63.58,84.45,27.42,134.11,121.17,64.76
2012-05-15,26.38,38.72,49.55,149.74,89.7,106.94,77.71,116.73,63.37,84.44,26.86,133.34,121.66,64.42
2012-05-16,26.35,38.17,49.06,149.46,88.82,107.02,77.155,116.79,62.94,84.43,26.368,132.829,122.01,63.71
2012-05-17,26.29,37.65,48.46,152.8,87.59,107.42,75.4,115.92,61.61,84.39,27.24,130.86,124.17,61.85
2012-05-18,26.27,37.29,48.11,154.55,87.585,107.35,74.6934,115.47,60.81,84.3985,27.79,129.74,124.2001,61.1001
2012-05-21,26.62,38.18,49.17,154.65,88.5,107.07,76.45,115.6,62.51,84.41,27.68,131.97,123.94,62.43
2012-05-22,26.24,37.78,48.99,152.08,88.49,106.84,75.99,115.29,62.44,84.38,27.34,132.2,122.56,62.55
2012-05-23,25.95,37.52,48.59,151.62,88.4,107.12,76.48,115.57,62.56,84.42,27.05,132.27,123.41,62.64
2012-05-24,25.96,37.33,48.27,151.41,88.42,106.89,76.64,115.59,62.15,84.39,27.44,132.53,122.94,62.92
2012-05-25,26.05,37.15,48.1,152.68,88.14,107.2,76.59,115.88,62.07,84.43,27.62,132.1,123.4,62.67
2012-05-29,25.94,38.2,48.71,151.02,89.11,107.11,77.7,116.05,62.86,84.41,27.1,133.7,123.02,63.56
2012-05-30,25.46,37.54,47.56,151.91,88.71,108.13,76.21,116.15,62.33,84.45,27.12,131.76,126.14,62.05
2012-05-31,25.24,37.7,47.76,151.62,87.77,108.55,76.11,116.97,62.06,84.48,26.96,131.47,127.6,62.52
2012-06-01,24.72,36.69,46.55,157.5,86.47,109.31,73.82,117.29,60.409,84.46,27.62,128.16,130.36,60.99
2012-06-04,24.86,36.85,46.94,157.32,86.54,108.68,73.65,116.4,60.87,84.45,27.46,128.1,129.33,60.57
2012-06-05,24.77,36.945,47.275,157.14,87.09,108.32,74.6,116.15,61.12,84.47,27.72,129.07,127.6,61.82
2012-06-06,25.23,38.025,48.6,157.21,88.02,107.61,76.44,115.81,62.52,84.44,28.51,131.97,125.05,63.19
2012-06-07,25.06,38.26,48.67,154.5,88.35,107.87,75.94,116.05,62.27,84.43,27.79,132.05,125.24,62.74
2012-06-08,25.14,37.93,48.51,154.73,88.69,107.95,76.97,116.48,62.87,84.43,27.75,133.1,125.21,63.63
2012-06-11,24.68,37.385,48.04,155.36,88.11,108.24,75.27,116.46,61.805,84.43,27.79,131.415,125.78,62.2
2012-06-12,24.8001,38.16,48.84,156.4594,88.73,107.66,76.22,116.12,62.56,84.39,28.12,132.92,124.63,62.79
2012-06-13,24.61,38.02,48.445,157.12,88.47,108.23,75.34,116.54,62.13,84.38,28.01,132.07,125.86,62.47
2012-06-14,24.9,38.285,48.815,157.75,89.13,107.94,76.2,116.4,62.36,84.39,27.82,133.47,125.7,63.38
2012-06-15,24.86,38.99,49.5,157.84,89.29,108.44,77.22,116.88,62.99,84.42,27.81,134.14,126.4,63.77
2012-06-18,24.88,39.07,49.36,157.93,89.32,108.41,77.31,116.83,63.58,84.4,27.87,134.4,127.08,64.3
2012-06-19,25.09,39.7,50.18,157.16,89.95,108.04,78.65,116.72,64.239,84.39,27.64,135.7,125.42,64.56
2012-06-20,24.68,39.57,50.47,155.97,90.3,107.82,78.53,116.77,64.29,84.36,27.26,135.48,126.04,64.53
2012-06-21,24.15,37.67,48.025,152.015,89.56,108.05,76.62,116.95,62.69,84.37,26.12,132.44,126.71,63.48
2012-06-22,24.39,37.79,48.44,152.64,90.17,107.58,77.49,116.86,63.35,84.38,26.15,133.46,125.02,63.49
2012-06-25,24.64,37.085,47.36,153.76,90.03,108.17,76.28,117.16,62.13,84.38,26.71,131.32,126.84,62.65
2012-06-26,24.81,37.41,47.665,152.62,89.9,107.93,76.2,117.28,62.52,84.36,26.3,131.98,126.34,62.86
2012-06-27,24.95,37.65,48.12,152.83,90.44,108.08,77.44,117.44,62.9,84.36,26.13,133.173,126.54,63.11
2012-06-28,24.68,37.47,48.22,151.05,90.43,108.43,77.31,117.62,62.2,84.37,25.63,132.79,126.85,63.8
2012-06-29,25.75,39.135,49.96,155.19,91.29,107.93,79.56,117.59,64.16,84.37,26.65,136.105,125.2,65.43
2012-07-02,25.7,39.125,50.29,155.09,90.87,108.27,80.48,117.82,64.35,84.37,26.73,136.51,126.22,66.15
2012-07-03,26.42,39.91,50.75,157.46,91.2,108.0,81.53,117.92,64.89,84.35,27.49,137.412,125.25,66.54
2012-07-05,26.52,39.49,49.91,155.68,91.21,108.29,81.44,118.22,64.93,84.382,26.88,136.79,125.89,66.13
2012-07-06,25.91,38.77,49.44,153.71,91.09,108.67,80.53,118.52,64.12,84.41,26.3,135.49,127.06,66.29
2012-07-09,26.37,38.63,49.33,154.04,91.12,108.97,80.22,118.6,64.0,84.41,26.54,135.32,128.18,66.36
2012-07-10,26.03,38.2,49.0,152.15,90.72,109.02,79.33,118.57,63.37,84.41,26.06,134.14,128.44,65.65
2012-07-11,26.32,38.4,49.15,152.99,91.01,108.92,79.06,118.77,63.02,84.42,26.25,134.16,128.6,65.72
2012-07-12,26.38,37.76,48.66,152.59,90.81,109.17,78.79,119.37,62.43,84.44,26.35,133.51,129.51,65.92
2012-07-13,26.7,38.485,49.35,154.14,91.09,109.08,79.771,119.41,63.38,84.46,26.44,135.75,129.17,66.73
2012-07-16,27.03,38.395,49.335,154.21,90.74,109.32,79.45,119.74,63.2,84.49,26.49,135.43,129.77,66.86
2012-07-17,27.06,38.91,49.48,153.47,91.17,109.04,79.731,119.74,63.53,84.48,26.47,136.36,128.75,67.5
2012-07-18,27.3,38.81,49.87,153.05,91.55,109.15,80.22,120.4,64.39,84.5,26.42,137.37,128.82,67.1
2012-07-19,27.63,39.165,50.33,153.38,91.78,108.99,79.95,120.61,65.1,84.52,26.42,137.73,128.49,66.4
2012-07-20,27.63,38.585,49.145,153.67,91.35,109.42,78.93,120.7,64.235,84.53,26.48,136.47,130.06,66.05
2012-07-23,27.05,37.58,48.14,153.03,91.2,109.6,77.67,120.31,63.46,84.54,26.21,135.09,130.79,65.57
2012-07-24,26.89,37.415,47.615,153.52,90.64,109.81,76.65,120.5,62.96,84.52,26.22,133.925,131.82,65.35
2012-07-25,27.09,37.6,47.87,155.67,90.45,109.87,76.82,120.73,62.54,84.53,26.53,133.96,132.16,65.32
2012-07-26,27.14,38.45,49.33,156.77,91.38,109.53,77.48,120.92,63.37,84.53,26.71,136.17,130.95,65.9
2012-07-27,27.42,39.525,50.37,157.54,91.92,108.74,79.32,120.35,64.87,84.47,26.955,138.675,128.48,66.53
2012-07-30,27.58,39.3,50.31,157.43,91.92,109.09,79.05,120.66,64.82,84.51,27.36,138.68,129.44,66.84
2012-07-31,27.25,39.12,50.0,156.49,91.7,109.28,78.35,121.28,64.8,84.53,27.12,137.71,129.7,66.74
2012-08-01,27.29,39.19,50.01,155.14,91.69,108.72,77.06,120.76,64.61,84.49,26.54,137.59,128.78,66.42
2012-08-02,27.06,38.73,49.31,154.13,91.32,108.98,76.78,120.84,64.38,84.5,26.31,136.64,129.51,66.61
2012-08-03,27.52,39.93,50.99,155.55,91.7,108.41,78.61,120.55,65.6,84.47,26.96,139.349,127.42,67.13
2012-08-06,27.68,40.18,51.35,156.3,91.64,108.48,79.22,120.71,66.1,84.48,27.11,139.62,127.47,67.06
2012-08-07,27.89,40.29,51.78,156.28,91.46,107.91,79.94,120.08,66.65,84.44,27.27,140.32,125.83,66.27
2012-08-08,27.97,40.37,51.75,156.48,91.52,107.76,79.82,119.74,66.62,84.41,27.21,140.49,125.16,65.82
2012-08-09,28.2,40.54,51.78,156.99,91.53,107.68,80.2,119.66,66.82,84.41,27.29,140.61,125.07,65.61
2012-08-10,28.05,40.73,51.87,157.18,91.45,107.99,79.92,120.0,66.86,84.43,27.26,140.84,125.7,65.7
2012-08-13,27.83,40.365,51.62,155.99,91.5,107.92,79.79,119.75,67.02,84.44,26.92,140.77,125.49,65.65
2012-08-14,27.86,40.36,51.74,155.13,91.64,107.39,79.6,119.21,67.05,84.42,26.96,140.79,123.79,65.51
2012-08-15,28.1,40.3,51.59,155.63,91.2,106.85,80.3,118.65,67.22,84.39,26.97,140.95,122.05,65.81
2012-08-16,28.21,40.67,52.23,156.56,91.54,106.59,81.14,118.3,68.02,84.38,27.37,141.99,121.01,66.31
2012-08-17,28.25,40.47,52.3,156.72,91.54,106.72,81.71,118.46,68.32,84.39,27.23,142.18,121.6,66.33
2012-08-20,28.38,40.45,52.24,157.26,91.65,106.78,81.53,118.79,68.42,84.39,27.95,142.19,121.85,66.14
2012-08-21,28.64,40.39,52.54,158.83,91.85,106.87,81.48,118.99,68.15,84.39,28.37,141.76,122.39,66.28
2012-08-22,28.79,40.41,52.48,160.54,91.76,107.7,81.09,119.67,68.43,84.44,28.92,141.82,124.41,66.24
2012-08-23,28.65,40.04,52.18,161.89,91.74,107.89,80.52,119.76,67.87,84.45,29.6,140.665,124.93,66.04
2012-08-24,28.52,40.05,52.1,161.97,92.15,107.84,80.74,119.89,68.29,84.45,29.74,141.51,124.81,66.26
2012-08-27,28.39,39.64,52.13,161.36,92.08,108.12,80.98,120.04,68.4,84.44,29.74,141.54,125.54,66.46
2012-08-28,28.41,39.56,52.08,161.64,92.0,108.16,81.35,120.21,68.4,84.45,29.93,141.4,125.84,66.69
2012-08-29,28.46,39.37,51.92,160.59,92.13,108.09,81.6,119.96,68.4,84.45,29.75,141.51,125.29,66.67
2012-08-30,28.49,38.91,51.15,160.52,92.09,108.29,80.79,120.0,67.71,84.46,29.44,140.49,125.94,66.52
2012-08-31,28.79,39.28,51.6,164.22,92.33,108.99,81.12,120.83,68.16,84.51,30.79,141.16,127.72,66.73
2012-09-04,28.8,39.065,51.34,164.48,91.82,108.59,82.11,120.16,68.09,84.48,31.36,141.03,127.32,67.2
2012-09-05,28.66,38.86,51.2,164.31,91.83,108.55,82.13,120.21,68.02,84.48,31.27,140.91,126.72,67.08
2012-09-06,28.65,39.725,52.475,164.89,92.37,107.81,83.638,119.68,69.53,84.44,31.67,143.77,124.61,67.68
2012-09-07,28.97,40.64,53.26,168.44,92.53,107.95,84.26,119.93,69.43,84.46,32.64,144.33,124.03,67.74
2012-09-10,29.01,40.12,52.84,167.29,92.38,108.0,83.88,119.92,68.54,84.44,32.29,143.51,124.33,67.21
2012-09-11,29.07,40.6,53.44,167.9,93.01,107.8,84.06,120.02,68.43,84.46,32.41,143.91,123.55,67.41
2012-09-12,29.22,40.78,53.79,167.92,93.29,107.27,84.49,119.78,68.632,84.45,32.21,144.39,122.01,67.55
2012-09-13,29.42,41.875,54.605,171.31,93.89,107.58,85.6,120.42,69.56,84.48,33.613,146.59,121.53,68.38
2012-09-14,29.73,42.37,55.15,171.8,93.88,106.57,86.4,119.7,70.18,84.44,33.6,147.24,118.3,68.76
2012-09-17,28.91,41.91,54.86,170.4,93.8,106.79,86.0,120.11,70.21,84.44,32.99,146.74,119.72,68.56
2012-09-18,28.7,41.925,54.63,171.72,93.84,107.06,85.72,120.48,70.27,84.45,33.71,146.62,120.32,67.91
2012-09-19,28.28,41.93,54.86,171.74,93.72,107.31,85.57,120.68,70.4,84.45,33.57,146.7,121.11,67.53
2012-09-20,28.44,41.68,54.5101,171.47,93.28,107.37,85.19,120.5818,70.33,84.43,33.58,146.71,121.41,66.53
2012-09-21,28.63,41.775,54.545,171.96,93.15,107.6,85.5,120.8,70.15,84.44,33.48,145.87,121.55,66.54
2012-09-24,28.33,41.74,54.35,171.05,93.03,107.84,84.89,120.98,69.735,84.45,32.93,145.645,122.5,65.77
2012-09-25,28.36,41.115,53.975,170.77,92.2,108.24,83.67,121.22,68.76,84.43,32.68,144.1,123.71,64.8
2012-09-26,28.16,40.925,53.43,169.81,91.74,108.69,83.14,121.56,68.2,84.45,32.87,143.295,125.04,64.79
2012-09-27,28.51,41.58,54.07,172.34,92.74,108.46,84.04,121.5,69.14,84.46,33.58,144.64,124.15,65.07
2012-09-28,28.68,41.325,53.0,171.89,92.3,108.46,83.44,121.77,68.57,84.5,33.48,143.97,124.22,64.9691
2012-10-01,28.72,41.74,53.43,172.295,91.663,108.52,83.72,121.71,68.47,84.48,33.65,144.345,124.42,64.49
2012-10-02,28.57,41.8,53.64,172.1,91.89,108.45,83.88,121.75,68.67,84.46,33.5,144.5,124.25,64.98
2012-10-03,28.08,41.52,53.42,172.41,92.12,108.56,83.64,121.83,69.11,84.46,33.51,145.09,124.29,65.11
2012-10-04,28.69,41.945,54.07,173.61,92.51,108.13,84.21,121.73,69.35,84.46,33.93,146.125,122.74,65.09
2012-10-05,28.54,41.95,54.14,172.62,92.46,107.64,84.11,121.54,68.98,84.42,33.45,146.14,121.15,65.17
2012-10-08,28.46,41.58,53.82,172.05,92.33,107.99,83.58,121.86,68.35,84.43,32.97,145.642,122.17,65.03
2012-10-09,28.67,41.27,53.04,170.99,92.075,107.77,82.6,121.99,67.2592,84.43,32.83,144.2,121.95,64.79
2012-10-10,28.62,41.02,52.89,170.84,91.85,108.03,82.47,122.21,66.92,84.42,32.95,143.28,122.81,65.05
2012-10-11,28.95,41.4,53.23,171.32,92.35,108.13,82.77,122.61,66.71,84.41,32.9,143.36,123.66,65.0
2012-10-12,28.55,41.27,53.17,170.06,92.51,108.14,82.1,122.75,66.68,84.44,32.45,142.89,123.97,64.77
2012-10-15,28.41,41.51,53.69,168.35,92.93,108.17,82.64,123.13,67.17,84.42,31.66,144.08,123.69,65.2
2012-10-16,28.43,41.94,54.58,169.42,93.27,107.66,83.25,123.05,68.12,84.416,31.93,145.54,121.9803,65.6
2012-10-17,28.44,42.27,55.09,169.54,93.48,106.98,84.0,122.81,68.08,84.37,32.12,146.2,120.85,65.42
2012-10-18,28.43,42.155,54.88,168.7891,93.43,106.79,83.54,122.58,67.29,84.38,31.73,145.82,120.11,66.09
2012-10-19,28.0023,41.5,54.14,166.97,92.96,107.24,81.85,122.8,65.68,84.38,31.0945,143.3896,121.74,65.54
2012-10-22,27.87,41.9,54.52,167.58,92.98,106.88,81.83,122.51,66.02,84.35,31.39,143.41,120.96,65.21
2012-10-23,27.53,41.04,53.35,165.4258,92.6307,107.39,81.4203,122.72,65.39,84.39,30.68,141.42,122.69,64.55
2012-10-24,27.45,41.08,53.38,164.8603,92.55,107.16,81.2,122.39,65.164,84.38,30.71,141.02,121.48,64.5
2012-10-25,27.52,41.5,53.7,166.02,92.7,106.77,81.53,122.04,65.16,84.35,31.12,141.43,120.86,64.32
2012-10-26,27.58,41.21,53.62,165.93,92.48,107.45,81.14,122.64,65.35,84.37,31.08,141.35,122.64,63.76
2012-10-31,27.56,41.15,53.575,166.83,92.5923,107.89,81.63,123.02,64.95,84.42,31.27,141.35,123.36,64.38
2012-11-01,27.61,41.82,54.21,166.07,92.54,107.53,82.49,122.48,65.8729,84.4,31.22,142.83,122.35,64.69
2012-11-02,27.14,41.6,53.685,162.6,92.41,107.62,81.1913,122.24,65.17,84.39,29.95,141.56,122.26,65.12
2012-11-05,27.37,41.8,53.5604,163.23,92.261,107.88,81.7266,122.3,65.6,84.39,30.17,141.8486,122.95,64.69
2012-11-06,27.8618,42.1301,54.07,166.3,92.4,107.39,82.34,121.71,65.72,84.36,31.01,142.96,121.79,64.97
2012-11-07,27.34,41.4403,53.26,166.49,91.85,108.29,80.34,121.96,64.17,84.43,30.83,139.72,124.0,64.68
2012-11-08,27.38,40.92,52.78,167.99,91.55,108.7699,79.21,121.84,63.16,84.43,31.3801,138.04,125.84,63.91
2012-11-09,27.6,41.0,52.8,167.82,91.39,108.78,79.38,121.54,63.43,84.43,31.54,138.16,125.98,63.74
2012-11-12,27.47,41.155,52.755,167.45,91.42,108.85,79.15,121.56,63.42,84.43,31.37,138.265,126.19,63.59
2012-11-13,27.42,40.78,52.5,167.1,91.21,108.98,78.7,121.61,62.98,84.44,31.4,137.79,126.61,63.54
2012-11-14,27.5,40.155,51.95,167.14,90.71,109.01,77.24,121.86,62.24,84.46,31.64,135.9299,126.73,62.35
2012-11-15,27.39,40.29,52.1199,166.09,90.6697,108.9597,76.8401,121.62,62.0299,84.46,31.53,135.7,126.4844,62.06
2012-11-16,27.51,40.41,52.09,165.88,90.93,109.0297,77.48,121.66,62.3,84.46,31.21,136.37,126.37,62.44
2012-11-19,28.03,41.115,53.215,167.87,92.08,108.8077,79.1194,122.04,63.7806,84.45,32.05,139.13,125.66,63.21
2012-11-20,27.84,41.035,53.3,167.39,92.09,108.36,79.2611,121.66,63.8,84.43,32.105,139.19,124.4,63.68
2012-11-21,27.96,40.96,53.39,167.56,92.06,108.2,79.68,121.75,63.93,84.42,32.29,139.45,124.33,63.57
2012-11-23,28.06,41.63,54.54,169.61,92.37,108.14,80.47,121.802,64.9,84.42,32.98,141.35,124.21,64.04
2012-11-26,28.02,41.635,54.41,169.43,92.39,108.32,80.73,122.0,65.181,84.4107,33.02,141.05,124.8,64.17
2012-11-27,27.98,41.2814,54.14,168.71,92.48,108.57,80.63,122.07,64.96,84.42,32.93,140.33,125.29,63.81
2012-11-28,27.89,41.51,54.53,166.55,92.5,108.71,81.31,122.05,65.52,84.43,32.62,141.46,125.11,63.73
2012-11-29,28.08,41.815,55.0,167.1817,92.91,108.82,82.24,122.14,65.91,84.43,33.13,142.12,125.13,64.08
2012-11-30,28.1,41.785,55.07,166.05,93.05,108.8,82.08,122.13,65.8,84.44,32.36,142.155,124.79,64.21
2012-12-03,28.17,41.77,55.14,166.1267,93.03,108.62,81.99,121.89,65.67,84.43,32.52,141.45,124.66,64.47
2012-12-04,27.92,41.8901,55.275,164.42,93.03,108.81,82.0885,122.0,65.63,84.43,31.9,141.25,125.38,64.57
2012-12-05,27.89,42.3391,55.36,164.12,93.18,108.9,81.9933,122.25,64.9032,84.45,31.82,141.5,125.32,64.37
2012-12-06,27.64,42.66,55.47,164.5,93.35,108.96,82.1206,122.2302,65.32,84.45,31.93,141.98,125.59,64.97
2012-12-07,27.61,42.785,55.495,165.165,93.21,108.65,82.18,121.94,64.93,84.45,32.03,142.415,124.43,65.21
2012-12-10,27.5497,43.0309,55.549,165.8,93.29,108.75,82.54,122.05,65.12,84.45,32.1403,142.473,124.98,65.18
2012-12-11,27.5,43.25,55.87,165.65,93.38,108.54,83.41,121.6,65.97,84.45,31.91,143.44,124.0303,65.34
2012-12-12,27.63,43.38,56.05,165.77,93.6593,108.08,82.94,121.23,65.83,84.44,32.37,143.51,122.59,65.16
2012-12-13,27.38,43.19,55.88,164.37,93.33,107.87,82.41,121.0396,65.3111,84.44,31.53,142.63,122.68,64.6633
2012-12-14,27.55,43.38,56.076,164.13,93.26,108.11,82.36,121.13,64.69,84.46,31.17,142.1051,123.6,64.65
2012-12-17,27.53,43.495,56.315,164.44,93.62,107.54,83.52,120.74,65.55,84.44,31.2,143.77,121.75,64.99
2012-12-18,27.6,43.53,56.28,162.08,93.67,107.1232,84.6615,120.44,66.5472,84.39,30.65,145.37,120.51,65.66
2012-12-19,27.7,43.51,56.4829,161.69,93.57,107.27,84.12,120.91,66.2605,84.41,30.11,144.29,120.91,65.57
2012-12-20,27.57,43.77,56.86,159.73,93.9,107.34,84.54,121.03,66.26,84.4,28.998,145.12,120.93,66.43
2012-12-21,27.52,43.265,56.51,160.33,93.63,107.63,84.19,121.24,65.2,84.41,29.0,142.79,122.25,66.32
2012-12-24,27.43,43.18,56.36,160.62,93.29,107.52,83.78,121.16,65.07,84.41,28.94,142.35,122.03,65.61
2012-12-26,27.71,43.305,56.35,160.78,93.01,107.59,83.1808,120.97,64.5,84.39,29.01,141.75,122.2,65.3
2012-12-27,27.71,43.5431,56.61,161.16,93.2,107.81,83.12,121.36,64.4,84.42,29.24,141.5616,122.61,65.54
2012-12-28,27.63,43.7,56.01,160.54,92.95,108.06,82.53,121.63,63.78,84.42,29.1,140.03,123.31,65.11
2012-12-31,27.78,44.35,56.86,162.0204,93.35,107.49,84.3178,120.99,65.1301,84.42,29.37,142.41,121.18,65.8
2013-01-02,27.88,45.225,57.745,163.17,94.23,106.99,86.8,121.27,67.2,84.4,29.92,146.06,119.56,66.62
2013-01-03,27.65,44.9024,57.18,161.2,93.939,106.45,86.6,120.61,66.8521,84.4,29.179,145.7341,117.94,66.61
2013-01-04,27.53,44.99,57.47,160.44,94.0,106.49,87.24,120.55,66.63,84.41,29.2376,146.37,118.4,66.9187
2013-01-07,27.58,44.65,57.2201,159.43,94.08,106.56,86.91,120.75,66.6504,84.41,29.18,145.9695,118.4499,67.07
2013-01-08,27.65,44.25,56.9,160.56,94.01,106.82,86.8487,120.86,66.52,84.42,29.38,145.5496,119.23,66.94
2013-01-09,27.61,44.44,57.19,160.49,94.19,106.88,87.27,120.82,66.77,84.45,29.35,145.92,119.12,67.13
2013-01-10,27.71,44.825,57.92,161.98,94.35,106.57,87.47,120.88,67.17,84.44,29.78,147.08,118.79,67.2
2013-01-11,27.59,44.47,58.04,161.06,94.52,106.91,87.34,121.1,67.26,84.43,29.48,147.07,119.85,67.16
2013-01-14,27.77,44.66,58.11,161.54,94.39,106.87,87.39,120.86,66.96,84.43,30.04,146.97,119.52,67.35
2013-01-15,27.65,44.47,58.02,162.558,94.41,107.13,87.77,120.76,66.63,84.44,30.36,147.07,120.07,67.67
2013-01-16,27.68,44.43,57.74,162.65,94.25,107.27,87.51,120.76,66.9,84.44,30.45,147.05,120.32,67.59
2013-01-17,27.8,44.678,58.21,163.35,94.59,106.78,88.32,120.55,67.22,84.43,30.67,148.0,119.12,67.8
2013-01-18,27.98,44.775,58.15,163.09,94.72,107.08,88.57,120.67,67.07,84.43,30.81,148.33,120.04,68.09
2013-01-22,28.06,44.705,58.18,163.67,94.78,107.17,89.21,120.67,67.18,84.45,31.12,149.13,120.27,68.44
2013-01-23,28.09,44.47,58.12,163.21,94.67,107.22,89.0,120.82,67.59,84.45,31.19,149.37,120.09,68.42
2013-01-24,28.07,44.31,58.4,161.42,94.88,107.04,89.29,120.65,66.66,84.45,30.65,149.41,119.67,68.56
2013-01-25,28.01,44.16,59.03,160.65,94.85,106.33,89.94,120.1,67.0,84.41,30.21,150.25,118.03,68.95
2013-01-28,28.0,43.85,58.74,160.29,94.8,106.11,90.0,120.0,67.15,84.38,29.85,150.07,117.6,69.13
2013-01-29,28.16,44.34,59.14,160.99,94.64,105.95,90.05,119.73,67.16,84.39,30.32,150.66,116.95,69.33
2013-01-30,28.48,44.13,59.2,162.19,93.96,106.01,88.97,119.33,67.02,84.42,30.92,150.07,116.75,68.67
2013-01-31,28.47,44.215,58.98,161.2,93.67,106.1,89.58,119.42,66.87,84.43,30.44,149.7,117.32,68.26
2013-02-01,28.58,44.505,59.45,161.45,93.48,105.6,90.37,118.74,67.66,84.4,30.78,151.24,115.54,68.66
2013-02-04,28.48,43.92,58.38,162.0,93.09,106.21,89.28,119.14,66.48,84.42,30.69,149.535,117.02,68.5
2013-02-05,28.59,43.97,58.65,161.96,93.3,105.83,90.08,118.9,67.46,84.42,30.76,151.05,115.98,68.34
2013-02-06,28.55,43.92,58.64,162.39,93.16,106.15,90.46,119.21,67.24,84.44,30.81,151.16,116.93,68.58
2013-02-07,28.44,43.53,58.16,161.84,92.98,106.2,90.16,119.25,67.3,84.44,30.46,150.96,116.67,68.29
2013-02-08,28.55,43.85,58.53,161.57,93.0,106.28,90.8,119.51,67.99,84.45,30.43,151.8,117.12,68.92
2013-02-11,28.45,43.83,58.47,159.7,92.99,106.17,90.7,119.45,68.01,84.4222,30.0,151.77,117.03,69.02
2013-02-12,28.5,43.95,58.76,159.89,93.31,106.06,91.1,119.33,67.73,84.4,30.09,152.02,116.74,69.54
2013-02-13,28.51,44.17,58.9,159.05,93.45,105.69,91.48,119.05,67.97,84.39,29.77,152.151,115.79,69.5
2013-02-14,28.47,44.145,58.58,158.348,93.41,106.14,91.71,119.38,67.95,84.4,29.46,152.29,116.84,69.21
2013-02-15,28.35,43.99,58.43,155.76,93.42,106.04,91.74,119.33,67.75,84.41,28.8333,152.11,116.5,69.24
2013-02-19,28.24,44.08,59.12,155.33,93.51,105.87,92.55,119.3,68.24,84.4,28.445,153.25,115.92,69.79
2013-02-20,27.92,43.685,58.54,151.44,93.42,106.1,90.8299,119.5,67.19,84.4,27.59,151.34,116.27,69.34
2013-02-21,27.6,43.09,57.66,152.62,93.52,106.31,89.95,119.69,66.47,84.43,27.73,150.42,116.95,68.82
2013-02-22,27.6,43.28,58.49,152.97,93.75,106.44,91.03,119.77,67.139,84.43,27.83,151.89,117.03,69.51
2013-02-25,27.47,42.7,57.09,154.34,93.46,107.26,89.02,120.48,66.31,84.45,28.07,149.0,119.33,68.19
2013-02-26,27.42,42.94,57.55,156.22,93.92,107.06,89.37,120.33,66.56,84.47,28.41,150.02,118.64,68.66
2013-02-27,27.25,43.41,58.28,154.57,94.08,107.01,90.31,120.29,67.239,84.47,28.01,151.91,118.29,69.16
2013-02-28,27.13,43.205,58.215,153.0,94.04,107.16,90.48,120.33,67.1,84.46,27.54,151.61,118.51,69.09
2013-03-01,26.94,43.31,58.1,152.44,93.72,107.3,90.89,120.23,67.38,84.46,27.62,152.11,118.9,69.32
2013-03-04,26.84,42.905,58.35,152.3,93.73,107.05,91.13,120.14,67.68,84.45,27.6,152.92,118.27,69.84
2013-03-05,27.09,43.415,58.93,152.38,93.92,106.94,92.19,119.94,68.68,84.44,27.75,154.29,117.93,70.39
2013-03-06,26.94,43.63,59.08,153.23,93.86,106.6,92.43,119.59,68.51,84.43,28.1,154.5,116.86,70.18
2013-03-07,27.12,43.75,59.25,152.69,94.0,106.19,92.87,119.2,68.69,84.41,27.91,154.776,115.96,69.85
2013-03-08,27.2,44.13,59.375,152.71,94.11,105.65,93.73,118.78,68.77,84.42,28.005,155.44,114.75,69.97
2013-03-11,27.22,43.89,59.56,152.99,94.05,105.7,93.7,118.86,68.97,84.41,28.02,156.03,114.86,70.03
2013-03-12,27.28,43.39,59.26,154.19,94.01,105.99,93.51,119.1,68.72,84.43,28.2,155.68,115.69,69.77
2013-03-13,27.14,42.98,59.165,153.66,94.03,105.9,93.86,118.99,68.63,84.41,27.94,155.905,115.57,69.84
2013-03-14,27.34,43.16,59.75,153.68,94.39,105.93,94.8,119.04,68.86,84.41,27.8,156.73,115.22,70.28
2013-03-15,27.4,42.77,59.871,154.001,94.38,106.3,94.75,119.2,68.51,84.44,27.799,155.83,115.76,70.44
2013-03-18,27.24,42.285,59.21,155.38,94.4,106.65,94.23,119.49,68.36,84.46,27.95,154.97,116.64,70.05
2013-03-19,27.04,41.99,59.03,156.08,94.24,106.98,93.83,119.69,68.23,84.45,27.93,154.61,117.43,69.71
2013-03-20,27.23,42.231,59.39,155.37,94.55,106.57,94.7,119.34,68.709,84.44,27.81,155.69,116.12,69.93
2013-03-21,27.11,41.8,58.85,156.246,94.38,106.85,93.87,119.46,67.93,84.45,28.18,154.359,117.24,69.72
2013-03-22,27.16,41.96,59.36,155.55,94.31,106.89,94.16,119.47,68.59,84.43,27.75,155.6,117.33,69.55
2013-03-25,27.18,41.92,58.62,155.24,94.17,106.97,93.95,119.47,68.34,84.43,27.84,154.95,117.22,69.56
2013-03-26,27.43,42.52,58.985,154.72,94.34,107.08,94.25,119.55,68.71,84.44,27.75,156.19,117.36,70.16
2013-03-27,27.57,42.68,58.7,155.36,94.18,107.54,94.314,119.97,68.801,84.46,27.73,156.19,118.36,70.29
2013-03-28,27.31,42.77,58.98,154.47,94.35,107.34,94.43,119.9,68.97,84.47,27.43,156.67,117.76,70.53
2013-04-01,27.31,42.31,58.17,154.67,94.03,107.48,93.16,119.36,68.5,84.46,27.09,156.05,118.39,70.74
2013-04-02,27.18,42.325,58.81,152.43,93.96,107.27,92.58,119.35,69.04,84.46,26.35,156.82,117.91,70.96
2013-04-03,26.72,41.83,58.52,150.73,93.96,107.72,91.13,119.83,68.41,84.45,26.09,155.23,118.969,70.71
2013-04-04,26.69,41.709,59.045,150.29,93.93,108.15,91.91,120.47,68.43,84.48,25.99,155.86,120.39,71.86
2013-04-05,26.67,41.61,58.77,152.81,94.02,108.49,91.73,120.84,67.861,84.48,26.39,155.158,122.82,72.25
2013-04-08,26.75,41.68,59.0,152.16,94.12,108.14,92.49,120.95,68.22,84.46,26.32,156.21,121.88,72.83
2013-04-09,26.92,42.09,59.21,153.34,94.42,108.18,92.22,121.07,68.68,84.46,27.03,156.75,121.58,72.84
2013-04-10,26.86,42.495,60.085,150.75,94.72,107.73,93.89,120.75,70.015,84.46,26.68,158.67,119.91,73.29
2013-04-11,26.75,42.525,60.56,151.05,94.721,107.85,94.02,120.83,69.99,84.46,26.7,159.19,120.14,73.72
2013-04-12,26.42,41.875,60.41,143.95,94.75,108.45,93.64,121.43,69.94,84.47,25.28,158.8,121.93,73.9
2013-04-15,25.63,40.86,59.22,131.31,94.15,108.69,90.11,121.47,68.56,84.48,22.09,155.118,122.99,72.37
2013-04-16,25.9,41.7,60.06,132.8,94.8,108.38,91.67,121.25,69.47,84.48,22.665,157.41,121.98,73.57
2013-04-17,25.52,41.035,58.81,132.87,94.65,108.58,90.076,121.42,68.115,84.48,22.44,155.11,122.79,72.79
2013-04-18,25.79,41.045,58.63,134.3,94.5,108.64,89.58,121.53,67.169,84.48,22.4,154.14,123.09,72.68
2013-04-19,25.73,41.64,59.1,135.47,94.45,108.58,90.61,121.71,68.09,84.48,22.4,155.48,122.83,73.8
2013-04-22,25.81,41.84,59.35,137.9,94.67,108.64,90.87,121.75,68.79,84.49,22.62,156.17,122.92,73.7
2013-04-23,25.65,42.04,60.19,136.88,95.04,108.57,92.31,121.91,69.45,84.48,22.18,157.78,122.49,74.11
2013-04-24,25.93,42.295,60.71,138.3699,95.21,108.62,92.79,121.96,69.42,84.49,22.42,157.88,122.8,74.266
2013-04-25,26.27,42.67,61.03,141.63,95.47,108.5,93.4,121.89,69.79,84.48,23.49,158.52,122.27,74.02
2013-04-26,26.12,42.24,61.0801,140.91,95.37,108.89,92.9,122.33,69.57,84.5,23.1,158.24,123.39,73.78
2013-04-29,26.47,42.68,61.86,142.3,95.55,108.85,93.57,122.34,70.21,84.52,23.54,159.3,122.94,74.41
2013-04-30,26.27,43.29,61.94,142.77,95.85,108.83,94.1,122.13,70.72,84.51,23.46,159.68,123.01,75.28
2013-05-01,25.8,42.82,61.57,141.11,95.2,109.05,91.8199,122.31,70.39,84.51,22.86,158.28,124.0099,74.68
2013-05-02,26.13,43.1601,61.76,141.92,95.8101,109.05,93.28,122.31,71.28,84.5,23.02,159.75,123.85,75.17
2013-05-03,26.42,43.52,62.55,142.09,95.96,108.12,94.76,121.16,72.12,84.47,23.29,161.368,120.93,75.47
2013-05-06,26.45,43.58,62.47,142.15,96.02,107.98,95.37,121.14,72.4,84.47,23.18,161.78,120.63,75.86
2013-05-07,26.36,43.89,62.57,140.38,95.95,107.83,96.15,121.046,72.36,84.47,23.1,162.5999,120.16,76.28
2013-05-08,26.48,44.23,63.23,142.46,96.29,107.96,96.43,121.16,72.71,84.48,23.12,163.34,120.35,76.32
2013-05-09,26.47,43.91,62.62,140.81,96.01,107.94,96.1,120.9,72.6065,84.47,22.89,162.881,120.04,75.82
2013-05-10,26.35,43.57,62.69,139.6,95.51,107.33,96.83,120.27,73.05,84.46,22.98,163.41,118.75,76.1
2013-05-13,26.23,43.17,62.66,138.43,95.12,107.14,96.76,119.96,73.14,84.44,22.83,163.54,117.84,76.46
2013-05-14,26.14,43.37,62.78,137.81,95.22,106.71,98.0,119.64,73.52,84.44,22.57,165.23,116.56,76.74
2013-05-15,26.08,43.385,63.05,134.63,95.23,106.99,98.2,120.06,73.67,84.45,21.76,166.115,117.341,77.5
2013-05-16,26.05,43.23,62.62,134.09,95.46,107.5,97.95,120.61,73.59,84.47,21.95,165.34,118.56,77.1
2013-05-17,26.18,43.42,63.05,131.07,95.46,106.92,99.05,120.09,74.3,84.45,21.4,166.94,117.06,77.53
2013-05-20,26.35,43.53,63.4,135.12,95.56,106.84,99.21,119.95,74.19,84.46,22.28,166.93,116.922,77.71
2013-05-21,26.2,43.44,63.53,132.88,95.74,107.12,99.23,120.4,74.27,84.46,21.62,167.17,117.84,78.15
2013-05-22,26.08,42.96,62.89,131.94,95.15,106.27,97.78,119.45,73.619,84.43,21.51,165.93,116.09,76.25
2013-05-23,26.2,42.64,61.99,134.61,94.89,106.38,97.9,119.57,73.45,84.45,21.88,165.45,116.64,74.82
2013-05-24,26.1,42.265,61.45,133.76,94.71,106.42,97.88,119.49,73.41,84.43,21.61,165.308,116.8,74.63
2013-05-28,26.34,42.5,61.61,133.49,94.36,105.17,99.15,118.34,73.89,84.37,21.53,166.3,113.838,73.99
2013-05-29,26.17,41.96,61.02,134.83,93.98,105.6,98.23,118.29,73.54,84.37,21.71,165.22,115.118,72.42
2013-05-30,26.17,41.96,61.26,136.7,94.17,105.61,98.89,118.44,73.93,84.39,21.98,165.83,114.84,71.74
2013-05-31,25.86,41.195,60.07,133.92,92.92,105.32,97.8,117.85,73.25,84.38,21.435,163.445,114.45,70.78
2013-06-03,26.18,41.81,60.3,136.51,92.36,105.33,98.73,117.18,73.38,84.39,21.9781,164.35,114.78,71.18
2013-06-04,26.28,41.3,60.52,135.23,92.36,105.06,97.68,116.72,73.0,84.39,21.77,163.56,113.72,70.19
2013-06-05,26.16,40.56,59.17,135.52,91.56,105.57,96.43,116.55,72.05,84.4,21.78,161.272,115.29,69.61
2013-06-06,26.26,40.9,59.5,136.53,92.28,105.7,97.45,117.05,72.4,84.39,21.93,162.73,115.22,70.73
2013-06-07,26.32,40.69,60.3,133.28,92.34,104.88,98.2,116.59,73.39,84.38,20.86,164.8,113.16,70.74
2013-06-10,26.22,40.14,60.36,133.94,92.15,104.62,98.8,116.23,73.42,84.35,21.16,164.8,112.62,70.13
2013-06-11,25.99,39.38,59.62,133.25,91.58,104.88,97.73,116.01,72.69,84.34,20.91,163.098,113.96,69.09
2013-06-12,26.02,39.11,59.55,134.25,91.65,104.41,96.76,115.61,71.85,84.33,21.02,161.75,112.33,68.15
2013-06-13,26.19,39.94,60.46,133.74,92.7,105.2,98.475,116.85,72.76,84.37,21.04,164.21,114.09,69.92
2013-06-14,26.3,39.31,59.8,134.43,92.81,105.34,97.711,116.77,72.28,84.43,21.33,163.175,113.82,70.18
2013-06-17,26.36,39.67,60.66,133.77,92.8,105.09,98.35,116.6,72.98,84.43,21.1,164.44,113.22,70.38
2013-06-18,26.41,39.835,61.09,132.13,93.03,105.03,99.51,116.37,73.58,84.43,20.88,165.735,113.28,70.74
2013-06-19,26.45,38.61,59.95,130.59,91.64,103.59,98.29,114.72,72.76,84.33,20.6,163.45,112.11,68.57
2013-06-20,25.59,36.88,57.751,123.6,90.74,103.12,95.69,113.135,71.025,84.32,18.965,159.4,110.27,65.72
2013-06-21,25.43,37.41,57.94,125.05,90.15,102.03,95.975,112.21,70.43,84.245,19.389,159.07,108.402,66.61
2013-06-24,25.32,36.65,57.03,123.93,89.04,101.78,94.71,111.48,69.73,84.21,18.97,157.06,108.85,65.68
2013-06-25,25.34,37.43,57.7601,123.47,90.31,101.66,95.62,111.85,70.24,84.195,18.91,158.575,107.88,66.78
2013-06-26,25.27,38.02,57.985,118.28,91.06,102.07,96.07,112.7,70.87,84.24,17.8881,160.14,108.58,67.79
2013-06-27,25.26,38.28,57.41,115.94,91.5,102.62,97.56,113.72,71.17,84.29,17.89,161.08,109.69,69.15
2013-06-28,25.13,38.5,57.3,119.11,90.88,102.5,97.0,113.65,71.27,84.28,18.97,160.42,110.44,68.72
2013-07-01,25.29,38.62,57.84,121.13,90.89,102.4,98.58,113.58,71.71,84.3,18.93,161.36,110.41,68.57
2013-07-02,25.39,37.93,57.55,120.05,90.61,102.44,98.08,113.94,71.74,84.31,18.678,161.21,110.34,69.62
2013-07-03,25.62,37.58,57.57,120.74,90.82,102.24,98.28,113.61,72.031,84.3,19.02,161.28,110.01,69.16
2013-07-05,25.56,37.34,57.84,118.09,89.85,100.52,99.67,112.17,72.58,84.21,18.21,163.02,106.26,68.83
2013-07-08,25.69,37.39,58.2,119.51,91.09,101.11,100.07,113.09,72.65,84.27,18.42,163.945,107.29,68.9
2013-07-09,25.85,37.88,58.52,120.62,91.14,101.28,101.0,113.19,73.09,84.26,18.57,165.13,107.4,69.88
2013-07-10,25.93,37.52,58.69,120.95,91.5,100.92,101.28,112.86,73.51,84.26,18.48,165.192,106.555,69.91
2013-07-11,26.06,39.355,60.21,124.24,92.65,101.93,102.47,114.19,74.97,84.33,19.49,167.44,107.81,71.6
2013-07-12,26.16,38.94,59.81,124.13,92.56,101.85,102.68,113.87,75.3,84.28,19.21,167.51,107.72,71.16
2013-07-15,26.09,39.34,60.18,124.18,92.95,102.17,103.58,114.6,75.47,84.32,19.28,168.155,108.29,71.46
2013-07-16,26.12,39.5,60.14,124.89,92.72,102.22,103.06,114.43,75.37,84.33,19.33,167.525,108.66,71.51
2013-07-17,26.1,39.86,60.32,123.32,93.4,102.67,103.46,114.86,75.56,84.36,18.66,167.9501,108.86,71.77
2013-07-18,26.21,39.39,60.72,124.01,93.96,102.19,104.15,114.56,75.37,84.35,18.72,168.87,107.5,72.38
2013-07-19,26.23,39.275,60.67,125.11,93.9,102.75,104.31,115.19,74.59,84.39,18.88,169.17,109.2,72.33
2013-07-22,26.21,39.67,61.01,128.84,93.97,102.74,104.53,115.45,74.81,84.39,19.77,169.5,109.36,72.55
2013-07-23,26.25,40.1,61.14,129.71,93.74,102.62,104.46,115.27,74.26,84.38,19.77,169.14,108.9,72.47
2013-07-24,26.04,39.69,61.06,127.48,92.95,101.93,103.5899,114.71,74.5,84.34,19.4681,168.52,107.52,71.06
2013-07-25,26.01,39.92,61.18,128.67,92.74,102.08,104.54,114.57,74.97,84.39,19.5,168.93,107.48,71.17
2013-07-26,25.85,39.83,60.8,128.78,92.78,102.17,104.12,114.69,75.37,84.4,19.32,169.11,108.14,71.23
2013-07-29,25.84,39.33,60.22,128.47,92.58,101.96,103.39,114.5,75.23,84.39,19.14,168.59,107.35,70.7
2013-07-30,25.75,39.24,60.21,128.12,92.71,101.93,103.48,114.53,75.63,84.4,19.03,168.588,107.31,70.49
2013-07-31,25.93,39.01,60.35,127.96,92.98,102.0,103.655,114.54,75.77,84.4,19.14,168.71,107.7,69.34
2013-08-01,25.99,39.715,61.17,126.61,91.65,100.96,105.07,113.28,76.54,84.35,18.97,170.66,105.3601,69.07
2013-08-02,25.89,39.71,61.67,126.36,92.21,101.82,105.16,113.84,76.97,84.41,19.12,170.95,106.52,68.73
2013-08-05,25.76,39.46,61.54,125.7,91.74,101.5,105.52,113.41,77.02,84.4,19.009,170.7,105.7,68.68
2013-08-06,25.55,38.96,61.45,123.97,91.65,101.53,104.46,113.48,76.56,84.39,18.83,169.73,106.01,68.44
2013-08-07,25.38,38.54,61.18,124.15,91.36,101.9,103.72,113.73,76.42,84.41,18.83,169.18,106.8,68.26
2013-08-08,25.51,39.28,61.735,126.86,91.56,102.05,104.15,113.97,76.8,84.41,19.6,169.8,107.09,68.29
2013-08-09,25.69,39.36,61.84,126.86,91.57,102.12,104.04,113.97,76.49,84.39,19.76,169.31,107.26,68.89
2013-08-12,26.0,39.725,61.67,129.13,91.49,101.92,104.59,113.91,76.67,84.39,20.62,169.111,106.53,68.4
2013-08-13,25.99,39.97,62.07,127.74,91.49,101.0,104.45,113.1,77.1,84.35,20.71,169.61,104.99,67.46
2013-08-14,26.2,40.1,62.1,129.0,91.31,101.09,104.04,112.91,76.81,84.35,21.09,168.74,105.15,67.2
2013-08-15,26.45,39.64,61.575,131.69,90.84,100.531,102.11,112.11,75.51,84.32,22.15,166.38,103.73,65.97
2013-08-16,26.46,39.3,61.691,132.58,90.53,100.14,101.68,111.55,75.485,84.33,22.34,165.83,103.37,64.35
2013-08-19,26.43,38.56,61.25,132.01,89.93,99.71,100.648,110.94,75.35,84.31,22.3416,164.77,102.47,63.5
2013-08-20,26.38,38.49,61.17,132.45,90.76,100.25,102.1,111.62,75.68,84.33,22.19,165.58,103.26,64.94
2013-08-21,26.35,37.59,60.45,132.07,90.43,99.62,101.48,110.95,75.42,84.28,22.14,164.56,102.13,64.79
2013-08-22,26.36,38.2,61.04,132.81,90.92,99.58,102.91,111.46,76.16,84.25,22.27,166.06,103.17,65.18
2013-08-23,26.57,38.65,61.57,134.9,91.3,100.14,103.17,112.21,76.67,84.25,23.15,166.62,104.29,65.86
2013-08-26,26.72,38.23,61.12,135.45,91.31,100.34,103.18,112.44,76.71,84.28,23.46,166.0,104.81,65.67
2013-08-27,26.98,37.355,60.08,136.75,90.72,100.91,100.76,112.92,75.14,84.32,23.59,163.33,106.13,65.35
2013-08-28,27.02,37.43,60.01,136.71,91.06,100.5,100.96,112.94,75.43,84.27,23.43,163.91,105.27,64.95
2013-08-29,26.74,37.725,59.91,135.87,91.43,100.6,101.97,113.05,75.96,84.29,23.0,164.17,106.11,65.05
2013-08-30,26.66,38.02,59.17,134.62,91.35,100.41,100.38,113.05,75.47,84.3,22.6,163.65,105.99,64.5
2013-09-03,26.8,38.26,60.31,136.42,90.39,99.69,101.06,112.24,75.9,84.25,23.39,164.39,104.22,63.94
2013-09-04,26.57,38.935,60.85,134.66,90.73,99.36,101.95,111.83,76.71,84.17,22.69,165.75,103.99,64.49
2013-09-05,26.51,39.4,60.8,132.2,90.27,98.6,102.11,110.91,76.84,84.09,22.38,165.96,102.54,63.81
2013-09-06,26.66,39.975,61.13,134.15,90.57,99.2,102.39,111.07,76.93,84.17,22.97,166.04,103.05,64.8
2013-09-09,26.49,41.035,61.97,133.91,90.8,99.4,103.94,111.36,77.83,84.19,22.835,167.634,103.1,66.15
2013-09-10,26.25,41.345,62.67,131.74,91.12,98.945,104.96,110.87,78.21,84.16,22.125,168.87,102.38,66.1
2013-09-11,26.29,41.37,62.89,131.7,91.24,99.44,105.01,111.39,78.06,84.2,22.29,169.4,103.29,66.63
2013-09-12,26.42,40.89,62.53,127.67,91.13,99.45,104.24,111.31,78.01,84.2,21.06,168.95,103.15,66.2
2013-09-13,26.34,41.155,62.83,127.82,91.06,99.58,104.81,111.38,78.06,84.2,21.42,169.33,103.55,66.39
2013-09-16,26.01,41.62,63.32,126.45,91.56,99.8,105.04,111.51,77.85,84.26,20.94,170.31,102.86,67.05
2013-09-17,25.74,41.53,63.36,126.5,91.86,100.0,106.08,111.81,78.37,84.29,20.96,171.07,103.71,67.01
2013-09-18,26.3,43.275,65.05,132.01,92.74,101.24,107.09,113.45,79.31,84.4,22.31,173.051,104.99,69.28
2013-09-19,26.2,43.04,64.74,131.75,92.47,100.89,106.98,112.73,79.5,84.37,22.2,172.76,104.37,69.22
2013-09-20,25.96,42.075,64.265,127.96,92.36,100.99,106.59,112.832,78.985,84.38,20.999,170.72,104.925,68.09
2013-09-23,25.77,42.225,64.25,127.55,92.35,101.37,106.6,113.5,78.83,84.4,20.78,169.93,105.69,67.01
2013-09-24,25.76,41.87,64.15,127.66,92.15,101.74,106.67,113.79,78.83,84.41,20.89,169.53,106.83,66.5
2013-09-25,25.8,41.55,64.22,128.79,91.99,102.015,106.47,114.145,78.56,84.44,20.98,169.04,107.05,66.72
2013-09-26,26.0,41.72,64.49,127.79,91.94,101.8,107.06,113.86,79.17,84.4,20.92,169.69,106.3,67.13
2013-09-27,25.87,41.235,64.26,128.97,91.84,101.94,106.58,113.77,79.07,84.45,20.96,168.909,106.56,66.85
2013-09-30,25.76,40.755,63.801,128.18,91.58,102.11,106.61,113.52,78.88,84.47,20.9,168.01,106.4,66.14
2013-10-01,25.59,41.57,64.14,124.59,91.53,101.73,107.85,113.04,79.68,84.43,20.415,169.34,105.8,67.1
2013-10-02,25.84,41.725,64.12,127.06,91.57,101.9,107.41,113.38,79.65,84.44,20.92,169.18,105.96,67.2
2013-10-03,25.8,41.57,63.7,127.18,91.63,102.04,106.31,113.44,78.72,84.44,20.92,167.62,105.79,66.03
2013-10-04,25.88,42.11,63.85,126.53,91.79,101.76,107.02,113.33,79.4,84.41,20.93,168.89,105.71,65.9
2013-10-07,26.06,41.75,63.19,127.64,91.55,101.85,105.77,113.53,78.74,84.41,21.53,167.43,106.14,66.2
2013-10-08,26.15,41.35,62.7,127.4,91.51,101.8,104.055,113.51,77.22,84.34,21.49,165.48,106.17,65.48
2013-10-09,25.96,41.655,62.97,126.11,91.59,101.62,103.64,113.27,76.98,84.37,21.05,165.6,105.32,65.49
2013-10-10,26.29,42.64,64.1,124.27,92.01,101.4,106.14,113.43,78.61,84.365,20.825,169.17,105.49,67.16
2013-10-11,26.15,42.825,64.44,122.6,92.18,101.55,107.68,113.58,79.23,84.37,20.52,170.26,105.455,67.83
2013-10-14,26.14,43.08,64.66,122.83,92.32,101.21,108.22,113.23,79.79,84.34,20.5,170.94,104.61,67.87
2013-10-15,26.05,42.66,64.35,123.73,92.29,101.23,107.16,113.25,79.48,84.37,20.56,169.7,104.54,67.62
2013-10-16,26.25,42.995,64.835,123.54,92.78,101.72,108.49,114.09,80.38,84.4,20.5,172.07,105.85,68.89
2013-10-17,26.11,43.265,65.69,127.42,93.23,102.3,109.44,114.93,80.84,84.43,21.045,173.22,106.81,69.93
2013-10-18,26.26,43.309,66.08,126.85,93.42,102.31,110.69,115.08,82.15,84.43,21.11,174.388,107.04,69.86
2013-10-21,26.2,43.24,66.18,126.98,93.21,102.24,110.47,114.78,82.33,84.43,21.41,174.4,106.7,69.44
2013-10-22,26.17,43.655,66.84,129.34,93.49,102.95,110.76,115.48,82.45,84.495,21.87,175.41,107.89,70.08
2013-10-23,25.77,42.64,66.19,128.69,93.57,103.125,110.39,115.45,81.95,84.47,21.75,174.57,108.31,70.21
2013-10-24,25.775,42.55,66.65,129.9,93.6,102.92,110.981,115.33,82.31,84.46,21.87,175.15,107.89,70.19
2013-10-25,25.86,42.745,66.455,130.46,93.63,103.1,111.08,115.32,82.9,84.48,21.71,175.95,108.29,71.05
2013-10-28,25.96,43.0,66.35,130.56,93.61,103.0,111.03,115.43,82.92,84.5,21.68,176.23,107.92,70.54
2013-10-29,25.89,43.135,66.49,129.77,93.76,103.14,111.35,115.59,83.06,84.5,21.69,177.17,108.06,70.13
2013-10-30,25.97,42.9,66.25,129.6,93.38,102.87,109.83,115.36,82.98,84.5,21.88,176.29,107.41,69.54
2013-10-31,25.75,42.455,65.88,127.74,93.43,102.75,109.19,115.2,82.79,84.51,21.095,175.79,107.64,69.13
2013-11-01,25.43,42.475,65.56,126.95,92.82,102.02,108.715,114.51,82.81,84.46,21.08,176.21,106.19,69.49
2013-11-04,25.32,42.74,65.88,126.81,92.98,102.22,109.97,114.54,82.93,84.48,20.85,176.83,106.29,69.62
2013-11-05,25.25,41.88,65.305,126.56,92.73,101.76,109.59,114.05,83.02,84.48,20.9,176.27,105.02,68.48
2013-11-06,25.27,42.01,65.88,127.2,93.0,102.07,109.12,114.18,83.0,84.5,21.0,177.17,105.07,68.38
2013-11-07,25.09,41.25,64.84,126.16,93.06,102.34,107.28,114.41,81.44,84.52,20.83,174.93,105.96,67.53
2013-11-08,25.23,41.159,65.22,124.279,92.9,101.19,109.23,113.29,82.54,84.46,20.69,177.29,103.41,66.62
2013-11-11,25.34,40.95,65.36,123.87,92.55,101.14,109.38,113.1,82.41,84.48,20.6,177.32,103.02,66.69
2013-11-12,25.17,40.73,65.14,122.45,92.42,101.05,109.47,113.18,82.54,84.46,20.0,176.96,103.5,66.39
2013-11-13,25.28,40.8,65.35,122.85,92.77,101.47,110.52,113.44,83.54,84.46,19.78,178.38,103.88,66.82
2013-11-14,25.39,41.455,65.645,124.27,93.04,101.96,110.405,114.06,83.8,84.51,20.05,179.27,104.52,67.29
2013-11-15,25.35,42.245,66.179,124.32,93.18,101.88,110.83,114.06,83.96,84.51,20.0,180.05,104.73,67.54
2013-11-18,25.18,42.625,66.18,122.9,92.91,102.24,110.05,114.57,83.14,84.55,19.665,179.42,105.36,67.12
2013-11-19,25.14,42.37,66.01,122.95,92.87,101.86,109.37,114.17,82.9,84.52,19.61,179.03,104.56,66.65
2013-11-20,25.16,41.79,65.55,120.12,92.78,101.3,109.33,113.68,82.7,84.53,19.14,178.47,102.78,65.84
2013-11-21,25.48,41.75,65.96,119.94,93.1,101.39,111.3,113.9,83.54,84.57,19.24,179.91,102.95,66.35
2013-11-22,25.56,42.05,66.15,119.92,93.17,101.68,111.85,114.3,83.99,84.55,19.13,180.81,103.91,66.09
2013-11-25,25.53,41.51,65.95,120.46,93.31,101.76,111.99,114.5,84.19,84.55,19.27,180.63,104.21,65.78
2013-11-26,25.52,41.65,65.95,119.82,93.38,101.98,112.82,114.73,84.63,84.56,19.13,180.68,104.6,65.55
2013-11-27,25.52,41.92,66.11,119.46,93.32,101.75,113.45,114.75,85.22,84.56,18.96,181.12,104.42,66.11
2013-11-29,25.51,42.35,66.24,120.7,93.42,101.69,113.51,114.66,85.73,84.57,19.24,181.0,104.45,65.5
2013-12-02,25.48,41.46,65.75,117.58,93.0,101.09,112.37,113.75,85.48,84.5,18.46,180.53,103.33,65.12
2013-12-03,25.63,41.32,65.29,117.96,92.91,101.27,111.83,114.04,85.41,84.52,18.42,179.75,103.71,64.99
2013-12-04,25.68,41.27,64.94,119.96,92.67,100.81,111.53,113.67,85.49,84.5,19.0,179.73,102.72,65.23
2013-12-05,25.65,41.03,64.57,118.3,92.6,100.56,111.61,113.42,85.38,84.51,18.69,178.94,102.43,65.46
2013-12-06,25.74,41.94,65.37,118.55,92.86,100.65,112.48,113.66,86.0,84.475,18.76,180.94,102.92,65.93
2013-12-09,25.65,42.0,65.3,119.72,93.2,100.77,112.45,113.83,86.35,84.48,19.12,181.4,103.16,66.25
2013-12-10,25.73,42.02,65.19,121.82,93.2,101.19,111.43,114.29,86.29,84.51,19.66,180.75,103.9,66.08
2013-12-11,25.73,41.09,64.58,120.86,92.92,100.8,109.6,113.97,85.18,84.48,19.55,178.72,103.1,64.56
2013-12-12,25.49,40.85,64.11,118.29,92.75,100.51,109.84,113.78,84.96,84.45,18.81,178.13,102.71,64.2
2013-12-13,25.39,40.95,64.07,119.38,92.9,100.66,110.2,114.09,84.85,84.47,18.95,178.11,103.21,64.36
2013-12-16,25.47,41.215,64.53,119.69,92.98,100.61,111.51,114.18,85.32,84.47,19.22,179.216,102.83,64.58
2013-12-17,25.35,40.86,64.25,118.65,92.99,100.93,111.35,114.52,85.15,84.49,19.14,178.65,103.29,64.88
2013-12-18,25.4,41.3,64.7,117.61,93.15,100.55,112.88,114.52,86.14,84.49,19.09,181.7,102.77,66.03
2013-12-19,25.46,40.54,64.7,114.82,93.05,100.13,112.04,114.35,85.9,84.44,18.49,181.49,102.67,65.12
2013-12-20,25.66,40.48,65.07,115.94,93.11,100.44,113.93,114.88,86.5,84.41,18.62,181.56,104.25,65.52
2013-12-23,25.66,40.78,65.74,115.57,93.18,100.12,114.78,114.7,87.41,84.4,18.72,182.53,103.66,65.65
2013-12-24,25.74,41.02,65.87,116.1,93.13,99.73,115.22,114.67,87.45,84.37,18.76,182.93,102.83,64.7
2013-12-26,25.78,40.67,66.23,116.74,92.75,99.48,115.23,114.24,87.74,84.34,19.02,183.855,102.1,64.75
2013-12-27,25.85,41.3,66.57,117.12,92.74,99.42,115.16,114.14,87.52,84.38,19.27,183.845,101.81,64.89
2013-12-30,25.7,41.48,66.85,115.39,92.82,99.69,115.09,114.48,87.39,84.4,18.85,183.82,102.51,64.91
2013-12-31,25.66,41.795,67.095,116.12,92.88,99.24,115.36,114.188,87.96,84.38,18.71,184.69,101.86,64.56
2014-01-02,25.29,40.19,65.91,118.0,93.04,99.63,114.11,114.41,87.27,84.42,19.23,182.92,102.17,64.57
2014-01-03,25.13,40.12,65.98,119.29,93.01,99.57,114.69,114.58,86.64,84.39,19.42,182.885,102.17,64.93
2014-01-06,25.16,39.74,65.9,119.5,93.21,99.85,113.76,114.83,86.32,84.4,19.42,182.36,102.6,65.26
2014-01-07,25.14,39.91,66.27,118.82,93.21,100.01,114.71,114.74,87.12,84.4,19.125,183.48,102.86,65.55
2014-01-08,24.9,39.78,66.25,118.12,93.15,99.52,114.86,114.25,87.31,84.32,18.83,183.52,102.58,65.23
2014-01-09,24.7,39.57,66.2,118.46,93.29,99.78,114.89,114.51,87.02,84.34,18.84,183.64,103.18,65.23
2014-01-10,24.86,40.27,66.81,120.26,93.57,100.62,115.52,115.13,87.3,84.42,19.38,184.14,104.41,66.12
2014-01-13,24.85,39.79,66.23,121.02,93.47,100.91,113.94,115.35,86.01,84.44,19.68,181.685,104.93,65.68
2014-01-14,24.85,40.22,66.76,119.89,93.61,100.53,115.34,115.01,87.65,84.42,19.42,183.67,104.45,66.16
2014-01-15,24.92,40.21,67.04,119.66,93.8,100.44,116.2,115.04,88.37,84.39,19.4,184.66,104.34,66.66
2014-01-16,24.88,39.99,67.01,119.79,93.76,100.72,116.34,115.31,88.38,84.41,19.35,184.42,105.04,66.78
2014-01-17,24.91,39.79,66.81,120.93,93.78,100.96,115.93,115.44,87.88,84.41,19.51,183.635,105.48,66.39
2014-01-21,24.97,39.73,67.13,119.7,93.9,100.85,116.62,115.28,88.55,84.4,19.17,184.18,105.56,66.99
2014-01-22,25.09,40.26,67.13,119.19,93.76,100.57,117.21,115.0,88.78,84.36,19.03,184.3,105.3,67.28
2014-01-23,25.07,39.27,66.68,121.79,93.64,101.25,116.42,115.44,88.48,84.44,19.26,182.79,106.79,67.12
2014-01-24,25.08,38.24,64.85,122.29,93.02,101.66,113.45,115.36,86.74,84.47,19.16,178.89,107.48,66.28
2014-01-27,24.91,38.09,64.55,120.96,92.99,101.35,111.79,115.14,85.9,84.46,18.89,178.01,106.73,65.77
2014-01-28,25.03,38.33,65.11,120.95,93.4,101.5,112.97,115.7,85.85,84.46,18.85,179.07,106.99,66.32
2014-01-29,25.01,37.78,64.38,122.47,93.12,101.98,111.34,115.93,84.93,84.52,19.02,177.35,107.87,65.96
2014-01-30,24.91,38.13,64.71,119.77,93.28,101.88,113.001,115.99,86.5,84.51,18.49,179.23,107.56,66.96
2014-01-31,24.88,38.19,63.61,120.09,93.25,102.28,112.16,116.34,86.27,84.55,18.45,178.18,108.28,67.32
2014-02-03,24.88,37.11,62.31,121.32,92.51,102.66,108.65,116.74,84.29,84.55,18.61,174.17,109.32,66.25
2014-02-04,25.07,37.86,63.03,120.99,92.62,102.35,109.47,116.18,84.91,84.56,18.75,175.385,108.16,67.05
2014-02-05,25.12,37.72,63.16,121.29,92.62,101.98,108.65,115.81,84.69,84.52,19.07,175.17,107.16,66.91
2014-02-06,25.22,38.51,64.28,121.24,92.95,101.79,109.51,115.7,85.77,84.53,19.17,177.48,106.7,67.4
2014-02-07,25.51,38.73,65.12,122.17,93.42,102.06,110.75,116.06,87.3,84.55,19.27,179.68,106.79,67.91
2014-02-10,25.37,38.3,64.9,122.92,93.48,102.11,111.04,116.11,87.8,84.53,19.29,180.01,107.09,68.55
2014-02-11,25.5,39.13,65.93,124.36,93.64,101.66,112.03,115.87,88.8,84.51,19.45,181.98,106.47,68.82
2014-02-12,25.55,39.14,66.04,124.43,93.49,101.42,112.47,115.52,88.97,84.47,19.43,182.07,105.92,68.86
2014-02-13,25.69,39.18,66.24,125.49,93.76,101.9,113.9,116.0,89.63,84.52,19.74,183.01,106.52,69.12
2014-02-14,25.78,39.66,66.49,127.15,93.91,101.83,114.06,116.22,89.81,84.52,20.65,184.02,106.58,69.39
2014-02-18,26.15,39.29,67.06,127.4,94.04,102.08,115.25,116.46,90.25,84.55,21.13,184.24,106.82,69.73
2014-02-19,26.22,39.02,66.61,126.27,93.8,101.88,114.07,116.33,89.63,84.52,20.63,183.02,106.37,69.69
2014-02-20,26.27,39.16,66.84,127.6,94.09,101.77,115.3,116.18,90.05,84.53,21.0,184.1,106.11,69.54
2014-02-21,26.2,39.43,66.97,127.58,94.17,101.9,115.66,116.3,89.93,84.54,20.97,183.89,106.67,69.71
2014-02-24,26.31,39.43,67.55,128.99,94.38,101.8,116.51,116.36,90.41,84.54,21.18,184.91,106.4,69.88
2014-02-25,26.19,38.98,67.39,129.21,94.49,102.15,116.63,116.81,90.31,84.53,21.02,184.84,107.35,70.11
2014-02-26,26.12,39.01,67.16,128.11,94.65,102.45,117.35,117.19,90.23,84.57,20.42,184.85,107.92,70.27
2014-02-27,26.04,39.75,67.39,128.2,94.83,102.57,117.99,117.39,90.44,84.56,20.46,185.82,108.51,70.08
2014-02-28,26.13,39.48,67.51,127.62,94.93,102.47,117.52,117.32,90.34,84.56,20.35,186.29,108.57,70.73
2014-03-03,26.49,38.78,66.08,130.29,94.38,102.81,116.89,117.28,89.67,84.59,20.62,184.98,109.03,70.77
2014-03-04,26.39,39.44,67.39,128.68,94.72,102.02,119.83,116.65,90.81,84.52,20.37,187.58,107.39,71.79
2014-03-05,26.17,39.47,67.33,128.89,94.55,102.13,119.76,116.59,91.06,84.55,20.36,187.75,107.62,71.7
2014-03-06,26.41,40.03,68.03,130.17,94.41,101.69,119.74,116.24,90.98,84.5,20.66,188.18,106.56,71.1
2014-03-07,26.29,39.52,67.66,129.09,94.05,101.25,119.7,115.82,90.53,84.44,20.08,188.26,105.89,70.33
2014-03-10,26.07,39.25,67.24,129.13,94.06,101.36,119.3,115.64,90.61,84.45,20.01,188.16,106.04,69.96
2014-03-11,26.08,38.81,66.75,129.86,93.96,101.46,118.06,115.68,90.22,84.45,20.04,187.23,106.32,70.4
2014-03-12,26.01,38.89,66.5,131.76,94.12,101.86,118.42,116.09,90.56,84.48,20.47,187.28,107.06,70.61
2014-03-13,25.89,38.19,65.26,132.21,93.87,102.46,117.05,116.5,89.28,84.53,20.36,185.18,108.5,70.28
2014-03-14,26.03,38.4,65.12,133.1,93.8,102.47,117.54,116.37,88.67,84.51,20.62,184.66,108.52,70.46
2014-03-17,25.74,38.87,65.94,131.64,93.93,102.06,118.06,116.22,89.45,84.48,20.33,186.33,107.71,70.61
2014-03-18,25.87,39.41,66.35,130.62,94.21,102.31,119.78,116.58,90.53,84.5,20.01,187.66,108.1,70.82
2014-03-19,25.86,38.57,65.54,128.09,93.73,101.36,119.0,115.74,90.04,84.36,19.79,186.66,107.26,69.48
2014-03-20,25.74,38.74,65.29,127.86,94.05,101.38,119.16,115.9,90.29,84.37,19.52,187.747,107.07,69.6
2014-03-21,25.76,38.98,65.16,128.47,93.99,101.57,118.61,116.3,89.0,84.38,19.52,186.2,108.23,70.24
2014-03-24,25.75,39.36,65.33,126.18,94.02,101.61,117.26,116.52,88.22,84.34,19.21,185.43,109.0,69.78
2014-03-25,25.92,39.81,66.04,126.41,94.21,101.55,116.93,116.56,88.51,84.35,19.22,186.31,108.59,69.96
2014-03-26,25.9,39.9,66.03,125.41,94.23,101.98,114.69,117.01,87.37,84.41,19.02,184.97,109.44,69.17
2014-03-27,26.13,40.42,66.36,124.59,94.09,102.08,114.4,117.04,86.879,84.4,19.0,184.58,109.99,69.61
2014-03-28,26.14,40.74,66.86,124.56,94.25,101.72,114.29,116.95,87.05,84.4,19.06,185.49,109.37,70.03
2014-03-31,26.12,41.01,67.2,123.61,94.39,101.73,116.34,116.94,87.67,84.45,19.04,187.01,109.1,70.62
2014-04-01,25.8,41.49,67.63,123.39,94.12,101.33,117.87,116.31,89.21,84.38,19.06,188.25,107.89,70.94
2014-04-02,25.74,41.57,67.76,124.32,94.02,100.89,118.4,116.15,89.44,84.35,19.188,188.88,107.27,71.0
2014-04-03,25.95,41.41,67.57,123.92,94.06,100.96,117.2,116.37,88.73,84.37,19.06,188.63,107.74,70.85
2014-04-04,26.07,41.3,67.36,125.57,94.28,101.58,114.49,116.83,86.37,84.44,19.16,186.4,108.46,71.09
2014-04-07,26.01,41.475,67.04,124.91,94.08,101.82,112.82,117.11,85.55,84.445,19.13,184.34,109.11,71.32
2014-04-08,26.31,41.96,67.0,126.09,94.3,101.96,113.61,117.42,86.34,84.46,19.23,185.1,109.37,71.76
2014-04-09,26.38,42.28,67.86,126.32,94.45,101.93,115.25,117.52,87.82,84.5,19.11,187.09,108.83,71.58
2014-04-10,26.39,41.83,66.66,127.01,94.18,102.36,111.959,117.68,85.1,84.55,19.27,183.155,109.84,70.9
2014-04-11,26.27,41.83,66.26,126.93,93.78,102.57,110.41,117.76,84.11,84.54,19.19,181.51,110.73,70.47
2014-04-14,26.51,41.741,66.64,127.85,94.08,102.41,110.72,117.84,84.77,84.53,19.21,182.9401,110.44,70.89
2014-04-15,26.53,41.11,66.36,125.49,94.18,102.53,111.15,118.09,85.0501,84.53,18.88,184.2,111.13,71.73
2014-04-16,26.58,41.63,67.18,125.54,94.23,102.37,112.36,118.14,86.18,84.5,18.88,186.125,111.27,72.19
2014-04-17,26.64,42.01,67.53,124.75,94.12,101.79,112.92,117.46,86.2,84.48,18.88,186.39,110.05,71.77
2014-04-21,26.55,41.75,67.62,124.24,94.12,101.77,113.45,117.62,86.84,84.48,18.67,187.04,109.96,72.18
2014-04-22,26.54,41.64,67.9,123.78,94.22,101.73,114.62,117.68,87.53,84.44,18.71,187.89,110.33,72.34
2014-04-23,26.52,41.34,67.74,123.76,94.25,101.99,113.9,117.94,86.76,84.48,18.69,187.45,110.96,72.05
2014-04-24,26.68,41.38,67.73,124.56,94.27,101.96,113.61,117.96,87.59,84.46,18.92,187.83,111.17,72.35
2014-04-25,26.57,40.82,67.4,125.43,94.24,102.1,111.61,117.94,86.19,84.47,18.94,186.29,111.33,72.07
2014-04-28,26.48,41.02,67.61,124.88,94.22,101.95,110.96,117.8,86.47,84.47,18.85,186.875,110.79,72.63
2014-04-29,26.55,41.41,68.05,124.86,94.36,102.04,111.24,117.82,87.16,84.46,18.76,187.75,110.64,72.68
2014-04-30,26.41,41.33,68.32,124.22,94.34,102.31,111.98,118.15,87.39,84.52,18.46,188.31,111.1,72.94
2014-05-01,26.21,41.38,68.51,123.8,93.82,102.41,111.94,118.3,87.65,84.5,18.35,188.325,112.02,73.25
2014-05-02,26.28,41.61,68.4,125.06,94.04,102.56,112.03,118.55,87.49,84.49,18.69,188.06,112.71,73.23
2014-05-05,26.22,41.38,68.35,126.22,94.0,102.5,111.89,118.25,87.95,84.5,18.84,188.42,112.03,73.38
2014-05-06,26.24,41.57,68.23,125.98,94.02,102.62,110.07,118.45,86.81,84.47,18.8,186.78,112.48,73.12
2014-05-07,26.31,41.79,68.31,124.17,94.16,102.7,110.139,118.47,86.56,84.5,18.57,187.88,112.08,74.0
2014-05-08,26.23,41.69,68.32,124.17,94.14,102.81,109.03,118.5,86.48,84.52,18.44,187.675,111.6,74.17
2014-05-09,26.1,41.62,68.22,124.1,94.23,102.732,110.03,118.37,86.8,84.55,18.42,187.96,111.24,74.22
2014-05-12,26.16,42.32,68.67,124.94,94.33,102.46,112.53,118.07,88.23,84.53,18.78,189.785,110.79,74.45
2014-05-13,26.28,42.48,68.77,124.6,94.48,102.86,111.43,118.51,88.29,84.56,18.77,189.96,111.75,73.97
2014-05-14,26.4,42.78,68.64,125.81,94.53,103.33,109.62,119.1,87.83,84.59,19.0,189.06,112.96,74.0
2014-05-15,26.24,42.38,68.34,124.77,94.44,103.7,108.88,119.31,87.135,84.6,18.74,187.4,113.86,73.96
2014-05-16,26.27,42.94,68.49,124.5,94.6299,103.48,109.57,119.17,87.71,84.61,18.61,188.05,113.54,74.64
2014-05-19,26.25,42.94,68.35,124.58,94.77,103.35,110.75,119.06,88.32,84.63,18.63,188.74,112.7,74.34
2014-05-20,26.3,42.59,67.92,124.69,94.65,103.65,109.06,119.06,88.0,84.64,18.65,187.55,112.95,74.11
2014-05-21,26.35,42.92,68.45,124.39,94.64,103.49,109.62,118.84,88.84,84.64,18.64,189.13,112.26,73.624
2014-05-22,26.37,43.22,68.54,124.67,94.71,103.38,110.76,118.8,89.23,84.62,18.73,189.59,112.1,73.49
2014-05-23,26.43,43.14,68.72,124.51,94.74,103.59,111.97,118.93,89.88,84.6,18.66,190.35,112.7,74.14
2014-05-27,26.21,42.77,69.21,121.85,94.83,103.62,113.58,119.35,91.001,84.62,18.36,191.52,113.36,74.67
2014-05-28,26.22,43.02,68.98,121.2,94.86,104.19,112.99,119.92,90.72,84.64,18.28,191.38,114.76,74.2
2014-05-29,26.23,43.14,69.4,120.94,94.95,104.06,113.37,119.57,91.3,84.63,18.3,192.37,114.15,74.35
2014-05-30,26.03,42.55,69.41,120.43,95.05,103.98,112.86,119.59,91.31,84.65,18.079,192.68,114.1,74.69
2014-06-02,26.0,42.68,69.55,119.7,94.32,103.33,112.25,118.59,91.22,84.57,18.02,192.895,112.96,74.92
2014-06-03,25.98,42.92,69.38,120.01,94.33,102.81,111.98,118.05,91.18,84.55,18.1,192.8,111.57,74.88
2014-06-04,25.91,42.68,69.36,119.76,94.33,102.73,112.42,117.99,91.52,84.58,18.06,193.19,111.54,75.03
2014-06-05,25.94,43.13,69.84,120.66,94.56,102.88,114.78,118.24,92.29,84.59,18.26,194.45,111.59,76.41
2014-06-06,26.05,43.56,70.22,120.61,94.83,102.8,115.88,118.49,92.82,84.57,18.28,195.375,111.59,76.09
2014-06-09,26.16,43.72,70.15,120.65,94.94,102.65,116.9,118.25,92.75,84.51,18.32,195.58,111.43,75.17
2014-06-10,26.09,43.95,70.0,121.39,94.89,102.47,116.67,118.03,92.91,84.49,18.46,195.6,111.02,74.61
2014-06-11,26.02,43.8,69.65,121.41,94.9,102.61,116.1,118.12,92.89,84.52,18.46,194.92,111.22,74.41
2014-06-12,26.39,43.59,69.67,122.64,94.84,103.01,115.39,118.5,92.05,84.55,18.76,193.54,112.21,74.22
2014-06-13,26.39,43.61,69.72,122.96,94.95,102.81,115.59,118.48,92.32,84.5,18.92,194.13,112.15,74.41
2014-06-16,26.47,43.41,69.74,122.42,94.9,102.81,116.15,118.47,92.4,84.48,18.85,194.29,112.43,74.03
2014-06-17,26.5,43.42,69.69,122.28,94.83,102.38,116.97,118.07,92.45,84.41,18.94,194.83,111.54,74.22
2014-06-18,26.61,43.9,70.29,122.67,95.26,102.92,117.76,118.75,92.97,84.48,19.05,196.255,112.4,74.74
2014-06-19,26.87,43.65,70.67,126.94,95.24,102.66,117.86,118.33,92.91,84.47,19.92,196.48,110.96,75.36
2014-06-20,26.92,43.56,70.55,126.5,95.33,102.78,118.25,118.56,92.77,84.47,20.03,195.94,111.8,75.62
2014-06-23,26.82,43.47,70.36,126.85,95.32,102.71,118.02,118.55,92.79,84.47,20.05,195.88,111.45,75.31
2014-06-24,26.86,43.45,69.92,126.98,95.24,103.13,116.76,119.05,92.7,84.5,20.08,194.7,112.58,74.67
2014-06-25,26.9,43.2,68.22,126.99,95.38,103.23,117.75,119.17,93.29,84.51,20.19,195.58,112.87,74.52
2014-06-26,26.79,43.25,68.27,126.73,95.28,103.5,117.55,119.39,93.34,84.53,20.24,195.44,113.41,74.45
2014-06-27,26.74,43.35,68.31,126.66,95.28,103.5,118.34,119.37,93.75,84.55,20.17,195.82,113.24,75.02
2014-06-30,26.58,43.23,68.37,128.04,95.2,103.58,118.81,119.26,93.91,84.56,20.25,195.72,113.52,74.84
2014-07-01,26.5,43.64,68.97,127.7,94.81,103.05,120.02,118.47,94.94,84.5,20.21,197.03,112.28,75.24
2014-07-02,26.45,43.9,69.08,127.7,94.87,102.63,119.1,118.05,95.1,84.47,20.3,197.23,111.08,75.06
2014-07-03,26.4,44.16,69.22,127.16,94.73,102.42,119.82,117.93,95.7,84.46,20.29,198.2,110.68,74.63
2014-07-07,26.19,44.13,68.68,127.02,94.66,102.67,117.77,118.14,95.41,84.44,20.17,197.51,111.49,74.85
2014-07-08,26.12,43.9325,67.96,127.07,94.68,103.14,116.34,118.58,94.26,84.46,20.21,196.24,112.74,75.07
2014-07-09,25.94,44.18,68.18,127.84,94.61,103.16,116.49,118.77,94.96,84.47,20.27,197.12,112.83,75.19
2014-07-10,25.98,43.94,67.43,128.54,94.32,103.38,115.25,118.68,94.66,84.51,20.52,196.34,112.86,75.53
2014-07-11,25.75,43.89,67.47,128.78,94.48,103.55,115.1,119.05,95.27,84.53,20.57,196.61,113.58,75.54
2014-07-14,25.85,44.23,67.97,125.72,94.45,103.32,115.69,118.8,95.84,84.52,20.1,197.6,113.09,75.91
2014-07-15,25.61,44.2,67.8,124.53,94.3,103.23,114.55,118.67,95.51,84.48,19.88,197.23,112.86,75.96
2014-07-16,25.65,44.31,68.22,124.97,94.15,103.38,114.24,118.95,95.89,84.47,19.91,197.96,113.46,76.2
2014-07-17,25.71,43.48,67.3499,127.0899,93.49,103.98,112.48,119.4,94.619,84.54,20.29,195.71,114.89,75.81
2014-07-18,25.54,44.16,67.88,126.13,93.88,103.77,114.23,119.24,96.12,84.47,20.02,197.7099,114.52,76.56
2014-07-21,25.66,44.31,67.63,126.34,93.72,103.8,113.77,119.24,96.0,84.48,20.1,197.34,115.09,76.28
2014-07-22,25.55,44.72,67.93,125.74,93.85,103.93,114.73,119.33,96.61,84.48,20.1,198.2,115.33,76.52
2014-07-23,25.62,44.76,68.07,125.62,94.03,103.92,114.865,119.47,97.227,84.51,20.08,198.64,115.18,76.66
2014-07-24,25.59,44.96,68.23,124.35,94.2,103.5,114.64,119.0,97.12,84.48,19.58,198.65,114.32,76.56
2014-07-25,25.69,44.78,67.95,125.791,94.04,103.9,113.6,119.46,96.74,84.49,19.87,197.72,115.67,76.03
2014-07-28,25.64,45.09,67.96,125.58,93.76,103.78,113.03,119.32,96.77,84.45,19.81,197.8,115.51,76.56
2014-07-29,25.56,44.82,67.82,125.2,93.63,103.92,113.34,119.43,96.6,84.47,19.78,196.95,115.93,76.19
2014-07-30,25.45,44.6,67.72,124.83,93.24,103.19,113.79,118.88,96.98,84.43,19.78,196.98,114.32,76.03
2014-07-31,25.32,43.82,66.59,123.39,92.48,103.16,111.1899,118.55,95.02,84.47,19.58,193.09,113.98,74.9
2014-08-01,25.12,44.06,66.13,124.38,92.04,103.57,110.68,118.82,94.67,84.55,19.52,192.5,114.56,74.72
2014-08-04,25.31,44.47,66.44,123.99,92.6,103.63,111.66,118.85,95.32,84.55,19.4,193.89,114.26,75.24
2014-08-05,25.19,43.79,65.59,123.87,92.42,103.68,111.38,118.97,94.59,84.55,19.05,192.01,114.63,74.47
2014-08-06,25.35,43.485,65.43,125.67,92.64,103.77,111.731,118.76,94.52,84.57,19.23,192.07,114.7,74.44
2014-08-07,25.4,43.32,64.9,126.18,92.7,104.24,111.19,119.07,94.22,84.61,19.17,191.03,115.77,74.48
2014-08-08,25.28,43.71,65.28,126.19,92.99,104.15,112.27,119.04,94.9,84.56,19.19,193.24,115.52,74.92
2014-08-11,25.32,44.27,65.53,125.96,93.43,104.1,113.34,119.09,95.46,84.56,19.23,193.795,115.51,75.39
2014-08-12,25.16,44.32,65.48,125.99,93.41,103.95,112.56,119.03,95.42,84.56,19.17,193.53,114.76,75.27
2014-08-13,25.14,44.56,65.85,126.2,93.68,104.29,113.44,119.27,96.43,84.6,19.04,194.84,115.51,76.36
2014-08-14,24.84,44.63,66.2,126.31,93.86,104.5,113.61,119.4,96.93,84.62,19.1,195.76,116.44,76.31
2014-08-15,24.94,44.51,66.13,125.483,94.05,104.92,113.39,119.82,97.4,84.62,18.86,195.72,117.71,76.23
2014-08-18,24.73,44.94,66.56,124.96,94.32,104.59,115.04,119.55,98.15,84.62,18.87,197.36,116.54,76.98
2014-08-19,24.78,45.15,66.72,124.68,94.29,104.48,115.44,119.47,98.7,84.62,18.7,198.39,116.18,77.14
2014-08-20,24.85,45.06,66.51,124.22,94.36,104.17,114.95,119.2,98.7,84.54,18.72,198.92,115.99,77.49
2014-08-21,24.91,44.87,66.79,122.88,94.36,104.39,115.2,119.61,98.9,84.54,18.69,199.5,116.64,77.37
2014-08-22,24.87,44.75,66.47,123.19,94.13,104.4,115.21,119.76,99.05,84.52,18.69,199.19,117.29,76.75
2014-08-25,24.91,45.08,66.9,122.74,94.33,104.48,115.75,119.95,99.4,84.49,18.6,200.2,117.73,76.58
2014-08-26,24.92,45.35,66.91,123.35,94.4,104.46,116.8,120.03,99.5,84.52,18.63,200.33,117.35,76.73
2014-08-27,24.96,45.58,67.04,123.3199,94.31,104.75,116.51,120.23,99.52,84.54,18.66,200.25,118.35,76.78
2014-08-28,24.98,45.13,66.74,124.0,94.17,104.89,115.91,120.49,99.41,84.56,18.74,200.14,118.97,76.77
2014-08-29,25.03,45.06,66.71,123.86,94.24,104.9,116.56,120.58,99.78,84.6,18.71,200.71,119.05,77.18
2014-09-02,24.67,44.99,66.84,121.65,93.92,104.05,117.2,119.67,100.07,84.5,18.41,200.61,116.73,77.19
2014-09-03,24.77,45.58,67.31,122.15,93.68,104.2,116.46,119.83,99.48,84.52,18.43,200.5,117.38,77.39
2014-09-04,24.67,45.46,66.99,121.48,93.37,103.83,116.01,118.98,99.39,84.51,18.32,200.2101,115.95,77.1
2014-09-05,24.63,45.85,67.0,122.06,93.26,103.86,116.38,119.0,99.89,84.54,18.42,201.11,115.73,77.92
2014-09-08,24.51,45.31,66.29,120.73,93.17,103.75,116.56,118.8,100.08,84.49,18.26,200.59,115.78,77.84
2014-09-09,24.31,44.75,66.1,120.87,92.74,103.51,115.18,118.48,99.25,84.44,18.31,199.32,115.69,77.36
2014-09-10,24.14,44.56,66.48,120.26,92.78,103.25,115.86,118.29,100.07,84.45,18.24,200.07,114.96,76.14
2014-09-11,24.02,44.26,66.11,119.472,92.78,103.12,116.61,118.2,99.99,84.46,17.959,200.3,114.58,76.2
2014-09-12,23.83,43.79,66.02,118.38,92.67,102.73,115.37,117.63,99.48,84.44,17.89,199.13,113.38,73.86
2014-09-15,23.86,43.57,65.88,118.64,92.5,102.92,114.11,117.66,98.52,84.48,17.92,198.981,113.55,73.5
2014-09-16,24.08,44.14,66.16,118.83,92.69,102.89,114.43,117.64,99.38,84.53,17.95,200.48,113.09,74.22
2014-09-17,23.98,43.73,65.69,117.54,92.99,102.63,114.73,117.32,99.53,84.44,17.77,200.75,112.8,74.2
2014-09-18,23.75,43.79,66.2,117.78,93.02,102.56,115.43,117.53,100.28,84.45,17.77,201.82,113.16,73.55
2014-09-19,23.68,43.46,65.97,117.09,93.16,102.95,113.97,117.99,99.98,84.44,17.19,200.7,114.6,73.64
2014-09-22,23.48,42.8,65.68,116.85,92.99,103.17,112.37,118.1,99.05,84.5,17.08,199.15,114.74,73.06
2014-09-23,23.48,42.56,65.13,117.6,92.52,103.39,111.32,118.29,98.78,84.52,17.07,198.01,115.45,72.53
2014-09-24,23.58,43.17,65.46,117.05,92.24,103.1,112.02,118.01,99.84,84.49,16.99,199.56,114.81,71.67
2014-09-25,23.53,42.23,64.5,117.39,91.61,103.6,110.13,118.36,97.74,84.55,16.83,196.34,116.17,71.35
2014-09-26,23.49,42.42,64.77,117.06,91.55,103.38,111.12,118.1,98.78,84.51,16.9,197.9,116.0,72.31
2014-09-29,23.63,41.56,64.17,117.03,91.36,103.71,111.03,118.05,98.65,84.53,16.78,197.54,116.93,72.21
2014-09-30,23.22,41.56,64.12,116.21,91.95,103.62,109.35,118.22,98.79,84.51,16.35,197.02,116.27,71.85
2014-10-01,23.14,40.71,63.36,116.77,91.66,104.3,107.8,118.6,97.21,84.57,16.48,194.35,118.23,71.91
2014-10-02,23.05,40.93,62.68,116.74,91.84,103.99,108.83,118.59,97.21,84.56,16.41,194.38,117.2,71.79
2014-10-03,22.83,41.28,62.68,114.61,92.15,103.96,109.65,118.93,98.17,84.48,16.12,196.52,117.7,72.24
2014-10-06,23.12,41.82,63.08,116.03,92.25,104.13,108.71,118.99,97.96,84.56,16.6,196.29,117.77,72.43
2014-10-07,23.03,41.45,62.01,116.36,91.9,104.74,106.92,119.42,96.57,84.61,16.48,193.26,119.36,71.86
2014-10-08,22.94,42.07,62.99,117.4701,92.34,105.11,108.97,120.03,98.45,84.7,16.68,196.64,119.39,73.42
2014-10-09,22.67,41.41,61.3,117.64,91.36,104.93,106.03,119.53,96.86,84.7,16.62,192.74,118.87,73.42
2014-10-10,22.59,40.51,60.38,117.59,90.62,105.34,104.74,119.63,94.44,84.74,16.64,190.54,120.05,73.49
2014-10-13,22.59,40.92,60.3,118.52,90.17,105.89,104.32,119.94,92.96,84.77,16.73,187.4099,120.78,73.56
2014-10-14,22.25,41.16,60.45,118.59,90.47,106.1,105.54,120.21,92.97,84.82,16.68,187.7,121.57,74.75
2014-10-15,21.97,40.64,60.09,118.99,90.49,106.7,106.6,120.3,92.37,84.93,16.71,186.43,122.53,74.46
2014-10-16,22.19,40.27,59.53,119.22,91.0,106.41,107.8,120.03,91.79,84.88,16.67,186.27,121.75,74.58
2014-10-17,22.27,40.72,60.64,118.99,91.77,106.1,107.48,119.98,93.0,84.83,16.58,188.47,121.07,74.67
2014-10-20,22.11,40.84,61.02,119.8,92.43,106.25,108.74,120.2,94.39,84.88,16.73,190.3,121.51,75.81
2014-10-21,22.29,41.0099,61.75,120.02,93.18,105.96,110.53,120.13,96.87,84.86,16.81,194.07,120.54,76.5
2014-10-22,22.04,40.74,61.3,119.34,92.57,105.93,108.95,119.93,96.37,84.84,16.46,192.69,120.67,76.52
2014-10-23,22.3,40.73,61.89,118.52,92.53,105.49,110.88,119.7,97.82,84.8,16.5,194.93,119.6,77.11
2014-10-24,22.16,41.02,62.23,118.35,92.79,105.58,111.07,119.75,98.62,84.82,16.5,196.43,119.72,77.05
2014-10-27,22.1,40.7,61.88,118.06,92.41,105.69,111.01,119.9,98.69,84.82,16.42,196.16,119.94,77.62
2014-10-28,22.28,41.52,62.82,118.1,92.56,105.43,114.17,119.5,100.18,84.8,16.49,198.41,119.19,77.96
2014-10-29,22.54,41.58,62.34,116.41,92.49,105.08,113.9,119.28,99.81,84.69,16.38,198.11,119.46,77.52
2014-10-30,22.35,41.97,62.79,115.19,92.45,105.19,114.87,119.36,100.02,84.72,15.82,199.38,119.56,78.01
2014-10-31,22.32,42.15,63.95,112.66,92.53,105.02,116.56,119.34,101.4,84.7,15.5,201.66,119.25,78.99
2014-11-03,22.12,41.8,63.4,112.15,92.32,104.8,116.36,118.77,101.7,84.66,15.48,201.77,118.96,79.68
2014-11-04,21.8,41.84,63.04,112.22,92.03,104.79,115.82,118.94,101.36,84.65,15.36,201.07,119.33,79.81
2014-11-05,21.86,41.47,63.16,109.79,92.01,104.82,116.03,118.72,101.37,84.63,14.66,202.34,119.16,79.64
2014-11-06,21.88,40.96,62.82,109.88,92.25,104.5,116.53,118.36,101.69,84.61,14.82,203.15,118.39,79.03
2014-11-07,21.98,41.22,62.85,112.97,92.34,105.17,116.71,119.11,101.6,84.67,15.1,203.34,119.75,78.93
2014-11-10,21.77,41.33,63.13,110.46,92.38,104.74,117.29,118.51,101.96,84.61,14.92,203.98,118.65,79.58
2014-11-11,21.88,41.29,63.51,112.04,92.59,104.75,117.37,118.5,102.28,84.6,15.11,204.175,118.73,79.27
2014-11-12,21.81,41.21,62.97,111.5,92.29,104.71,117.9,118.49,102.46,84.63,15.03,203.96,118.63,78.67
2014-11-13,21.41,41.1,63.27,111.67,91.91,104.88,116.9,118.36,102.9,84.65,14.97,204.19,118.91,79.1
2014-11-14,21.64,41.44,63.36,114.47,91.45,105.1,116.69,118.51,103.22,84.69,15.63,204.24,119.49,78.45
2014-11-17,21.55,41.0,63.11,114.05,91.44,104.98,115.72,118.23,102.91,84.68,15.5,204.37,119.19,78.8
2014-11-18,21.44,41.22,63.8,115.05,91.26,105.1,116.39,118.33,103.68,84.67,15.55,205.55,119.52,79.14
2014-11-19,21.33,41.2,63.61,113.68,91.24,104.82,115.15,117.7,103.21,84.66,15.48,205.22,118.76,78.43
2014-11-20,21.51,41.13,63.23,114.86,91.25,105.01,116.44,118.15,103.67,84.68,15.6,205.58,119.38,78.69
2014-11-21,21.74,42.44,63.78,115.39,91.75,105.22,116.58,118.66,103.87,84.7,15.79,206.68,120.1,79.18
2014-11-24,21.55,42.09,64.15,115.11,91.74,105.34,117.97,118.85,104.68,84.71,15.78,207.26,120.2,79.46
2014-11-25,21.45,41.82,64.26,115.38,91.89,105.6,118.06,119.36,104.84,84.72,15.98,207.11,121.2,79.6
2014-11-26,21.4,42.349,64.51,115.16,92.01,105.78,118.45,119.77,105.52,84.73,15.87,207.64,121.53,80.37
2014-11-28,20.42,41.5,63.99,112.11,91.13,106.19,116.69,120.09,106.01,84.76,14.83,207.2,122.49,80.57
2014-12-01,20.84,40.79,63.93,116.58,89.8,105.75,114.87,119.34,104.81,84.73,15.78,205.76,121.5,80.37
2014-12-02,20.4,40.78,64.11,115.14,90.29,105.28,116.25,118.54,105.23,84.68,15.75,207.085,120.32,80.87
2014-12-03,20.28,40.89,64.03,116.33,90.44,105.32,117.37,118.66,105.42,84.64,15.73,207.89,120.79,80.79
2014-12-04,20.22,40.96,63.82,115.88,90.38,105.69,116.81,118.85,105.37,84.69,15.77,207.66,121.8,81.0
2014-12-05,20.17,40.88,63.96,114.43,90.31,105.1,117.69,118.36,105.38,84.53,15.61,208.0,121.09,80.59
2014-12-08,19.82,40.28,63.4,115.78,89.85,105.45,116.22,118.92,104.63,84.52,15.71,206.61,122.57,81.1
2014-12-09,19.96,39.9,63.06,118.19,89.8,105.84,118.17,119.02,104.96,84.55,16.32,206.47,123.2,81.47
2014-12-10,19.65,39.31,62.26,117.96,88.77,106.32,115.66,118.98,103.31,84.62,16.37,203.1601,124.1,81.39
2014-12-11,19.47,38.98,62.18,117.69,88.45,106.135,116.12,118.86,103.8,84.58,16.33,204.19,124.61,81.54
2014-12-12,19.31,38.34,60.98,117.41,87.25,107.01,114.71,119.05,102.67,84.66,16.3,200.89,126.3,80.83
2014-12-15,19.0,37.79,59.97,114.39,87.2,106.62,113.55,119.33,101.61,84.6,15.47,199.51,126.04,79.78
2014-12-16,18.89,37.73,60.4,114.95,86.89,107.155,113.39,119.29,99.98,84.65,15.08,197.91,127.6,79.67
2014-12-17,19.0,38.05,60.53,114.27,88.659,106.42,116.89,119.32,101.8,84.57,15.1,201.79,126.4499,81.5
2014-12-18,18.94,38.57,61.61,115.15,89.37,105.82,118.63,119.44,104.25,84.52,15.2499,206.78,124.2,82.07
2014-12-19,19.22,38.84,61.7,114.77,90.23,106.21,118.9,119.38,104.32,84.46,15.39,206.52,125.87,82.03
2014-12-22,18.87,39.38,62.0,112.55,90.01,106.21,119.71,119.76,104.58,84.48,14.99,207.47,126.04,82.28
2014-12-23,19.06,39.02,61.8,112.74,90.33,105.33,119.86,118.85,104.21,84.39,15.04,207.75,123.54,82.05
2014-12-24,18.81,39.11,62.08,112.77,90.25,105.25,119.76,118.91,104.3,84.4,15.09,207.77,123.95,81.71
2014-12-26,18.79,39.42,62.24,114.83,89.97,105.39,120.54,119.0,105.04,84.37,15.35,208.44,124.41,82.0
2014-12-29,18.61,39.18,61.79,113.67,90.02,105.75,121.05,119.23,105.02,84.45,15.11,208.72,125.34,82.45
2014-12-30,18.59,39.26,61.22,115.2,89.84,105.87,120.34,119.33,104.32,84.48,15.58,207.6,125.68,82.39
2014-12-31,18.45,39.29,60.84,113.58,89.6,105.99,119.62,119.41,103.25,84.45,15.06,205.54,125.92,81.0
2015-01-02,18.23,38.77,60.58,114.08,89.6,106.53,118.93,119.83,102.94,84.54,15.11,205.43,127.32,82.22
2015-01-05,17.97,38.08,59.15,115.8,88.77,107.18,117.34,120.32,101.43,84.54,15.5,201.72,129.32,82.67
2015-01-06,17.8,37.92,58.48,117.12,88.43,107.9,115.31,120.81,100.07,84.58,15.83,199.82,131.65,83.49
2015-01-07,17.69,38.74,59.13,116.43,88.98,107.88,116.73,120.97,101.36,84.62,15.85,202.31,131.39,84.77
2015-01-08,17.76,39.4,59.93,115.94,89.65,107.44,118.71,120.58,103.3,84.61,15.64,205.9,129.65,85.09
2015-01-09,17.73,39.27,59.64,117.26,90.1,107.97,117.57,120.9,102.62,84.68,15.77,204.25,131.07,85.13
2015-01-12,17.34,38.95,59.5,118.56,89.99,108.35,117.18,121.13,101.55,84.73,15.87,202.65,131.82,85.78
2015-01-13,17.27,39.29,59.8,118.16,89.99,108.45,117.27,121.24,101.52,84.78,16.29,202.08,131.82,85.65
2015-01-14,17.46,39.07,59.63,117.97,89.78,108.95,116.8,121.45,100.96,84.83,16.13,200.86,132.82,86.39
2015-01-15,17.22,39.16,60.01,120.94,89.23,109.88,114.83,122.08,99.65,84.96,16.15,199.0199,134.91,86.59
2015-01-16,17.55,39.49,60.79,122.52,89.57,109.07,116.7,121.4,100.82,84.88,16.95,201.63,133.19,87.34
2015-01-20,17.31,39.43,61.0,124.2,89.41,109.32,116.21,121.68,101.62,84.84,17.18,202.055,134.96,86.65
2015-01-21,17.42,40.3,61.48,124.23,89.89,108.8,115.84,121.63,102.14,84.84,17.37,203.08,133.4,86.59
2015-01-22,17.4,41.07,61.71,125.23,90.01,108.53,118.2,121.57,104.03,84.81,17.61,206.1,132.92,88.13
2015-01-23,17.29,40.76,61.36,124.23,90.01,109.24,118.12,122.28,104.26,84.85,17.51,204.97,134.77,87.88
2015-01-26,17.23,40.78,62.2,122.99,90.42,108.99,119.26,122.25,104.14,84.8,17.13,205.45,134.36,88.62
2015-01-27,17.32,40.56,62.29,124.4,90.35,109.14,118.69,122.34,101.44,84.85,17.33,202.74,134.57,88.65
2015-01-28,17.07,40.12,61.36,123.42,90.16,109.98,116.69,123.17,100.92,84.91,17.23,200.14,136.77,88.06
2015-01-29,16.99,40.12,62.2,120.76,90.48,109.59,118.3,122.88,101.89,84.88,16.24,201.9902,135.87,88.37
2015-01-30,17.4,39.02,61.22,123.45,90.23,110.55,115.7,123.89,101.1,84.98,16.54,199.45,138.28,86.55
2015-02-02,17.64,39.72,61.96,122.42,90.21,110.23,116.76,123.67,101.98,84.92,16.47,201.92,137.48,86.32
2015-02-03,18.13,40.47,62.95,121.05,90.72,109.3,118.85,122.67,102.96,84.85,16.55,204.84,134.57,87.07
2015-02-04,17.73,40.27,62.43,121.58,90.34,109.48,118.41,122.84,102.87,84.863,16.63,204.06,134.8,86.71
2015-02-05,17.97,40.51,63.29,121.79,90.87,109.08,119.94,122.45,103.76,84.83,16.58,206.12,133.32,87.75
2015-02-06,18.02,39.82,62.5,118.64,90.94,107.86,119.81,121.17,103.13,84.63,16.03,205.55,130.96,85.2
2015-02-09,18.2,39.76,62.2,119.17,90.72,107.81,118.86,121.25,102.8,84.62,16.32,204.63,130.75,84.6
2015-02-10,17.97,39.66,62.77,118.47,91.03,107.54,119.62,120.92,104.4,84.6,16.19,206.81,129.71,84.87
2015-02-11,17.83,39.37,62.43,117.07,91.0,107.5,119.45,121.0,104.78,84.61,16.08,206.93,129.95,84.62
2015-02-12,18.1,40.21,63.4,117.34,90.99,107.54,120.81,121.31,106.0,84.64,16.15,208.92,129.52,85.63
2015-02-13,18.3,40.67,63.82,117.98,91.12,107.18,121.53,120.83,106.91,84.64,16.54,209.78,128.19,85.06
2015-02-17,18.31,40.58,63.97,116.01,91.06,106.42,121.91,120.27,107.01,84.6,15.83,210.11,126.26,84.85
2015-02-18,18.09,40.57,64.35,116.34,91.37,106.93,122.04,120.7,107.16,84.7,15.75,210.13,127.01,85.64
2015-02-19,18.03,40.4,64.43,115.94,91.16,106.66,122.05,120.68,107.69,84.65,15.7,209.98,126.17,83.8
2015-02-20,17.96,40.67,65.03,115.28,91.41,106.6,122.38,120.86,108.41,84.64,15.54,211.239,126.54,84.61
2015-02-23,17.84,40.26,64.8,115.43,91.48,107.09,122.5,121.27,108.52,84.68,15.63,211.209,127.99,85.29
2015-02-24,17.85,40.84,65.2,115.26,91.57,107.8,122.66,122.06,108.6,84.75,15.56,211.81,129.67,83.61
2015-02-25,18.12,40.76,65.25,115.7,91.87,107.9,122.8,122.17,108.33,84.75,15.83,211.63,130.23,83.63
2015-02-26,17.97,40.77,65.07,116.07,91.85,107.26,123.25,121.51,108.88,84.67,15.84,211.38,128.45,82.72
2015-02-27,18.17,40.74,65.1,116.16,91.87,107.64,122.58,121.8,108.4,84.7,15.87,210.66,129.53,83.37
2015-03-02,17.91,40.68,65.2,115.68,91.46,106.67,123.47,120.42,109.38,84.6,15.66,211.99,126.87,83.85
2015-03-03,18.02,40.365,64.8,115.47,91.2,106.44,122.74,120.35,108.87,84.58,15.5799,211.12,126.41,83.69
2015-03-04,17.86,39.93,64.54,115.11,91.03,106.52,122.36,120.27,108.45,84.6,15.49,210.2301,126.45,82.89
2015-03-05,17.79,39.87,64.69,115.0,91.2,106.58,122.72,120.43,108.64,84.63,15.53,210.46,126.29,83.13
2015-03-06,17.57,39.26,63.81,111.86,90.62,105.49,121.17,119.15,107.41,84.54,15.19,207.5,123.5,80.37
2015-03-09,17.52,39.11,63.91,111.97,90.43,105.98,121.7,119.63,107.72,84.58,15.1,208.36,124.64,81.01
2015-03-10,17.29,38.24,62.52,111.42,90.08,106.43,120.3,119.82,105.72,84.6,15.02,204.98,126.28,80.95
2015-03-11,17.38,38.53,62.68,110.75,90.33,106.62,121.04,120.43,105.11,84.6,14.84,204.5,127.2,81.02
2015-03-12,17.3,38.77,63.46,110.72,90.51,106.72,123.05,120.31,105.8,84.62,14.92,207.1,127.11,82.43
2015-03-13,16.95,38.3,63.09,110.88,90.2,106.56,122.61,119.97,105.34,84.63,14.9,205.8272,126.72,82.38
2015-03-16,16.93,38.76,63.8,110.81,90.11,106.93,123.33,120.09,106.7,84.64,14.9899,208.58,127.94,83.23
2015-03-17,16.81,39.21,63.64,110.21,89.66,107.15,123.66,120.29,106.87,84.62,14.9,207.96,129.0,83.2
2015-03-18,17.27,40.17,65.0,112.37,90.455,108.38,124.65,121.77,107.92,84.82,15.36,210.46,131.49,84.94
2015-03-19,16.98,39.49,64.24,112.29,89.74,107.87,124.89,121.15,108.08,84.71,15.44,209.5,130.82,84.9
2015-03-20,17.21,40.08,65.66,113.57,90.44,108.31,125.99,121.49,108.53,84.77,16.0,210.41,131.51,87.03
2015-03-23,17.41,40.2,65.99,114.29,90.51,108.45,125.88,121.77,108.32,84.8,16.3,210.0,131.35,86.92
2015-03-24,17.27,40.36,65.85,114.57,90.65,108.78,125.85,121.95,107.93,84.83,16.28,208.82,132.62,86.18
2015-03-25,17.32,39.72,65.54,114.73,90.41,108.31,122.47,121.55,105.46,84.81,16.24,205.76,131.5,84.19
2015-03-26,17.53,39.35,64.97,115.48,90.4,107.7,122.32,120.8,105.1,84.77,16.3,205.27,129.45,83.75
2015-03-27,17.18,39.46,65.14,115.06,90.47,108.12,123.1,121.28,105.52,84.82,16.22,205.74,131.06,83.86
2015-03-30,17.27,40.22,65.18,113.75,90.72,108.11,124.77,121.49,106.73,84.81,15.98,208.25,130.41,85.06
2015-03-31,17.07,40.13,64.17,113.66,90.61,108.39,124.37,121.71,105.6,84.88,15.93,206.43,130.69,84.31
2015-04-01,17.38,40.63,64.63,115.6,90.39,108.73,124.42,121.73,105.05,84.88,16.23,205.7,132.13,84.19
2015-04-02,17.29,41.24,65.19,115.28,90.46,108.42,124.65,121.53,105.12,84.87,16.02,206.435,130.73,84.83
2015-04-06,17.51,41.77,65.85,116.69,90.69,108.56,125.2,121.69,105.98,84.94,16.27,207.83,130.0,85.71
2015-04-07,17.6,41.56,65.76,116.11,91.17,108.65,124.4,122.13,105.8,84.88,16.15,207.28,131.09,84.2
2015-04-08,17.26,42.43,66.04,115.47,91.15,108.55,125.47,122.09,106.64,84.88,15.81,207.975,131.13,84.33
2015-04-09,17.26,42.85,66.13,114.67,91.06,108.11,125.02,121.47,107.31,84.85,15.51,208.9,129.43,82.58
2015-04-10,17.44,42.88,66.26,115.966,91.27,108.08,125.62,121.64,107.75,84.83,15.77,210.04,129.62,82.52
2015-04-13,17.36,42.63,65.84,115.14,91.1,108.3,125.7,121.6,107.48,84.88,15.6,209.09,129.8,82.3
2015-04-14,17.44,42.82,66.33,114.44,91.14,108.62,125.67,121.88,107.17,84.92,15.51,209.49,130.72,82.59
2015-04-15,17.79,43.12,66.63,115.43,91.5,108.68,126.55,121.96,107.84,84.92,15.63,210.43,130.61,81.97
2015-04-16,17.98,43.46,66.81,115.03,91.31,108.76,126.48,121.89,107.69,84.96,15.57,210.37,129.96,82.18
2015-04-17,17.94,42.7,65.97,115.6,91.03,108.98,124.43,122.22,106.01,84.92,15.56,207.95,131.45,81.8
2015-04-20,17.86,42.66,66.04,114.72,91.23,108.78,125.65,121.93,107.6,84.91,15.29,209.85,130.29,81.92
2015-04-21,17.73,42.91,66.63,115.38,91.29,108.55,125.52,121.9,108.06,84.92,15.32,209.6,129.7,82.06
2015-04-22,17.79,43.37,66.76,113.83,91.2,107.92,125.71,121.11,108.65,84.85,15.11,210.63,127.72,82.23
2015-04-23,18.01,43.69,67.01,114.66,91.17,108.25,126.28,121.42,109.06,84.89,15.21,211.16,128.27,82.45
2015-04-24,18.0,43.845,67.4,113.05,91.32,108.63,125.86,121.65,110.54,84.92,15.06,211.6499,129.07,82.62
2015-04-27,18.0,44.02,67.73,115.33,91.35,108.46,124.47,121.56,110.26,84.91,15.66,210.77,129.07,82.51
2015-04-28,18.03,44.09,67.81,116.33,91.21,107.96,125.16,120.84,110.04,84.87,15.87,211.44,127.29,82.35
2015-04-29,18.15,43.54,67.22,115.51,91.04,107.56,123.8,119.84,109.35,84.88,15.81,210.57,125.73,80.69
2015-04-30,18.29,42.88,66.51,113.47,90.99,107.53,121.18,119.94,107.63,84.87,15.43,208.46,125.95,79.38
2015-05-01,18.27,43.14,67.25,113.08,90.79,106.78,121.97,118.95,109.05,84.8,15.47,210.72,124.0,79.98
2015-05-04,18.26,43.39,67.18,114.1,90.77,106.56,122.41,118.57,109.23,84.8,15.7,211.32,122.83,80.06
2015-05-05,18.41,42.92,66.18,114.42,90.65,106.38,120.85,118.37,107.45,84.78,15.81,208.9,122.66,78.32
2015-05-06,18.41,42.39,66.35,114.36,90.38,105.86,121.27,117.86,106.71,84.75,15.77,208.04,120.56,78.17
2015-05-07,18.12,42.33,66.13,113.42,90.37,106.31,121.73,118.33,107.35,84.72,15.6,208.87,122.18,79.37
2015-05-08,18.22,42.87,67.66,113.97,91.0799,106.72,122.64,119.01,108.69,84.84,15.76,211.62,122.51,80.48
2015-05-11,18.14,42.46,67.07,113.53,90.51,105.67,122.71,117.81,108.27,84.76,15.57,210.605,119.53,79.27
2015-05-12,18.33,42.32,67.03,114.5,90.5,105.75,122.49,117.64,107.78,84.77,15.81,209.98,119.84,79.51
2015-05-13,18.35,42.4,67.53,116.55,90.37,105.61,122.485,117.53,108.0,84.81,16.35,210.02,118.88,78.75
2015-05-14,18.46,42.82,68.34,117.18,90.8085,105.97,123.79,117.93,109.58,84.89,16.65,212.21,119.2,80.27
2015-05-15,18.45,43.15,68.42,117.53,91.01,106.73,123.65,118.75,109.58,84.89,16.75,212.44,121.59,81.09
2015-05-18,18.4,42.71,68.19,117.52,90.86,106.01,125.05,117.84,110.06,84.84,16.89,213.1,119.55,80.88
2015-05-19,18.01,42.78,67.93,115.89,90.72,105.54,124.88,117.21,109.94,84.79,16.38,213.03,118.49,80.6
2015-05-20,17.97,42.75,68.06,116.08,90.61,105.77,125.11,117.35,110.01,84.82,16.37,212.88,118.69,80.53
2015-05-21,18.19,42.6,68.42,115.69,90.74,106.4,124.97,117.91,110.58,84.85,16.39,213.5,120.35,80.15
2015-05-22,17.99,42.74,67.98,115.6,90.81,106.16,124.43,117.83,110.47,84.79,16.34,212.99,120.4,80.05
2015-05-26,17.64,42.06,66.76,113.91,90.62,106.82,123.24,118.35,109.2,84.8,16.02,210.7,122.46,79.44
2015-05-27,17.4,42.07,67.41,113.89,90.82,106.76,124.75,118.47,110.96,84.81,15.96,212.7,122.74,80.22
2015-05-28,17.49,41.52,67.29,114.02,90.78,106.86,124.64,118.22,110.71,84.85,15.97,212.46,122.44,80.06
2015-05-29,17.71,41.12,66.64,114.1,90.91,106.92,123.89,118.27,110.05,84.87,15.99,211.14,122.71,79.14
2015-06-01,17.67,40.96,66.46,114.0,90.66,106.28,124.28,117.28,110.42,84.78,16.0,211.57,121.13,80.11
2015-06-02,17.88,41.12,66.77,114.46,90.49,105.54,124.52,116.68,110.07,84.77,16.07,211.36,119.44,79.37
2015-06-03,17.65,40.91,67.14,113.64,90.0,104.64,125.76,115.93,110.4,84.74,15.83,211.92,117.52,78.23
2015-06-04,17.49,40.29,66.42,112.84,89.71,105.15,124.5,116.53,109.56,84.75,15.48,210.1292,119.05,78.08
2015-06-05,17.57,40.11,65.63,112.24,89.44,104.39,125.4,115.94,109.3,84.665,15.39,209.77,117.6,77.21
2015-06-08,17.58,40.1,65.54,112.57,89.44,104.54,124.82,115.86,108.19,84.72,15.32,208.48,117.47,77.07
2015-06-09,17.86,39.86,65.18,112.82,89.29,104.2,124.44,115.34,108.01,84.68,15.29,208.45,116.54,76.51
2015-06-10,17.93,40.44,66.55,113.78,89.41,103.8,125.99,115.03,109.49,84.66,15.32,210.95,115.52,77.05
2015-06-11,17.77,40.24,66.73,113.26,89.59,104.62,126.31,116.05,109.65,84.68,15.33,211.63,117.95,77.52
2015-06-12,17.59,40.24,66.2,113.23,89.26,104.56,125.93,115.85,108.75,84.66,15.25,210.01,117.95,77.45
2015-06-15,17.51,39.79,65.8,113.73,88.84,104.81,125.53,115.83,108.21,84.7,15.4,209.11,118.14,77.03
2015-06-16,17.56,39.8,65.78,113.32,89.34,105.21,126.42,116.12,108.8,84.73,15.32,210.25,119.07,77.65
2015-06-17,17.61,40.04,65.63,113.85,89.26,105.27,126.23,116.11,109.1,84.79,15.45,210.59,118.15,78.31
2015-06-18,17.61,40.41,66.22,115.32,89.59,105.19,127.92,115.9,110.69,84.81,15.46,212.78,117.57,79.39
2015-06-19,17.45,40.06,66.06,115.12,89.64,105.75,127.86,116.52,109.89,84.83,15.42,210.81,119.08,78.78
2015-06-22,17.51,40.64,67.31,113.64,89.82,104.86,128.74,115.6,110.7,84.77,15.49,211.89,116.65,77.97
2015-06-23,17.72,41.04,67.49,112.89,89.76,104.54,129.01,115.34,110.79,84.75,15.14,212.04,115.95,77.32
2015-06-24,17.6,40.75,66.9,112.59,89.52,104.85,127.92,115.66,110.22,84.79,15.19,210.5,116.95,76.9
2015-06-25,17.62,40.31,65.77,112.44,89.25,104.59,127.85,115.47,110.0,84.77,15.17,209.86,116.54,76.12
2015-06-26,17.7,39.93,65.74,112.56,88.99,104.09,127.5,114.94,109.27,84.72,15.11,209.82,115.23,75.9
2015-06-29,17.62,39.04,63.72,113.07,88.38,105.3,124.28,115.94,106.69,84.86,15.03,205.42,118.28,74.72
2015-06-30,18.0,39.62,63.49,112.37,88.8,105.01,124.86,115.72,107.07,84.86,15.03,205.85,117.46,74.69
2015-07-01,17.78,39.59,63.9,111.98,88.42,104.3,125.23,115.02,107.92,84.75,14.9,207.5,115.62,75.92
2015-07-02,17.75,39.78,63.98,111.76,88.75,104.67,123.78,115.46,107.95,84.88,14.95,207.31,116.0,76.11
2015-07-06,17.17,38.67,62.69,112.06,88.46,105.41,123.74,115.92,107.7,84.9,14.99,206.72,118.15,76.59
2015-07-07,17.07,38.09,62.71,110.76,88.53,105.69,123.88,116.4,107.97,84.89,14.43,208.02,119.26,77.79
2015-07-08,16.99,36.78,61.25,111.09,88.09,106.11,121.99,116.56,106.09,84.98,14.46,204.53,120.29,77.49
2015-07-09,17.19,37.49,62.26,111.36,88.29,105.37,122.43,115.79,106.03,84.92,14.76,204.9,117.92,77.12
2015-07-10,17.27,38.44,64.3,111.49,88.8,104.64,124.13,115.05,107.65,84.84,14.88,207.48,116.05,77.76
2015-07-13,17.28,38.7,64.54,110.99,88.88,104.36,125.53,114.8,109.54,84.8,14.81,209.77,115.69,77.87
2015-07-14,17.22,38.77,65.08,110.74,88.79,104.69,126.23,114.9,110.26,84.84,14.69,210.68,116.07,78.03
2015-07-15,17.02,38.33,64.84,110.16,88.79,105.09,125.56,115.2,110.38,84.87,14.43,210.61,117.3,78.16
2015-07-16,16.94,38.81,65.4,109.76,88.93,105.05,126.31,115.38,111.94,84.83,14.35,212.3,118.11,78.79
2015-07-17,16.85,38.76,65.31,108.65,88.69,105.06,125.76,115.46,113.59,84.81,14.23,212.48,118.72,78.51
2015-07-20,16.58,38.51,65.46,105.7,88.28,104.85,125.08,115.19,113.98,84.76,14.05,212.59,118.22,78.6
2015-07-21,16.65,38.52,65.27,105.37,88.12,105.14,124.49,115.43,113.91,84.77,14.14,211.75,118.86,78.38
2015-07-22,16.41,37.97,64.77,104.8,87.55,105.27,124.95,115.58,112.62,84.76,14.14,211.37,119.6,78.72
2015-07-23,16.27,37.6,64.6,104.33,87.5,105.7,123.57,115.92,112.2,84.77,14.0,210.18,121.09,77.74
2015-07-24,16.14,37.06,63.89,105.35,87.25,105.8,121.58,115.87,111.1,84.79,14.02,208.0,121.39,78.07
2015-07-27,15.83,36.36,63.42,104.86,86.88,106.15,120.57,115.88,110.18,84.85,13.92,206.79,122.04,78.21
2015-07-28,15.96,36.73,64.22,105.02,87.35,105.85,121.6,115.79,111.13,84.83,14.02,209.33,121.15,78.26
2015-07-29,16.01,37.09,64.45,105.17,87.86,105.7,121.94,115.69,111.55,84.81,14.15,210.77,120.7,78.77
2015-07-30,15.95,36.72,64.4,104.27,88.12,105.82,122.29,115.75,112.08,84.77,14.09,210.82,121.63,78.38
2015-07-31,15.73,37.12,64.78,104.93,87.97,106.44,122.96,116.35,111.95,84.86,14.08,210.5,122.53,79.0
2015-08-03,15.47,36.5,64.61,104.1,87.41,106.6,122.35,116.29,111.6,84.85,13.87,209.79,123.55,79.49
2015-08-04,15.56,36.63,64.66,104.31,87.46,106.05,122.06,115.7,111.39,84.72,13.92,209.38,122.57,78.91
2015-08-05,15.5,36.64,65.0,103.93,87.34,105.64,122.34,115.25,112.25,84.73,13.95,210.07,121.65,78.39
2015-08-06,15.49,36.32,64.73,104.39,86.98,106.01,120.69,115.47,110.45,84.75,13.99,208.35,122.73,78.5
2015-08-07,15.43,36.3,64.61,104.65,86.71,106.43,119.88,115.87,110.31,84.71,14.11,207.95,124.34,78.79
2015-08-10,15.76,36.91,65.4,105.72,86.96,105.99,121.26,115.41,111.57,84.71,14.54,210.57,122.8,78.54
2015-08-11,15.55,36.1,64.4,106.26,86.56,106.69,120.22,115.89,110.14,84.82,14.64,208.67,124.75,79.06
2015-08-12,15.5,35.54,63.94,107.75,86.44,106.65,119.99,115.71,110.52,84.82,14.82,208.92,124.07,79.31
2015-08-13,15.43,35.48,63.9,106.86,86.33,106.37,119.59,115.31,110.34,84.75,14.71,208.66,123.67,79.4
2015-08-14,15.33,35.53,64.0,106.85,86.38,106.26,120.36,115.42,110.51,84.71,14.55,209.42,123.96,79.83
2015-08-17,15.27,35.14,63.88,107.13,86.38,106.45,121.63,115.79,111.43,84.76,14.63,210.59,124.52,80.51
2015-08-18,15.19,34.76,63.4,107.11,86.27,106.28,120.66,115.35,110.86,84.75,14.22,209.98,123.54,80.73
2015-08-19,15.02,34.33,62.84,108.55,86.19,106.93,119.41,115.91,110.13,84.83,14.57,208.32,124.76,80.25
2015-08-20,15.06,33.79,61.32,110.44,85.77,107.22,116.39,115.98,107.08,84.8,14.78,203.97,126.02,79.66
2015-08-21,14.81,32.75,59.92,111.13,85.46,107.65,115.03,116.01,102.4,84.89,14.61,197.63,126.4,78.18
2015-08-24,14.44,31.32,57.85,110.53,84.76,107.83,110.54,115.69,98.46,84.93,14.13,189.55,126.36,74.52
2015-08-25,14.5,31.72,58.4,109.16,84.93,107.24,109.69,115.1,98.09,84.89,13.99,187.27,124.33,72.47
2015-08-26,14.41,32.77,59.78,107.67,85.64,106.58,112.48,115.03,103.03,84.84,13.56,194.46,121.93,74.43
2015-08-27,14.93,34.22,60.51,107.73,86.28,106.52,114.49,115.14,105.64,84.85,13.8,199.27,122.0,75.87
2015-08-28,15.32,33.78,60.42,108.7,86.36,106.54,115.62,115.35,105.62,84.81,13.92,199.28,122.36,75.76
2015-08-31,15.69,33.84,59.97,108.82,86.24,106.36,115.2,115.06,104.31,84.78,13.99,197.67,121.42,74.03
2015-09-01,15.17,32.53,57.96,109.2,85.58,106.67,111.9,115.42,101.05,84.77,13.94,191.77,122.03,72.62
2015-09-02,15.3,33.0,58.82,108.62,85.93,106.38,113.91,115.25,103.9,84.79,14.02,195.41,120.98,73.37
2015-09-03,15.4,33.13,58.96,107.84,86.05,106.64,113.73,115.8,103.39,84.79,14.02,195.55,121.57,73.57
2015-09-04,15.21,32.14,57.61,107.49,85.96,106.97,112.87,116.06,102.16,84.8,13.92,192.59,122.68,72.2
2015-09-08,15.32,33.16,59.3,107.52,86.43,106.5,115.45,115.52,105.04,84.77,14.12,197.43,120.87,73.29
2015-09-09,15.12,32.99,59.06,106.13,86.32,106.54,114.12,115.77,103.86,84.75,13.93,194.79,121.45,72.45
2015-09-10,15.25,33.33,59.45,106.38,86.53,106.3,114.64,115.54,104.99,84.78,13.99,195.85,120.63,72.61
2015-09-11,15.23,33.46,59.44,106.16,86.5,106.58,115.18,115.62,105.57,84.81,13.95,196.74,121.39,74.0
2015-09-14,15.04,33.41,58.99,106.22,86.35,106.68,114.65,115.61,105.25,84.79,13.79,196.01,121.58,74.04
2015-09-15,15.09,33.73,59.39,105.9,86.33,105.84,115.94,114.74,106.49,84.67,13.77,198.46,119.25,74.77
2015-09-16,15.34,34.55,60.3,107.31,86.02,105.81,116.94,114.95,107.09,84.66,14.22,200.18,118.8,75.57
2015-09-17,15.24,34.47,60.33,108.41,86.09,106.69,117.34,115.9,107.13,84.85,14.42,199.73,120.25,76.43
2015-09-18,15.01,33.83,58.82,109.21,85.85,107.19,115.72,116.25,105.35,84.89,14.47,195.45,122.1,76.3
2015-09-21,15.18,33.77,58.79,108.53,85.69,106.58,115.51,115.66,105.68,84.84,14.49,196.46,120.11,76.95
2015-09-22,15.09,33.14,57.39,107.79,85.07,107.11,113.76,116.16,104.1,84.89,14.14,193.91,121.78,75.98
2015-09-23,14.97,32.61,57.12,108.22,84.92,106.99,113.42,116.09,104.18,84.86,14.12,193.6,121.77,75.7
2015-09-24,15.06,32.47,56.96,110.49,84.5,107.15,113.23,116.11,103.8,84.91,14.43,192.9,122.6,74.99
2015-09-25,15.15,32.4,57.46,109.81,84.07,106.87,111.42,115.76,102.92,84.87,14.4,192.85,121.54,75.29
2015-09-28,14.94,31.71,56.33,108.42,82.78,107.48,108.3,115.96,99.99,84.93,13.94,188.01,123.62,74.12
2015-09-29,15.04,31.86,56.25,107.98,82.77,107.85,107.53,116.11,99.47,84.97,13.97,188.12,123.97,74.91
2015-09-30,15.15,32.78,57.32,106.86,83.29,107.87,109.2,116.09,101.76,84.99,13.87,191.63,123.54,75.54
2015-10-01,15.05,32.96,57.5,106.73,82.36,107.79,109.01,115.73,102.22,84.95,13.9,192.13,123.81,75.91
2015-10-02,15.15,33.84,58.48,108.99,82.44,108.31,110.63,116.24,104.01,85.07,14.55,195.0,124.56,76.46
2015-10-05,15.35,34.57,59.64,108.77,83.43,107.71,113.27,115.93,105.5,85.01,14.89,198.47,122.87,77.75
2015-10-06,15.65,34.51,59.71,109.86,83.89,107.93,112.49,116.16,105.0,85.0,15.07,197.79,123.4,77.57
2015-10-07,15.62,35.43,60.46,109.7,84.75,107.66,114.48,116.57,105.63,84.98,15.29,199.41,122.99,78.46
2015-10-08,15.69,35.81,60.94,109.14,85.1,107.38,115.51,116.11,106.05,84.96,14.99,201.21,121.96,79.12
2015-10-09,15.76,35.94,61.05,110.87,85.11,107.44,115.74,116.16,106.53,84.96,15.12,201.33,122.28,78.99
2015-10-12,15.51,35.67,60.93,111.31,84.95,107.8,115.57,116.63,106.79,84.94,15.13,201.52,123.21,79.55
2015-10-13,15.41,35.09,60.16,111.86,84.75,107.9,113.99,116.54,106.1,84.97,15.16,200.25,123.42,78.93
2015-10-14,15.45,35.36,60.28,113.81,84.69,108.49,112.87,117.0,105.93,85.09,15.42,199.29,124.5,78.34
2015-10-15,15.41,36.22,61.31,113.29,84.89,108.12,115.57,116.95,107.67,85.04,15.39,202.35,123.89,79.41
2015-10-16,15.42,36.25,61.26,112.49,85.28,108.03,115.42,116.99,108.12,85.0,15.28,203.27,123.93,80.01
2015-10-19,15.14,35.88,61.05,112.02,85.51,107.98,115.64,116.98,108.74,85.03,15.11,203.37,123.59,81.13
2015-10-20,15.17,35.87,60.8,112.73,85.59,107.61,115.48,116.76,108.18,84.98,15.19,203.09,122.83,81.1
2015-10-21,15.04,35.35,60.77,111.73,85.5,107.98,113.72,117.34,107.52,85.01,14.99,201.85,124.05,80.8
2015-10-22,15.09,36.08,61.45,111.69,85.53,108.09,114.72,117.59,109.71,85.04,15.11,205.26,124.26,81.51
2015-10-23,15.0,36.29,62.06,111.5,85.83,107.48,115.85,117.16,112.78,84.97,15.12,207.51,123.2,80.72
2015-10-26,14.96,35.96,61.83,111.43,85.74,107.76,115.06,117.37,112.85,84.97,15.11,207.0,124.02,80.7
2015-10-27,14.89,35.55,61.29,111.68,85.46,108.03,113.8,117.4,113.08,85.0,15.13,206.6,124.33,80.67
2015-10-28,15.14,35.14,61.69,110.78,85.69,107.47,117.12,116.94,114.02,84.89,15.26,208.95,123.83,80.74
2015-10-29,15.05,34.81,61.24,109.72,85.47,106.81,115.87,116.12,113.84,84.83,14.88,208.83,121.86,80.63
2015-10-30,15.2,34.87,61.11,109.3,85.57,107.02,115.34,116.42,113.33,84.83,14.8,207.93,122.78,79.89
2015-11-02,15.12,35.56,61.69,108.59,85.44,106.55,117.74,115.59,114.61,84.74,14.72,210.39,121.95,81.59
2015-11-03,15.39,36.03,61.67,106.98,85.53,106.27,118.35,115.6,115.01,84.73,14.58,211.0,120.95,80.77
2015-11-04,15.13,35.74,61.33,105.97,85.28,106.16,118.29,115.47,115.02,84.64,14.38,210.36,121.09,80.41
2015-11-05,15.01,35.8,61.22,105.64,84.95,106.09,118.38,115.5,114.71,84.64,14.3,210.15,120.77,80.73
2015-11-06,14.92,35.3,60.94,104.1,84.54,105.37,119.22,114.75,114.79,84.56,14.08,210.04,119.0,78.22
2015-11-09,14.79,34.42,60.31,104.4,84.19,105.19,117.82,114.56,113.57,84.54,13.89,208.08,118.33,76.88
2015-11-10,14.76,34.27,60.27,104.18,84.0,105.39,118.17,114.85,113.28,84.58,13.76,208.56,118.68,77.76
2015-11-11,14.61,34.34,60.58,103.83,83.8,105.34,117.14,114.84,113.14,84.56,13.64,207.74,118.43,77.85
2015-11-12,14.4,34.01,59.79,103.85,83.24,105.4,114.9,114.8,112.04,84.59,13.64,204.84,119.0,77.32
2015-11-13,14.29,33.54,59.29,103.56,83.0,105.8,114.07,115.14,109.84,84.66,13.59,202.54,119.68,76.44
2015-11-16,14.36,34.19,60.0408,103.71,83.39,105.94,115.05,115.16,111.42,84.66,13.6,205.62,119.57,77.32
2015-11-17,14.14,34.09,60.2,102.34,83.45,105.91,114.61,115.28,111.49,84.63,13.55,205.47,119.77,77.32
2015-11-18,14.2,34.4592,60.75,102.43,83.61,105.86,116.55,115.31,113.63,84.6,13.52,208.73,120.02,78.0
2015-11-19,14.2,34.77,61.06,103.56,82.86,106.09,116.06,115.65,113.71,84.58,13.62,208.55,120.82,78.24
2015-11-20,14.18,35.12,60.92,103.09,82.84,105.95,116.81,115.63,114.48,84.58,13.5,209.3108,120.45,79.22
2015-11-23,14.29,34.79,60.54,102.26,82.77,106.09,117.39,115.67,114.15,84.57,13.45,209.07,120.82,79.39
2015-11-24,14.52,34.97,60.55,102.94,82.88,106.19,118.25,115.71,114.05,84.57,13.51,209.35,120.81,78.97
2015-11-25,14.5,34.7,60.69,102.46,82.97,106.25,119.17,115.82,114.15,84.58,13.52,209.32,121.09,79.29
2015-11-27,14.28,33.94,60.7,101.25,83.1,106.36,119.62,115.86,114.31,84.6,13.46,209.56,120.97,79.98
2015-11-30,14.19,33.99,60.65,101.92,83.05,106.4,119.1,115.91,114.02,84.57,13.44,208.69,121.45,79.39
2015-12-01,14.35,34.25,61.29,102.28,83.24,106.8,119.89,116.45,115.16,84.58,13.51,210.68,122.83,80.49
2015-12-02,14.05,33.84,60.64,100.69,83.07,106.5,118.6,116.17,114.45,84.51,13.37,208.529,122.87,78.85
2015-12-03,14.21,33.65,60.35,101.76,82.851,105.38,116.6,114.63,112.51,84.51,13.46,205.61,119.53,77.61
2015-12-04,14.19,33.88,60.84,104.02,82.66,105.77,117.78,115.25,115.14,84.53,13.87,209.62,120.58,79.09
2015-12-07,13.78,33.317,60.45,102.67,82.08,106.11,116.01,115.45,114.62,84.52,13.62,208.35,121.75,78.87
2015-12-08,13.71,32.95,59.56,102.84,81.06,106.17,115.37,115.3,114.63,84.51,13.51,206.949,121.81,78.8
2015-12-09,13.72,32.68,59.29,102.64,81.48,106.33,114.08,115.27,112.89,84.54,13.49,205.34,121.68,78.36
2015-12-10,13.67,32.4592,59.3,102.55,81.14,106.1,114.46,115.0,113.4,84.49,13.45,205.87,121.84,77.8
2015-12-11,13.53,31.55,58.17,103.11,79.52,106.95,111.91,115.2,110.79,84.59,13.3,201.88,123.76,77.66
2015-12-14,13.44,32.06,58.26,101.79,78.83,106.16,111.11,114.35,111.63,84.49,13.06,202.9008,122.16,78.02
2015-12-15,13.41,32.55,58.55,101.52,80.12,105.89,112.71,114.36,112.31,84.48,13.11,205.0308,121.44,78.87
2015-12-16,13.35,33.19,59.73,102.75,80.73,105.61,114.43,114.34,113.98,84.41,13.49,208.03,121.18,80.41
2015-12-17,13.21,32.76,58.97,100.5,79.83,106.05,113.21,114.47,112.32,84.41,13.08,204.86,122.55,80.01
2015-12-18,13.27,32.65,58.35,102.04,79.53,106.43,111.48,114.47,109.83,84.52,13.425,200.0208,123.23,79.08
2015-12-21,13.21,32.4,58.11,103.15,79.28,106.48,112.32,114.55,111.05,84.51,13.59,201.67,123.2,79.39
2015-12-22,13.15,32.66,58.55,102.61,80.24,106.18,113.35,114.4,111.78,84.49,13.59,203.5,122.31,79.71
2015-12-23,13.39,33.12,59.53,102.31,80.75,105.9365,114.78,114.5,112.61,84.46,13.62,206.02,121.39,79.42
2015-12-24,13.39,33.0,59.43,103.05,80.49,105.97,114.5,114.55,112.59,84.45,13.69,205.68,121.83,79.42
2015-12-28,13.2,32.77,59.29,102.27,80.01,105.99,113.97,114.41,112.53,84.4,13.29,205.21,122.19,79.86
2015-12-29,13.42,32.8,59.88,102.2,80.47,105.43,115.2,113.82,114.3,84.38,13.27,207.4,120.16,80.71
2015-12-30,13.29,32.29,59.52,101.42,80.53,105.47,114.04,113.82,113.27,84.4,13.21,205.93,120.04,80.43
2015-12-31,13.36,32.19,58.72,101.46,80.58,105.59,112.62,114.01,111.86,84.36,13.19,203.87,120.58,79.73
2016-01-04,13.26,31.31,57.82,102.89,80.1,106.04,110.01,113.95,109.5,84.47,13.19,201.0192,121.45,78.77
2016-01-05,13.13,31.38,57.73,103.18,80.25,106.01,110.25,114.01,109.31,84.42,13.311,201.36,120.96,80.29
2016-01-06,12.92,30.7792,56.78,104.67,80.25,106.65,108.57,114.46,108.26,84.47,13.36,198.82,122.59,80.07
2016-01-07,12.86,29.83,55.6,106.15,79.73,106.88,105.67,114.55,104.87,84.5,13.62,194.05,122.81,78.51
2016-01-08,12.8,29.51,54.93,105.68,79.52,107.15,103.85,114.64,104.01,84.56,13.3,191.923,123.36,77.46
2016-01-11,12.45,29.5,55.16,104.74,79.4,106.81,103.4,114.27,104.33,84.59,13.22,192.11,122.01,77.9
2016-01-12,12.37,29.56,55.42,104.21,79.48,107.29,103.71,114.53,105.54,84.6,13.17,193.6608,123.77,77.38
2016-01-13,12.3,29.25,54.56,104.72,78.6,107.71,100.38,114.88,101.9,84.65,13.49,188.83,124.99,76.27
2016-01-14,12.33,29.63,55.26,103.02,78.95,107.49,101.77,114.31,104.07,84.67,13.19,191.93,123.82,76.09
2016-01-15,12.065,28.455,53.26,104.08,77.91,107.99,100.12,114.14,100.84,84.74,13.24,187.81,125.752,75.57
2016-01-19,11.97,28.88,53.75,103.98,77.64,107.85,98.77,113.63,101.06,84.73,13.36,188.06,125.36,75.97
2016-01-20,11.88,28.25,52.53,105.37,77.12,108.38,99.18,113.8,100.75,84.79,13.48,185.65,126.68,73.93
2016-01-21,12.04,28.36,52.92,105.49,77.64,108.11,98.95,113.47,100.85,84.78,13.46,186.69,125.82,74.34
2016-01-22,12.4,29.33,54.48,105.0,78.83,107.87,101.37,113.54,103.77,84.75,13.38,190.52,125.34,76.41
2016-01-25,12.13,28.825,53.75,106.08,78.05,108.23,99.115,113.42,102.23,84.75,13.58,187.64,126.02,75.93
2016-01-26,12.37,29.25,54.71,107.29,78.75,108.31,101.1,113.74,103.15,84.79,13.82,190.2,126.08,77.52
2016-01-27,12.52,29.15,54.36,107.69,78.63,108.39,99.71,113.43,100.58,84.81,13.81,188.13,126.05,76.02
2016-01-28,12.66,29.61,54.52,106.54,79.03,108.53,99.69,113.56,102.0,84.81,13.57,189.11,126.23,75.44
2016-01-29,12.78,30.57,55.48,106.9492,79.29,109.11,102.96,114.15,104.13,84.91,13.59,193.7208,127.3,76.99
2016-02-01,12.54,30.28,55.42,108.05,78.43,108.7,102.49,113.45,104.41,84.82,13.67,193.65,126.67,77.12
2016-02-02,12.32,29.3,54.13,108.09,77.87,109.47,100.28,113.66,102.15,84.93,13.62,190.16,129.02,76.42
2016-02-03,12.63,30.13,54.58,109.25,78.25,109.35,100.41,113.38,101.66,84.95,13.95,191.3,127.95,76.93
2016-02-04,12.61,30.36,54.65,110.57,78.0,109.61,100.8,113.43,101.65,84.97,14.17,191.6,128.57,76.97
2016-02-05,12.53,30.01,53.81,112.32,77.41,109.75,98.04,113.41,98.12,84.95,14.34,187.95,128.72,75.51
2016-02-08,12.47,29.6,52.81,113.83,76.5,110.57,96.43,114.0,96.62,85.05,14.59,185.42,131.49,73.35
2016-02-09,12.15,29.19,52.2,113.58,76.21,110.59,95.78,113.61,96.32,85.02,14.51,185.43,131.63,72.0
2016-02-10,12.17,29.31,52.14,114.46,76.1,110.92,95.83,113.75,96.69,85.02,14.55,185.27,132.79,72.5
2016-02-11,12.32,28.82,51.38,119.0592,75.59,111.43,94.7892,114.13,96.55,85.1,14.95,182.86,133.72,71.47
2016-02-12,12.5,29.32,52.28,118.36,76.72,110.58,96.59,113.49,98.02,85.0,14.99,186.63,131.5,72.29
2016-02-16,12.36,29.97,53.3408,114.77,76.79,110.25,98.88,112.95,100.23,84.95,14.51,189.78,130.11,73.62
2016-02-17,12.62,30.56,54.26,115.48,77.42,109.98,100.43,112.92,102.5,84.97,14.54,192.88,129.31,74.25
2016-02-18,12.55,30.38,53.98,118.29,77.49,110.49,99.95,113.84,101.33,85.04,14.76,192.09,130.9,75.0
2016-02-19,12.44,30.24,53.92,117.58,77.64,110.49,100.45,113.76,101.63,84.96,14.64,192.0,131.005,75.43
2016-02-22,12.63,30.99,54.53,115.49,78.31,110.38,101.57,113.99,103.28,84.97,14.43,194.78,130.94,76.15
2016-02-23,12.46,30.33,53.64,117.22,78.15,110.6,100.64,114.22,101.58,84.98,14.54,192.32,131.47,75.95
2016-02-24,12.62,30.26,53.45,117.61,78.28,110.6,101.61,114.33,102.55,85.0,14.52,193.2,131.21,75.86
2016-02-25,12.61,30.36,54.09,117.92,78.7,110.93,102.54,114.97,103.56,85.02,14.41,195.54,131.68,77.41
2016-02-26,12.59,30.06,53.95,117.11,79.23,110.39,103.19,114.93,103.43,84.91,14.02,195.0892,130.41,77.01
2016-02-29,12.75,30.32,53.63,118.64,80.08,110.57,102.73,115.01,102.5,84.96,14.2,193.56,130.98,76.71
2016-03-01,12.76,31.4,55.03,117.77,80.92,109.55,104.94,114.05,105.79,84.8,14.17,198.11,128.43,78.87
2016-03-02,12.83,31.82,55.41,118.68,80.37,109.36,106.0208,114.28,105.83,84.79,14.25,199.0,128.96,79.44
2016-03-03,12.9,32.18,55.95,120.73,80.64,109.49,107.13,114.82,105.63,84.82,14.5,199.775,129.43,79.86
2016-03-04,13.15,32.82,56.36,120.54,80.87,109.12,107.72,114.8,105.67,84.76,14.76,200.43,128.6,79.87
2016-03-07,13.39,32.77,56.29,121.14,80.97,108.9,108.8892,114.93,105.02,84.7,14.9,200.59,128.56,80.08
2016-03-08,13.21,32.21,55.74,120.58,80.4,109.53,106.26,115.54,104.15,84.76,14.62,198.4,129.98,79.26
2016-03-09,13.41,32.41,55.95,119.58,80.6,109.1,106.8,115.41,104.82,84.73,14.53,199.38,129.19,79.7
2016-03-10,13.39,32.46,55.86,121.5,81.16,108.71,105.93,115.89,104.66,84.72,14.82,199.54,128.66,79.41
2016-03-11,13.44,33.14,57.32,119.41,82.14,108.4,108.2008,116.22,106.49,84.64,14.72,202.76,127.36,81.19
2016-03-14,13.32,32.94,57.2,117.87,81.91,108.48,107.92,116.56,106.67,84.64,14.58,202.5,127.76,81.2
2016-03-15,13.21,32.47,56.66,117.96,81.15,108.46,106.24,116.52,106.63,84.67,14.54,202.17,127.88,81.24
2016-03-16,13.44,33.12,57.16,120.59,81.69,109.03,106.99,117.08,107.58,84.84,14.87,203.34,128.26,82.22
2016-03-17,13.59,33.85,57.6,120.13,82.21,109.15,108.63,117.44,107.52,84.83,15.16,204.63,128.79,83.38
2016-03-18,13.58,34.0285,57.5,119.8,82.4,109.34,109.61,117.71,107.37,84.85,15.03,204.38,129.06,83.02
2016-03-21,13.62,34.1,57.41,118.96,82.31,109.03,109.35,117.57,107.79,84.84,15.06,204.67,128.07,81.36
2016-03-22,13.72,34.02,57.31,119.31,82.09,108.8,109.22,117.35,108.12,84.79,15.12,204.56,128.04,81.36
2016-03-23,13.43,33.44,56.73,116.61,81.71,109.3,106.88,117.94,107.23,84.84,14.51,203.2092,129.49,80.92
2016-03-24,13.35,33.36,56.35,116.33,81.35,109.19,107.2,117.89,107.26,84.8,14.43,203.12,129.54,80.95
2016-03-28,13.39,33.47,56.69,116.6,80.98,109.35,107.33,117.96,107.11,84.82,14.46,203.24,129.71,81.68
2016-03-29,13.36,33.93,57.3,118.76,81.29,110.09,110.31,118.49,108.83,84.98,14.6,205.1208,131.07,83.45
2016-03-30,13.31,34.28,57.73,117.1,81.58,109.94,110.32,118.35,109.36,84.99,14.49,206.02,129.69,83.29
2016-03-31,13.29,34.25,57.16,117.64,81.69,110.34,110.63,118.82,109.2,85.03,14.68,205.52,130.61,83.8
2016-04-01,13.06,34.15,56.55,116.93,81.37,110.14,111.12,118.87,110.36,84.93,14.34,206.92,130.68,83.69
2016-04-04,12.88,33.74,56.43,116.15,81.17,110.27,110.19,118.88,109.94,84.99,14.2,206.25,130.76,83.57
2016-04-05,12.85,33.08,55.32,117.66,80.87,110.71,108.94,119.26,108.88,85.02,14.42,204.1892,132.19,83.02
2016-04-06,12.99,33.48,56.22,116.94,81.55,110.47,110.17,119.16,110.67,84.99,14.34,206.42,131.23,83.22
2016-04-07,12.95,32.81,55.4,118.61,81.15,111.04,108.68,119.48,109.08,85.04,14.48,203.95,132.85,82.7
2016-04-08,13.26,33.38,56.46,118.43,81.52,110.87,109.11,119.21,109.0,85.04,14.62,204.4992,132.01,83.16
2016-04-11,13.36,33.81,56.49,120.03,81.63,110.85,108.77,119.2,108.6,85.03,15.14,204.0201,131.84,82.99
2016-04-12,13.65,34.33,57.33,120.05,82.11,110.41,109.94,118.73,109.51,85.01,15.41,205.92,130.93,83.59
2016-04-13,13.72,34.94,58.24,118.77,82.65,110.49,112.31,119.14,110.91,84.97,15.44,208.0008,131.39,83.22
2016-04-14,13.61,34.77,58.43,117.11,82.62,110.23,112.17,119.06,110.92,84.97,15.34,208.01,130.76,82.76
2016-04-15,13.56,34.57,58.3,117.92,82.49,110.56,112.45,119.56,110.64,85.03,15.46,207.78,131.88,83.38
2016-04-18,13.62,34.73,58.8,117.74,82.96,110.45,113.3,119.69,111.23,85.02,15.42,209.2392,131.31,83.78
2016-04-19,13.91,35.26,59.82,119.58,83.31,110.27,113.39,119.91,110.55,84.99,16.12,209.9,130.9,83.82
2016-04-20,14.18,35.1,59.87,118.97,83.47,109.71,113.56,119.58,110.64,84.93,16.14,210.1,129.46,82.4
2016-04-21,14.12,34.75,59.51,119.42,83.21,109.53,112.99,119.53,110.65,84.91,16.21,208.97,128.69,80.93
2016-04-22,14.06,34.54,59.54,117.89,83.4,109.41,114.11,119.66,108.98,84.91,16.13,208.97,128.36,81.77
2016-04-25,14.05,34.3192,59.24,118.23,83.08,109.29,113.3,119.38,108.98,84.89,16.17,208.61,127.83,82.49
2016-04-26,14.23,34.69,59.45,118.7,83.36,109.06,114.41,119.33,108.45,84.87,16.29,208.9192,127.25,82.81
2016-04-27,14.36,34.9,59.49,119.04,83.85,109.66,114.81,120.09,107.58,84.93,16.38,209.35,128.52,82.76
2016-04-28,14.44,34.54,58.68,121.29,83.71,110.04,113.5,120.2,106.28,84.98,16.77,207.4475,129.05,82.59
2016-04-29,14.58,34.39,58.43,123.65,83.85,110.0,112.48,120.33,105.72,85.01,16.98,206.3308,129.38,81.83
2016-05-02,14.38,34.295,58.98,123.24,83.5,109.52,113.48,119.85,106.72,84.93,16.64,207.97,127.82,83.1
2016-05-03,14.16,33.33,58.01,122.96,82.96,110.17,111.62,120.06,105.73,85.02,16.57,206.1592,129.43,83.23
2016-05-04,14.17,32.79,57.34,122.21,82.65,110.37,110.7,119.86,105.05,85.01,16.49,205.01,130.14,84.42
2016-05-05,14.03,32.78,57.22,122.07,82.58,110.67,110.26,120.1,105.02,85.04,16.51,204.97,131.01,84.66
2016-05-06,14.12,32.83,57.38,123.18,82.53,110.41,110.91,119.84,105.58,85.02,16.63,205.72,130.45,85.59
2016-05-09,13.81,32.41,57.26,120.65,82.38,110.62,111.23,119.72,105.88,85.06,16.12,205.8892,130.86,86.53
2016-05-10,14.15,33.03,58.08,120.98,83.08,110.6,112.35,119.92,107.33,85.08,16.28,208.45,130.87,86.52
2016-05-11,14.48,32.95,57.58,122.12,83.02,110.77,110.96,120.05,106.36,85.05,16.56,206.5,131.61,84.67
2016-05-12,14.5,32.86,57.56,121.16,83.15,110.47,110.3708,119.8,105.89,85.0,16.22,206.56,131.01,85.16
2016-05-13,14.48,32.27,56.97,121.71,82.78,110.89,109.64,120.02,105.5,85.01,16.28,204.76,132.28,84.4
2016-05-16,14.64,32.66,57.65,121.8,83.24,110.49,111.03,119.62,106.82,84.97,16.32,206.78,131.14,85.2
2016-05-17,14.75,32.51,57.23,122.22,83.07,110.34,109.27,119.58,105.48,84.94,16.41,204.8508,131.36,83.62
2016-05-18,14.64,32.19,57.25,120.1,83.08,109.45,109.84,118.56,105.86,84.79,16.0,204.91,129.49,82.31
2016-05-19,14.6,31.89,56.84,119.87,82.85,109.56,108.955,118.84,105.31,84.81,15.67,204.2,130.05,81.39
2016-05-20,14.66,32.21,57.31,119.71,83.14,109.63,110.79,118.92,106.47,84.84,15.69,205.49,130.15,82.04
2016-05-23,14.58,32.15,57.12,119.37,83.16,109.7,110.66,118.92,106.33,84.83,15.59,205.21,130.44,82.05
2016-05-24,14.58,32.48,57.95,117.3,83.66,109.52,112.94,118.72,108.46,84.77,15.42,207.87,129.86,83.07
2016-05-25,14.75,32.87,58.56,116.98,83.79,109.47,113.6,118.93,109.24,84.82,15.5,209.28,129.37,83.07
2016-05-26,14.74,33.09,58.72,116.58,83.55,109.81,113.47,119.27,109.56,84.87,15.53,209.34,130.04,83.23
2016-05-27,14.8,33.08,58.66,115.62,83.69,109.6,114.6,119.18,110.13,84.82,15.39,210.24,129.85,83.68
2016-05-31,14.71,33.12,58.38,116.06,83.61,109.73,115.0,119.39,110.34,84.86,15.19,209.84,130.16,83.67
2016-06-01,14.86,33.1,58.33,115.94,83.34,109.53,115.78,119.14,110.35,84.75,15.17,210.27,130.42,83.74
2016-06-02,14.89,33.37,58.33,115.67,83.36,109.87,116.67,119.38,110.58,84.82,15.22,210.91,131.36,84.17
2016-06-03,14.99,33.88,58.71,118.88,83.51,110.89,115.97,120.34,110.06,84.96,15.61,210.28,133.23,84.51
2016-06-06,15.17,34.24,59.04,118.92,83.88,110.6,117.22,120.05,110.46,84.94,15.68,211.35,132.24,83.86
2016-06-07,15.32,34.55,59.47,118.82,84.25,110.76,117.56,120.23,110.18,84.96,15.6,211.68,132.56,84.37
2016-06-08,15.58,34.8,59.59,120.58,84.57,110.89,118.43,120.63,110.37,84.98,16.21,212.37,133.27,84.91
2016-06-09,15.55,34.4,58.86,121.25,84.24,111.06,117.67,120.8,110.19,85.0,16.47,212.08,134.13,85.1
2016-06-10,15.36,33.53,57.15,121.74,83.83,111.45,116.07,120.94,108.94,85.05,16.49,210.07,134.78,84.7
2016-06-13,15.36,33.06,56.32,122.64,83.27,111.67,114.81,120.76,108.03,85.07,16.58,208.4492,135.38,84.72
2016-06-14,15.26,32.95,55.42,122.77,82.99,111.64,114.48,120.49,108.03,85.08,16.54,208.04,135.28,84.5
2016-06-15,15.18,33.3,55.79,123.68,83.03,111.98,114.56,120.94,107.72,85.18,16.69,207.75,135.8,85.3
2016-06-16,14.92,33.18,55.905,122.38,83.075,112.1,114.55,121.12,108.04,85.13,16.31,208.37,136.46,85.78
2016-06-17,15.27,33.27,56.46,123.95,83.13,111.72,114.06,120.76,106.49,85.14,16.6,206.52,135.61,85.64
2016-06-20,15.41,33.86,57.86,123.21,83.62,111.24,115.3,120.61,107.16,85.09,16.65,207.85,134.16,85.76
2016-06-21,15.29,34.12,58.33,120.84,83.94,110.99,115.08,120.5,107.5,85.03,16.38,208.44,133.54,85.32
2016-06-22,15.2,33.94,57.12,120.9,84.02,111.21,114.63,120.72,107.24,85.06,16.42,208.1,133.76,85.19
2016-06-23,15.32,34.76,58.7,120.11,84.64,110.68,116.82,120.6,108.77,85.03,16.49,210.81,132.23,85.62
2016-06-24,15.01,32.64,53.66,126.01,83.25,112.21,112.55,121.17,104.29,85.2,16.89,203.13,135.78,84.87
2016-06-27,14.98,32.23,52.63,126.68,82.05,113.18,108.69,121.68,102.22,85.28,16.87,199.6,139.17,84.92
2016-06-28,15.22,33.18,54.01,125.32,83.08,113.16,110.37,122.35,104.46,85.31,16.91,203.1997,139.46,86.71
2016-06-29,15.44,34.02,55.0,125.84,84.13,112.7,112.88,122.31,106.31,85.28,17.37,206.66,138.39,87.76
2016-06-30,15.35,34.36,55.82,126.47,84.7,112.9523,114.98,122.735,107.54,85.32,17.865,209.475,138.9,88.67
2016-07-01,15.54,34.69,55.82,128.41,84.47,113.09,115.39,123.05,108.08,85.3,18.74,209.9208,140.57,88.7
2016-07-05,15.1,33.95,54.74,129.47,83.99,113.71,113.69,123.47,107.42,85.34,18.98,208.41,142.33,89.68
2016-07-06,15.16,33.86,54.64,130.23,84.36,113.73,113.89,123.69,108.3,85.3,19.1,209.66,142.56,89.29
2016-07-07,14.73,33.77,54.42,129.74,84.47,113.58,114.13,123.71,108.62,85.26,18.71,209.526,142.55,88.37
2016-07-08,14.88,34.5,55.25,130.52,85.59,113.8,116.79,124.4,110.3,85.26,19.22,212.65,143.6,89.8
2016-07-11,14.82,34.83,56.06,129.29,85.64,113.2,118.14,124.08,110.93,85.17,19.3,213.4,142.34,90.4
2016-07-12,15.1,35.32,56.82,127.15,85.88,112.53,119.72,123.38,111.49,85.14,19.09,214.95,140.0,90.39
2016-07-13,14.91,35.26,56.76,128.32,85.63,112.82,119.25,123.86,111.22,85.16,19.39,214.92,141.65,90.89
2016-07-14,14.97,35.77,57.25,127.33,85.8,112.35,119.37,123.56,111.98,85.11,19.25,216.12,139.59,90.08
2016-07-15,14.93,35.69,56.96,126.84,85.63,111.92,119.7,123.09,111.8,85.07,19.08,215.83,138.39,90.11
2016-07-18,14.86,36.005,57.1,127.04,85.92,111.89,119.9,123.09,112.54,85.12,19.1,216.4092,138.26,90.35
2016-07-19,14.77,35.64,56.65,127.21,85.69,112.19,119.3,123.31,112.13,85.13,18.92,216.19,139.04,90.79
2016-07-20,14.67,35.82,57.16,125.39,85.91,111.96,120.08,123.27,113.44,85.09,18.42,217.085,138.28,90.8
2016-07-21,14.59,35.705,56.93,127.3,85.79,112.21,119.51,123.41,113.18,85.15,18.88,216.265,138.56,90.98
2016-07-22,14.56,35.97,57.04,126.35,86.17,112.12,120.4,123.34,113.65,85.12,18.67,217.24,138.8,91.78
2016-07-25,14.4,35.61,56.97,125.47,85.76,112.03,120.22,123.27,113.66,85.06,18.54,216.65,138.7,91.61
2016-07-26,14.34,35.89,57.21,126.0,85.43,112.1,120.8,123.15,113.79,85.07,18.66,216.75,138.92,91.16
2016-07-27,14.2,36.01,57.42,128.03,85.69,112.58,121.14,123.66,114.58,85.13,19.37,216.52,140.65,90.45
2016-07-28,14.16,36.02,57.36,127.66,85.33,112.64,120.83,123.54,114.98,85.12,19.21,216.77,140.39,91.29
2016-07-29,14.28,36.205,58.035,128.98,85.41,113.07,121.07,123.99,115.23,85.23,19.35,217.12,141.56,92.45
2016-08-01,14.03,36.14,57.66,129.22,84.55,112.52,121.17,122.97,115.84,85.15,19.43,216.94,139.77,92.65
2016-08-02,14.01,35.88,57.37,130.27,84.43,112.25,119.48,122.28,114.96,85.12,19.6,215.5492,138.33,91.17
2016-08-03,14.24,36.0,57.17,129.65,84.81,112.31,120.45,122.44,115.34,85.13,19.38,216.18,138.41,90.64
2016-08-04,14.3,36.2,57.5,129.87,85.35,112.58,120.56,122.96,115.67,85.19,19.35,216.4097,139.45,90.27
2016-08-05,14.36,36.62,57.76,127.55,85.54,111.88,122.3,122.46,116.78,85.07,18.71,218.18,138.0,90.33
2016-08-08,14.44,36.88,57.88,127.44,85.89,111.82,122.24,122.54,116.65,85.04,18.74,218.05,138.26,90.49
2016-08-09,14.4,37.13,58.34,127.96,86.19,112.22,122.37,123.26,116.92,85.09,18.87,218.18,139.62,90.98
2016-08-10,14.23,37.14,58.54,128.56,86.03,112.52,121.4892,123.61,116.62,85.13,19.16,217.64,140.16,90.88
2016-08-11,14.45,37.62,58.96,127.67,86.24,111.98,122.07,123.2,117.12,85.05,18.96,218.65,138.91,89.85
2016-08-12,14.56,37.48,58.81,127.4,86.31,112.38,122.19,123.76,117.2,85.11,18.72,218.46,140.08,90.23
2016-08-15,14.8,37.87,59.035,127.84,86.565,112.05,123.4,123.38,117.7,85.09,18.83,219.09,138.76,90.14
2016-08-16,14.92,37.7,58.95,128.47,86.39,111.86,122.4,123.16,117.05,85.06,18.82,217.96,138.39,89.06
2016-08-17,14.98,37.46,58.93,128.5,86.51,112.04,122.04,123.5,117.26,85.06,18.68,218.37,139.22,89.42
2016-08-18,15.17,37.81,59.23,129.11,86.85,112.24,122.94,123.8,117.29,85.12,18.77,218.86,139.44,89.09
2016-08-19,15.12,37.6,58.79,127.97,86.59,111.86,122.94,123.43,117.26,85.04,18.35,218.54,138.71,88.52
2016-08-22,14.98,37.1,58.85,127.78,86.45,112.11,123.22,123.85,117.35,85.05,17.97,218.53,139.88,89.0
2016-08-23,15.04,36.95,59.1,127.76,86.74,112.1,124.08,123.99,117.56,85.06,17.93,218.97,140.03,89.05
2016-08-24,14.86,37.05,58.96,126.34,86.5,112.06,123.07,123.91,116.8,85.04,17.62,217.85,139.7,88.66
2016-08-25,14.92,37.08,58.72,126.23,86.66,111.88,123.31,123.79,116.61,85.01,17.63,217.7,139.17,89.06
2016-08-26,14.87,36.76,58.37,126.05,86.56,111.45,123.06,123.4,116.78,84.93,17.72,217.29,138.36,88.18
2016-08-29,14.81,37.04,58.55,126.3,86.99,111.91,123.7,124.1,116.94,84.98,17.9,218.3608,140.21,89.05
2016-08-30,14.67,36.94,58.47,125.03,87.04,111.9,123.93,123.94,116.56,84.99,17.67,218.0,139.67,88.88
2016-08-31,14.39,36.53,58.35,124.78,86.7,111.77,123.23,123.89,116.44,84.98,17.72,217.38,139.87,88.97
2016-09-01,14.23,36.81,58.75,125.29,86.5,111.79,123.32,123.57,116.74,84.97,17.94,217.39,139.77,88.75
2016-09-02,14.39,37.41,59.43,126.57,86.9,111.5,124.51,123.35,117.12,84.97,18.44,218.37,138.63,89.52
2016-09-06,14.49,38.21,59.83,128.71,87.0,112.02,124.6292,123.78,117.85,85.03,19.05,219.0308,139.64,90.21
2016-09-07,14.62,38.09,59.86,128.27,86.76,112.08,125.41,123.61,117.92,85.03,18.78,219.01,139.54,90.75
2016-09-08,14.88,37.99,59.69,127.59,86.6,111.53,125.16,122.74,117.23,84.97,18.62,218.51,137.79,89.64
2016-09-09,14.65,36.71,58.53,126.75,85.77,111.0,121.25,121.82,114.28,84.94,18.11,213.28,135.52,86.09
2016-09-12,14.65,36.96,59.01,126.59,86.07,111.1,122.94,121.83,116.33,84.97,18.17,216.34,135.59,87.11
2016-09-13,14.46,36.03,57.82,125.75,85.41,110.69,120.58,121.43,115.29,84.94,17.93,213.23,134.05,84.34
2016-09-14,14.35,36.14,57.74,126.18,85.39,110.94,120.6,121.51,115.84,84.99,18.02,213.15,134.25,84.61
2016-09-15,14.42,36.76,58.24,125.37,85.89,110.97,122.04,121.59,117.64,85.06,18.04,215.28,133.67,84.93
2016-09-16,14.44,36.51,57.49,125.06,85.91,111.09,121.86,121.73,117.29,85.02,17.86,213.37,134.75,84.97
2016-09-19,14.43,36.8,57.79,125.32,85.96,110.9,122.67,121.69,116.78,85.0,18.2,213.41,134.31,85.74
2016-09-20,14.48,36.82,58.14,125.44,85.86,111.07,122.15,121.85,117.0,84.98,18.27,213.42,134.78,85.61
2016-09-21,14.66,37.85,59.16,127.27,86.57,111.25,123.92,122.47,118.15,85.0,18.85,215.82,135.87,86.71
2016-09-22,14.74,38.12,59.76,127.57,86.86,111.58,125.7,122.97,119.09,84.98,18.9,217.18,136.95,88.26
2016-09-23,14.57,37.63,59.26,127.65,86.76,111.63,124.81,122.88,118.33,85.03,18.68,215.99,136.82,88.53
2016-09-26,14.67,37.08,58.71,127.55,86.38,111.95,123.23,123.07,117.34,85.08,18.41,214.24,137.69,88.74
2016-09-27,14.53,37.61,58.99,126.62,86.63,112.14,123.73,123.37,118.5,85.09,18.17,215.57,138.7,87.8
2016-09-28,14.87,37.95,59.41,126.22,87.21,112.09,124.68,123.45,118.7,85.08,18.21,216.64,138.4,88.52
2016-09-29,14.96,37.29,58.67,126.07,86.88,112.16,122.86,123.4,117.84,85.11,18.11,214.68,138.75,87.34
2016-09-30,15.01,37.45,59.13,125.64,87.26,111.88,124.21,123.18,118.72,85.04,18.2,216.3,137.51,86.74
2016-10-03,15.14,37.71,58.97,125.32,86.82,111.47,123.82,122.51,118.55,84.98,17.87,215.78,136.81,85.12
2016-10-04,15.1,37.29,58.96,120.97,86.67,110.96,123.21,121.94,118.37,84.91,16.94,214.68,135.21,83.96
2016-10-05,15.19,37.83,59.2,120.78,86.9,110.71,123.95,121.81,118.79,84.86,16.85,215.63,134.58,82.26
2016-10-06,15.22,37.86,58.88,119.66,86.95,110.48,123.82,121.82,118.73,84.86,16.44,215.78,133.83,82.29
2016-10-07,15.18,37.69,58.58,119.74,87.15,110.64,122.83,122.11,118.47,84.89,16.6,215.04,133.92,82.15
2016-10-10,15.35,38.1,58.75,120.16,87.4,110.35,124.3,122.11,119.22,84.85,16.73,216.16,133.13,82.66
2016-10-11,15.26,37.22,57.92,119.55,86.91,110.32,122.03,121.73,117.52,84.84,16.56,213.43,132.83,81.86
2016-10-12,15.15,37.15,57.79,119.74,86.88,110.32,121.93,121.89,117.42,84.84,16.65,213.71,132.96,82.8
2016-10-13,15.25,36.82,57.57,120.03,86.66,110.55,120.92,122.19,117.0,84.87,16.61,213.01,133.46,83.45
2016-10-14,15.26,36.88,57.67,119.36,86.86,110.21,120.43,121.62,117.14,84.85,16.56,213.12,131.59,83.08
2016-10-17,15.28,36.84,57.5,119.68,86.74,110.45,120.29,122.02,116.82,84.92,16.57,212.38,132.43,83.26
2016-10-18,15.31,37.49,58.07,120.42,87.09,110.67,120.98,122.32,117.86,84.95,16.72,213.71,132.86,83.79
2016-10-19,15.41,37.72,58.23,121.11,87.34,110.72,121.49,122.48,117.85,84.95,16.79,214.28,132.97,83.97
2016-10-20,15.27,37.61,58.32,120.74,87.35,110.62,121.13,122.44,117.71,84.91,16.64,213.88,133.11,83.78
2016-10-21,15.33,37.6,58.19,120.83,87.37,110.74,121.07,122.51,118.15,84.93,16.65,213.98,133.31,83.47
2016-10-24,15.34,37.76,58.18,120.56,87.42,110.59,121.84,122.16,119.57,84.9,16.7,214.89,132.73,83.66
2016-10-25,15.27,37.8,58.14,121.47,87.37,110.57,120.93,122.07,119.19,84.9,16.86,214.17,133.08,83.51
2016-10-26,15.17,37.4,57.88,120.79,87.02,110.33,119.73,121.56,118.38,84.87,16.71,213.74,132.18,82.42
2016-10-27,15.26,37.08,57.81,121.01,86.7,109.95,118.36,121.01,117.84,84.89,16.73,213.17,130.74,80.26
2016-10-28,15.16,36.93,57.79,121.58,86.28,109.97,118.03,120.87,117.1,84.89,16.87,212.54,130.45,80.45
2016-10-31,14.96,37.14,57.82,121.94,86.02,110.06,118.5,120.98,116.99,84.95,16.97,212.55,131.25,81.76
2016-11-01,15.03,36.84,57.57,122.73,85.3,109.91,117.05,120.51,116.11,84.9,17.41,211.01,131.01,79.98
2016-11-02,14.85,36.4,57.18,123.64,84.92,110.24,115.56,120.69,115.18,84.95,17.56,209.74,131.58,78.81
2016-11-03,14.8,36.3,57.12,124.3,84.94,110.17,115.0,120.45,114.05,84.96,17.42,208.78,130.57,78.2
2016-11-04,14.7,35.93,56.57,124.39,84.98,110.51,115.74,120.81,113.65,84.99,17.46,208.55,131.74,78.82
2016-11-07,14.76,37.23,57.35,122.15,86.17,110.05,118.57,120.73,116.35,84.96,17.29,213.15,130.62,80.2
2016-11-08,14.74,37.47,57.51,121.64,85.98,109.66,118.88,120.46,117.11,84.87,17.4,214.11,130.09,80.62
2016-11-09,14.81,36.26,57.56,121.56,85.38,107.99,122.54,118.69,117.65,84.76,17.45,216.3792,124.57,79.4
2016-11-10,14.69,35.22,57.4,119.75,84.26,107.34,124.5,118.59,115.75,84.73,17.56,216.92,122.73,78.07
2016-11-11,14.41,34.55,57.05,117.1,83.47,107.12,127.36,118.08,115.8,84.73,16.47,216.42,122.04,78.54
2016-11-14,14.38,34.3,56.74,116.11,84.09,106.5,129.15,117.47,114.63,84.6,16.0,216.59,121.31,80.4
2016-11-15,14.7,34.99,56.99,117.12,85.2,106.5,129.55,117.83,116.22,84.63,16.19,218.28,121.91,79.73
2016-11-16,14.52,34.7,56.39,116.77,84.86,106.6,129.54,118.0,116.91,84.62,16.09,217.87,123.01,79.5
2016-11-17,14.55,34.75,56.82,116.17,84.63,106.13,130.3,117.25,117.76,84.61,15.84,218.99,121.2,78.69
2016-11-18,14.67,34.59,56.2,115.15,84.63,105.66,130.99,116.59,117.32,84.56,15.73,218.5,120.85,78.92
2016-11-21,15.08,34.93,56.68,115.58,85.31,105.75,131.6,116.71,118.54,84.55,15.72,220.15,121.15,78.68
2016-11-22,15.06,35.46,56.82,115.54,85.94,105.85,132.8,117.01,118.9,84.53,15.8,220.58,121.11,80.06
2016-11-23,15.12,35.08,56.62,113.25,85.62,105.47,133.63,116.58,118.42,84.48,15.52,220.7,120.64,79.72
2016-11-25,15.01,35.25,56.79,112.61,85.73,105.38,134.07,116.59,118.8,84.47,15.63,221.52,120.82,80.18
2016-11-28,15.06,35.39,56.49,113.8,85.72,105.86,132.33,117.12,118.53,84.52,15.77,220.48,121.71,80.55
2016-11-29,14.76,35.44,56.85,113.27,85.61,105.97,132.26,117.28,118.94,84.53,15.78,220.91,122.22,81.32
2016-11-30,15.21,35.5,56.79,111.75,85.65,105.26,131.61,116.84,117.5,84.5,15.66,220.38,120.24,80.39
2016-12-01,15.49,35.08,56.57,111.54,84.87,104.71,130.97,115.87,115.47,84.41,15.66,219.57,118.73,79.21
2016-12-02,15.6,35.12,56.71,112.14,85.38,105.18,130.9,116.4,115.7,84.5,15.83,219.68,119.6,80.0
2016-12-05,15.68,35.41,57.27,111.54,85.6,105.14,133.15,116.65,116.6,84.5,15.88,221.0,119.47,80.59
2016-12-06,15.61,35.6,57.66,111.43,86.03,105.18,134.59,116.64,116.88,84.48,15.85,221.7,119.38,81.11
2016-12-07,15.49,36.2,58.52,111.83,86.46,105.53,135.9,117.13,118.36,84.51,16.23,224.6,120.4,82.73
2016-12-08,15.52,36.36,58.47,111.57,86.45,105.13,138.04,116.65,118.57,84.5,16.14,225.15,118.98,83.3
2016-12-09,15.6,36.17,58.72,110.4,86.49,104.59,138.31,116.2,119.5,84.49,15.97,226.51,117.5,83.21
2016-12-12,15.7,35.93,58.46,110.82,86.37,104.61,136.85,116.09,118.96,84.46,16.19,226.25,117.72,83.76
2016-12-13,15.74,36.33,59.09,110.45,86.58,104.67,136.86,116.35,120.46,84.45,16.04,227.76,118.14,83.72
2016-12-14,15.59,35.25,58.22,108.83,85.93,103.8,135.15,115.61,120.21,84.29,15.93,225.88,116.82,81.89
2016-12-15,15.57,35.31,58.09,107.34,85.97,103.51,136.16,115.69,120.4,84.25,15.18,226.81,117.41,81.41
2016-12-16,15.64,35.15,58.13,108.05,86.05,103.64,135.91,115.6,119.6,84.29,15.27,225.04,117.14,82.63
2016-12-19,15.55,34.91,58.04,108.59,86.27,104.12,136.8,116.16,120.09,84.33,15.17,225.53,118.4,83.52
2016-12-20,15.62,35.03,58.24,107.79,86.39,103.9,137.96,116.09,120.55,84.34,15.24,226.4,117.81,83.71
2016-12-21,15.53,34.49,57.66,107.85,86.54,104.07,137.06,116.46,120.46,84.38,15.12,225.77,118.33,82.44
2016-12-22,15.51,34.08,57.53,107.59,86.44,103.86,135.32,116.15,120.12,84.34,14.98,225.38,117.81,80.61
2016-12-23,15.54,34.28,57.68,107.93,86.6,103.96,136.04,116.33,120.2,84.34,14.91,225.71,118.05,80.82
2016-12-27,15.78,34.43,57.61,108.56,86.52,103.81,136.65,116.12,120.82,84.3,15.13,226.27,117.67,80.99
2016-12-28,15.79,34.69,57.39,108.86,86.4,104.19,135.25,116.55,119.88,84.33,15.2,224.4,118.53,80.5
2016-12-29,15.81,35.26,57.53,110.29,86.52,104.51,135.37,117.0,119.71,84.42,15.32,224.35,118.95,81.5
2016-12-30,15.84,35.01,57.73,109.61,86.55,104.82,134.85,117.18,118.48,84.45,15.11,223.53,119.13,82.53
2017-01-03,15.65,35.43,58.09,110.47,86.91,104.77,135.52,117.28,119.54,84.38,15.44,225.24,119.64,82.8
2017-01-04,15.77,35.7,58.75,110.86,87.38,104.89,137.78,117.68,120.19,84.4,15.58,226.58,120.1,84.01
2017-01-05,15.85,36.09,59.25,112.58,87.25,105.57,136.19,118.31,120.87,84.46,15.76,226.4,121.98,84.28
2017-01-06,15.83,35.94,59.05,111.75,87.23,105.09,135.69,117.69,121.93,84.39,15.64,227.21,120.86,84.29
2017-01-09,15.59,35.91,58.96,112.67,87.21,105.49,134.8,117.92,122.33,84.46,15.7,226.46,121.83,83.53
2017-01-10,15.52,36.12,58.97,113.15,87.22,105.44,136.09,117.85,122.6,84.43,15.91,226.46,121.75,82.82
2017-01-11,15.69,36.55,59.28,113.5,87.27,105.56,136.33,118.03,122.93,84.47,15.87,227.1,122.16,82.31
2017-01-12,15.92,36.71,59.37,113.91,87.29,105.62,135.28,118.02,122.74,84.5,15.91,226.53,121.89,82.73
2017-01-13,15.89,36.68,59.59,114.21,87.32,105.39,136.26,117.78,123.16,84.46,15.94,227.05,121.31,82.61
2017-01-17,15.88,36.66,59.37,115.85,87.23,105.92,134.41,118.29,122.79,84.52,16.28,226.25,122.58,83.25
2017-01-18,15.74,36.46,59.2,114.87,87.31,105.17,134.85,117.51,123.04,84.44,16.19,226.75,121.01,83.39
2017-01-19,15.69,36.35,59.05,114.77,87.03,104.77,133.75,117.11,122.98,84.41,16.12,225.91,120.18,82.54
2017-01-20,15.87,36.42,59.39,115.05,87.2,104.82,134.44,117.32,123.25,84.46,16.19,226.74,119.94,83.14
2017-01-23,15.87,36.96,59.54,115.79,87.2,105.37,133.88,117.86,123.35,84.54,16.29,226.15,121.14,83.84
2017-01-24,15.91,37.19,59.69,115.27,87.26,104.97,135.93,117.51,124.18,84.49,16.22,227.6,120.31,83.86
2017-01-25,15.81,37.6,60.31,114.32,87.57,104.45,137.21,117.06,125.43,84.47,16.1,229.57,118.8,83.31
2017-01-26,15.88,37.44,60.07,113.26,87.53,104.59,136.66,117.2,125.56,84.48,15.93,229.33,119.2,83.15
2017-01-27,15.75,37.47,59.97,113.49,87.61,104.72,136.19,117.34,125.8,84.52,16.22,228.97,119.63,82.34
2017-01-30,15.66,37.27,59.54,113.97,87.43,104.69,134.29,117.14,124.82,84.52,16.23,227.55,119.27,81.78
2017-01-31,15.75,37.34,59.63,115.55,87.34,105.05,135.23,117.35,124.57,84.54,16.63,227.53,120.1,82.37
2017-02-01,15.92,37.36,59.87,115.2,87.28,104.69,135.15,116.89,125.43,84.46,16.61,227.62,119.1,81.38
2017-02-02,15.92,37.52,59.9,115.84,87.33,104.73,134.81,116.92,125.32,84.49,16.56,227.77,119.05,82.35
2017-02-03,15.91,37.75,60.14,116.13,87.48,104.81,136.87,117.05,125.68,84.46,16.57,229.34,119.0,82.8
2017-02-06,15.81,37.66,59.71,117.7,87.42,105.31,135.84,117.42,125.83,84.55,16.82,228.93,119.72,82.66
2017-02-07,15.74,37.47,59.65,117.46,87.29,105.5,135.24,117.62,126.29,84.53,16.79,228.94,120.6,82.37
2017-02-08,15.8,37.7,59.75,118.19,87.35,105.93,135.0,118.03,126.5,84.61,16.84,229.24,122.24,83.02
2017-02-09,15.88,37.87,60.0,117.29,87.47,105.3,136.9,117.56,126.96,84.54,16.75,230.6,120.83,83.22
2017-02-10,16.05,38.22,60.14,117.6,87.53,105.23,137.94,117.53,127.38,84.53,17.02,231.51,120.76,83.81
2017-02-13,15.87,38.34,60.38,116.8,87.66,105.07,138.3,117.48,128.1,84.51,16.89,232.77,120.38,83.84
2017-02-14,15.89,38.38,60.29,116.93,87.72,104.69,138.76,117.2,128.53,84.45,17.01,233.7,119.51,83.4
2017-02-15,15.91,38.69,60.52,117.45,87.75,104.49,139.59,117.11,129.29,84.42,17.04,234.92,118.96,83.12
2017-02-16,15.81,38.55,60.66,118.08,87.68,104.91,139.2,117.44,129.25,84.46,17.15,234.72,119.61,83.61
2017-02-17,15.78,38.39,60.5,117.68,87.77,105.19,139.11,117.74,129.81,84.52,17.06,235.09,120.32,83.77
2017-02-21,15.76,38.81,60.7,117.75,88.06,105.14,140.2,117.79,130.45,84.53,17.03,236.49,120.11,84.84
2017-02-22,15.68,38.93,60.7,117.91,88.1,105.31,139.58,117.88,130.5,84.55,17.11,236.28,120.31,84.56
2017-02-23,15.73,38.94,60.83,118.94,88.18,105.59,138.75,118.18,130.01,84.59,17.24,236.44,120.67,85.0
2017-02-24,15.7,38.48,60.39,119.7,88.25,106.08,138.65,118.78,130.26,84.63,17.4,236.74,122.01,85.4
2017-02-27,15.66,38.36,60.43,119.12,88.36,105.7,140.0,118.5,130.42,84.56,17.27,237.11,121.29,85.85
2017-02-28,15.72,37.99,60.34,119.23,88.29,105.65,137.84,118.58,130.02,84.52,17.37,236.47,121.74,85.26
2017-03-01,15.79,38.58,60.97,119.06,88.23,104.77,140.36,117.56,131.44,84.4,17.44,239.78,119.47,85.0
2017-03-02,15.54,37.9,60.57,117.58,87.95,104.47,138.75,117.38,130.78,84.31,16.8,238.27,119.04,84.54
2017-03-03,15.62,38.19,60.93,117.51,87.99,104.57,138.65,117.5,131.02,84.33,16.98,238.42,119.35,84.21
2017-03-06,15.6,38.21,60.74,116.72,87.71,104.55,137.7,117.29,130.73,84.35,16.83,237.71,118.78,83.83
2017-03-07,15.53,38.25,60.53,115.78,87.14,104.4,136.8,116.71,130.51,84.32,16.55,237.0,118.42,83.43
2017-03-08,15.18,37.89,60.31,115.06,86.56,104.05,135.9,116.35,130.74,84.25,16.32,236.56,117.78,81.89
2017-03-09,15.05,37.59,60.54,114.47,86.33,103.76,135.36,115.72,130.84,84.24,16.06,236.86,116.84,80.66
2017-03-10,14.91,38.01,61.05,114.72,86.3,103.98,135.96,116.01,131.39,84.29,16.15,237.69,117.25,80.41
2017-03-13,14.89,38.54,61.37,114.74,86.37,103.72,136.28,115.62,131.61,84.25,16.07,237.81,116.51,80.61
2017-03-14,14.83,38.32,60.9,114.12,86.11,103.83,135.63,115.72,131.29,84.24,15.99,236.9,117.07,80.59
2017-03-15,14.96,39.32,61.77,116.25,87.3,104.74,137.73,116.72,132.1,84.4,16.43,238.95,118.5,82.22
2017-03-16,14.94,39.56,62.07,116.73,87.05,104.45,137.91,116.55,132.01,84.34,16.4,238.48,117.9,82.06
2017-03-17,14.99,39.49,62.23,116.99,87.08,104.73,138.46,116.82,131.69,84.38,16.47,237.03,118.64,82.44
2017-03-20,14.9817,39.985,62.1037,117.5645,87.0034,104.9877,137.7512,117.1044,131.81,84.4259,16.5069,236.77,119.15,82.2991
2017-03-21,14.9,39.51,61.82,118.54,86.29,105.33,133.97,117.38,129.81,84.47,16.61,233.73,120.14,82.01
2017-03-22,14.89,39.7,61.83,118.83,86.5,105.53,134.0,117.68,130.69,84.49,16.62,234.28,120.62,81.37
2017-03-23,14.86,39.71,61.97,118.67,86.53,105.42,134.78,117.6,130.36,84.49,16.67,234.03,120.45,81.97
2017-03-24,14.91,39.81,62.14,118.86,86.83,105.48,134.49,117.72,130.63,84.49,16.81,233.86,120.88,81.88
2017-03-27,14.89,39.7,62.3,119.53,86.74,105.74,134.74,117.97,130.84,84.52,17.15,233.62,121.43,81.14
2017-03-28,14.98,39.81,62.6,119.04,87.22,105.38,135.79,117.72,131.64,84.48,17.18,235.32,120.62,81.49
2017-03-29,15.12,39.88,62.6,119.33,87.4,105.68,136.23,118.1,132.25,84.53,17.25,235.54,121.34,81.95
2017-03-30,15.18,39.67,62.38,118.47,87.81,105.38,137.26,117.79,132.47,84.51,17.15,236.29,120.36,82.1
2017-03-31,15.21,39.39,62.29,118.72,87.78,105.59,137.48,117.91,132.38,84.52,17.25,235.74,120.71,82.59
2017-04-03,15.15,39.61,62.2,119.35,87.36,105.95,136.03,118.12,132.3,84.54,17.24,235.33,121.67,82.83
2017-04-04,15.3,39.63,62.18,119.62,87.39,105.8,135.87,117.81,132.51,84.51,17.33,235.48,121.01,82.83
2017-04-05,15.33,39.51,61.85,119.62,87.32,106.0,134.33,117.96,131.97,84.51,17.32,234.78,121.38,82.95
2017-04-06,15.37,39.44,61.86,119.18,87.43,105.93,135.58,118.07,132.04,84.53,17.26,235.44,121.2,83.39
2017-04-07,15.41,39.37,61.82,119.46,87.39,105.61,135.52,117.78,131.97,84.42,17.03,235.2,120.71,83.51
2017-04-10,15.53,39.21,61.75,119.46,87.51,105.8,135.82,118.0,132.02,84.46,17.0,235.34,121.27,84.03
2017-04-11,15.56,39.12,62.04,121.19,87.34,106.29,136.9,118.55,131.45,84.54,17.31,235.06,122.42,84.61
2017-04-12,15.56,39.31,61.99,122.02,87.4,106.62,135.04,118.94,130.92,84.6,17.46,234.03,123.09,84.46
2017-04-13,15.61,39.14,61.59,122.6,87.22,106.94,133.72,119.14,130.4,84.64,17.53,232.51,123.47,84.27
2017-04-17,15.52,39.55,61.97,122.24,87.48,106.77,135.29,118.91,131.48,84.63,17.43,234.57,123.09,85.29
2017-04-18,15.46,39.05,61.69,122.82,87.46,107.38,135.32,119.61,131.28,84.7,17.34,233.87,124.7,85.52
2017-04-19,15.19,38.81,61.44,121.73,87.38,107.1,135.79,119.25,131.49,84.66,17.18,233.44,124.02,85.4
2017-04-20,15.13,39.29,61.93,121.96,87.67,106.86,137.52,119.08,132.59,84.65,17.06,235.34,123.54,85.41
2017-04-21,14.98,39.29,61.97,122.31,87.6,106.91,137.21,119.08,132.56,84.69,17.02,234.59,123.54,85.1
2017-04-24,14.93,39.85,63.54,121.48,88.01,106.69,138.92,118.92,134.16,84.6,16.98,237.17,122.93,84.16
2017-04-25,15.0,40.2,63.99,120.25,88.17,106.14,140.27,118.45,135.13,84.52,16.68,238.55,121.45,84.51
2017-04-26,14.92,40.05,63.81,120.84,88.09,106.42,140.99,118.74,134.94,84.55,16.57,238.4,122.12,83.88
2017-04-27,14.84,40.0,63.87,120.39,88.15,106.49,140.95,118.85,135.75,84.58,16.37,238.6,122.08,83.66
2017-04-28,14.8,40.06,63.8,120.77,88.12,106.6,139.06,118.99,135.99,84.62,16.3,238.08,122.35,82.79
2017-05-01,14.83,40.29,64.06,119.67,87.79,106.21,139.86,118.3,137.2,84.5,15.99,238.68,121.08,83.28
2017-05-02,14.67,40.58,64.39,119.65,87.82,106.43,139.15,118.65,137.43,84.53,15.93,238.77,121.7,83.14
2017-05-03,14.61,40.31,64.26,117.98,87.9,106.21,138.29,118.59,136.99,84.47,15.59,238.48,121.78,82.03
2017-05-04,14.26,39.86,64.87,116.79,87.43,105.97,138.1,118.36,137.04,84.46,15.43,238.76,121.18,81.63
2017-05-05,14.46,40.19,65.59,117.01,87.58,105.99,138.99,118.4,137.54,84.49,15.5,239.7,121.29,82.4
2017-05-08,14.4,40.18,65.1,116.75,87.68,105.73,138.41,118.19,137.84,84.45,15.41,239.66,120.63,81.82
2017-05-09,14.33,40.69,64.94,116.05,87.62,105.61,138.35,118.21,138.32,84.41,15.3,239.44,120.62,81.38
2017-05-10,14.56,40.96,65.04,116.04,88.0,105.57,139.21,118.37,138.4,84.43,15.35,239.87,120.48,82.02
2017-05-11,14.62,41.05,64.88,116.5,88.01,105.65,138.24,118.43,138.29,84.44,15.45,239.38,120.48,81.61
2017-05-12,14.62,41.22,65.24,116.83,87.98,106.19,137.51,119.03,138.6,84.54,15.57,238.98,121.39,81.28
2017-05-15,14.7,41.64,65.57,117.14,88.18,106.12,138.58,119.02,139.04,84.53,15.75,240.3,121.06,81.52
2017-05-16,14.72,41.68,65.99,117.65,88.31,106.26,138.63,119.19,139.62,84.53,15.93,240.08,121.51,80.97
2017-05-17,14.82,40.97,65.24,119.79,87.92,107.11,134.89,119.92,136.07,84.62,16.0,235.82,123.28,81.3
2017-05-18,14.78,40.29,65.35,118.81,88.02,107.08,135.38,119.9,137.26,84.58,15.71,236.77,123.42,81.75
2017-05-19,15.07,41.15,66.11,119.4,88.18,107.05,136.03,119.97,137.84,84.6,15.94,238.31,123.71,82.19
2017-05-22,15.17,41.19,66.19,119.9,88.45,106.93,136.95,119.87,139.0,84.57,16.23,239.52,123.37,82.51
2017-05-23,15.12,41.23,66.2,119.14,88.44,106.65,137.4,119.5,139.14,84.54,16.15,240.05,122.54,82.58
2017-05-24,15.09,41.39,66.24,119.61,88.59,106.87,137.49,119.69,139.78,84.59,16.28,240.61,123.23,83.25
2017-05-25,14.76,41.59,66.24,119.48,88.52,106.93,137.58,119.74,140.97,84.59,16.23,241.76,123.27,83.26
2017-05-26,14.87,41.74,66.05,120.54,88.57,107.0,137.54,119.83,141.22,84.58,16.4,241.71,123.48,82.66
2017-05-30,14.75,41.52,65.98,120.14,88.66,107.27,136.46,120.11,141.34,84.61,16.47,241.5,124.09,82.14
2017-05-31,14.59,41.2,66.06,120.62,88.65,107.32,136.32,120.25,141.29,84.62,16.39,241.44,124.4,82.19
2017-06-01,14.49,41.55,66.49,120.72,88.53,107.1,138.95,119.96,141.84,84.54,16.38,243.36,124.15,82.62
2017-06-02,14.42,41.76,67.22,121.61,88.58,107.57,139.85,120.52,143.46,84.6,16.59,244.17,125.62,83.47
2017-06-05,14.34,41.71,66.85,121.73,88.5,107.39,138.98,120.18,143.43,84.53,16.63,243.99,124.84,83.11
2017-06-06,14.44,41.73,66.66,123.1,88.36,107.73,138.85,120.53,142.86,84.56,16.76,243.21,125.52,82.71
2017-06-07,14.24,41.68,66.68,122.45,88.18,107.53,138.98,120.38,143.42,84.53,16.65,243.66,124.92,83.29
2017-06-08,14.24,41.93,66.56,121.65,88.25,107.36,140.88,120.17,143.57,84.51,16.49,243.78,124.59,83.09
2017-06-09,14.32,41.61,66.31,120.54,88.32,107.26,141.61,120.05,139.98,84.48,16.28,243.41,124.4,83.67
2017-06-12,14.19,41.39,66.06,120.36,88.47,107.24,141.38,120.08,139.23,84.47,16.04,243.36,124.36,84.42
2017-06-13,14.25,41.59,66.57,120.48,88.63,107.28,142.1,120.21,140.36,84.47,15.95,244.55,124.38,84.61
2017-06-14,14.0,41.58,66.52,119.82,88.64,107.84,141.26,121.03,139.75,84.51,15.95,244.24,126.3,84.73
2017-06-15,14.06,41.15,65.83,119.32,88.3,107.65,140.54,120.74,139.13,84.48,15.88,243.77,126.1,85.16
2017-06-16,14.12,41.22,66.39,119.34,88.15,107.71,140.19,120.84,138.15,84.52,15.79,242.64,126.35,84.94
2017-06-19,14.03,41.63,66.66,118.43,88.42,107.41,141.23,120.69,140.46,84.47,15.61,244.66,126.17,84.95
2017-06-20,13.89,40.98,65.07,118.18,88.11,107.68,139.8,120.96,139.36,84.48,15.59,243.01,127.3,84.75
2017-06-21,13.74,41.07,64.99,118.52,87.6,107.67,139.45,121.02,140.74,84.49,15.54,242.95,127.56,84.58
2017-06-22,13.76,41.28,64.98,118.92,87.84,107.77,139.98,121.12,140.7,84.5,15.68,242.84,127.84,84.66
2017-06-23,13.82,41.5,65.14,119.43,88.2,107.8,140.91,121.18,141.24,84.55,15.79,243.13,127.78,84.15
2017-06-26,13.85,41.9,65.25,118.36,88.32,107.89,141.08,121.4,140.58,84.55,15.68,243.29,128.26,84.75
2017-06-27,14.01,41.41,65.24,118.81,88.04,107.36,139.84,120.85,138.03,84.5,15.79,241.33,126.89,83.99
2017-06-28,14.1,41.73,65.81,118.9,88.4,107.26,141.98,120.98,140.02,84.54,15.92,243.49,126.47,84.19
2017-06-29,14.16,41.2,65.16,118.32,88.18,106.86,141.14,120.61,137.59,84.49,15.73,241.35,125.41,83.23
2017-06-30,14.45,41.39,65.2,118.02,88.39,106.61,140.92,120.51,137.64,84.49,15.71,241.8,125.12,83.23
2017-07-03,14.6,41.63,65.12,116.09,87.97,106.06,142.1,119.93,136.19,84.36,15.3,242.21,124.46,84.29
2017-07-05,14.38,41.55,65.12,116.52,87.9,106.14,141.59,120.13,137.53,84.39,15.18,242.77,124.49,83.1
2017-07-06,14.39,41.05,64.83,116.47,87.68,105.94,139.14,119.82,136.29,84.41,15.15,240.55,123.46,81.54
2017-07-07,14.25,41.13,64.84,115.28,87.6,105.77,140.49,119.72,137.76,84.4,14.73,242.11,122.72,82.0
2017-07-10,14.31,41.52,65.0,115.47,87.7,105.91,139.88,119.92,138.66,84.44,14.83,242.37,122.9,81.25
2017-07-11,14.45,41.86,65.15,115.62,87.64,106.05,140.29,119.97,139.05,84.47,14.99,242.19,123.11,81.16
2017-07-12,14.38,42.67,65.67,116.03,88.21,106.36,141.37,120.5,140.7,84.51,15.05,244.01,123.96,82.16
2017-07-13,14.37,42.88,65.86,115.82,88.28,106.25,141.49,120.29,141.01,84.47,14.87,244.42,123.18,82.29
2017-07-14,14.53,43.42,66.32,116.77,88.53,106.4,141.73,120.57,142.12,84.51,15.08,245.56,123.33,83.08
2017-07-17,14.48,43.22,66.19,117.29,88.56,106.53,142.06,120.68,142.19,84.52,15.22,245.53,123.67,83.75
2017-07-18,14.54,43.35,66.25,118.11,88.6,106.92,141.69,121.2,143.14,84.54,15.38,245.66,124.75,83.57
2017-07-19,14.67,43.71,66.54,118.08,88.75,106.92,143.1,121.16,143.98,84.54,15.4,246.99,124.8,84.2
2017-07-20,14.65,43.66,66.81,118.24,88.8,106.95,143.2,121.27,144.17,84.54,15.42,247.1,125.16,83.81
2017-07-21,14.45,43.63,66.55,119.26,88.73,107.14,142.55,121.55,144.11,84.58,15.6,246.88,125.69,83.75
2017-07-24,14.48,43.76,66.37,119.31,88.8,107.07,142.75,121.41,144.77,84.55,15.58,246.82,125.2,83.59
2017-07-25,14.64,43.65,66.46,118.92,88.84,106.47,144.05,120.69,144.4,84.5,15.59,247.42,123.57,83.7
2017-07-26,14.78,44.01,66.87,119.88,88.97,106.81,143.25,121.09,144.87,84.56,15.75,247.43,123.77,84.28
2017-07-27,14.87,43.77,66.72,119.79,88.9,106.64,142.34,120.79,143.96,84.54,15.68,247.2,123.16,84.38
2017-07-28,14.95,43.75,66.79,120.69,88.91,106.82,141.96,121.11,143.84,84.59,15.81,246.91,123.89,84.15
2017-07-31,15.04,43.8,66.93,120.75,88.91,106.85,141.51,121.11,143.23,84.58,15.9,246.77,124.04,84.26
2017-08-01,14.87,43.93,67.3,120.65,88.63,106.95,141.78,121.23,143.56,84.54,15.79,247.32,124.64,84.64
2017-08-02,14.9,43.97,67.33,120.4,88.65,106.85,140.23,121.04,143.95,84.5,15.67,247.44,124.71,83.87
2017-08-03,14.79,43.79,67.37,120.59,88.48,107.22,139.53,121.21,143.39,84.53,15.72,246.96,126.0,83.7
2017-08-04,14.82,43.95,67.46,119.65,88.5,106.93,140.21,120.74,143.65,84.5,15.38,247.41,124.93,83.98
2017-08-07,14.85,44.25,67.49,119.51,88.46,106.99,140.44,120.77,144.56,84.53,15.33,247.87,125.07,83.89
2017-08-08,14.86,44.26,67.13,119.86,88.08,106.9,140.0,120.19,144.31,84.53,15.56,247.26,124.62,83.49
2017-08-09,14.96,43.86,67.02,121.31,87.74,107.03,138.79,120.31,144.12,84.52,15.98,247.25,125.3,83.21
2017-08-10,14.73,42.82,66.07,122.21,87.18,107.43,136.27,120.27,141.03,84.55,16.18,243.76,126.37,82.61
2017-08-11,14.78,42.92,65.95,122.79,87.33,107.55,136.47,120.49,142.1,84.66,16.17,244.12,126.43,82.1
2017-08-14,14.65,43.36,66.43,121.92,87.79,107.29,138.54,120.41,143.93,84.59,16.13,246.54,125.78,83.47
2017-08-15,14.58,43.41,66.38,120.98,87.82,106.97,137.4,120.27,144.03,84.55,15.74,246.51,125.25,83.22
2017-08-16,14.54,43.86,66.76,121.87,87.83,107.17,137.44,120.61,144.28,84.6,16.15,246.94,125.71,83.55
2017-08-17,14.58,43.3,66.01,122.49,87.34,107.55,134.93,120.73,141.33,84.62,16.12,243.09,126.65,83.03
2017-08-18,14.84,43.67,66.19,122.3,87.47,107.57,134.92,120.65,141.23,84.61,16.1,242.71,126.62,82.19
2017-08-21,14.66,43.83,66.17,122.76,87.56,107.64,134.83,120.82,141.05,84.63,16.07,242.9,126.93,83.07
2017-08-22,14.7,44.32,66.49,122.21,87.92,107.43,136.29,120.7,143.2,84.62,16.07,245.44,126.44,82.83
2017-08-23,14.83,44.53,66.5,122.67,87.93,107.8,136.07,121.16,142.69,84.7,16.15,244.56,127.3,83.68
2017-08-24,14.82,44.67,66.35,122.29,88.06,107.63,136.49,120.93,142.27,84.62,16.03,243.99,126.83,83.42
2017-08-25,14.79,44.93,66.75,122.74,88.22,107.81,136.88,121.21,141.97,84.65,16.11,244.56,127.32,83.82
2017-08-28,14.8,44.77,66.75,124.69,88.23,107.91,137.46,121.21,142.41,84.62,16.5,244.57,127.24,83.18
2017-08-29,14.8,44.69,66.48,124.42,88.12,108.16,137.49,121.3,142.97,84.66,16.42,244.85,127.65,83.09
2017-08-30,14.69,44.76,66.39,124.36,88.36,108.07,138.37,121.4,144.65,84.68,16.46,246.01,127.61,83.56
2017-08-31,15.1,44.83,66.9,125.82,88.6,108.24,139.73,121.61,146.2,84.68,16.65,247.49,127.99,84.04
2017-09-01,15.12,45.16,66.99,126.06,88.32,107.76,140.52,120.81,146.0,84.59,16.73,247.84,126.75,84.33
2017-09-05,15.15,44.57,66.54,127.46,88.12,108.51,139.17,121.56,144.69,84.67,16.91,246.06,128.76,84.1
2017-09-06,15.3,44.86,66.95,126.81,88.06,108.25,139.46,121.13,145.13,84.66,16.87,246.9,127.97,84.32
2017-09-07,15.29,45.19,67.5,128.13,88.07,108.72,139.11,121.6,145.47,84.71,17.1,246.87,129.28,84.86
2017-09-08,15.12,44.89,67.51,127.97,87.79,108.64,139.22,121.24,144.21,84.69,17.02,246.58,129.0,84.93
2017-09-11,15.15,45.49,68.04,126.19,88.07,108.02,140.68,120.87,145.87,84.61,16.77,249.21,127.46,85.71
2017-09-12,15.19,45.44,68.25,126.56,88.18,107.76,141.54,120.74,146.22,84.57,16.89,250.05,126.79,84.7
2017-09-13,15.26,45.2,67.88,125.61,88.21,107.54,141.96,120.62,146.42,84.55,16.76,250.17,126.29,84.48
2017-09-14,15.27,45.32,68.0,126.16,88.33,107.56,141.83,120.92,145.56,84.56,16.77,250.09,126.81,85.18
2017-09-15,15.34,45.59,68.06,125.53,88.41,107.69,142.41,121.02,146.06,84.55,16.62,249.19,126.86,85.34
2017-09-18,15.32,45.75,68.15,124.36,88.37,107.27,143.38,120.9,145.55,84.5,16.27,249.72,126.13,84.88
2017-09-19,15.29,45.85,68.47,124.62,88.46,107.15,143.38,120.97,145.8,84.51,16.36,249.97,125.82,84.32
2017-09-20,15.42,45.64,68.32,123.62,88.45,106.94,143.84,120.82,145.35,84.44,16.19,250.06,125.91,84.09
2017-09-21,15.36,45.64,68.18,122.68,88.34,106.8,143.69,120.82,144.46,84.42,16.03,249.39,125.84,83.93
2017-09-22,15.42,45.38,68.39,123.24,88.43,106.99,144.3,120.98,144.32,84.44,16.05,249.44,126.2,82.49
2017-09-25,15.68,44.61,68.0,124.53,88.48,107.31,144.5,121.43,142.8,84.49,16.21,248.93,126.99,82.97
2017-09-26,15.54,44.49,67.85,123.14,88.59,107.22,144.61,121.41,143.17,84.47,15.91,249.08,126.76,83.11
2017-09-27,15.48,44.33,67.9,121.98,88.63,106.67,147.44,120.94,144.46,84.46,15.83,250.05,124.85,82.36
2017-09-28,15.48,44.3,68.08,122.21,88.63,106.65,147.83,121.12,144.41,84.47,15.92,250.35,124.48,82.92
2017-09-29,15.4,44.81,68.48,121.58,88.76,106.52,148.18,121.23,145.45,84.45,15.74,251.23,124.76,83.09
2017-10-02,15.27,44.82,68.42,120.77,88.35,106.24,150.0,121.02,145.58,84.44,15.67,252.32,124.28,82.97
2017-10-03,15.28,45.53,68.65,120.83,88.51,106.39,150.33,121.29,145.89,84.39,15.71,252.86,124.4,82.85
2017-10-04,15.3,45.52,68.52,121.17,88.42,106.36,149.85,121.22,146.03,84.55,15.69,253.16,124.41,83.27
2017-10-05,15.47,45.86,68.48,120.52,88.53,106.25,150.26,121.05,147.46,84.37,15.69,254.66,123.94,83.57
2017-10-06,15.23,45.63,68.43,121.09,88.4,106.12,150.05,120.95,147.66,84.34,15.85,254.37,123.59,83.3
2017-10-09,15.24,45.6,68.45,122.08,88.41,106.24,149.43,121.05,147.49,84.34,16.02,253.95,123.98,83.5
2017-10-10,15.42,46.05,69.1,122.4,88.48,106.28,149.86,121.13,147.6,84.36,16.15,254.62,124.18,83.75
2017-10-11,15.45,46.26,69.27,122.79,88.39,106.4,149.75,121.07,148.04,84.35,16.25,255.02,124.42,84.03
2017-10-12,15.43,46.24,69.21,122.89,88.29,106.5,149.64,121.1,147.77,84.34,16.26,254.64,124.95,84.57
2017-10-13,15.58,46.66,69.57,123.82,88.33,106.86,149.37,121.58,148.34,84.39,16.41,254.95,125.85,84.79
2017-10-16,15.62,46.63,69.52,122.97,88.38,106.68,149.24,121.41,148.85,84.31,16.25,255.29,125.76,84.37
2017-10-17,15.6,46.39,69.34,122.13,88.51,106.64,148.81,121.39,149.04,84.32,16.09,255.47,125.92,84.47
2017-10-18,15.59,46.5,69.54,121.67,88.6,106.37,149.52,121.21,148.86,84.29,16.06,255.72,125.09,84.38
2017-10-19,15.52,46.09,69.43,122.39,88.61,106.48,149.29,121.39,148.31,84.34,16.27,255.79,125.31,84.13
2017-10-20,15.6,46.26,69.34,121.61,88.69,106.04,149.98,121.06,148.71,84.29,16.08,257.11,123.98,83.65
2017-10-23,15.6,45.89,69.19,121.8,88.59,106.14,148.86,121.18,147.74,84.29,16.14,256.11,124.2,83.33
2017-10-24,15.76,45.89,69.3,121.33,88.59,105.82,149.17,120.88,147.99,84.27,16.02,256.56,123.43,82.83
2017-10-25,15.78,45.79,69.03,121.35,88.34,105.65,148.45,120.56,147.43,84.25,16.01,255.29,122.84,82.59
2017-10-26,15.85,45.48,69.02,120.33,88.23,105.51,148.76,120.55,146.96,84.25,15.85,255.62,122.43,81.91
2017-10-27,15.93,46.14,69.18,120.9,88.47,105.85,149.79,120.91,151.24,84.31,15.91,257.71,123.24,82.28
2017-10-30,15.97,45.85,69.34,121.13,88.45,106.23,148.21,121.31,151.58,84.35,15.91,256.75,124.42,82.21
2017-10-31,16.01,46.28,69.63,120.67,88.47,106.16,149.26,121.14,152.15,84.3,15.79,257.15,124.46,82.2
2017-11-01,16.02,46.52,69.7,121.11,88.02,106.06,148.27,121.01,152.1,84.21,16.18,257.49,124.75,82.6
2017-11-02,16.12,46.58,69.91,121.19,87.97,106.2,148.71,120.99,151.81,84.23,16.17,257.59,125.3,83.3
2017-11-03,16.22,46.34,69.8,120.62,87.98,106.37,148.61,121.13,153.27,84.18,15.92,258.45,125.64,83.09
2017-11-06,16.53,46.86,69.9,121.65,87.99,106.5,148.78,121.16,153.79,84.23,16.27,258.85,126.11,83.65
2017-11-07,16.43,46.56,69.64,121.21,87.74,106.54,147.0,121.06,153.88,84.19,16.01,258.67,126.64,84.33
2017-11-08,16.4,46.78,69.87,121.63,87.35,106.41,147.2,120.9,154.5,84.18,16.06,259.11,126.36,84.75
2017-11-09,16.43,46.49,69.47,122.13,86.92,106.37,146.68,120.58,153.69,84.17,16.07,258.17,126.0,84.84
2017-11-10,16.4,46.29,69.28,121.13,87.11,105.83,146.57,119.89,153.68,84.14,15.95,258.09,124.1,84.93
2017-11-13,16.35,46.19,68.99,121.31,87.05,105.78,146.61,119.91,153.87,84.13,16.09,258.33,124.36,85.36
2017-11-14,16.13,45.88,68.94,121.56,86.68,105.93,146.21,119.94,153.31,84.15,16.08,257.73,125.2,85.18
2017-11-15,16.11,45.64,68.61,121.41,86.68,106.31,145.63,120.45,152.59,84.12,16.03,256.44,126.56,84.32
2017-11-16,16.06,46.59,69.16,121.4,87.53,106.04,147.77,120.31,154.54,84.13,16.12,258.62,125.46,85.02
2017-11-17,16.32,46.82,68.91,122.86,87.47,106.18,148.45,120.46,153.95,84.08,16.31,257.86,126.39,84.65
2017-11-20,16.19,47.06,69.06,121.31,87.49,106.01,149.53,120.46,153.83,84.05,15.98,258.3,126.34,84.4
2017-11-21,16.3,47.69,69.58,121.51,87.67,106.03,151.09,120.86,155.5,84.03,16.01,259.99,126.74,85.03
2017-11-22,16.39,47.81,69.77,122.63,87.81,106.37,150.89,121.33,155.69,84.1,16.17,259.76,127.15,84.84
2017-11-24,16.44,47.71,70.34,122.32,87.87,106.28,150.95,121.19,156.26,84.1,16.08,260.36,126.8,84.95
2017-11-27,16.41,47.01,69.92,122.83,87.6,106.35,150.49,121.12,156.19,84.1,16.1,260.23,126.62,84.55
2017-11-28,16.34,47.36,70.32,122.81,87.87,106.37,152.86,121.29,156.59,84.11,15.91,262.87,126.79,84.23
2017-11-29,16.23,46.61,70.04,122.04,87.76,106.03,153.37,120.81,153.86,84.085,15.64,262.71,125.54,84.26
2017-11-30,16.16,46.1,70.11,121.1,87.78,105.7,153.65,120.67,155.15,84.04,15.51,265.01,125.12,84.39
2017-12-01,16.3,45.84,69.83,121.59,87.38,105.93,153.02,120.72,154.49,83.98,15.53,264.46,126.55,84.59
2017-12-04,16.1,45.93,69.58,121.18,87.35,105.88,152.45,120.91,152.71,83.93,15.44,264.14,126.61,84.17
2017-12-05,16.1,45.9,69.43,120.32,87.3,105.96,150.93,121.14,152.81,83.92,15.23,263.19,127.24,83.47
2017-12-06,15.83,45.28,69.29,120.07,87.22,106.18,150.22,121.37,153.5,83.96,15.1,263.24,127.68,83.39
2017-12-07,15.88,45.41,69.47,118.49,87.26,105.99,151.27,121.13,154.02,83.97,14.87,264.07,126.68,83.6
2017-12-08,15.96,45.94,69.84,118.48,87.35,105.91,151.41,120.98,154.7,83.97,14.96,265.51,126.69,84.03
2017-12-11,16.0,46.17,70.02,118.01,87.37,105.84,151.35,121.07,155.9,83.93,14.85,266.31,126.43,84.02
2017-12-12,15.86,45.86,70.11,118.15,87.33,105.75,150.88,120.98,155.69,83.93,14.86,266.78,126.38,84.43
2017-12-13,15.79,46.41,70.38,119.17,87.38,106.18,151.78,121.4,155.99,84.02,15.15,266.75,127.33,84.57
2017-12-14,15.84,46.07,69.99,118.93,87.2,106.14,150.1,121.62,155.88,83.99,15.02,265.66,127.87,84.55
2017-12-15,15.84,46.17,69.97,119.18,87.21,106.12,152.24,121.79,157.65,83.95,15.15,266.51,128.35,85.08
2017-12-18,15.91,46.69,70.8,119.73,87.3,105.88,154.3,121.43,158.64,83.95,15.22,268.2,127.18,85.64
2017-12-19,16.03,45.75,69.8,119.82,87.12,105.4,153.08,120.81,157.7,83.91,15.22,267.17,125.53,83.82
2017-12-20,16.12,45.81,69.68,120.14,87.19,105.09,153.38,120.49,157.53,83.92,15.25,267.03,124.14,82.85
2017-12-21,16.13,46.11,69.93,120.31,86.92,105.0,153.47,120.56,157.55,83.82,15.22,267.58,124.6,81.27
2017-12-22,16.2,46.5,70.11,120.94,87.0,105.04,153.19,120.65,157.37,83.79,15.4,267.51,124.77,81.83
2017-12-26,16.44,46.46,70.09,121.77,87.13,105.08,153.28,120.81,156.52,83.78,15.59,267.19,125.14,82.24
2017-12-27,16.48,46.58,70.22,122.23,87.17,105.53,153.13,121.48,156.54,83.82,15.73,267.32,126.77,82.51
2017-12-28,16.56,46.9,70.26,122.85,87.13,105.4,153.73,121.4,156.73,83.83,15.88,267.87,126.66,82.95
2017-12-29,16.61,47.12,70.31,123.65,87.26,105.57,152.46,121.56,155.76,83.85,15.99,266.86,126.86,82.98
2018-01-02,16.69,48.01,70.83,125.15,87.34,105.22,153.9,120.75,158.49,83.82,16.21,268.77,125.49,82.67
2018-01-03,16.79,48.47,71.17,124.82,87.76,105.33,154.06,120.97,160.03,83.82,16.17,270.47,126.09,82.43
2018-01-04,16.77,48.71,71.95,125.46,87.91,105.28,154.47,120.93,160.31,83.78,16.23,271.61,126.07,81.01
2018-01-05,16.71,49.13,72.35,125.33,87.97,105.15,154.79,120.89,161.92,83.78,16.22,273.42,125.71,81.05
2018-01-08,16.7,49.13,72.33,125.31,87.9,105.1,155.03,120.88,162.55,83.78,16.15,273.92,125.63,81.47
2018-01-09,16.81,49.05,72.41,124.73,87.63,104.6,154.82,120.44,162.56,83.75,16.03,274.54,123.95,80.42
2018-01-10,16.87,48.74,72.27,125.03,87.44,104.57,154.84,120.52,162.18,83.78,16.02,274.12,123.8,79.52
2018-01-11,16.86,49.04,72.77,125.44,87.73,104.64,157.5,120.81,163.29,83.75,16.01,276.12,124.31,79.25
2018-01-12,16.97,49.51,73.5,126.96,87.58,104.57,158.16,120.83,164.49,83.74,16.27,277.92,124.52,78.61
2018-01-16,16.89,49.32,73.43,127.17,87.53,104.62,156.14,120.94,164.02,83.73,16.25,276.97,125.04,78.76
2018-01-17,16.91,49.97,73.81,126.14,87.54,104.39,157.62,120.61,165.79,83.7,16.06,279.61,124.87,79.31
2018-01-18,16.91,50.03,73.72,125.86,87.45,104.06,156.54,120.14,165.82,83.68,15.97,279.14,123.71,78.29
2018-01-19,16.88,50.44,74.13,126.42,87.54,103.79,158.6,119.77,166.34,83.71,16.05,280.41,123.06,78.71
2018-01-22,16.92,50.73,74.51,126.65,87.62,103.75,159.45,119.66,168.12,83.67,16.04,282.69,123.18,79.43
2018-01-23,17.04,50.97,74.75,127.28,87.88,104.05,159.96,120.18,169.51,83.72,16.08,283.29,123.71,80.53
2018-01-24,17.22,51.4,74.88,128.83,87.75,103.85,158.97,120.1,168.41,83.7,16.56,283.18,123.04,80.11
2018-01-25,17.12,51.37,74.59,127.97,87.69,104.08,159.03,120.71,168.35,83.68,16.31,283.3,124.05,79.97
2018-01-26,17.25,52.08,75.25,128.07,87.76,103.77,159.6,120.55,170.93,83.63,16.41,286.58,123.59,79.69
2018-01-29,17.2,51.29,74.56,127.35,87.45,103.51,158.7,120.23,170.1,83.6,16.21,284.68,122.73,78.62
2018-01-30,17.08,50.59,73.94,126.8,87.15,103.27,157.18,119.82,168.7,83.61,16.15,281.76,122.01,78.05
2018-01-31,17.1,51.03,73.84,127.65,87.3,103.3,156.36,120.07,169.4,83.61,16.35,281.9,122.73,79.45
2018-02-01,17.27,50.34,74.05,128.07,86.77,102.6,156.85,119.22,167.96,83.49,16.25,281.58,120.7,77.74
2018-02-02,16.99,49.05,72.55,126.39,86.22,102.22,153.83,118.61,164.61,83.5,15.66,275.45,119.58,77.08
2018-02-05,16.83,47.33,69.51,126.71,85.74,103.06,147.92,118.68,158.12,83.65,15.74,263.93,120.71,74.79
2018-02-06,16.73,48.87,70.88,125.38,86.26,102.61,149.69,118.44,162.31,83.59,15.65,269.13,119.96,74.8
2018-02-07,16.54,47.33,70.13,124.79,85.94,102.31,149.84,118.11,160.21,83.53,15.41,267.67,118.82,74.48
2018-02-08,16.37,45.69,68.3,124.98,85.19,102.4,145.44,117.6,153.45,83.54,15.46,257.63,118.69,72.34
2018-02-09,16.13,46.42,68.59,124.77,84.95,102.22,146.77,117.22,156.1,83.61,15.39,261.5,117.94,74.15
2018-02-12,16.23,47.15,69.64,125.37,85.53,102.19,148.16,117.22,158.87,83.57,15.57,265.34,118.46,74.18
2018-02-13,16.26,47.51,69.43,126.08,85.26,102.36,148.48,117.18,159.69,83.57,15.62,266.0,118.99,74.7
2018-02-14,16.51,48.7,70.66,128.23,85.41,101.74,151.15,116.75,162.68,83.45,15.91,269.59,117.67,74.16
2018-02-15,16.54,49.7,71.1,128.38,86.1,101.77,152.8,117.3,165.7,83.42,15.91,273.03,118.07,74.88
2018-02-16,16.57,49.54,71.42,127.96,86.45,102.01,153.34,117.65,164.96,83.44,15.73,273.11,118.71,75.29
2018-02-20,16.62,48.86,70.75,126.24,86.15,101.9,152.08,117.15,165.29,83.43,15.54,271.4,118.19,74.4
2018-02-21,16.6,48.82,70.41,125.66,85.76,101.6,152.24,116.51,164.82,83.44,15.54,270.05,116.74,72.93
2018-02-22,16.75,48.85,70.78,126.3,85.82,101.74,152.0,116.67,164.8,83.45,15.66,270.4,117.09,73.76
2018-02-23,16.86,49.72,71.34,126.14,86.39,102.13,153.98,117.21,168.17,83.47,15.59,274.71,118.13,74.94
2018-02-26,16.95,50.18,72.01,126.45,86.54,102.25,154.99,117.36,170.4,83.48,15.68,277.9,118.17,75.15
2018-02-27,16.78,48.72,70.94,125.13,86.31,101.93,152.76,116.85,168.29,83.42,15.48,274.43,118.0,73.4
2018-02-28,16.6,48.02,70.27,125.0,86.18,102.17,150.35,117.07,167.21,83.44,15.46,271.65,118.75,73.35
2018-03-01,16.63,47.93,69.09,124.72,85.27,102.45,149.95,116.62,164.48,83.47,15.54,267.7,119.32,73.42
2018-03-02,16.63,48.13,69.42,125.39,85.75,102.07,152.35,116.25,165.99,83.43,15.56,269.08,118.35,73.39
2018-03-05,16.73,48.2,69.79,125.18,85.75,101.94,153.71,116.21,167.83,83.425,15.49,272.19,118.03,74.22
2018-03-06,16.79,48.65,70.2,126.53,85.87,101.93,155.37,116.31,168.54,83.41,15.78,272.88,118.14,74.57
2018-03-07,16.61,48.7,70.18,125.72,85.66,101.93,156.74,116.27,168.93,83.41,15.53,272.78,118.01,75.03
2018-03-08,16.51,48.71,70.33,125.42,85.76,102.14,156.42,116.5,169.86,83.43,15.55,274.1,118.69,75.17
2018-03-09,16.67,49.75,70.78,125.54,86.07,101.92,158.92,116.09,173.16,83.39,15.63,278.87,117.91,75.58
2018-03-12,16.64,49.87,70.86,125.54,85.93,102.16,159.2,116.24,174.08,83.43,15.61,278.52,118.59,75.91
2018-03-13,16.59,49.42,70.39,125.78,85.66,102.33,158.46,116.25,171.71,83.45,15.61,276.72,119.19,75.98
2018-03-14,16.59,49.5,70.56,125.7,85.56,102.53,157.71,116.51,171.68,83.44,15.61,275.3,120.24,76.05
2018-03-15,16.58,49.32,70.52,124.9,85.62,102.49,156.92,116.63,171.53,83.45,15.45,275.0,120.24,76.03
2018-03-16,16.64,49.21,70.47,124.6,85.8,102.37,157.8,116.76,171.02,83.41,15.39,274.2,119.81,76.56
2018-03-19,16.53,48.68,69.9,124.87,85.45,102.27,156.28,116.37,167.1,83.41,15.39,270.49,119.43,75.9
2018-03-20,16.64,49.22,69.89,124.31,85.62,102.07,156.24,115.96,167.65,83.38,15.28,270.95,118.95,75.64
2018-03-21,16.94,49.51,70.0,126.48,85.65,102.14,157.15,115.89,166.92,83.44,15.65,270.43,119.08,75.08
2018-03-22,16.81,47.86,68.7,125.98,85.14,102.56,153.35,116.09,162.8,83.48,15.44,263.67,120.26,74.64
2018-03-23,16.96,46.89,67.94,127.61,84.92,102.7,150.05,115.72,158.51,83.5,15.58,258.05,120.17,73.31
2018-03-26,16.97,48.41,69.16,128.28,85.47,102.42,153.33,116.13,164.4,83.46,15.72,265.11,119.71,73.43
2018-03-27,16.9,47.53,68.65,127.49,85.39,103.0,150.36,116.55,159.08,83.52,15.57,260.6,120.99,73.71
2018-03-28,16.83,47.29,69.05,125.73,85.35,102.98,150.31,116.86,157.25,83.53,15.36,259.83,121.31,75.56
2018-03-29,16.98,48.28,69.68,125.79,85.64,103.19,151.83,117.39,160.13,83.56,15.41,263.15,121.9,75.47
2018-04-02,16.75,47.41,68.72,127.26,84.96,103.12,148.13,116.99,155.51,83.49,15.65,257.47,121.88,74.45
2018-04-03,16.84,47.88,69.16,126.3,85.2,102.79,150.25,116.68,157.26,83.45,15.46,260.77,120.94,75.08
2018-04-04,16.77,47.9,69.4,126.45,85.39,102.73,152.16,116.68,159.74,83.4,15.38,263.56,120.69,75.87
2018-04-05,16.85,48.02,69.86,125.8,85.46,102.47,153.42,116.72,160.65,83.42,15.45,265.64,119.79,75.84
2018-04-06,16.73,47.08,69.4,126.39,85.27,102.92,150.36,117.07,156.63,83.49,15.43,259.72,121.1,75.27
2018-04-09,16.94,47.13,69.97,126.82,85.59,102.94,150.54,117.13,157.73,83.48,15.56,261.0,121.3,75.03
2018-04-10,17.23,48.05,70.72,127.12,85.9,102.76,153.38,117.16,161.21,83.44,15.62,265.15,121.08,74.95
2018-04-11,17.36,48.07,70.45,128.11,85.93,102.86,153.71,117.24,160.28,83.44,15.69,263.76,121.51,75.11
2018-04-12,17.29,48.05,70.72,126.62,86.24,102.49,154.76,116.92,162.21,83.39,15.52,265.93,120.62,74.27
2018-04-13,17.3,47.57,70.79,127.45,86.29,102.58,153.95,116.96,161.37,83.37,15.68,265.15,120.9,74.66
2018-04-16,17.24,47.63,70.9,127.63,86.42,102.53,155.37,116.97,162.6,83.36,15.72,267.33,120.94,75.12
2018-04-17,17.25,47.73,71.22,127.75,86.46,102.59,157.06,116.98,166.1,83.36,15.8,270.19,121.27,76.0
2018-04-18,17.57,48.14,71.59,127.85,86.37,102.19,157.48,116.38,166.44,83.29,16.18,270.39,120.3,75.84
2018-04-19,17.5,47.86,71.32,127.6,86.1,101.91,156.39,115.94,164.91,83.29,16.26,268.89,119.32,74.74
2018-04-20,17.47,47.26,71.05,126.63,85.89,101.57,155.55,115.47,162.3,83.26,16.13,266.61,118.46,74.05
2018-04-23,17.46,46.88,70.96,125.62,85.66,101.47,155.32,115.42,161.89,83.25,15.67,266.57,118.49,73.99
2018-04-24,17.37,46.66,70.67,126.23,85.49,101.35,154.43,115.08,158.46,83.27,15.76,262.98,117.95,74.27
2018-04-25,17.4,46.3,70.55,125.41,85.5,101.13,154.2,114.72,158.65,83.26,15.61,263.63,117.16,74.13
2018-04-26,17.49,46.97,70.9,124.97,85.8,101.42,154.91,115.06,161.99,83.275,15.58,266.31,117.98,75.1
2018-04-27,17.48,47.26,70.97,125.5,85.76,101.59,154.69,115.32,162.09,83.3,15.57,266.56,118.89,76.39
2018-04-30,17.56,46.92,70.74,124.59,85.7,101.7,153.32,115.22,160.94,83.27,15.38,264.51,119.1,76.09
2018-05-01,17.46,46.69,70.49,123.71,85.4,101.35,154.07,114.58,162.78,83.13,15.24,264.98,118.41,76.78
2018-05-02,17.46,46.32,70.46,123.65,85.37,101.37,154.65,114.49,161.82,83.16,15.42,263.2,118.28,76.5
2018-05-03,17.57,46.22,70.68,124.28,85.36,101.63,153.81,114.51,161.8,83.22,15.46,262.62,118.81,76.45
2018-05-04,17.69,46.43,70.93,124.54,85.42,101.64,155.73,114.67,164.87,83.19,15.54,266.02,118.99,77.29
2018-05-07,17.68,46.16,70.94,124.57,85.5,101.59,157.05,114.54,166.24,83.19,15.52,266.92,118.8,77.81
2018-05-08,17.73,46.42,70.95,124.59,85.37,101.42,157.83,114.5,166.07,83.195,15.51,266.92,118.69,77.42
2018-05-09,17.89,46.51,71.12,124.33,85.51,101.19,158.68,114.48,167.88,83.16,15.53,269.5,117.98,77.94
2018-05-10,17.98,47.48,71.58,125.18,85.76,101.4,159.53,115.06,169.62,83.16,15.74,272.02,118.93,78.55
2018-05-11,17.87,47.4,71.77,125.0,85.73,101.41,159.84,115.26,169.46,83.16,15.7,272.85,119.23,78.28
2018-05-14,18.0,47.46,71.9,124.49,85.75,101.19,159.23,115.05,169.75,83.16,15.56,272.98,118.6,77.61
2018-05-15,18.02,46.48,71.38,122.48,85.33,100.63,159.26,114.18,167.87,83.11,15.33,271.1,117.25,76.35
2018-05-16,18.12,47.18,71.48,122.29,85.44,100.42,160.92,114.03,168.98,83.11,15.41,272.24,116.8,76.12
2018-05-17,18.14,46.46,71.59,122.36,85.49,100.36,161.66,113.81,168.33,83.13,15.47,272.01,116.21,75.74
2018-05-18,18.15,46.07,71.33,122.41,85.4,100.75,161.87,114.28,167.46,83.17,15.48,271.33,117.21,75.84
2018-05-21,18.29,46.35,71.78,122.48,85.52,100.82,162.94,114.35,168.4,83.17,15.54,273.37,117.27,76.74
2018-05-22,18.31,46.51,71.69,122.41,85.58,100.78,161.76,114.23,168.18,83.17,15.58,272.61,117.09,76.85
2018-05-23,18.41,46.49,70.9,122.54,85.65,101.24,161.97,114.72,169.6,83.24,15.5,273.36,117.94,77.62
2018-05-24,18.29,46.24,70.68,123.59,85.7,101.5,162.03,115.04,169.55,83.29,15.69,272.8,118.88,77.46
2018-05-25,18.02,46.43,70.22,123.21,85.56,101.9,161.74,115.38,169.72,83.36,15.53,272.15,119.62,77.73
2018-05-29,17.85,45.35,68.79,123.19,85.2,103.0,161.52,115.99,168.97,83.6,15.44,269.02,122.24,78.1
2018-05-30,18.08,45.71,69.84,123.37,85.46,102.56,164.08,115.54,170.18,83.5,15.55,272.61,121.42,79.16
2018-05-31,18.03,45.69,69.4,123.1,85.38,102.51,162.77,115.49,170.07,83.46,15.46,270.94,121.22,78.89
2018-06-01,17.91,46.33,70.0,122.49,85.19,101.93,163.84,114.91,172.74,83.27,15.44,273.6,120.3,79.24
2018-06-04,17.7,46.8,70.21,122.37,85.37,101.57,164.71,114.65,174.3,83.2,15.45,274.9,119.43,79.93
2018-06-05,17.73,46.44,70.1,122.85,85.47,101.83,165.73,114.73,174.84,83.25,15.52,275.1,119.71,79.72
2018-06-06,17.79,47.14,70.73,122.92,85.68,101.42,166.93,114.31,175.86,83.22,15.7,277.4,118.74,79.91
2018-06-07,17.86,46.42,70.33,122.86,85.71,101.85,166.02,114.69,174.43,83.3,15.72,277.37,119.89,79.91
2018-06-08,17.85,46.33,70.41,123.01,85.66,101.71,166.52,114.5,174.44,83.28,15.78,278.19,119.53,80.2
2018-06-11,17.84,46.33,70.86,123.23,85.82,101.61,166.77,114.39,174.91,83.25,15.94,278.56,119.31,80.08
2018-06-12,17.83,46.21,70.41,122.82,85.89,101.55,167.53,114.4,175.83,83.21,15.87,278.92,119.34,80.56
2018-06-13,17.9,45.9,70.51,123.19,85.92,101.43,166.87,114.29,175.82,83.17,16.08,278.03,119.28,78.99
2018-06-14,17.7,45.59,70.36,123.38,86.17,101.75,167.76,114.81,177.6,83.2,16.17,278.73,120.27,79.74
2018-06-15,17.27,45.23,70.0,121.34,86.12,101.83,167.81,114.65,176.98,83.24,15.6,277.13,120.38,79.69
2018-06-18,17.42,44.68,69.5,121.11,86.11,101.88,168.6,114.53,176.5,83.26,15.51,276.56,120.27,78.98
2018-06-19,17.24,43.9,67.52,120.8,85.99,102.145,168.61,114.59,176.0,83.29,15.36,275.5,120.97,78.9
2018-06-20,17.22,44.09,67.57,120.26,86.08,101.82,169.97,113.95,177.25,83.25,15.34,275.97,119.91,79.78
2018-06-21,17.09,43.47,67.09,120.05,85.9,102.09,168.38,113.86,175.71,83.3,15.36,274.24,120.54,80.16
2018-06-22,17.43,43.92,67.8,120.34,85.91,102.11,167.82,114.0,175.32,83.31,15.5,274.74,120.53,80.79
2018-06-25,17.23,43.33,66.86,119.89,85.71,102.25,165.08,113.89,171.37,83.34,15.37,271.0,120.8,80.58
2018-06-26,17.4,43.16,66.98,119.26,85.7,102.3,166.04,114.27,172.07,83.34,15.33,271.6,120.97,80.84
2018-06-27,17.49,42.33,66.35,118.58,85.52,102.69,163.38,114.66,169.73,83.39,15.12,269.35,122.11,80.53
2018-06-28,17.48,42.69,66.6,118.22,85.28,102.59,163.88,114.51,171.19,83.39,15.07,270.89,122.14,81.25
2018-06-29,17.68,43.33,66.97,118.65,85.08,102.51,163.77,114.57,171.65,83.37,15.15,271.28,121.72,81.45
2018-07-02,17.31,42.9,66.36,117.46,84.78,102.25,164.9,114.24,172.8,83.23,14.91,271.86,121.35,81.0
2018-07-03,17.29,42.93,66.56,118.65,84.79,102.51,164.96,114.66,170.8,83.26,15.03,270.9,122.0,81.61
2018-07-05,17.39,42.82,67.22,119.05,85.11,102.52,166.84,115.02,172.92,83.25,15.1,273.11,122.35,82.58
2018-07-06,17.47,43.41,67.58,118.86,85.33,102.61,168.25,115.18,175.61,83.27,15.08,275.42,122.75,83.02
2018-07-09,17.56,44.19,68.23,119.15,85.46,102.35,169.31,115.26,177.19,83.22,15.17,277.9,121.96,82.36
2018-07-10,17.52,44.09,68.2,118.93,85.47,102.27,168.54,115.13,177.32,83.21,15.12,278.9,121.95,82.53
2018-07-11,16.91,43.23,67.06,117.64,85.34,102.48,167.11,115.36,176.42,83.24,14.86,276.86,122.42,82.26
2018-07-12,17.0,43.82,67.58,118.13,85.61,102.44,167.92,115.61,179.46,83.23,15.0,279.37,122.41,82.51
2018-07-13,17.03,43.85,67.79,117.61,85.61,102.61,167.42,115.7,179.61,83.25,14.88,279.59,122.72,82.26
2018-07-16,16.67,43.61,67.76,117.55,85.55,102.44,166.77,115.51,179.18,83.23,14.85,279.34,122.21,81.82
2018-07-17,16.69,43.93,67.88,116.28,85.58,102.38,167.51,115.43,180.27,83.215,14.67,280.47,121.98,81.28
2018-07-18,16.84,43.88,67.89,116.31,85.62,102.3,167.98,115.41,179.93,83.21,14.63,281.06,121.49,80.92
2018-07-19,16.82,43.34,67.75,115.81,85.58,102.58,169.17,115.59,179.03,83.25,14.42,280.0,122.26,81.87
2018-07-20,16.94,43.96,68.07,116.56,85.62,102.22,168.48,115.25,178.99,83.25,14.59,279.68,120.76,81.08
2018-07-23,17.0,43.67,68.07,116.0,85.59,101.72,168.69,114.79,179.56,83.2,14.47,280.2,119.27,80.91
2018-07-24,17.09,44.31,68.47,116.04,85.77,101.79,166.89,115.15,180.3,83.21,14.58,281.61,119.68,80.5
2018-07-25,17.32,45.03,68.98,116.68,85.93,101.72,167.5,115.3,182.82,83.18,14.68,284.01,119.49,81.14
2018-07-26,17.32,44.53,68.67,115.77,85.94,101.61,168.4,115.41,180.05,83.18,14.49,283.34,119.26,81.41
2018-07-27,17.25,44.69,68.8,115.83,85.91,101.77,165.26,115.56,177.62,83.19,14.57,281.42,119.46,80.54
2018-07-30,17.35,44.62,68.79,115.65,85.94,101.64,164.2,115.4,175.11,83.19,14.58,279.95,119.05,80.59
2018-07-31,17.25,44.86,68.88,115.99,86.12,101.78,165.87,115.76,176.45,83.19,14.61,281.33,119.7,81.94
2018-08-01,17.0,44.46,68.53,115.14,85.83,101.34,165.76,115.01,177.12,83.06,14.48,280.86,118.46,82.52
2018-08-02,17.1,43.87,68.08,114.52,85.88,101.46,166.97,115.15,179.53,83.11,14.43,282.39,118.63,82.19
2018-08-03,17.16,44.21,68.12,114.92,85.95,101.72,166.39,115.51,180.08,83.12,14.5,283.6,119.22,83.08
2018-08-06,17.19,43.87,67.83,114.33,86.11,101.77,167.32,115.62,181.14,83.14,14.4,284.64,119.29,82.97
2018-08-07,17.32,44.32,68.36,114.59,86.15,101.56,167.72,115.26,181.8,83.11,14.43,285.58,118.67,82.82
2018-08-08,17.11,44.26,68.3,114.91,86.1,101.65,167.57,115.08,182.02,83.12,14.5,285.46,118.79,82.34
2018-08-09,17.04,44.13,68.1,114.74,86.04,101.93,168.0,115.17,181.91,83.17,14.52,285.07,119.79,82.38
2018-08-10,17.04,43.19,66.74,114.69,85.89,102.37,167.53,115.36,180.52,83.25,14.41,283.16,120.66,81.75
2018-08-13,16.95,42.48,66.5,112.96,85.83,102.34,166.55,115.33,180.32,83.23,14.1,282.1,120.41,81.59
2018-08-14,16.98,42.74,66.49,113.07,85.98,102.24,168.2,115.48,181.45,83.23,14.17,283.9,120.14,81.99
2018-08-15,16.61,41.51,65.53,111.19,85.83,102.49,166.09,115.72,179.23,83.27,13.57,281.78,120.84,82.62
2018-08-16,16.74,41.77,65.99,111.1,85.94,102.46,167.63,115.87,179.82,83.25,13.77,284.06,120.83,83.29
2018-08-17,16.81,42.21,66.38,112.13,86.04,102.5,168.35,115.97,179.86,83.28,13.92,285.06,120.98,84.06
2018-08-20,16.84,42.4,66.74,112.69,86.08,102.82,168.82,116.27,179.7,83.33,13.88,285.67,121.79,84.12
2018-08-21,16.87,42.94,67.15,113.02,86.21,102.68,170.76,115.98,180.36,83.31,13.89,286.34,121.38,83.61
2018-08-22,17.11,43.28,67.41,113.27,86.24,102.87,171.18,115.97,181.06,83.33,13.88,286.17,121.86,83.14
2018-08-23,17.08,42.58,66.93,112.2,86.23,102.86,170.66,116.01,180.8,83.32,13.65,285.79,122.05,82.93
2018-08-24,17.21,43.37,67.32,114.16,86.38,102.89,171.59,116.24,182.48,83.33,13.92,287.51,122.29,83.42
2018-08-27,17.27,43.99,68.22,114.59,86.41,102.66,171.84,116.06,184.34,83.3,13.99,289.78,121.59,83.12
2018-08-28,17.2,43.83,68.16,113.68,86.37,102.43,172.0,115.62,184.61,83.27,13.84,289.92,120.86,84.24
2018-08-29,17.39,44.1,68.53,114.2,86.32,102.4,172.5,115.5,186.74,83.26,13.87,291.48,121.02,84.26
2018-08-30,17.36,42.95,67.88,113.64,86.25,102.59,172.36,115.61,186.41,83.32,13.7,290.3,121.28,83.72
2018-08-31,17.38,43.17,67.34,113.51,86.36,102.61,173.02,115.44,186.65,83.34,13.65,290.31,120.995,84.05
2018-09-04,17.28,42.33,66.77,112.93,85.81,102.17,172.25,114.88,185.85,83.19,13.31,289.81,120.03,83.05
2018-09-05,17.21,41.72,66.16,113.32,85.72,102.16,171.79,114.81,183.45,83.19,13.35,289.03,119.71,83.53
2018-09-06,17.11,41.76,65.96,113.54,85.79,102.37,170.63,115.13,181.81,83.22,13.31,288.16,120.15,83.77
2018-09-07,17.15,41.55,65.43,113.23,85.7,101.91,170.54,114.65,181.11,83.13,13.32,287.6,119.13,82.86
2018-09-10,17.21,41.14,65.83,113.15,85.87,101.97,170.75,115.03,181.72,83.14,13.31,288.1,119.57,83.23
2018-09-11,17.38,41.23,65.89,113.22,85.89,101.6,171.03,114.77,183.12,83.09,13.28,289.05,118.66,83.22
2018-09-12,17.5,41.44,66.17,114.17,86.09,101.72,170.62,115.0,182.58,83.09,13.39,289.12,118.94,83.26
2018-09-13,17.31,42.0,66.66,113.76,86.25,101.71,170.66,115.24,184.53,83.1,13.35,290.83,119.12,83.67
2018-09-14,17.2,41.96,66.76,113.02,86.33,101.52,171.38,115.1,183.99,83.07,13.23,290.88,118.55,83.14
2018-09-17,17.18,41.58,66.82,113.61,86.27,101.54,169.56,115.03,181.34,83.05,13.31,289.34,118.55,83.41
2018-09-18,17.34,41.98,67.52,113.44,86.26,101.12,170.27,114.56,182.84,83.04,13.31,290.91,117.31,83.01
2018-09-19,17.45,42.56,67.76,113.88,86.1,100.945,169.65,114.39,182.7,83.02,13.4,291.22,116.61,82.04
2018-09-20,17.45,43.03,68.6,114.27,86.22,100.96,171.22,114.69,184.72,83.05,13.45,293.58,117.15,82.81
2018-09-21,17.49,43.23,68.63,113.49,86.24,101.0,170.4,114.71,183.71,83.03,13.44,291.99,117.1,82.78
2018-09-24,17.75,42.74,68.32,113.47,86.2,100.89,169.77,114.45,183.89,83.03,13.41,291.02,116.8,80.17
2018-09-25,17.79,42.91,68.66,113.65,86.13,100.79,170.03,114.45,184.14,83.04,13.59,290.75,116.68,80.18
2018-09-26,17.71,43.0,68.69,113.05,86.22,101.12,168.03,114.86,184.27,83.05,13.49,289.88,117.5,79.22
2018-09-27,17.79,43.21,68.55,112.05,86.38,101.12,168.04,115.01,185.83,83.05,13.41,290.69,117.58,79.6
2018-09-28,17.97,42.92,67.99,112.76,86.44,101.17,168.55,114.93,185.79,83.09,13.73,290.72,117.27,80.68
2018-10-01,18.31,42.93,68.07,112.57,86.3,100.71,166.33,114.42,186.17,82.93,13.62,291.73,116.15,79.93
2018-10-02,18.37,42.39,67.72,113.87,86.23,100.97,164.53,114.52,185.75,82.96,13.79,291.56,116.86,79.75
2018-10-03,18.54,42.04,67.6,113.42,86.0,100.22,165.97,113.85,185.95,82.92,13.78,291.72,114.83,78.9
2018-10-04,18.34,40.99,66.81,113.48,85.68,99.96,163.64,113.38,182.38,82.9,13.71,289.44,114.02,78.24
2018-10-05,18.3,40.84,66.41,113.8,85.3,99.72,162.16,112.94,180.15,82.89,13.75,287.82,113.04,78.2
2018-10-08,18.25,40.9,66.09,112.54,85.11,99.76,161.82,112.82,179.05,82.87,13.53,287.82,112.66,79.33
2018-10-09,18.38,40.75,65.92,112.6,85.24,99.95,161.19,113.14,179.63,82.9,13.53,287.4,113.8,79.44
2018-10-10,18.02,39.54,64.52,112.88,84.63,100.0,156.56,112.83,171.73,82.92,13.45,278.3,113.49,78.26
2018-10-11,17.75,39.14,63.62,115.78,84.7,100.41,153.57,113.3,169.6,82.95,13.67,272.17,114.87,76.02
2018-10-12,17.89,40.29,63.85,115.23,85.15,100.29,153.6,113.32,174.32,82.95,13.74,275.95,114.47,75.82
2018-10-15,17.93,39.86,63.7,116.0,85.09,100.35,154.17,113.11,172.21,82.98,13.8,274.4,114.42,76.33
2018-10-16,18.01,40.86,64.79,115.8,85.38,100.34,158.64,113.4,177.22,82.95,13.78,280.4,114.68,77.9
2018-10-17,17.85,40.36,64.42,115.79,85.21,100.05,157.96,112.84,177.29,82.945,13.74,280.45,114.0,77.6
2018-10-18,17.65,39.3,63.38,115.92,84.85,100.23,155.0,112.84,173.18,83.0,13.7,276.4,113.96,77.45
2018-10-19,17.75,39.67,63.74,116.01,84.9,100.11,153.36,112.7,173.02,82.95,13.74,276.25,113.71,78.12
2018-10-22,17.77,40.1,63.46,115.71,84.94,100.13,153.03,112.56,173.91,82.93,13.68,275.01,113.56,77.03
2018-10-23,17.38,39.66,62.86,116.39,84.86,100.39,151.66,112.72,173.27,82.98,13.83,273.61,113.92,77.37
2018-10-24,17.26,38.38,61.08,116.66,84.44,100.93,145.95,112.88,165.34,83.11,13.79,265.32,114.78,78.1
2018-10-25,17.33,39.12,61.85,116.4,84.61,100.69,149.11,112.74,171.06,83.08,13.74,270.08,114.3,79.1
2018-10-26,17.46,38.67,61.43,116.77,84.23,101.14,147.48,112.93,166.66,83.13,13.81,265.33,114.99,77.2
2018-10-29,17.28,38.0,61.26,116.31,84.15,101.13,146.67,112.8,163.23,83.16,13.59,263.86,114.73,78.18
2018-10-30,17.19,38.74,62.0,115.8,84.35,100.91,149.73,112.55,165.92,83.12,13.61,267.77,114.16,79.25
2018-10-31,16.96,39.16,62.46,115.15,84.35,100.66,150.03,112.23,169.82,83.08,13.41,270.63,113.58,78.32
2018-11-01,16.84,40.56,63.26,116.63,84.32,100.53,153.49,112.2,172.06,82.98,13.83,273.51,113.41,78.69
2018-11-02,16.8,40.82,63.35,116.65,84.27,99.97,154.0,111.75,169.38,82.88,13.86,271.89,112.0,78.04
2018-11-05,16.79,40.93,63.35,116.37,84.34,100.03,153.88,111.95,168.96,82.91,13.76,273.39,112.44,79.2
2018-11-06,16.72,40.86,63.61,116.04,84.56,99.92,154.64,112.14,170.24,82.89,13.65,275.12,112.37,79.6
2018-11-07,16.68,41.63,64.46,116.03,85.05,99.92,157.41,112.43,175.58,82.86,13.67,281.01,112.52,80.55
2018-11-08,16.58,40.55,63.83,115.78,84.84,99.78,156.99,112.1,174.46,82.85,13.56,280.5,112.51,80.61
2018-11-09,16.4,39.8,63.41,114.48,84.36,100.17,154.08,112.18,171.52,82.89,13.32,277.76,113.35,80.6
2018-11-12,16.36,39.24,62.37,113.66,83.84,100.47,151.03,112.17,166.33,82.95,13.17,272.57,114.09,80.76
2018-11-13,15.91,39.69,62.64,113.7,83.7,100.55,150.55,112.02,166.47,82.96,13.15,272.06,114.02,80.68
2018-11-14,16.05,39.93,62.69,114.64,83.54,100.76,149.45,111.72,165.2,83.02,13.28,270.2,114.09,80.48
2018-11-15,16.02,40.82,62.89,114.77,83.52,100.83,151.58,111.51,168.09,83.06,13.42,273.02,114.04,79.93
2018-11-16,16.12,40.9,62.96,115.62,83.27,101.14,151.94,111.73,167.5,83.12,13.53,273.73,114.7,80.79
2018-11-19,16.12,40.35,62.41,115.67,83.01,101.29,148.86,111.62,162.06,83.19,13.55,269.1,115.02,80.9
2018-11-20,15.63,39.48,61.33,115.67,82.75,101.27,145.99,111.35,159.16,83.17,13.45,264.12,115.06,80.07
2018-11-21,15.76,40.21,62.19,115.86,83.17,101.25,148.03,111.59,160.37,83.17,13.6,265.02,115.02,80.14
2018-11-23,15.3,39.74,61.78,115.77,82.71,101.31,147.89,111.64,159.21,83.15,13.42,263.25,115.14,79.98
2018-11-26,15.37,40.23,62.71,115.64,83.1,101.23,149.81,111.69,162.89,83.16,13.39,267.5,114.88,80.13
2018-11-27,15.31,40.51,62.47,114.95,83.06,101.33,148.57,111.55,163.44,83.17,13.29,268.4,115.01,80.47
2018-11-28,15.26,41.48,63.36,115.38,83.75,101.32,152.24,111.85,168.7,83.2,13.43,274.58,114.45,81.19
2018-11-29,15.36,41.12,63.04,115.74,83.77,101.58,151.83,111.53,168.15,83.22,13.43,273.98,114.9,81.21
2018-11-30,15.29,41.08,62.77,115.54,83.6,101.78,152.62,111.46,169.37,83.25,13.32,275.65,115.33,81.98
2018-12-03,15.64,41.91,63.6,116.41,83.8,101.79,154.08,111.52,172.33,83.04,13.49,279.3,115.88,82.42
2018-12-04,15.65,41.02,61.95,117.12,83.28,102.26,147.52,111.54,165.72,83.1,13.62,270.25,117.82,81.2
2018-12-06,15.52,40.64,61.37,117.14,82.99,102.52,147.2,111.88,166.89,83.18,13.6,269.84,118.19,83.21
2018-12-07,15.7,39.88,60.75,118.09,82.83,102.82,144.02,111.89,161.38,83.27,13.73,263.57,118.41,82.12
2018-12-10,15.45,39.46,60.28,117.68,82.89,102.88,143.6,112.23,163.07,83.27,13.65,264.07,118.9,81.59
2018-12-11,15.54,39.76,60.47,117.54,83.04,102.62,143.45,112.43,163.61,83.19,13.66,264.13,118.88,81.63
2018-12-12,15.49,40.41,61.36,117.79,83.31,102.34,144.82,112.55,165.05,83.18,13.82,265.46,118.35,80.37
2018-12-13,15.69,40.4,61.25,117.53,83.51,102.4,142.77,112.85,165.1,83.26,13.86,265.37,118.07,79.88
2018-12-14,15.45,39.83,60.46,117.06,83.16,102.56,140.61,112.73,161.08,83.305,13.7,260.47,118.48,79.65
2018-12-17,15.27,39.46,59.98,117.87,82.62,102.86,137.02,112.85,157.43,83.39,13.77,255.36,119.17,76.65
2018-12-18,14.95,39.14,59.39,118.15,82.08,102.9,136.85,112.9,158.42,83.32,13.75,255.08,119.6,77.44
2018-12-19,15.01,38.49,58.82,117.43,81.34,103.26,134.0,112.81,154.53,83.34,13.69,251.26,121.18,76.59
2018-12-20,14.87,38.79,58.58,119.24,80.63,103.13,131.79,112.44,152.29,83.33,13.85,247.17,120.74,75.44
2018-12-21,14.74,38.52,57.56,118.72,80.23,103.22,128.37,112.33,147.57,83.39,13.74,240.7,120.72,74.39
2018-12-24,14.39,38.16,56.89,120.02,79.63,103.48,125.88,112.07,143.5,83.46,13.87,234.34,121.32,71.74
2018-12-26,14.71,38.92,58.21,119.66,80.97,102.99,131.93,111.98,152.46,83.38,14.11,246.18,120.02,74.14
2018-12-27,14.57,38.87,58.38,120.57,80.92,103.25,132.48,111.98,153.05,83.47,14.3,248.07,120.04,74.13
2018-12-28,14.45,39.24,58.69,121.06,81.04,103.81,132.86,112.51,152.97,83.59,14.42,247.75,121.05,74.37
2018-12-31,14.49,39.06,58.78,121.25,81.1,104.2,133.9,112.82,154.26,83.62,14.52,249.92,121.51,74.57
2019-01-02,14.53,39.16,58.66,121.33,80.99,104.42,134.66,113.17,154.88,83.63,14.56,250.18,122.15,72.95
2019-01-03,14.65,38.45,58.13,122.43,81.03,105.25,132.25,113.22,149.82,83.8,14.75,244.21,123.54,73.46
2019-01-04,14.85,39.69,59.91,121.44,82.39,104.4,137.19,113.15,156.23,83.62,14.73,252.39,122.11,74.32
2019-01-07,14.96,39.78,60.14,121.86,83.19,104.11,139.59,113.16,158.09,83.56,14.67,254.38,121.75,75.05
2019-01-08,15.11,39.93,60.53,121.53,83.73,103.85,141.73,113.41,159.52,83.51,14.69,256.77,121.43,76.6
2019-01-09,15.41,40.64,61.21,122.31,83.83,103.91,142.9,113.84,160.82,83.55,14.78,257.97,121.24,76.49
2019-01-10,15.37,40.93,61.45,121.59,84.16,103.86,143.64,113.54,161.28,83.56,14.6,258.88,120.46,77.53
2019-01-11,15.32,40.73,61.03,121.8,83.89,104.17,143.68,113.75,160.69,83.61,14.64,258.98,120.93,77.75
2019-01-14,15.19,40.39,60.75,122.09,83.62,104.11,142.25,113.45,159.27,83.61,14.66,257.4,120.48,77.49
2019-01-15,15.31,40.67,61.07,121.88,83.9,104.01,143.45,113.52,162.38,83.64,14.6,260.35,120.04,78.23
2019-01-16,15.39,41.17,61.24,122.27,84.03,103.95,144.52,113.74,162.35,83.62,14.63,260.98,120.16,78.78
2019-01-17,15.4,41.35,61.46,122.11,84.26,103.76,145.83,113.97,163.63,83.61,14.57,262.96,120.19,79.16
2019-01-18,15.56,41.55,62.08,121.02,84.5,103.43,147.33,114.17,165.25,83.54,14.37,266.46,119.56,79.43
2019-01-22,15.45,40.83,61.12,121.45,83.94,103.79,145.0,114.36,161.94,83.61,14.39,262.86,120.37,79.19
2019-01-23,15.43,41.25,61.4,121.28,84.11,103.74,144.6,114.65,162.15,83.59,14.42,263.41,120.32,79.2
2019-01-24,15.47,41.65,61.47,121.09,84.2,104.07,145.47,114.95,163.2,83.66,14.36,263.55,121.11,79.47
2019-01-25,15.55,42.2,62.17,122.86,84.41,103.83,147.34,115.05,165.15,83.6,14.74,265.78,120.53,80.46
2019-01-28,15.34,41.76,61.83,123.29,84.28,103.86,146.55,115.03,163.11,83.61,14.79,263.76,120.41,81.25
2019-01-29,15.49,41.83,61.97,123.98,84.23,104.16,146.2,115.28,161.57,83.65,14.88,263.41,121.02,81.89
2019-01-30,15.6,42.74,62.65,124.69,84.9,104.4,147.8,115.81,165.68,83.76,15.05,267.58,120.93,82.55
2019-01-31,15.52,43.1,62.68,124.75,85.11,104.88,149.06,116.62,168.16,83.83,15.05,269.93,121.97,83.41
2019-02-01,15.66,42.76,62.66,124.5,84.68,104.1,149.18,115.99,167.45,83.58,14.92,270.06,120.96,82.88
2019-02-04,15.67,42.83,62.89,123.96,84.88,103.87,150.96,115.83,169.53,83.58,14.88,271.96,120.42,83.5
2019-02-05,15.6,43.42,63.38,124.28,85.18,104.05,151.12,116.3,171.03,83.58,14.87,273.1,120.97,83.98
2019-02-06,15.62,42.83,63.06,123.44,85.1,104.13,150.93,116.08,170.52,83.62,14.68,272.74,121.03,83.43
2019-02-07,15.47,42.4,62.22,123.74,84.81,104.47,149.69,116.06,168.23,83.68,14.77,270.14,121.83,84.12
2019-02-08,15.49,42.16,62.02,124.21,84.79,104.61,149.85,116.35,168.56,83.71,14.83,270.47,122.35,84.12
2019-02-11,15.4,42.02,61.96,123.6,84.83,104.45,151.1,116.09,168.4,83.68,14.72,270.62,121.87,84.35
2019-02-12,15.49,42.37,62.68,123.86,85.24,104.31,152.99,116.25,170.89,83.67,14.73,274.1,121.555,83.82
2019-02-13,15.58,42.07,62.69,123.37,85.12,104.05,153.42,115.95,171.01,83.61,14.59,274.99,121.1,84.25
2019-02-14,15.62,42.15,62.71,124.06,85.13,104.54,153.77,116.08,171.22,83.72,14.65,274.38,121.79,84.52
2019-02-15,15.91,42.09,63.62,124.8,85.4,104.44,156.22,116.22,171.94,83.68,14.82,277.37,121.98,85.09
2019-02-19,15.95,42.42,63.86,126.7,85.43,104.62,156.65,116.29,172.28,83.74,15.02,277.85,122.29,85.07
2019-02-20,16.0,42.66,64.04,126.48,85.5,104.6,157.39,116.19,172.25,83.725,15.07,278.41,121.94,84.54
2019-02-21,16.05,42.57,63.91,125.05,85.42,104.29,156.79,115.86,171.62,83.7,14.83,277.42,120.85,84.62
2019-02-22,16.09,43.04,64.12,125.5,85.59,104.6,158.15,116.38,172.89,83.76,14.95,279.14,121.57,85.12
2019-02-25,15.85,43.52,64.31,125.37,85.66,104.44,158.19,116.34,173.52,83.75,14.9,279.52,121.21,84.45
2019-02-26,15.92,43.37,64.62,125.58,85.77,104.75,157.1,116.52,173.7,83.79,14.94,279.32,121.81,84.19
2019-02-27,16.0,43.0,64.36,124.69,85.8,104.38,157.32,116.19,173.59,83.77,14.75,279.2,120.43,83.77
2019-02-28,15.96,42.44,64.27,123.99,85.75,104.11,156.78,116.03,173.19,83.75,14.63,278.68,120.02,83.99
2019-03-01,15.78,42.49,64.62,121.88,85.61,103.57,158.24,115.47,174.39,83.54,14.2,280.42,118.66,83.73
2019-03-04,15.83,42.55,64.38,121.56,85.48,103.89,156.81,115.73,174.42,83.56,14.15,279.4,119.59,84.11
2019-03-05,15.91,42.97,64.44,121.72,85.44,103.95,156.08,115.77,174.55,83.57,14.2,279.02,119.84,84.34
2019-03-06,15.82,42.73,64.28,121.61,85.3,104.24,153.02,115.88,173.56,83.63,14.15,277.33,120.28,83.95
2019-03-07,15.78,41.94,63.46,121.51,85.24,104.59,151.68,116.26,171.43,83.7,14.09,275.01,121.06,83.77
2019-03-08,15.77,41.64,63.47,122.84,85.1,104.74,151.64,116.41,171.17,83.73,14.41,274.46,121.57,83.86
2019-03-11,15.79,42.42,64.02,122.24,85.38,104.66,154.29,116.54,174.73,83.71,14.37,278.44,121.21,85.09
2019-03-12,15.89,42.64,63.98,122.98,85.53,104.95,154.37,116.86,175.69,83.74,14.48,279.49,122.06,85.48
2019-03-13,15.99,42.69,64.53,123.84,85.76,104.91,154.98,116.67,177.01,83.75,14.51,281.34,121.83,85.9
2019-03-14,15.92,42.46,64.52,122.41,85.7,104.76,154.35,116.44,176.71,83.77,14.24,281.16,120.95,86.03
2019-03-15,15.92,43.08,65.22,122.97,85.78,105.09,154.76,116.86,178.35,83.8,14.33,281.31,121.75,85.76
2019-03-18,16.0,43.56,65.45,123.04,85.75,104.95,155.75,116.8,178.45,83.78,14.39,282.33,121.68,85.33
2019-03-19,16.04,43.58,65.58,123.38,85.8,104.88,154.96,116.82,179.05,83.77,14.4,282.4,121.41,85.07
2019-03-20,16.16,43.65,65.61,124.18,86.17,105.61,153.26,117.61,179.76,83.89,14.54,281.55,122.68,85.33
2019-03-21,16.08,43.71,65.57,123.68,86.15,105.56,155.27,117.83,182.57,83.89,14.5,284.73,122.95,86.85
2019-03-22,15.94,42.43,64.31,123.97,85.84,106.34,149.62,118.55,178.56,84.03,14.45,279.25,124.86,86.22
2019-03-25,16.0,42.53,64.4,124.92,85.81,106.61,150.28,118.79,178.22,84.12,14.56,279.04,125.06,86.33
2019-03-26,16.03,42.66,64.72,124.3,86.02,106.52,151.86,118.84,179.05,84.11,14.47,281.12,124.97,87.02
2019-03-27,15.94,42.2,64.75,123.65,86.08,106.83,151.27,119.0,177.9,84.18,14.32,279.65,126.12,86.77
2019-03-28,15.89,42.48,64.59,121.9,86.25,106.84,152.62,119.15,178.31,84.17,14.07,280.71,126.56,86.99
2019-03-29,15.9,42.92,64.86,122.01,86.47,106.67,153.09,119.06,179.66,84.12,14.18,282.48,126.44,86.91
2019-04-01,16.05,43.63,65.69,121.53,86.07,105.72,154.76,118.26,182.04,83.87,14.15,285.83,124.37,86.86
2019-04-02,16.09,43.49,65.71,121.98,86.11,105.9,154.36,118.42,182.73,83.91,14.16,285.97,124.6,87.47
2019-04-03,16.11,43.79,66.22,121.8,86.14,105.57,155.16,118.17,183.78,83.87,14.2,286.42,123.52,87.37
2019-04-04,16.12,44.06,66.08,122.11,86.27,105.68,155.92,118.36,183.71,83.89,14.22,287.18,123.87,87.23
2019-04-05,16.17,44.4,66.25,121.98,86.43,105.73,157.38,118.55,184.66,83.88,14.17,288.57,124.03,87.84
2019-04-08,16.23,44.4,66.29,122.51,86.38,105.56,157.12,118.38,185.13,83.86,14.31,288.79,123.59,87.35
2019-04-09,16.2,44.31,65.87,123.15,86.32,105.75,155.2,118.63,184.48,83.87,14.28,287.31,123.98,86.89
2019-04-10,16.34,44.52,66.12,123.53,86.7,106.0,157.31,119.21,185.47,83.94,14.28,288.29,124.28,87.69
2019-04-11,16.26,44.04,65.98,121.95,86.83,105.76,157.11,119.09,185.03,83.89,14.02,288.21,123.55,87.63
2019-04-12,16.31,44.36,66.44,121.83,86.96,105.27,157.68,119.02,185.83,83.84,14.05,290.16,122.67,88.05
2019-04-15,16.28,44.13,66.47,121.6,86.9,105.41,157.17,118.83,185.86,83.85,14.06,289.97,122.98,87.6
2019-04-16,16.22,44.46,66.52,120.51,86.85,105.05,157.54,118.5,186.5,83.84,14.07,290.16,122.21,85.62
2019-04-17,16.16,44.59,66.71,120.28,86.64,105.07,156.1,118.48,187.15,83.87,14.05,289.45,122.26,84.84
2019-04-18,16.21,44.56,66.67,120.37,86.68,105.32,155.64,118.58,187.39,83.89,14.06,290.02,122.9,85.49
2019-04-22,16.29,44.27,66.56,120.37,86.53,105.17,155.23,118.39,187.92,83.9,14.08,290.27,122.31,84.55
2019-04-23,16.31,44.37,66.69,120.12,86.83,105.36,157.57,118.88,190.31,83.94,13.91,292.88,122.57,85.67
2019-04-24,16.25,43.77,66.23,120.47,86.71,105.76,158.06,119.28,189.71,83.99,14.0,292.23,123.57,86.3
2019-04-25,16.22,43.71,66.18,120.57,86.75,105.63,156.75,119.22,190.48,83.99,14.0,292.05,123.39,86.12
2019-04-26,16.03,43.88,66.45,121.37,86.97,105.91,158.27,119.64,190.65,84.08,14.1,293.41,123.81,86.8
2019-04-29,16.04,43.97,66.72,120.83,86.93,105.69,159.03,119.17,191.02,84.05,13.99,293.87,123.02,85.95
2019-04-30,16.09,43.93,66.76,121.2,86.94,105.9,158.29,119.22,189.54,84.11,14.02,294.02,123.65,86.77
2019-05-01,16.04,43.6,66.38,120.4,86.29,105.64,156.79,118.83,188.93,83.88,13.75,291.81,123.9,86.84
2019-05-02,15.86,43.7,66.28,119.94,86.35,105.34,157.52,118.4,188.11,83.84,13.71,291.18,123.31,86.93
2019-05-03,15.87,44.22,66.99,120.65,86.57,105.48,160.53,118.93,191.11,83.87,13.96,294.03,123.66,87.67
2019-05-06,15.92,43.31,66.23,120.81,86.61,105.75,160.71,119.09,189.94,83.92,13.98,292.82,124.0,87.39
2019-05-07,15.72,42.46,65.07,121.21,86.09,106.11,157.53,119.08,186.24,83.96,13.98,287.93,124.95,85.81
2019-05-08,15.74,42.4,65.15,120.91,86.12,105.91,156.76,118.68,185.77,83.95,13.89,287.53,124.41,85.72
2019-05-09,15.66,41.73,64.85,121.2,85.99,106.19,156.19,118.79,184.77,84.0,13.83,286.66,124.92,85.94
2019-05-10,15.69,41.98,65.33,121.43,86.23,106.12,156.62,118.86,185.0,84.02,13.84,288.1,124.75,86.86
2019-05-13,15.61,40.58,63.81,122.67,85.44,106.65,151.63,118.93,178.58,84.12,13.84,280.86,125.73,86.77
2019-05-14,15.82,41.15,64.45,122.46,85.63,106.55,153.54,119.1,180.54,84.12,13.86,283.4,125.36,87.09
2019-05-15,15.96,41.23,64.68,122.39,85.71,106.89,154.04,119.43,183.09,84.18,13.85,285.06,126.13,87.68
2019-05-16,16.05,41.03,65.2,121.51,85.97,106.68,155.0,119.24,184.93,84.13,13.65,287.7,125.71,88.03
2019-05-17,15.9,40.29,64.77,120.65,85.94,106.73,152.84,119.25,183.04,84.15,13.52,285.84,125.99,87.86
2019-05-20,15.97,40.12,64.51,120.64,85.86,106.55,151.78,118.97,179.95,84.11,13.55,283.95,125.73,86.59
2019-05-21,15.98,40.63,64.94,120.36,86.13,106.43,153.82,119.07,181.83,84.07,13.53,286.51,125.53,87.33
2019-05-22,15.75,40.43,64.68,120.24,86.2,106.75,152.53,119.22,181.02,84.11,13.54,285.63,126.25,87.59
2019-05-23,15.42,39.91,64.09,121.17,85.77,107.4,149.39,119.48,178.25,84.26,13.68,282.14,127.67,87.79
2019-05-24,15.63,39.95,64.78,121.3,85.65,107.37,150.79,119.73,178.16,84.23,13.65,282.78,127.78,88.06
2019-05-28,15.76,40.09,64.15,120.83,85.57,107.84,149.59,119.81,177.49,84.3,13.46,280.15,128.79,87.19
2019-05-29,15.7,40.35,63.74,120.87,85.34,107.8,148.34,119.86,176.03,84.31,13.52,278.27,129.09,86.03
2019-05-30,15.54,40.57,63.98,121.69,85.52,108.19,147.93,120.55,176.77,84.38,13.6,279.03,130.2,86.39
2019-05-31,15.13,40.71,63.4,123.33,84.9,108.91,145.86,120.83,173.95,84.56,13.65,275.27,131.83,86.89
2019-06-03,15.08,41.08,63.77,125.11,84.65,109.22,146.37,120.83,170.12,84.55,13.87,274.57,132.44,87.1
2019-06-04,15.17,41.17,64.5,125.15,85.5,108.82,150.16,120.87,174.91,84.49,13.89,280.53,130.93,86.71
2019-06-05,14.86,40.84,64.48,125.47,85.7,108.82,150.19,120.79,176.21,84.53,13.88,282.96,130.19,88.52
2019-06-06,15.12,40.86,64.74,125.88,85.88,108.8,149.8,121.02,177.61,84.48,13.92,284.8,130.61,88.69
2019-06-07,15.17,41.18,65.56,126.59,86.1,109.23,150.86,121.56,181.04,84.57,14.06,287.65,131.74,89.02
2019-06-10,15.13,41.61,65.74,125.33,86.23,108.685,151.75,121.12,183.15,84.49,13.78,288.97,130.5,88.73
2019-06-11,15.23,42.08,66.07,125.18,86.35,108.685,151.3,121.23,183.4,84.46,13.81,288.9,130.58,88.97
2019-06-12,15.02,41.63,65.58,125.83,86.15,108.97,151.47,121.41,182.34,84.53,13.84,288.39,130.68,89.27
2019-06-13,15.21,41.56,65.64,126.6,86.35,109.24,153.07,121.72,183.42,84.62,13.96,289.58,131.13,89.65
2019-06-14,15.27,41.1,65.16,126.56,86.29,109.32,151.73,121.77,182.64,84.59,13.91,289.26,131.46,89.7
2019-06-17,15.2,40.95,63.83,126.48,86.16,109.3,152.24,121.83,183.74,84.55,13.9,289.37,131.69,90.66
2019-06-18,15.38,41.94,64.68,127.12,86.76,109.51,154.01,122.64,186.41,84.56,14.05,292.4,132.35,90.57
2019-06-19,15.35,42.29,65.08,127.89,87.17,109.81,154.56,123.42,187.11,84.74,14.17,293.06,132.54,91.06
2019-06-20,15.66,42.91,65.65,131.11,87.61,109.99,155.29,124.09,188.85,84.78,14.45,295.86,132.89,91.52
2019-06-21,15.7,42.77,65.37,131.98,87.33,109.54,153.95,123.64,188.57,84.74,14.36,294.0,131.43,90.23
2019-06-24,15.77,42.71,65.51,133.94,87.32,109.92,152.08,123.95,188.16,84.79,14.46,293.64,132.41,89.92
2019-06-25,15.82,42.27,65.12,134.2,86.95,110.09,151.15,123.58,184.93,84.81,14.38,290.76,132.82,88.59
2019-06-26,15.9,42.67,65.2,132.97,86.91,109.64,150.8,123.33,185.79,84.71,14.32,290.47,131.97,86.82
2019-06-27,15.9,42.97,65.36,132.84,87.15,109.97,153.63,124.05,186.5,84.78,14.28,291.5,132.9,87.1
2019-06-28,15.73,42.91,65.73,133.2,87.18,110.02,155.5,124.37,186.74,84.78,14.33,293.0,132.81,87.4
2019-07-01,15.72,43.42,66.04,130.62,86.82,109.69,156.1,124.25,189.26,84.57,14.18,295.66,132.24,87.36
2019-07-02,15.46,43.31,66.23,133.41,87.01,110.08,155.15,124.59,190.01,84.62,14.29,296.43,133.26,88.88
2019-07-03,15.61,43.23,66.68,133.63,87.34,110.29,156.26,124.93,191.44,84.64,14.32,298.8,134.21,89.94
2019-07-05,15.64,42.93,66.17,132.14,86.99,109.59,156.68,123.83,191.05,84.47,14.06,298.46,132.43,89.62
2019-07-08,15.62,42.67,65.79,131.29,86.82,109.48,155.19,123.66,189.71,84.43,14.05,296.82,132.61,89.94
2019-07-09,15.67,42.54,65.51,131.75,86.72,109.41,155.4,123.4,190.66,84.4,14.14,297.19,132.56,90.24
2019-07-10,16.01,42.9,65.74,133.83,86.96,109.47,155.67,123.68,192.56,84.55,14.26,298.61,131.83,90.76
2019-07-11,16.02,42.82,65.72,132.7,86.79,108.93,154.91,122.95,192.42,84.51,14.17,299.31,130.07,89.58
2019-07-12,16.06,42.85,65.8,133.53,86.93,109.05,156.11,123.07,193.53,84.52,14.26,300.65,130.22,89.46
2019-07-15,15.89,43.01,65.86,133.53,86.99,109.28,155.29,123.28,194.15,84.54,14.42,300.75,130.97,89.39
2019-07-16,15.72,42.95,65.59,132.4,86.81,109.04,155.24,123.02,193.15,84.51,14.54,299.71,130.58,89.18
2019-07-17,15.58,42.82,65.5,134.58,86.7,109.55,154.13,123.67,192.2,84.59,14.94,297.74,131.99,88.88
2019-07-18,15.47,43.08,65.7,136.48,86.74,109.82,154.71,123.96,192.42,84.69,15.29,298.83,132.0,88.88
2019-07-19,15.56,42.86,65.51,134.47,86.59,109.62,153.82,123.77,191.01,84.6,15.17,297.17,131.69,87.43
2019-07-22,15.51,42.87,65.58,134.45,86.88,109.67,153.68,124.15,192.53,84.61,15.35,297.9,131.94,87.35
2019-07-23,15.61,42.92,65.99,133.69,87.03,109.49,154.7,124.22,193.79,84.59,15.34,300.03,131.22,88.34
2019-07-24,15.54,42.99,66.04,134.37,87.1,109.65,157.26,124.57,195.15,84.61,15.52,301.44,131.79,88.41
2019-07-25,15.48,42.61,65.37,133.42,86.98,109.46,155.36,124.17,193.3,84.56,15.36,300.0,131.16,87.89
2019-07-26,15.5,42.7,65.5,133.64,87.17,109.44,157.2,124.34,195.29,84.57,15.31,302.01,131.47,88.29
2019-07-29,15.56,42.62,65.64,134.53,87.04,109.54,156.15,124.26,194.62,84.57,15.4,301.46,131.51,88.53
2019-07-30,15.65,42.29,64.88,134.98,87.08,109.59,157.84,124.22,193.78,84.58,15.5,300.72,131.83,89.24
2019-07-31,15.55,41.77,64.45,133.21,86.93,109.87,156.56,124.33,191.1,84.57,15.21,297.43,132.89,88.89
2019-08-01,15.12,40.95,64.27,136.41,86.52,110.92,154.29,124.99,190.15,84.66,15.34,294.84,135.26,88.89
2019-08-02,15.14,40.55,63.7,135.89,86.39,111.15,152.58,125.12,187.35,84.68,15.19,292.62,136.51,89.32
2019-08-05,15.01,39.05,62.11,137.79,85.49,112.11,148.0,125.21,180.73,84.85,15.33,283.82,138.87,87.56
2019-08-06,14.93,39.61,62.53,138.91,86.04,112.29,149.36,125.99,183.26,84.89,15.38,287.8,139.98,88.53
2019-08-07,14.74,39.79,62.77,141.02,86.03,112.29,149.32,125.97,184.25,84.9,15.97,287.97,140.03,89.39
2019-08-08,14.82,40.28,63.38,141.73,86.37,112.3,152.54,126.31,188.26,84.87,15.89,293.62,140.33,90.96
2019-08-09,14.95,39.87,62.94,141.26,86.25,112.13,150.62,125.94,186.49,84.82,15.89,291.62,140.05,90.85
2019-08-12,14.84,39.39,62.44,142.63,85.95,112.84,148.67,126.73,184.35,84.91,15.98,288.07,142.97,90.61
2019-08-13,15.19,39.89,63.03,141.78,86.33,112.44,150.27,126.63,188.39,84.81,15.87,292.55,142.48,90.74
2019-08-14,14.96,38.74,61.3,142.75,85.56,113.19,146.07,127.0,182.76,84.915,16.08,283.9,145.69,89.36
2019-08-15,14.84,39.0,61.51,143.7,85.81,113.91,145.49,127.62,182.55,85.1,16.13,284.65,147.31,90.25
2019-08-16,14.83,39.54,62.25,142.78,86.1,113.61,148.63,127.85,185.48,85.09,16.02,288.85,146.13,91.18
2019-08-19,14.9,39.7,62.63,141.11,86.35,113.07,150.13,127.43,188.43,85.0,15.79,292.33,144.04,91.84
2019-08-20,14.94,39.78,62.42,142.21,86.42,113.57,149.15,128.17,186.97,85.06,16.05,290.09,145.53,91.19
2019-08-21,14.99,40.16,62.86,141.76,86.79,113.27,150.38,128.4,188.63,84.98,16.05,292.45,144.56,91.57
2019-08-22,14.92,39.64,62.74,141.4,86.95,113.02,150.03,127.93,188.02,84.94,15.97,292.36,143.6,91.99
2019-08-23,14.81,39.05,61.96,144.17,86.55,113.78,145.43,128.4,182.07,85.08,16.35,284.85,145.96,90.7
2019-08-26,14.8,39.26,62.47,144.19,86.98,113.67,147.03,128.41,184.82,85.04,16.52,288.0,145.37,91.4
2019-08-27,14.9,39.33,62.42,145.57,86.94,114.16,144.85,129.1,184.43,85.07,17.03,286.87,147.61,91.14
2019-08-28,15.03,39.44,62.42,145.16,87.15,114.2,146.54,129.1,185.09,85.09,17.17,288.89,147.8,91.44
2019-08-29,15.07,39.88,62.96,144.12,87.24,113.98,149.11,128.82,187.92,85.05,17.07,292.58,147.24,92.15
2019-08-30,14.83,40.19,63.21,143.75,87.16,114.01,148.84,128.8,187.47,85.08,17.15,292.45,147.28,92.22
2019-09-03,14.75,39.94,63.09,145.75,86.54,114.07,146.66,128.33,185.65,85.0,17.89,290.74,147.21,93.14
2019-09-04,15.1,40.61,63.98,146.66,86.72,114.25,147.84,128.57,188.33,85.07,18.34,294.04,147.43,93.92
2019-09-05,15.08,41.07,64.32,143.14,87.06,113.33,150.59,127.63,191.78,84.88,17.41,297.82,144.76,93.24
2019-09-06,15.12,41.25,64.53,141.92,87.14,113.4,149.9,128.09,191.59,84.89,16.87,298.05,145.79,93.45
2019-09-09,15.26,41.38,64.72,141.39,87.23,112.7,151.91,127.15,191.19,84.8,16.83,298.2,143.2,93.0
2019-09-10,15.28,41.41,64.83,140.18,87.28,111.88,153.85,126.08,190.64,84.66,16.85,298.13,140.69,92.04
2019-09-11,15.17,41.7,65.19,141.03,87.27,111.77,157.0,125.98,192.43,84.66,16.95,300.25,140.44,92.14
2019-09-12,15.11,42.0,65.57,141.32,87.32,111.52,157.04,125.81,193.23,84.64,16.92,301.29,139.52,92.63
2019-09-13,15.11,42.24,65.94,140.15,87.16,110.5,157.31,124.68,192.54,84.5,16.31,301.09,136.54,91.64
2019-09-16,15.78,41.91,65.35,141.32,87.47,110.98,157.9,125.31,191.68,84.57,16.74,300.16,138.28,92.44
2019-09-17,15.48,41.91,65.57,141.6,87.52,111.27,157.49,125.63,192.6,84.61,16.86,300.92,139.03,93.44
2019-09-18,15.38,41.74,65.49,140.71,87.47,111.31,156.52,125.94,192.52,84.56,16.55,301.1,139.62,93.12
2019-09-19,15.46,41.57,65.71,141.28,87.37,111.36,155.76,126.3,192.84,84.57,16.62,301.08,140.04,93.45
2019-09-20,15.48,41.61,65.56,142.95,87.48,112.0,155.43,127.17,190.8,84.66,16.8,298.28,141.89,93.45
2019-09-23,15.52,41.65,65.39,143.75,87.44,112.16,155.31,127.08,190.5,84.71,17.51,298.21,141.86,93.6
2019-09-24,15.34,41.21,65.14,144.51,87.32,112.72,152.43,127.48,187.97,84.8,17.44,295.87,143.57,92.65
2019-09-25,15.25,41.18,64.95,141.83,87.23,111.98,154.1,126.76,190.08,84.69,16.71,297.62,141.47,92.83
2019-09-26,15.25,41.17,65.19,141.79,87.17,112.22,152.38,127.03,189.38,84.73,16.67,297.0,142.38,93.61
2019-09-27,15.19,40.64,64.97,141.06,87.07,112.38,151.16,127.06,187.03,84.78,16.36,295.4,142.73,93.09
2019-09-30,15.04,40.87,65.21,138.87,87.17,112.47,151.34,127.48,188.81,84.82,15.92,296.77,143.08,93.25
2019-10-01,15.03,40.58,64.57,139.63,86.62,112.61,148.37,127.29,187.27,84.78,16.15,293.24,143.26,92.37
2019-10-02,14.9,40.27,63.25,141.26,86.11,113.0,147.25,127.24,184.05,84.87,16.43,288.06,143.61,91.98
2019-10-03,14.88,40.79,63.67,141.9,86.16,113.59,147.74,127.74,186.07,85.05,16.43,290.42,144.92,92.87
2019-10-04,15.0,40.97,64.17,141.9,86.43,113.81,149.14,128.27,188.81,85.04,16.41,294.35,145.99,93.43
2019-10-07,14.98,40.63,64.09,140.69,86.36,113.43,148.88,127.62,188.24,84.95,16.3,293.08,144.78,93.23
2019-10-08,14.97,40.34,63.49,141.92,86.04,113.67,146.46,127.51,185.42,85.0,16.61,288.53,145.17,92.74
2019-10-09,15.01,40.65,63.95,142.05,86.3,113.38,147.13,127.56,187.23,84.95,16.6,291.27,144.35,92.92
2019-10-10,15.11,41.07,64.4,140.81,86.41,112.67,147.72,126.81,188.68,84.85,16.37,293.24,142.2,93.07
2019-10-11,15.29,41.73,65.55,140.03,86.77,111.9,150.22,126.58,191.11,84.77,16.37,296.28,140.44,93.03
2019-10-14,15.22,41.55,65.28,140.59,86.83,112.21,149.67,127.0,191.09,84.78,16.49,295.95,141.46,93.07
2019-10-15,15.18,41.92,66.04,139.61,87.02,111.67,151.39,126.66,193.52,84.76,16.27,298.88,139.75,93.19
2019-10-16,15.2,42.04,66.14,140.41,86.95,111.89,151.55,126.8,193.04,84.8,16.26,298.4,139.92,93.2
2019-10-17,15.26,42.2,66.3,140.61,87.07,111.85,153.34,126.98,193.55,84.8,16.4,299.28,139.58,93.81
2019-10-18,15.25,41.98,66.27,140.46,87.09,111.95,152.61,127.14,191.69,84.83,16.41,297.97,139.58,94.53
2019-10-21,15.23,42.36,66.63,139.79,87.12,111.54,154.04,126.85,193.39,84.79,16.41,299.99,138.53,95.25
2019-10-22,15.25,42.39,66.47,140.2,87.14,111.8,154.21,127.07,191.85,84.82,16.37,299.01,139.34,94.97
2019-10-23,15.44,42.4,66.83,140.53,87.22,111.84,154.4,127.14,192.22,84.81,16.39,299.88,139.48,95.18
2019-10-24,15.52,42.4,66.95,141.53,87.32,111.82,154.18,127.42,194.09,84.81,16.65,300.37,139.2,94.94
2019-10-25,15.61,42.7,67.02,141.86,87.39,111.58,155.0,127.2,195.64,84.76,16.89,301.6,138.52,94.13
2019-10-28,15.55,42.95,67.32,140.64,87.38,111.16,156.34,126.82,197.57,84.73,16.68,303.3,137.26,93.56
2019-10-29,15.52,42.73,67.3,140.25,87.22,111.26,156.85,126.49,196.04,84.75,16.65,303.21,137.35,94.13
2019-10-30,15.42,42.92,67.58,141.02,87.11,111.8,156.33,126.94,196.99,84.8,16.73,304.14,139.36,94.47
2019-10-31,15.33,42.58,67.42,142.43,86.81,112.51,155.45,127.71,197.08,84.95,16.92,303.33,141.24,94.3
2019-11-01,15.61,43.22,68.02,142.56,86.82,112.13,158.1,127.49,198.87,84.76,16.92,306.14,140.56,94.28
2019-11-04,15.71,43.65,68.37,142.15,87.0,111.56,158.95,126.89,200.1,84.7,16.85,307.37,138.71,93.62
2019-11-05,15.75,43.9,68.24,139.85,86.91,110.96,159.15,126.16,200.21,84.64,16.44,307.03,137.15,92.03
2019-11-06,15.58,43.76,68.21,140.45,86.81,111.28,158.23,126.87,199.76,84.69,16.47,307.1,137.98,92.23
2019-11-07,15.57,44.08,68.42,138.27,86.77,110.39,158.65,125.88,200.43,84.59,16.0,308.18,135.48,91.31
2019-11-08,15.61,43.68,68.38,137.39,86.85,110.24,159.08,125.71,201.23,84.6,15.7,308.94,134.91,91.09
2019-11-11,15.51,43.37,68.29,137.06,86.8,110.36,158.78,125.75,200.96,84.62,15.75,308.35,135.0,91.29
2019-11-12,15.52,43.09,68.32,137.43,86.82,110.41,158.83,125.87,201.54,84.63,15.72,309.0,135.62,90.6
2019-11-13,15.55,42.76,68.08,137.98,86.73,110.71,158.15,126.17,201.59,84.67,15.83,309.1,136.5,91.43
2019-11-14,15.5,42.79,67.89,138.56,86.68,111.27,158.1,126.83,201.43,84.75,15.9,309.55,137.91,92.14
2019-11-15,15.58,43.13,68.32,138.21,86.94,111.18,158.92,126.85,202.91,84.72,15.85,311.79,137.76,92.64
2019-11-18,15.42,43.06,68.4,138.62,86.83,111.37,158.52,126.99,203.07,84.76,15.92,312.02,138.01,93.09
2019-11-19,15.28,43.15,68.31,138.69,86.52,111.58,159.11,127.24,203.37,84.75,16.02,311.93,139.16,93.25
2019-11-20,15.48,42.96,67.88,138.76,86.34,111.99,158.51,127.42,202.15,84.79,16.04,310.77,140.6,93.2
2019-11-21,15.62,42.87,67.79,138.0,86.36,111.71,157.73,127.12,201.7,84.75,15.99,310.27,139.72,91.89
2019-11-22,15.61,42.87,67.98,137.74,86.69,111.69,158.22,127.47,201.83,84.735,15.9,310.96,139.9,91.55
2019-11-25,15.61,43.3,68.52,137.08,86.92,111.74,161.58,127.91,204.22,84.75,15.78,313.37,140.31,91.84
2019-11-26,15.7,43.17,68.48,137.74,87.02,111.95,161.69,128.24,204.61,84.79,15.99,314.08,141.13,93.06
2019-11-27,15.62,43.22,68.66,137.01,87.13,111.66,162.83,128.23,206.04,84.74,15.84,315.48,140.72,93.5
2019-11-29,15.31,42.54,68.18,137.86,86.94,111.57,161.77,127.97,205.1,84.77,15.92,314.31,140.42,93.07
2019-12-02,15.29,42.53,67.83,137.79,86.54,111.01,160.19,127.07,203.0,84.61,15.8,311.64,138.31,91.66
2019-12-03,15.3,42.31,67.58,139.11,86.42,112.0,159.68,128.05,201.41,84.73,16.05,309.55,141.21,92.25
2019-12-04,15.54,42.63,68.2,138.92,86.68,111.57,160.78,127.88,202.43,84.69,15.76,311.46,139.8,92.63
2019-12-05,15.57,42.82,68.07,139.0,86.81,111.31,160.94,127.74,202.83,84.65,15.85,312.02,139.12,92.68
2019-12-06,15.67,43.07,68.69,137.62,86.93,110.97,162.82,127.67,205.0,84.62,15.48,314.87,138.35,92.87
2019-12-09,15.65,42.9,68.33,137.58,86.93,111.06,162.51,127.65,204.07,84.62,15.5,313.88,138.65,93.05
2019-12-10,15.72,43.05,68.36,137.97,87.14,110.93,162.61,127.65,203.9,84.58,15.57,313.53,138.66,92.51
2019-12-11,15.65,43.68,68.72,138.92,87.32,111.39,162.56,128.15,204.98,84.65,15.75,314.42,139.75,91.57
2019-12-12,15.79,44.44,69.18,138.43,87.52,110.51,163.96,127.56,206.51,84.57,15.85,317.13,137.45,90.33
2019-12-13,15.87,44.42,69.66,139.05,87.61,111.16,163.33,128.39,207.19,84.67,15.84,317.32,139.04,90.35
2019-12-16,15.98,43.86,69.62,139.04,87.78,110.64,163.88,128.1,209.27,84.62,15.91,319.5,137.79,91.0
2019-12-17,16.05,44.26,69.22,139.01,88.05,110.65,164.7,128.0,209.39,84.64,15.88,319.57,137.6,90.14
2019-12-18,16.06,44.5,69.13,139.02,88.21,110.35,165.02,127.91,209.55,84.65,15.9,319.59,136.47,90.27
2019-12-19,16.13,44.52,69.13,139.38,87.85,110.28,165.73,127.7,210.86,84.53,15.94,320.9,136.47,91.07
2019-12-20,16.11,44.61,69.18,139.52,87.72,110.28,165.97,127.66,211.71,84.53,16.04,320.73,136.65,91.57
2019-12-23,15.86,44.67,69.29,139.95,87.76,110.18,166.3,127.72,211.81,84.51,16.28,321.22,136.45,91.11
2019-12-24,15.93,44.57,69.22,141.27,87.83,110.37,166.68,127.85,211.92,84.52,16.58,321.23,136.84,91.35
2019-12-26,16.05,44.89,69.52,142.38,87.96,110.53,166.68,128.08,213.79,84.55,16.73,322.94,137.17,91.75
2019-12-27,16.08,45.07,69.64,142.33,87.92,110.69,165.86,128.26,213.61,84.61,16.58,322.86,137.32,92.04
2019-12-30,16.05,44.77,69.12,142.63,87.86,110.62,165.44,128.49,212.21,84.64,16.74,321.08,136.82,92.13
2019-12-31,15.95,44.87,69.44,142.9,87.94,110.22,165.67,127.96,212.61,84.63,16.68,321.86,135.48,92.79
2020-01-02,15.97,45.78,70.14,143.95,88.31,110.73,165.78,128.23,216.16,84.67,16.81,324.87,137.015,91.7
2020-01-03,16.16,44.93,69.27,145.86,88.22,111.47,165.13,128.67,214.18,84.74,16.84,322.41,139.12,92.27
2020-01-06,16.19,44.82,69.54,147.39,88.13,111.35,165.35,128.24,215.56,84.71,16.94,323.64,138.33,92.38
2020-01-07,16.18,44.79,69.35,147.97,88.05,111.19,164.8,127.91,215.53,84.71,17.17,322.73,137.645,91.35
2020-01-08,15.94,45.05,69.55,146.86,88.13,110.93,165.31,127.73,217.15,84.67,16.93,324.45,136.74,91.63
2020-01-09,15.87,45.35,69.71,146.03,88.36,111.01,165.51,128.34,218.99,84.68,16.72,326.65,137.22,91.58
2020-01-10,15.87,45.59,69.45,146.91,88.39,111.25,164.89,128.7,218.43,84.7,16.89,325.71,138.44,92.28
2020-01-13,15.75,46.3,69.81,145.82,88.39,111.12,165.96,128.39,220.95,84.69,16.78,327.95,138.02,93.39
2020-01-14,15.82,46.04,69.88,145.69,88.38,111.34,166.57,128.55,220.08,84.7,16.62,327.45,138.73,93.04
2020-01-15,15.74,45.68,69.88,146.54,88.4,111.62,167.37,128.83,220.17,84.74,16.81,328.19,139.65,93.88
2020-01-16,15.72,45.97,70.17,146.31,88.43,111.39,169.53,129.01,222.28,84.74,16.77,330.92,139.21,94.63
2020-01-17,15.77,46.23,70.38,146.58,88.36,111.3,169.07,128.99,223.38,84.77,16.82,331.95,138.02,94.72
2020-01-21,15.68,45.06,69.82,146.74,88.17,111.74,167.67,129.61,223.28,84.79,16.64,331.3,139.47,95.62
2020-01-22,15.47,45.43,69.96,146.79,88.33,111.76,167.56,129.68,223.87,84.805,16.66,331.34,139.96,94.98
2020-01-23,15.34,44.96,69.79,147.12,88.06,112.04,167.45,129.85,224.59,84.84,16.61,331.72,140.94,95.78
2020-01-24,15.11,44.6,69.49,147.98,87.69,112.44,165.39,130.07,222.7,84.87,16.91,328.77,142.08,95.45
2020-01-27,14.83,43.06,68.05,148.99,87.1,113.2,163.51,130.32,218.1,84.96,16.89,323.5,144.29,94.99
2020-01-28,14.9,43.42,68.69,147.66,87.85,112.82,164.87,130.25,221.45,84.92,16.32,326.89,143.16,95.37
2020-01-29,14.83,43.63,68.7,148.46,87.8,113.36,163.93,130.67,221.81,85.0,16.41,326.62,144.56,95.02
2020-01-30,14.7,42.98,68.64,148.47,87.89,113.47,163.93,130.75,222.6,85.01,16.68,327.68,144.58,95.09
2020-01-31,14.58,42.11,67.48,149.33,87.53,114.04,160.53,131.09,219.07,85.12,16.82,321.73,145.9,93.93
2020-02-03,14.31,42.58,67.64,148.36,87.15,113.79,162.32,130.65,222.38,84.96,16.5,324.12,145.54,94.24
2020-02-04,14.33,43.68,68.77,146.43,87.67,113.13,164.77,130.33,227.47,84.87,16.45,329.06,143.58,95.21
2020-02-05,14.55,43.93,69.43,146.61,88.03,112.64,167.31,130.25,228.22,84.81,16.46,332.86,142.01,95.27
2020-02-06,14.61,43.97,69.62,147.4,88.1,112.72,166.93,130.19,230.19,84.83,16.63,333.98,142.65,95.59
2020-02-07,14.53,43.36,68.96,147.79,87.97,113.26,164.88,130.69,229.2,84.88,16.54,332.2,144.43,95.57
2020-02-10,14.4,43.6,69.1,148.17,88.09,113.48,165.81,131.0,231.97,84.92,16.61,334.68,144.83,96.64
2020-02-11,14.45,44.17,69.57,147.66,88.15,113.21,166.96,130.81,232.01,84.88,16.48,335.26,144.1,97.37
2020-02-12,14.65,44.77,69.81,147.54,88.38,112.92,168.11,130.75,234.27,84.84,16.33,337.42,143.37,97.95
2020-02-13,14.66,44.18,69.32,148.38,88.41,113.02,168.55,130.66,233.97,84.86,16.46,337.06,143.92,98.54
2020-02-14,14.65,44.2,69.2,149.0,88.4,113.3,167.9,130.98,234.64,84.895,16.56,337.6,144.55,99.56
2020-02-18,14.76,43.91,68.76,150.91,88.22,113.48,167.54,131.23,234.73,84.93,17.01,336.73,145.54,99.45
2020-02-19,14.9,44.23,68.99,151.79,88.26,113.46,168.4,131.05,236.98,84.94,17.23,338.34,145.53,98.11
2020-02-20,14.84,43.54,68.58,152.41,88.41,113.79,168.81,131.49,234.78,84.96,17.14,336.95,146.67,99.28
2020-02-21,14.78,43.29,68.26,154.7,88.33,114.25,167.1,131.75,230.27,85.03,17.28,333.48,148.04,99.57
2020-02-24,14.5,41.67,65.53,156.09,87.38,115.14,162.07,131.77,221.39,85.17,17.4,322.42,150.25,98.21
2020-02-25,14.23,41.34,64.45,153.3,86.77,115.46,156.31,131.9,215.37,85.26,16.71,312.65,151.05,95.55
2020-02-26,14.09,41.67,64.53,153.97,86.86,115.4,154.5,131.41,216.48,85.32,16.68,311.5,150.25,94.52
2020-02-27,13.85,40.67,62.62,154.0,85.69,115.96,149.06,130.71,205.64,85.42,16.47,297.51,151.88,89.49
2020-02-28,13.61,40.52,62.24,148.38,86.04,117.26,146.33,132.18,205.8,85.73,15.53,296.26,155.31,87.33
2020-03-02,13.92,41.4,63.04,149.2,86.31,117.04,151.03,131.7,216.42,85.57,15.56,309.09,153.94,91.06
2020-03-03,13.95,41.12,62.53,153.89,85.94,118.4,147.95,133.2,209.48,85.905,16.02,300.24,156.33,90.85
2020-03-04,13.96,41.85,64.4,154.16,87.12,118.14,152.16,133.39,218.22,85.92,16.09,312.86,154.67,94.28
2020-03-05,13.81,40.97,62.69,157.49,86.02,119.19,147.32,133.34,211.59,86.1,16.3,302.46,158.52,92.26
2020-03-06,13.36,40.13,61.75,157.55,85.05,120.4,144.4,134.27,208.02,86.2,16.18,297.46,166.77,90.67
2020-03-09,12.32,37.39,56.96,157.81,81.39,121.48,130.36,131.01,193.57,86.67,15.88,274.23,171.29,83.68
2020-03-10,12.71,39.29,59.06,154.48,82.64,119.25,134.43,128.06,204.11,86.29,15.73,288.42,162.51,86.54
2020-03-11,12.48,37.46,56.05,153.93,80.84,118.06,125.88,123.85,195.22,86.19,15.63,274.36,156.53,81.34
2020-03-12,11.98,33.71,49.89,147.79,77.61,118.12,111.97,117.94,177.32,86.17,14.62,248.11,157.5,73.1
2020-03-13,12.11,36.14,52.91,143.28,80.05,117.35,119.47,123.05,192.34,86.28,13.69,269.32,153.94,79.48
2020-03-16,11.38,31.63,47.45,141.64,75.65,120.45,103.62,121.3,169.3,86.42,12.0,239.85,163.91,65.39
2020-03-17,11.2,33.81,49.76,143.56,76.36,117.43,108.37,116.33,182.14,86.22,11.88,252.8,152.98,69.17
2020-03-18,10.83,30.89,46.91,140.7,72.99,115.8,99.97,110.51,176.6,86.11,11.21,240.0,144.35,62.59
2020-03-19,11.06,31.13,47.64,138.04,71.35,116.18,103.87,105.05,177.66,86.26,11.32,240.51,148.28,62.81
2020-03-20,10.94,31.36,47.05,140.11,69.75,119.14,101.4,106.74,170.7,86.49,11.62,228.8,159.43,59.68
2020-03-23,11.07,30.61,46.5,146.3,68.63,120.55,99.9,114.63,170.46,86.59,12.31,222.95,166.0,56.91
2020-03-24,11.31,32.91,50.44,153.4,71.46,119.73,109.04,116.98,183.66,86.47,13.29,243.15,162.91,62.03
2020-03-25,11.5,34.07,52.08,151.3,73.47,119.8,109.97,122.58,182.3,86.57,13.51,246.79,162.54,65.37
2020-03-26,11.46,35.36,54.41,153.24,76.83,120.09,116.81,122.68,191.9,86.67,13.53,261.2,163.34,69.98
2020-03-27,11.42,33.35,52.86,152.25,77.03,120.98,112.56,122.43,185.3,86.65,13.44,253.42,167.7,70.05
2020-03-30,11.39,33.9,53.93,152.92,77.69,121.26,115.04,123.92,192.04,86.69,13.16,261.65,166.32,71.58
2020-03-31,11.25,34.13,53.46,148.05,77.07,121.48,114.46,123.51,190.4,86.67,13.05,257.75,164.97,69.85
2020-04-01,10.93,32.67,51.09,149.45,74.58,121.83,106.66,121.41,182.31,86.62,13.02,246.15,167.04,65.26
2020-04-02,11.14,33.77,52.09,151.9,75.16,121.85,107.67,121.73,186.01,86.64,13.53,251.83,168.1,65.48
2020-04-03,11.42,33.13,50.9,152.65,73.55,121.94,104.62,121.1,183.37,86.62,13.46,248.19,168.5,64.53
2020-04-06,11.48,34.94,53.6,156.88,75.34,121.39,112.63,123.49,196.48,86.56,14.03,264.86,168.06,69.31
2020-04-07,11.56,35.12,53.9,156.04,75.34,120.85,112.92,123.68,196.4,86.54,13.99,265.13,166.3,69.95
2020-04-08,11.53,35.48,54.34,154.65,77.3,120.7,118.07,125.91,200.57,86.59,13.94,274.03,165.09,74.72
2020-04-09,11.56,35.35,55.57,158.69,82.36,120.96,123.72,131.83,200.86,86.62,14.34,278.2,165.39,78.91
2020-04-13,11.76,35.4,55.04,161.41,81.18,120.7,120.37,130.55,203.03,86.63,14.4,275.66,163.88,75.59
2020-04-14,11.66,36.21,56.02,162.68,81.52,120.86,122.81,129.91,211.86,86.625,14.65,283.79,163.84,77.71
2020-04-15,11.42,35.28,54.27,161.85,80.76,121.94,117.8,130.78,209.43,86.66,14.49,277.76,168.18,74.63
2020-04-16,11.39,35.47,54.3,161.71,80.68,122.07,116.91,130.13,213.25,86.68,14.51,279.1,170.09,73.78
2020-04-17,11.44,36.26,55.74,158.57,81.09,121.75,122.06,130.56,215.29,86.65,14.15,286.64,167.81,76.11
2020-04-20,11.25,35.8,54.91,159.7,79.87,122.07,120.62,129.82,212.74,86.65,14.26,281.59,169.16,73.28
2020-04-21,10.72,34.81,53.84,158.61,78.41,122.41,117.74,129.36,204.89,86.67,13.88,273.04,171.29,71.95
2020-04-22,10.87,35.76,54.75,161.73,79.1,122.03,119.17,129.44,210.97,86.64,14.09,279.1,169.54,73.05
2020-04-23,10.84,35.63,54.58,163.34,79.06,122.11,120.34,129.99,210.52,86.63,14.21,279.08,170.44,72.44
2020-04-24,10.7,35.58,55.21,162.64,78.32,122.14,122.41,129.9,213.84,86.63,14.21,282.97,170.84,72.75
2020-04-27,10.5,36.3,55.94,161.56,78.64,121.49,127.26,128.85,215.56,86.63,14.21,287.05,167.66,75.24
2020-04-28,10.51,36.37,56.36,160.84,78.88,122.02,129.11,129.2,211.5,86.66,14.1,285.73,169.59,75.86
2020-04-29,10.7,37.43,57.77,161.73,80.27,121.96,135.46,130.05,219.0,86.65,14.28,293.21,168.71,77.0
2020-04-30,10.9,36.64,56.57,158.8,80.43,121.67,130.31,129.17,218.91,86.8,13.98,290.48,166.74,76.11
2020-05-01,10.76,35.32,55.34,159.78,78.68,121.71,125.14,128.34,212.74,86.6,13.92,282.79,167.95,73.54
2020-05-04,10.89,35.7,55.32,160.34,78.57,121.73,125.68,128.54,215.22,86.6,13.77,283.57,167.16,73.18
2020-05-05,11.17,35.9,55.42,161.02,79.25,121.64,126.65,128.37,217.66,86.59,13.93,286.19,166.09,73.54
2020-05-06,10.95,35.79,55.06,158.95,78.8,121.19,125.72,126.93,219.0,86.62,13.92,284.25,163.41,72.22
2020-05-07,11.02,36.08,55.89,161.39,79.0,121.93,127.44,127.27,221.82,86.68,14.26,287.68,166.14,73.25
2020-05-08,11.25,36.84,56.84,160.42,79.75,121.53,132.36,126.66,224.86,86.66,14.44,292.44,163.98,74.99
2020-05-11,11.1,36.6,56.79,159.42,79.39,121.19,131.7,125.55,226.87,86.63,14.44,292.5,162.7,73.9
2020-05-12,11.01,36.46,56.07,160.04,79.29,121.59,126.97,126.76,222.12,86.65,14.42,286.67,164.37,70.54
2020-05-13,10.9,36.39,55.64,161.58,78.87,121.84,122.72,127.05,219.34,86.65,14.55,281.6,165.52,68.83
2020-05-14,11.09,36.53,55.11,163.01,78.6,122.03,123.12,128.1,221.83,86.63,14.81,284.97,167.14,69.07
2020-05-15,11.2,36.03,55.16,163.93,78.71,121.95,125.08,128.55,223.27,86.68,15.51,286.28,166.71,68.8
2020-05-18,11.52,37.44,57.39,162.69,80.1,121.2,132.68,129.28,227.43,86.61,15.79,295.0,163.05,72.87
2020-05-19,11.49,37.14,56.6,164.26,80.2,121.54,130.06,129.38,226.86,86.66,16.17,291.97,163.66,71.89
2020-05-20,11.69,37.63,57.78,164.65,81.05,121.57,134.0,130.8,231.39,86.66,16.36,296.93,164.15,72.53
2020-05-21,11.64,37.2,57.11,162.25,81.03,121.65,134.24,130.7,228.87,86.64,15.96,294.88,164.56,72.59
2020-05-22,11.55,36.43,56.95,163.21,81.23,121.88,134.89,130.7,229.66,86.64,16.04,295.44,165.55,73.57
2020-05-26,11.67,37.23,58.58,160.89,81.84,121.56,138.78,130.52,229.04,86.64,15.97,299.08,163.33,76.32
2020-05-27,11.52,37.35,59.29,161.18,82.01,121.66,143.09,131.06,230.29,86.62,16.15,303.53,163.03,77.84
2020-05-28,11.58,37.09,59.85,161.72,82.09,121.55,139.7,131.17,229.99,86.66,16.19,302.97,162.43,78.21
2020-05-29,11.78,37.73,59.64,162.91,82.42,121.94,138.9,132.02,233.36,86.66,16.66,304.32,163.59,77.43
2020-06-01,11.85,38.6,60.97,163.66,82.72,121.77,140.23,131.64,234.06,86.58,17.1,305.55,162.28,79.22
2020-06-02,11.98,39.52,61.54,162.6,83.54,121.57,141.39,132.06,235.63,86.58,16.84,308.08,161.69,79.86
2020-06-03,11.98,40.44,63.01,159.6,83.93,120.85,144.8,131.98,236.69,86.51,16.48,312.18,159.54,82.42
2020-06-04,12.08,39.87,62.74,161.28,83.67,120.37,144.59,131.58,235.03,86.53,16.54,311.36,157.23,81.6
2020-06-05,12.32,40.92,63.82,158.01,84.46,119.77,150.18,132.26,239.69,86.5,16.2,319.34,156.11,84.69
2020-06-08,12.24,41.17,64.65,159.72,84.56,119.9,153.09,132.7,241.55,86.48,16.59,323.2,156.71,86.79
2020-06-09,12.28,40.89,63.81,161.26,83.9,120.33,150.26,132.42,243.3,86.51,16.42,320.79,158.49,85.35
2020-06-10,12.36,41.19,63.67,163.57,83.78,121.23,146.18,133.29,246.22,86.56,16.96,319.0,160.84,83.18
2020-06-11,11.96,39.04,60.26,162.39,81.63,121.66,135.03,131.7,234.02,86.52,16.44,300.61,163.88,77.84
2020-06-12,12.01,39.87,61.3,162.62,82.44,121.39,138.27,132.34,235.88,86.55,16.28,304.21,162.3,80.63
2020-06-15,12.12,39.28,60.69,162.33,83.24,121.29,140.99,134.22,238.75,86.53,16.23,307.05,162.39,81.77
2020-06-16,12.22,39.53,61.44,162.25,83.58,121.04,144.38,133.85,242.85,86.52,16.26,312.96,159.9,83.38
2020-06-17,12.16,39.91,61.67,162.56,83.19,121.23,141.77,133.59,243.62,86.55,16.33,311.66,160.56,82.17
2020-06-18,12.23,39.93,61.34,162.24,83.16,121.5,141.72,133.89,244.28,86.54,16.21,311.78,162.26,81.27
2020-06-19,12.33,39.92,61.04,164.03,82.88,121.54,140.99,133.99,244.24,86.56,16.49,308.64,162.39,80.09
2020-06-22,12.46,40.41,61.77,165.09,82.82,121.43,142.4,133.86,246.74,86.54,16.5,310.62,162.41,80.01
2020-06-23,12.4,40.8,62.11,166.48,82.94,121.39,143.0,133.61,248.84,86.56,16.76,312.05,161.3,79.68
2020-06-24,12.09,40.26,60.52,165.9,82.09,121.62,138.36,133.24,243.71,86.57,16.28,304.09,163.03,77.41
2020-06-25,12.2,40.43,61.38,165.8,82.12,121.64,140.45,133.38,246.03,86.57,16.59,307.35,163.5,77.63
2020-06-26,12.05,39.94,60.49,166.54,81.34,121.97,136.67,133.5,240.22,86.6,16.63,300.05,165.25,76.14
2020-06-29,12.25,40.12,60.98,166.63,80.88,122.09,141.14,134.12,242.84,86.62,16.65,304.46,164.73,77.61
2020-06-30,12.31,39.99,60.87,167.37,81.62,121.87,143.18,134.5,247.6,86.61,17.01,308.36,163.93,78.53
2020-07-01,12.41,40.44,61.1,166.62,81.53,121.57,141.82,134.72,250.49,86.52,16.82,310.52,163.42,80.34
2020-07-02,12.46,41.36,61.77,166.98,82.13,121.72,142.4,135.05,252.19,86.56,16.71,312.23,163.59,80.11
2020-07-06,12.56,43.14,62.78,167.98,82.72,121.54,143.43,135.4,258.39,86.53,17.05,317.05,162.92,80.07
2020-07-07,12.57,42.42,61.86,169.04,82.17,121.93,140.89,135.58,256.61,86.55,17.01,313.78,165.21,78.48
2020-07-08,12.73,43.52,62.38,170.09,82.39,121.74,141.94,135.36,259.99,86.55,17.49,316.18,164.55,78.37
2020-07-09,12.58,43.52,61.67,169.63,82.21,122.15,139.07,136.12,262.18,86.57,17.38,314.38,167.17,77.88
2020-07-10,12.66,43.24,62.33,169.19,82.49,121.89,141.31,135.87,263.97,86.54,17.43,317.59,166.33,78.12
2020-07-13,12.53,42.95,61.93,169.4,82.04,122.02,139.52,135.51,258.54,86.54,17.73,314.84,166.88,77.19
2020-07-14,12.59,43.01,62.84,170.19,82.74,122.01,141.83,136.3,260.37,86.55,17.97,318.92,167.12,77.84
2020-07-15,12.74,43.14,63.55,170.34,83.21,121.97,147.03,136.57,260.9,86.56,18.17,321.85,166.34,78.6
2020-07-16,12.64,42.53,63.14,168.73,83.29,122.06,146.16,136.95,259.12,86.56,17.78,320.79,167.13,77.66
2020-07-17,12.66,42.77,63.51,170.12,83.52,122.03,146.59,137.32,259.42,86.58,18.01,321.72,166.78,78.67
2020-07-20,12.65,43.32,63.82,170.94,84.02,122.11,145.96,137.7,266.78,86.56,18.53,324.32,167.19,77.73
2020-07-21,12.83,43.72,63.95,173.0,84.41,122.24,148.03,137.88,264.0,86.58,19.67,325.01,167.29,77.92
2020-07-22,12.91,43.53,64.12,175.63,84.58,122.28,148.11,138.33,264.93,86.57,21.44,326.86,167.79,79.11
2020-07-23,12.88,43.18,63.61,177.18,84.52,122.4,148.26,138.43,258.01,86.57,21.03,322.96,169.75,78.78
2020-07-24,12.9,43.14,63.26,178.7,84.6,122.34,146.08,138.12,255.56,86.58,21.21,320.88,169.74,78.2
2020-07-27,13.02,43.81,64.09,182.23,84.8,122.15,147.6,137.7,260.12,86.55,22.83,323.22,169.11,78.94
2020-07-28,12.95,43.45,63.68,183.75,84.58,122.44,146.13,137.56,256.81,86.57,22.77,321.17,170.28,80.51
2020-07-29,13.02,44.15,64.35,185.13,85.05,122.6,149.35,138.31,259.77,86.59,22.57,325.12,169.99,82.07
2020-07-30,12.87,43.59,63.4,183.76,85.23,122.765,148.76,138.16,261.13,86.62,21.76,323.96,171.11,81.54
2020-07-31,12.94,43.29,62.05,185.43,85.39,122.8,147.36,138.35,265.79,86.63,22.65,326.52,171.0,81.39
2020-08-03,13.07,43.59,63.26,185.64,85.07,122.64,149.76,138.24,269.38,86.58,22.74,328.79,169.95,80.31
2020-08-04,13.14,44.17,63.61,189.59,85.04,123.06,150.79,138.75,270.38,86.59,24.25,330.06,171.57,81.51
2020-08-05,13.25,44.65,63.82,191.35,85.19,122.65,153.79,138.56,271.05,86.57,25.05,332.11,170.07,81.1
2020-08-06,13.35,44.79,63.89,193.89,85.38,122.79,153.73,139.15,274.64,86.57,26.88,334.33,171.02,81.23
2020-08-07,13.17,43.87,63.63,190.81,85.17,122.53,156.17,138.76,271.47,86.56,26.19,334.57,169.88,82.39
2020-08-10,13.24,43.98,63.84,190.15,85.21,122.4,157.79,138.46,270.31,86.54,27.0,335.57,169.12,82.52
2020-08-11,13.03,43.86,64.07,179.94,84.44,121.98,156.88,137.59,265.19,86.52,23.33,332.8,167.105,81.33
2020-08-12,13.17,44.45,65.49,179.1,84.46,121.62,157.52,137.25,271.86,86.5,23.42,337.44,165.59,82.15
2020-08-13,13.24,44.32,65.2,183.33,84.23,121.37,157.19,136.01,272.48,86.49,25.45,336.83,163.82,81.14
2020-08-14,13.24,44.24,64.8,182.54,84.08,121.43,157.09,135.41,272.16,86.5,24.58,336.84,163.18,81.15
2020-08-17,13.46,44.8,65.29,186.5,84.58,121.63,157.9,135.69,275.32,86.51,25.62,337.91,163.59,81.81
2020-08-18,13.49,44.75,65.25,188.18,84.71,121.84,156.39,136.08,277.97,86.52,25.88,338.64,164.76,81.42
2020-08-19,13.45,44.2,64.96,182.24,84.47,121.68,156.4,135.72,276.1,86.52,24.88,337.23,163.73,79.99
2020-08-20,13.43,44.06,64.75,183.5,84.75,122.03,155.76,136.2,279.93,86.52,25.61,338.28,165.21,80.75
2020-08-21,13.3,44.28,64.42,182.03,84.74,122.12,154.61,136.45,281.87,86.51,24.9,339.48,166.2,80.88
2020-08-24,13.37,44.77,65.27,181.0,85.13,121.95,156.23,136.21,283.63,86.5,24.6,342.92,165.93,81.4
2020-08-25,13.48,45.22,65.31,181.22,85.22,121.655,156.4,135.62,285.86,86.51,24.76,344.12,164.66,81.61
2020-08-26,13.51,45.34,65.69,183.36,85.21,121.61,155.42,135.67,291.96,86.51,25.57,347.57,164.03,80.86
2020-08-27,13.46,44.96,65.02,181.24,85.08,121.18,155.8,134.59,291.05,86.5,25.16,348.33,161.24,82.05
2020-08-28,13.55,45.55,65.48,184.39,85.15,121.38,157.12,135.0,292.53,86.53,25.61,350.58,161.12,82.59
2020-08-31,13.54,44.54,64.98,184.83,85.03,121.51,155.43,135.6,294.88,86.56,26.23,349.31,162.19,81.75
2020-09-01,13.56,45.3,65.05,185.05,85.15,121.82,157.21,136.16,299.92,86.49,26.14,352.6,163.86,81.81
2020-09-02,13.38,45.18,65.92,182.62,85.25,121.99,158.46,136.7,302.76,86.5,25.55,357.7,165.42,83.33
2020-09-03,13.26,44.32,64.43,181.14,84.72,122.15,153.78,136.4,287.41,86.49,24.74,345.39,165.89,82.33
2020-09-04,13.14,44.34,64.52,181.64,84.49,121.47,152.8,134.95,283.58,86.46,25.06,342.57,162.74,81.9
2020-09-08,12.82,43.57,63.73,181.29,84.02,121.73,149.86,135.08,269.95,86.47,24.75,333.21,163.74,80.9
2020-09-09,12.94,44.22,64.92,183.05,84.68,121.67,152.13,135.17,277.88,86.48,25.18,339.79,163.3,81.7
2020-09-10,12.81,43.51,64.16,182.46,84.28,121.82,150.15,135.27,272.34,86.47,24.86,333.89,164.13,80.7
2020-09-11,12.9,43.93,64.8,182.45,84.45,122.01,149.15,135.37,270.45,86.49,24.9,334.06,164.48,80.25
2020-09-14,12.91,44.64,65.15,183.89,84.36,121.9,153.08,135.71,275.16,86.48,25.29,338.46,164.47,82.21
2020-09-15,12.98,45.11,65.57,183.45,84.59,121.84,153.37,135.86,279.06,86.485,25.23,340.17,164.07,83.2
2020-09-16,13.22,45.05,65.57,183.97,84.59,121.77,154.82,135.95,274.61,86.5,25.23,338.82,163.58,83.64
2020-09-17,13.37,44.87,65.66,182.96,84.5,121.805,153.69,135.98,270.32,86.48,25.23,335.84,164.08,82.01
2020-09-18,13.43,44.52,65.13,183.2,84.29,121.7,153.29,135.73,266.87,86.49,24.93,330.65,163.57,80.16
2020-09-21,13.1,44.11,63.48,179.52,83.61,121.92,147.92,135.6,267.51,86.48,23.03,326.97,164.4,77.75
2020-09-22,13.04,43.78,63.46,178.65,83.9,121.92,149.06,135.68,272.48,86.5,22.79,330.3,164.27,78.68
2020-09-23,12.89,43.1,62.93,174.79,83.05,121.92,144.07,134.7,264.16,86.5,21.17,322.64,164.49,76.31
2020-09-24,12.95,42.9,62.87,175.44,83.1,121.98,144.07,134.36,265.39,86.49,21.56,323.5,165.12,76.72
2020-09-25,12.95,42.94,63.08,174.94,82.95,122.08,146.41,134.22,271.56,86.5,21.3,328.73,165.12,77.7
2020-09-28,13.06,43.42,64.03,176.7,83.49,122.06,150.02,134.9,277.2,86.51,22.02,334.19,164.65,79.29
2020-09-29,12.91,43.39,63.96,178.19,83.56,122.15,149.34,134.73,275.95,86.5,22.5,332.37,164.84,78.72
2020-09-30,13.06,44.09,63.65,177.12,83.9,121.82,149.79,134.71,277.84,86.51,21.64,334.89,163.26,78.96
2020-10-01,12.9,44.5,64.02,178.7,83.83,121.81,152.18,134.79,282.25,86.45,22.09,337.04,163.36,80.54
2020-10-02,12.74,43.99,63.89,178.54,83.83,121.685,152.85,134.81,274.31,86.46,22.13,333.84,162.75,81.93
2020-10-05,13.07,44.58,64.86,179.41,84.46,120.92,157.07,134.36,280.16,86.43,22.62,339.76,159.57,82.4
2020-10-06,13.12,44.66,64.17,177.3,84.27,121.2,156.62,134.25,275.16,86.43,21.73,334.93,160.43,81.86
2020-10-07,13.17,45.15,64.72,177.22,84.57,120.85,160.04,134.29,279.92,86.42,22.09,340.76,159.26,81.98
2020-10-08,13.3,45.52,65.17,177.85,84.76,121.07,161.86,134.62,281.41,86.42,22.18,343.78,160.12,83.35
2020-10-09,13.34,45.83,65.68,181.08,84.95,121.01,162.7,134.93,285.71,86.42,23.41,346.85,160.09,83.02
2020-10-12,13.2,46.23,66.06,180.56,85.38,121.14,163.79,135.71,294.53,86.44,23.33,352.43,160.6,83.41
2020-10-13,13.23,46.04,65.32,177.72,85.0,121.41,162.7,135.58,294.52,86.43,22.49,350.13,161.75,81.98
2020-10-14,13.32,45.73,65.21,178.27,84.79,121.45,161.09,135.71,292.06,86.43,22.54,347.93,162.12,80.98
2020-10-15,13.36,45.4,64.44,178.92,84.73,121.32,162.75,135.57,290.1,86.45,22.59,347.5,161.84,81.4
2020-10-16,13.27,45.56,64.74,178.3,84.63,121.25,162.35,135.34,288.51,86.44,22.42,347.29,161.39,80.82
2020-10-19,13.28,45.43,64.5,178.39,84.33,121.05,160.41,135.08,283.8,86.44,22.58,342.01,160.78,79.56
2020-10-20,13.43,45.93,64.82,179.25,84.63,120.79,160.76,134.8,284.41,86.43,23.02,343.38,159.25,80.13
2020-10-21,13.32,46.06,64.51,180.6,84.62,120.63,159.38,134.58,284.19,86.43,23.29,342.73,158.7,79.89
2020-10-22,13.36,46.05,64.56,178.83,84.77,120.21,162.13,134.28,284.18,86.4,22.96,344.61,157.05,79.88
2020-10-23,13.26,46.32,64.98,178.64,84.87,120.38,163.07,134.62,284.74,86.41,22.94,345.78,158.01,80.36
2020-10-26,13.07,45.72,63.81,178.55,84.12,120.7,159.55,134.9,280.47,86.42,22.61,339.39,159.48,79.21
2020-10-27,13.16,45.92,63.31,179.02,84.16,120.97,158.18,135.45,282.66,86.42,22.73,338.22,160.55,77.94
2020-10-28,12.81,44.77,61.42,176.13,83.46,120.96,153.31,134.78,271.64,86.42,21.78,326.66,160.7,76.08
2020-10-29,12.65,45.22,61.71,175.4,83.7,120.45,155.14,134.43,276.39,86.44,21.71,329.98,159.14,77.1
2020-10-30,12.65,44.71,61.39,176.2,83.88,120.06,153.09,133.73,269.38,86.43,21.99,326.54,157.57,76.59
2020-11-02,12.88,45.28,62.19,177.91,83.72,120.19,155.82,133.97,269.98,86.39,22.41,330.2,158.58,78.42
2020-11-03,12.96,45.48,63.82,178.92,84.44,119.92,160.24,134.1,274.65,86.37,22.44,336.03,157.66,79.93
2020-11-04,13.1,46.91,64.52,178.82,85.23,120.93,160.42,136.11,286.91,86.39,22.24,343.54,161.08,80.07
2020-11-05,13.16,47.71,66.07,182.93,85.53,120.91,164.91,136.62,294.39,86.37,23.61,350.24,161.36,80.45
2020-11-06,13.11,47.93,66.21,183.19,85.23,120.5,163.62,136.19,294.61,86.38,23.79,350.16,159.41,79.9
2020-11-09,13.27,48.26,68.14,175.08,85.88,119.61,169.55,135.16,288.59,86.35,22.5,354.56,156.06,82.73
2020-11-10,13.53,47.71,68.75,175.66,85.76,119.27,172.7,134.81,283.42,86.34,22.43,354.04,155.16,83.94
2020-11-11,13.52,48.02,69.33,174.9,85.73,119.46,172.63,135.06,289.76,86.32,22.52,356.67,155.72,84.26
2020-11-12,13.41,47.66,68.32,175.96,85.15,120.14,169.98,135.6,288.4,86.33,22.55,353.21,158.37,83.16
2020-11-13,13.35,48.33,69.37,177.16,85.44,119.98,173.5,135.76,290.93,86.33,22.9,358.1,158.16,85.38
2020-11-16,13.47,48.93,70.09,177.15,85.92,119.89,177.63,136.2,293.2,86.35,23.02,362.57,157.78,86.34
2020-11-17,13.51,48.88,70.02,176.5,85.95,120.2,178.46,136.64,292.27,86.34,22.74,360.62,158.81,86.42
2020-11-18,13.53,48.71,69.65,175.49,85.79,120.16,175.96,136.93,290.11,86.34,22.55,356.28,159.27,84.74
2020-11-19,13.53,48.79,70.14,175.16,86.08,120.29,177.31,137.69,292.38,86.36,22.42,357.78,160.09,85.07
2020-11-20,13.6,49.06,70.35,175.69,85.92,120.5,177.5,137.57,290.38,86.37,22.49,355.33,161.51,84.61
2020-11-23,13.64,49.19,70.26,172.23,86.05,120.26,180.82,137.74,290.39,86.37,21.93,357.46,160.77,84.77
2020-11-24,13.93,49.85,71.31,169.59,86.31,120.07,184.22,137.43,294.47,86.38,21.63,363.22,159.17,85.22
2020-11-25,14.05,49.57,71.22,169.51,86.27,120.11,183.59,137.51,296.28,86.39,21.72,362.66,158.68,85.27
2020-11-27,14.02,50.04,71.71,167.79,86.41,120.47,184.37,138.0,299.01,86.39,21.05,363.67,160.22,84.89
2020-11-30,13.94,48.73,70.15,166.67,86.32,120.39,181.02,138.48,299.62,86.41,21.05,362.06,160.02,84.0
2020-12-01,13.9,49.69,71.8,170.18,86.2,119.67,182.7,137.68,303.46,86.33,22.3,366.02,157.5,85.08
2020-12-02,13.96,49.76,71.81,171.46,86.44,119.47,182.89,137.22,303.85,86.35,22.33,366.79,156.25,84.41
2020-12-03,13.98,50.33,71.93,172.81,86.49,119.79,183.92,137.76,304.28,86.37,22.43,366.69,157.51,85.12
2020-12-04,14.04,50.85,72.54,172.32,86.85,119.32,188.2,137.0,305.52,86.36,22.48,369.85,155.2,86.42
2020-12-07,14.04,50.85,71.95,174.89,86.81,119.69,188.38,137.12,307.25,86.38,22.82,369.09,156.6,85.67
2020-12-08,14.06,50.87,72.2,175.5,86.74,119.81,190.8,136.96,308.29,86.36,22.82,370.17,157.34,85.37
2020-12-09,14.07,50.43,72.3,172.5,86.61,119.64,189.41,136.46,301.31,86.35,22.23,366.85,156.82,84.84
2020-12-10,14.28,51.08,72.4,172.17,86.77,119.91,191.24,137.14,302.52,86.37,22.32,366.73,158.21,84.47
2020-12-11,14.24,50.72,72.18,172.49,86.68,120.15,190.3,137.28,301.85,86.42,22.26,366.3,158.77,84.39
2020-12-14,14.28,49.94,71.53,171.54,86.7,120.08,189.93,137.18,304.04,86.41,22.16,364.66,158.33,84.02
2020-12-15,14.39,50.48,72.26,173.94,86.97,119.96,194.68,137.45,307.29,86.41,22.8,369.59,157.8,85.74
2020-12-16,14.47,50.72,72.54,174.9,86.84,119.86,193.98,137.34,308.98,86.41,23.62,370.17,157.38,85.84
2020-12-17,14.64,51.05,73.05,176.74,86.61,119.7,196.29,137.26,311.0,86.38,24.15,372.24,156.8,86.67
2020-12-18,14.69,50.99,72.67,176.44,86.68,119.6,195.34,137.16,310.06,86.37,23.96,369.18,156.33,84.93
2020-12-21,14.54,50.24,71.74,175.88,86.37,119.68,195.24,136.89,308.92,86.37,24.38,367.86,156.95,84.45
2020-12-22,14.38,49.84,71.56,174.49,86.48,119.88,197.46,137.27,309.76,86.37,23.43,367.24,157.76,85.04
2020-12-23,14.56,50.35,72.33,175.65,86.87,119.63,199.14,137.3,308.2,86.39,23.8,367.57,156.67,84.49
2020-12-24,14.6,50.13,72.36,176.35,87.05,119.8,199.01,137.77,309.56,86.37,23.96,369.0,157.29,83.88
2020-12-28,14.51,50.27,72.95,175.71,87.16,119.81,198.27,137.86,312.68,86.38,24.43,372.17,157.36,84.38
2020-12-29,14.55,51.02,73.42,176.35,87.05,119.79,194.43,137.92,312.96,86.38,24.39,371.46,157.16,83.66
2020-12-30,14.64,51.7,73.52,177.7,87.23,119.87,196.41,138.1,312.97,86.385,24.76,371.99,157.5,84.12
2020-12-31,14.7,51.67,72.96,178.36,87.3,119.95,196.06,138.13,313.74,86.38,24.57,373.88,157.73,84.93
2021-01-04,14.62,52.0,73.34,182.33,87.12,119.98,193.5,137.43,309.31,86.39,25.35,368.79,157.54,82.17
2021-01-05,15.03,53.25,74.1,182.87,87.15,119.7,196.49,136.99,311.86,86.39,25.67,371.33,156.37,82.29
2021-01-06,15.05,52.8,74.95,179.9,86.99,119.0,204.53,135.88,307.54,86.34,25.34,373.55,153.16,82.43
2021-01-07,15.12,53.3,75.03,179.48,87.24,118.58,208.17,135.86,314.98,86.36,25.26,379.1,151.81,82.27
2021-01-08,15.24,54.71,75.73,173.34,87.37,118.24,207.72,135.76,319.03,86.35,23.51,381.26,151.32,83.07
2021-01-11,15.13,53.97,74.74,173.0,86.9,118.01,207.54,135.18,314.42,86.34,23.21,378.69,151.07,81.97
2021-01-12,15.42,54.5,75.08,174.12,87.01,117.99,211.26,135.47,313.92,86.34,23.72,378.77,150.95,82.16
2021-01-13,15.38,54.62,74.98,173.37,87.27,118.4,209.75,136.52,316.04,86.33,23.44,379.79,152.65,83.16
2021-01-14,15.52,55.13,75.58,173.28,87.25,118.13,213.94,135.93,314.35,86.34,23.71,378.46,151.22,83.65
2021-01-15,15.3,54.35,74.4,171.13,87.11,118.45,210.75,136.14,311.86,86.35,22.95,375.7,151.82,84.61
2021-01-19,15.35,55.25,74.94,172.58,87.36,118.52,213.45,136.38,316.41,86.38,23.38,378.65,152.31,84.37
2021-01-20,15.36,56.22,75.45,175.39,87.52,118.57,214.39,136.34,323.77,86.37,24.01,383.89,152.46,85.98
2021-01-21,15.35,56.32,75.51,175.28,87.47,118.4,212.53,135.8,326.36,86.38,24.15,384.24,151.39,85.57
2021-01-22,15.09,55.83,75.15,173.9,87.3,118.58,215.0,135.7,325.42,86.38,23.66,382.88,151.88,85.77
2021-01-25,15.25,56.25,75.06,174.05,87.32,119.06,214.79,136.28,328.11,86.39,23.55,384.39,153.67,86.42
2021-01-26,15.28,55.84,75.17,173.62,87.19,119.02,213.3,136.27,328.59,86.38,23.65,383.79,153.38,87.03
2021-01-27,15.24,54.29,73.45,172.52,86.94,119.16,209.39,136.03,319.43,86.38,23.42,374.41,153.77,85.49
2021-01-28,15.17,54.67,73.92,172.68,87.2,118.85,208.72,135.81,321.32,86.37,24.72,377.63,152.92,85.95
2021-01-29,15.19,53.31,72.39,172.61,86.97,118.64,205.56,135.6,314.56,86.4,24.99,370.07,152.0,84.96
2021-02-01,15.48,54.75,73.25,174.23,86.93,118.71,210.61,135.6,322.42,86.38,26.76,376.23,152.0,86.9
2021-02-02,15.6,55.46,73.99,172.11,87.14,118.41,213.61,135.24,327.68,86.35,24.54,381.55,151.02,87.42
2021-02-03,15.71,55.74,74.17,171.85,87.21,118.12,214.25,134.92,326.38,86.36,24.93,381.85,149.68,87.2
2021-02-04,15.79,55.76,74.25,168.15,87.39,118.08,218.62,135.15,330.24,86.36,24.48,386.19,149.28,87.8
2021-02-05,15.87,56.24,74.71,169.81,87.52,117.83,221.65,134.79,331.36,86.38,24.95,387.71,148.03,88.11
2021-02-08,16.12,56.34,75.23,171.52,87.78,117.88,227.31,135.37,333.58,86.37,25.39,390.51,148.68,88.59
2021-02-09,16.18,56.94,75.64,172.08,87.62,117.97,228.38,135.16,333.51,86.35,25.28,390.25,148.79,88.9
2021-02-10,16.15,57.14,75.38,172.71,87.6,118.27,226.88,135.48,332.75,86.36,25.07,390.08,149.78,89.38
2021-02-11,16.12,57.75,75.89,171.21,87.64,118.18,226.62,135.12,334.58,86.36,25.09,390.71,148.96,89.57
2021-02-12,16.32,57.8,76.31,170.69,87.78,117.79,227.26,134.68,336.45,86.37,25.31,392.64,147.11,89.59
2021-02-16,16.54,57.94,76.86,168.24,87.64,116.94,225.83,133.73,335.54,86.34,25.26,392.3,144.87,88.9
2021-02-17,16.59,57.96,76.41,166.33,87.61,117.02,224.06,134.4,333.93,86.36,25.4,392.39,145.79,88.79
2021-02-18,16.53,57.16,76.03,166.32,87.49,117.01,220.59,134.14,332.47,86.36,25.06,390.72,145.2,88.41
2021-02-19,16.52,57.53,76.25,167.01,87.5,116.54,225.19,133.17,331.02,86.37,25.26,390.03,143.27,88.92
2021-02-22,16.89,55.84,76.06,169.51,87.23,116.35,223.73,132.34,322.44,86.35,26.27,387.03,142.18,89.66
2021-02-23,16.97,56.09,76.13,169.12,87.44,116.44,221.76,132.44,321.48,86.36,25.71,387.5,141.77,90.22
2021-02-24,17.23,55.73,76.37,169.0,87.53,116.28,227.0,132.64,324.13,86.335,25.94,391.77,140.84,90.91
2021-02-25,17.09,54.46,75.07,165.82,86.7,114.73,218.61,130.54,312.83,86.21,25.4,382.33,138.54,89.17
2021-02-26,16.73,53.73,74.01,161.81,86.44,115.76,218.31,132.27,314.14,86.32,24.66,380.36,143.12,87.87
2021-03-01,16.59,55.17,75.4,161.53,87.1,115.56,226.07,132.13,323.59,86.29,24.6,389.58,141.06,88.26
2021-03-02,16.66,54.63,75.32,162.41,86.97,115.77,221.72,131.98,318.4,86.31,24.8,386.54,141.07,87.41
2021-03-03,16.76,54.52,74.86,160.62,86.69,115.15,219.32,131.0,309.16,86.26,24.28,381.42,139.54,86.91
2021-03-04,17.02,53.25,74.15,159.04,86.36,114.58,213.19,129.93,304.1,86.26,23.56,376.7,138.64,85.92
2021-03-05,17.37,53.83,74.63,159.14,86.62,114.42,217.71,129.76,308.68,86.26,23.36,383.63,138.91,86.86
2021-03-08,17.13,52.38,74.37,157.49,85.99,113.97,218.74,128.55,299.94,86.23,23.32,381.72,137.83,87.61
2021-03-09,17.13,53.53,75.37,160.84,86.11,114.51,223.34,129.52,311.77,86.23,24.05,387.17,139.74,88.19
2021-03-10,17.24,53.29,75.69,161.66,86.38,114.75,227.22,130.13,310.88,86.26,24.32,389.58,140.02,89.07
2021-03-11,17.5,54.97,76.09,161.52,86.7,114.71,232.22,130.21,318.04,86.26,24.25,393.53,139.01,90.11
2021-03-12,17.42,53.99,76.28,161.49,86.46,113.88,233.59,128.71,315.46,86.25,24.03,394.06,136.06,91.62
2021-03-15,17.36,54.12,76.34,162.2,86.47,114.02,234.42,129.15,318.83,86.26,24.33,396.41,136.86,92.98
2021-03-16,17.29,54.35,76.47,162.35,86.27,114.0,230.5,129.06,320.58,86.26,24.1,395.91,136.31,92.6
2021-03-17,17.29,54.42,76.92,163.51,86.39,113.81,232.31,129.18,321.9,86.28,24.42,397.26,135.29,92.68
2021-03-18,16.47,53.42,76.22,162.56,85.73,113.1,225.24,128.44,312.04,86.27,24.1,391.48,133.92,91.74
2021-03-19,16.83,54.08,76.43,163.24,86.06,113.03,226.94,128.63,313.14,86.27,24.31,389.48,134.75,90.49
2021-03-22,16.8,53.92,76.5,163.0,86.37,113.4,225.23,129.09,318.61,86.26,23.94,392.59,136.26,91.13
2021-03-23,16.33,52.89,75.44,161.81,86.46,113.96,217.06,129.47,317.22,86.27,23.22,389.5,137.49,91.0
2021-03-24,16.76,51.68,75.06,162.37,86.51,114.11,212.04,129.86,311.87,86.29,23.24,387.52,138.23,90.49
2021-03-25,16.38,51.92,75.62,161.78,86.66,113.96,216.66,129.71,311.33,86.3,23.29,389.7,137.14,90.88
2021-03-26,16.77,53.27,76.6,162.24,86.92,113.58,220.61,129.62,316.0,86.3,23.23,395.98,136.66,92.84
2021-03-29,16.79,52.9,76.3,160.31,86.97,113.19,214.4,129.31,315.91,86.28,22.91,395.78,135.5,92.3
2021-03-30,16.52,53.07,76.2,157.57,86.76,113.09,218.01,129.71,314.32,86.28,22.26,394.73,136.21,92.42
2021-03-31,16.61,53.34,75.87,159.96,87.18,112.93,220.94,130.05,319.13,86.25,22.7,396.33,135.45,91.86
2021-04-01,16.89,53.86,76.86,161.98,87.07,113.36,223.74,130.61,324.57,86.23,23.15,400.61,137.51,93.53
2021-04-05,16.64,54.07,77.98,161.92,87.11,113.04,224.97,129.97,331.05,86.21,23.09,406.36,136.91,93.89
2021-04-06,16.7,54.37,77.15,163.22,87.26,113.59,224.31,130.84,330.82,86.23,23.34,406.12,137.84,94.13
2021-04-07,16.75,53.57,77.31,162.76,87.23,113.52,220.69,130.58,331.62,86.24,23.33,406.59,136.88,94.2
2021-04-08,16.84,54.01,77.75,164.51,87.26,113.91,222.56,131.06,335.08,86.27,23.62,408.52,138.01,93.85
2021-04-09,16.78,53.55,77.99,163.27,87.2,113.61,222.59,130.79,337.11,86.24,23.41,411.49,137.51,93.74
2021-04-12,16.79,53.23,77.56,162.28,87.11,113.54,221.72,130.76,336.67,86.22,23.04,411.64,137.45,94.29
2021-04-13,16.97,53.45,78.01,163.43,87.17,114.01,221.14,131.34,340.6,86.25,23.51,412.86,138.48,94.76
2021-04-14,17.36,53.72,78.07,162.72,87.13,113.87,223.32,131.16,336.51,86.25,23.59,411.45,138.04,94.26
2021-04-15,17.47,54.21,78.72,165.35,87.48,114.6,224.29,131.97,341.61,86.27,24.03,415.87,140.35,95.91
2021-04-16,17.44,54.35,79.29,166.35,87.3,114.29,224.65,131.07,342.01,86.26,24.09,417.26,139.26,96.12
2021-04-19,17.46,54.15,79.15,165.89,87.16,114.17,221.73,130.73,338.88,86.25,23.98,415.21,138.86,96.31
2021-04-20,17.43,53.71,77.73,166.48,87.01,114.51,217.19,130.98,336.41,86.27,23.96,412.17,139.5,97.1
2021-04-21,17.36,54.04,78.53,168.13,87.3,114.57,222.5,131.43,339.29,86.29,24.7,416.07,139.78,97.74
2021-04-22,17.5,53.85,78.27,167.04,87.14,114.66,221.58,131.56,335.2,86.28,24.21,412.27,140.39,97.21
2021-04-23,17.64,54.63,79.07,166.4,87.37,114.51,225.76,131.67,339.42,86.26,24.14,416.74,140.06,97.78
2021-04-26,17.76,54.7,79.13,166.84,87.33,114.39,228.11,131.61,341.63,86.24,24.3,417.61,139.86,98.07
2021-04-27,17.91,54.67,78.87,166.42,87.21,113.94,228.45,131.02,340.15,86.23,24.39,417.52,138.64,98.06
2021-04-28,17.94,55.08,79.07,166.91,87.38,114.09,228.84,131.04,339.0,86.25,24.4,417.4,138.73,97.85
2021-04-29,18.06,54.95,79.1,166.22,87.48,113.89,227.99,130.88,340.22,86.27,24.25,420.06,138.32,98.69
2021-04-30,17.91,53.98,78.11,165.66,87.44,113.99,224.89,131.15,337.99,86.28,24.01,417.3,138.64,99.08
2021-05-03,18.11,53.98,78.97,167.81,87.18,114.11,225.99,131.21,336.19,86.26,24.96,418.2,138.52,98.89
2021-05-04,18.39,53.37,77.8,166.58,87.13,114.26,223.29,131.29,330.14,86.26,24.57,415.62,139.46,98.25
2021-05-05,18.46,53.62,78.86,167.27,87.3,114.4,222.4,131.45,329.03,86.28,24.57,415.75,139.69,96.62
2021-05-06,18.55,54.13,79.51,170.06,87.27,114.45,222.59,131.7,331.51,86.28,25.37,419.07,139.92,97.16
2021-05-07,18.73,54.69,80.41,171.59,87.33,114.49,225.39,131.75,334.2,86.31,25.47,422.12,139.23,98.44
2021-05-10,18.6,53.71,79.98,172.11,87.13,114.26,219.66,131.04,325.76,86.28,25.35,417.94,137.82,98.41
2021-05-11,18.8,53.56,78.93,172.14,87.04,114.07,218.96,130.56,325.31,86.27,25.67,414.21,137.04,97.17
2021-05-12,18.78,52.08,77.67,170.43,86.62,113.52,211.85,129.85,316.89,86.26,25.09,405.41,135.6,94.71
2021-05-13,18.26,52.01,78.25,171.13,86.93,113.9,215.75,130.34,319.34,86.28,25.16,410.28,135.81,95.94
2021-05-14,18.41,52.95,79.56,172.69,87.21,114.15,221.02,131.05,326.39,86.28,25.46,416.58,137.08,97.08
2021-05-17,18.64,52.9,79.41,174.7,87.05,114.04,221.32,130.9,324.41,86.28,26.19,415.52,136.79,97.18
2021-05-18,18.55,53.61,79.58,175.04,86.84,114.04,219.64,130.47,322.22,86.29,26.15,411.94,136.44,97.2
2021-05-19,18.17,53.45,78.88,175.16,86.61,113.7,217.95,130.24,322.59,86.26,25.73,410.86,136.11,96.89
2021-05-20,17.98,53.76,79.92,175.96,86.98,114.17,219.4,131.13,328.83,86.3,25.79,415.28,137.23,97.98
2021-05-21,18.15,53.14,80.03,176.04,87.11,114.21,219.97,131.22,327.01,86.28,25.53,414.94,137.67,97.88
2021-05-24,18.4,53.58,80.52,176.35,87.21,114.32,221.4,131.58,332.51,86.3,25.75,419.17,138.18,99.1
2021-05-25,18.34,54.11,80.54,177.95,87.22,114.74,219.26,132.07,332.97,86.3,25.99,418.24,139.46,99.07
2021-05-26,18.37,54.51,80.49,177.64,87.25,114.61,223.35,132.0,334.13,86.32,25.67,419.07,139.22,99.51
2021-05-27,18.66,54.52,80.64,177.71,87.21,114.41,225.65,131.6,332.88,86.32,25.85,419.29,138.655,99.28
2021-05-28,18.6,54.87,80.83,178.38,87.18,114.4,225.5,131.71,333.93,86.32,25.9,420.04,138.44,99.88
2021-06-01,18.93,56.0,81.12,177.9,87.15,114.3,228.06,131.47,332.82,86.29,25.84,419.67,138.21,101.68
2021-06-02,19.03,56.09,81.39,178.77,87.26,114.43,228.33,131.68,333.47,86.3,26.15,420.33,138.53,102.87
2021-06-03,18.87,55.49,80.99,175.27,87.08,114.14,226.42,131.16,330.0,86.27,25.46,418.77,138.01,102.49
2021-06-04,19.08,55.99,81.68,177.16,87.27,114.77,227.4,132.09,335.6,86.3,25.78,422.6,139.9,102.54
2021-06-07,19.11,55.71,81.95,177.87,87.3,114.68,230.45,131.98,336.6,86.29,25.9,422.19,139.47,103.75
2021-06-08,19.3,55.44,81.91,177.32,87.36,115.01,232.89,132.48,336.76,86.31,25.61,422.28,140.45,104.61
2021-06-09,19.21,55.28,81.69,176.98,87.43,115.37,231.34,132.96,336.84,86.29,25.78,421.65,141.69,104.75
2021-06-10,19.28,55.48,80.81,177.74,87.59,115.78,229.28,133.56,340.35,86.32,25.97,423.61,142.54,105.5
2021-06-11,19.22,55.29,81.0,175.74,87.62,115.61,231.7,133.67,341.24,86.3,25.87,424.31,142.31,105.08
2021-06-14,19.11,55.44,81.14,174.71,87.54,115.25,231.02,133.18,344.51,86.27,25.84,425.26,141.22,105.49
2021-06-15,19.03,55.06,81.24,174.05,87.53,115.27,230.36,133.28,342.26,86.26,25.65,424.48,141.05,104.36
2021-06-16,18.92,54.31,80.74,171.11,87.41,114.48,229.87,132.9,341.01,86.18,25.26,422.11,140.93,103.68
2021-06-17,18.43,54.61,80.18,165.85,87.47,114.89,227.29,133.64,345.34,86.175,24.05,421.97,143.04,103.55
2021-06-18,18.62,54.23,78.52,164.93,87.43,115.54,222.13,134.34,342.63,86.11,23.88,414.92,145.73,101.79
2021-06-21,18.85,54.46,79.55,166.95,87.6,115.17,226.88,133.56,344.36,86.13,24.08,420.86,143.29,103.89
2021-06-22,18.88,54.21,79.56,166.25,87.66,115.38,227.91,133.78,347.57,86.18,23.85,423.11,143.64,103.35
2021-06-23,19.0,54.54,79.05,166.14,87.57,115.15,228.66,133.57,347.74,86.12,23.93,422.6,143.27,103.17
2021-06-24,19.07,55.04,79.81,166.04,87.84,115.13,231.89,133.83,349.89,86.13,24.04,425.1,143.5,102.22
2021-06-25,18.99,55.5,79.98,166.59,87.93,114.89,232.28,133.48,349.46,86.12,24.18,426.61,142.01,102.91
2021-06-28,18.98,55.55,79.47,166.58,87.92,115.25,230.44,134.05,353.71,86.15,24.21,427.47,143.47,102.61
2021-06-29,19.07,55.51,79.49,164.83,88.03,115.31,229.34,134.21,354.99,86.14,23.89,427.7,143.71,102.33
2021-06-30,19.25,55.15,78.88,165.63,88.04,115.49,229.37,134.36,354.43,86.16,24.22,428.06,144.35,101.79
2021-07-01,19.32,54.84,79.07,166.2,87.92,115.33,231.39,133.99,354.57,86.13,24.11,430.43,144.17,102.23
2021-07-02,19.5,54.78,79.34,167.29,88.06,115.75,229.19,134.37,358.64,86.17,24.55,433.72,145.04,102.54
2021-07-06,18.97,53.82,78.82,168.12,88.01,116.36,225.86,134.86,360.19,86.2,24.23,432.93,146.74,103.29
2021-07-07,18.74,53.76,79.25,168.76,88.04,116.7,223.76,135.32,360.95,86.21,24.24,434.46,148.04,103.65
2021-07-08,18.9,52.64,78.23,168.65,87.85,117.0,221.7,135.39,358.77,86.25,24.01,430.92,148.62,103.36
2021-07-09,19.12,53.55,79.56,169.21,88.0,116.41,226.38,134.82,361.01,86.22,24.19,435.52,146.53,105.06
2021-07-12,19.15,53.6,79.9,169.0,87.97,116.35,226.57,134.75,362.42,86.2,24.28,437.08,146.34,105.96
2021-07-13,19.31,53.65,79.48,169.22,87.71,115.99,222.3,134.25,362.42,86.13,24.08,435.59,145.22,104.48
2021-07-14,19.12,53.88,79.66,171.04,87.85,116.49,218.87,134.87,363.07,86.19,24.33,436.24,146.87,105.21
2021-07-15,19.02,54.01,78.9,171.07,87.79,116.98,217.63,135.16,360.52,86.2,24.38,434.75,148.49,105.38
2021-07-16,19.02,53.59,78.32,169.41,87.67,116.96,214.95,134.97,357.6,86.19,23.77,431.34,148.21,105.31
2021-07-19,18.26,52.69,76.9,169.61,87.08,117.96,211.73,135.94,354.67,86.23,23.29,424.97,151.46,103.39
2021-07-20,18.53,52.86,77.46,169.39,87.52,117.81,218.3,135.75,358.79,86.27,23.14,431.06,150.0,105.83
2021-07-21,18.9,53.2,78.64,168.76,87.73,117.13,222.06,135.27,361.56,86.24,23.42,434.55,148.1,105.82
2021-07-22,19.05,53.3,78.67,169.09,87.78,117.4,218.53,135.83,363.95,86.25,23.56,435.46,149.5,104.98
2021-07-23,19.15,52.51,79.22,168.56,87.95,117.22,219.55,135.77,368.2,86.26,23.35,439.94,148.5,105.85
2021-07-26,19.29,51.51,79.33,168.16,87.82,117.14,220.19,135.47,368.49,86.24,23.36,441.02,148.06,105.9
2021-07-27,19.18,50.47,79.01,168.44,87.7,117.64,217.62,136.05,364.43,86.26,22.96,439.01,149.64,106.5
2021-07-28,19.27,51.84,79.35,169.29,87.77,117.74,220.82,136.29,365.83,86.27,23.17,438.83,149.65,106.13
2021-07-29,19.61,52.1,79.9,171.17,87.96,117.38,222.52,135.9,366.48,86.27,23.72,440.65,148.82,106.15
2021-07-30,19.5,51.6,79.49,169.82,87.84,117.71,221.05,136.01,364.57,86.285,23.63,438.51,149.52,106.29
2021-08-02,19.29,51.97,79.89,169.61,87.34,118.15,219.95,136.16,364.6,86.31,23.53,437.59,150.67,106.06
2021-08-03,19.2,52.19,80.46,169.49,87.44,118.18,220.86,136.3,366.81,86.31,23.68,441.15,150.75,106.19
2021-08-04,18.89,52.46,80.22,169.53,87.28,118.15,218.11,136.33,367.34,86.28,23.54,438.98,151.06,105.86
2021-08-05,19.17,52.38,80.61,168.86,87.48,117.72,222.03,135.77,369.67,86.24,23.3,441.76,150.29,107.1
2021-08-06,19.01,51.94,80.31,164.64,87.38,117.03,223.39,134.66,368.05,86.21,22.52,442.49,147.78,106.91
2021-08-09,18.74,52.11,80.27,161.72,87.18,116.78,222.16,134.08,368.73,86.18,21.75,442.13,147.25,106.34
2021-08-10,19.08,52.18,80.45,161.77,86.98,116.56,222.6,133.78,366.84,86.15,21.62,442.68,146.57,105.33
2021-08-11,19.25,52.32,81.0,164.0,87.12,116.69,223.69,133.99,366.21,86.19,21.84,443.78,146.48,105.95
2021-08-12,19.18,51.86,80.93,164.04,87.27,116.57,223.16,134.18,367.53,86.185,21.5,445.11,146.24,106.18
2021-08-13,19.07,51.73,81.42,166.39,87.46,117.24,221.13,135.08,368.82,86.2,21.97,445.92,148.55,106.76
2021-08-16,19.02,51.26,81.0,167.22,87.49,117.5,219.07,135.16,368.98,86.22,22.1,446.97,148.91,106.63
2021-08-17,18.81,50.32,80.24,166.97,87.29,117.44,216.4,134.92,365.73,86.2,21.9,444.04,148.85,106.52
2021-08-18,18.59,50.4,79.93,167.1,87.09,117.38,214.51,134.83,362.21,86.2,21.76,439.18,149.35,105.55
2021-08-19,18.33,49.54,79.14,166.61,87.08,117.64,211.94,135.14,363.96,86.2,21.51,439.86,150.45,106.06
2021-08-20,17.9,49.5,79.45,166.7,87.29,117.53,215.52,135.23,367.73,86.2,21.35,443.36,150.55,106.59
2021-08-23,18.55,50.25,80.19,168.73,87.56,117.56,219.62,135.33,373.23,86.2,21.88,447.26,150.45,106.39
2021-08-24,18.94,51.39,80.36,168.65,87.68,117.24,221.78,135.02,374.37,86.185,22.08,447.97,149.28,105.92
2021-08-25,19.11,51.45,80.39,167.48,87.77,116.78,222.56,134.67,374.8,86.18,22.09,448.91,148.04,105.85
2021-08-26,18.96,50.96,79.97,167.67,87.72,116.78,220.2,134.63,372.42,86.18,21.85,446.26,148.45,105.89
2021-08-27,19.2,51.59,80.7,170.19,87.96,117.16,226.41,135.38,376.04,86.24,22.33,450.25,149.46,107.0
2021-08-30,19.27,51.7,80.68,169.35,88.07,117.39,225.48,135.61,380.26,86.26,22.26,452.23,149.85,108.07
2021-08-31,19.18,52.41,80.64,169.69,88.09,117.17,225.92,135.3,379.95,86.25,22.14,451.56,148.83,108.58
2021-09-01,19.09,53.08,81.37,169.7,87.89,117.14,227.44,135.24,380.58,86.23,22.37,451.8,148.89,110.32
2021-09-02,19.31,52.84,81.7,169.25,88.0,117.28,229.02,135.48,380.4,86.23,22.14,453.19,149.54,110.9
2021-09-03,19.33,53.12,82.07,171.06,88.01,117.0,227.96,134.99,381.57,86.23,22.88,453.08,148.18,110.92
2021-09-07,19.11,53.43,82.13,167.71,87.78,116.54,226.39,134.35,382.11,86.2,22.51,451.46,146.93,109.67
2021-09-08,19.25,52.65,81.48,167.29,87.88,116.86,223.92,134.78,380.78,86.22,22.17,450.91,147.93,110.22
2021-09-09,19.11,52.55,81.34,168.03,87.96,117.19,223.81,135.66,379.47,86.24,22.27,448.98,149.72,107.98
2021-09-10,19.36,52.49,81.16,167.18,87.83,116.82,221.62,135.27,376.59,86.21,21.99,445.44,148.4,106.4
2021-09-13,19.51,52.63,81.8,167.74,88.05,116.96,222.88,135.6,376.33,86.23,21.99,446.58,149.3,107.12
2021-09-14,19.5,52.19,81.46,168.82,88.01,117.4,220.04,136.01,375.26,86.24,22.1,444.17,151.11,106.93
2021-09-15,19.82,52.18,81.7,167.83,88.14,117.2,222.03,135.85,378.05,86.24,22.07,447.88,150.58,107.27
2021-09-16,19.68,51.59,81.57,164.03,88.11,116.83,222.19,135.66,378.31,86.21,21.25,447.17,149.89,107.36
2021-09-17,19.52,51.37,80.5,163.77,88.0,116.49,222.48,135.36,373.83,86.19,20.74,441.4,149.17,106.4
2021-09-20,19.29,49.99,79.01,164.94,87.69,117.08,217.19,135.78,365.7,86.21,20.59,434.04,151.02,105.75
2021-09-21,19.31,50.36,79.79,166.04,87.84,117.01,217.52,135.77,366.15,86.23,20.84,433.63,150.89,105.8
2021-09-22,19.53,50.99,80.19,165.42,88.0,117.12,220.9,136.15,369.57,86.18,20.99,437.86,151.79,106.83
2021-09-23,19.83,51.39,81.06,163.51,88.04,116.06,224.81,135.21,372.98,86.13,20.91,443.18,148.36,106.62
2021-09-24,19.92,50.78,80.3,163.3,87.91,115.71,223.05,134.92,373.33,86.1,20.71,443.91,146.91,104.83
2021-09-27,20.19,51.11,80.25,163.64,87.83,115.4,226.44,134.85,370.35,86.09,20.94,442.64,146.37,103.42
2021-09-28,20.03,50.45,78.5,162.05,87.43,114.96,221.29,133.41,359.87,86.1,20.78,433.72,144.09,102.72
2021-09-29,20.05,49.98,78.32,161.32,87.59,115.08,220.82,133.38,359.28,86.13,19.95,434.45,144.34,103.49
2021-09-30,20.18,50.38,78.01,164.22,87.49,115.22,218.75,133.03,357.96,86.15,20.52,429.14,144.32,101.78
2021-10-01,20.45,50.33,78.2,164.59,87.41,115.61,222.28,133.74,360.18,86.18,20.83,434.24,145.35,103.22
2021-10-04,20.78,49.59,77.38,165.36,87.1,115.47,220.26,133.52,352.62,86.14,20.98,428.64,144.98,103.24
2021-10-05,21.04,49.94,77.91,164.59,87.06,115.11,221.02,132.97,357.38,86.13,20.92,433.1,143.58,102.53
2021-10-06,20.69,49.66,77.39,165.03,87.01,115.14,219.87,133.01,359.67,86.12,20.96,434.9,144.39,103.51
2021-10-07,20.95,50.63,77.99,164.16,87.02,114.68,223.26,132.42,362.97,86.09,20.9,438.66,142.88,103.79
2021-10-08,21.02,50.82,77.98,164.23,86.76,114.43,221.58,131.81,361.16,86.06,20.95,437.86,141.88,102.81
2021-10-11,21.16,50.72,77.73,163.92,86.49,114.15,220.31,131.56,358.39,85.99,20.88,434.69,141.52,103.07
2021-10-12,21.16,50.46,77.77,164.66,86.65,114.67,221.52,132.4,357.14,86.03,20.93,433.62,143.94,104.42
2021-10-13,21.28,51.16,78.54,167.59,86.88,114.89,222.57,133.07,360.0,86.0,21.33,435.18,145.34,105.18
2021-10-14,21.5,51.32,79.32,168.0,87.37,115.16,225.87,133.7,366.63,86.0,21.8,442.5,145.88,106.46
2021-10-15,21.68,51.94,79.98,165.33,87.22,114.59,225.16,133.22,368.94,85.95,21.58,445.87,145.03,106.38
2021-10-18,21.55,51.81,79.64,164.92,87.18,114.43,225.03,133.11,372.65,85.89,21.49,447.19,145.71,106.65
2021-10-19,21.6,52.5,80.12,165.45,87.24,114.02,225.87,132.38,375.47,85.92,21.89,450.64,143.7,106.7
2021-10-20,21.84,52.49,80.4,166.9,87.27,113.97,227.37,132.06,374.98,85.95,22.53,452.41,142.73,108.38
2021-10-21,21.51,52.15,80.02,166.75,87.05,113.67,227.95,131.78,377.27,85.85,22.35,453.59,142.56,108.53
2021-10-22,21.61,52.04,80.5,167.77,86.84,113.96,227.41,132.31,374.1,85.83,22.54,453.12,144.13,109.04
2021-10-25,21.72,52.31,80.34,168.93,86.99,114.1,229.57,132.37,377.93,85.87,22.74,455.55,143.91,109.39
2021-10-26,21.75,52.04,80.5,167.68,87.01,114.24,227.84,132.94,379.12,85.85,22.37,455.96,145.1,109.69
2021-10-27,21.35,51.62,80.18,168.12,86.94,114.88,223.65,133.75,380.0,85.83,22.29,453.94,147.74,108.76
2021-10-28,21.46,51.67,80.96,168.08,87.16,114.58,228.11,133.55,384.22,85.84,22.27,458.32,147.24,110.28
2021-10-29,21.35,50.92,80.49,166.65,86.93,114.63,228.05,133.48,386.11,85.85,22.09,459.25,147.69,109.04
2021-11-01,21.51,51.32,81.27,167.52,86.56,114.54,233.96,132.98,387.43,85.8,22.23,460.04,146.44,109.58
2021-11-02,21.57,50.86,81.1,167.16,86.77,114.82,234.45,133.49,389.05,85.89,21.8,461.9,147.09,110.1
2021-11-03,21.02,51.1,81.76,165.77,86.94,114.46,238.64,133.15,393.18,85.87,21.81,464.72,145.57,110.47
2021-11-04,20.89,50.98,81.71,167.65,87.17,115.08,238.55,133.85,398.22,85.95,22.0,466.91,147.1,109.42
2021-11-05,21.18,50.92,81.83,169.84,87.5,115.71,241.81,134.83,398.6,85.99,22.35,468.53,149.3,109.98
2021-11-08,21.31,51.39,81.82,170.45,87.39,115.21,242.56,134.52,398.06,85.89,22.65,468.93,149.02,109.89
2021-11-09,21.48,51.19,81.64,171.29,87.46,115.74,241.15,134.88,395.32,85.94,22.53,467.38,150.96,110.08
2021-11-10,21.21,50.98,80.65,173.15,86.97,114.75,237.35,133.5,389.51,85.77,22.87,463.62,148.2,109.57
2021-11-11,21.36,51.86,80.94,174.12,86.82,114.38,239.26,133.12,390.59,85.71,23.35,463.77,147.98,109.75
2021-11-12,21.33,52.0,81.38,174.45,86.85,114.62,239.5,132.98,394.7,85.78,23.42,467.27,147.33,109.67
2021-11-15,21.34,51.83,81.23,174.18,86.75,114.17,238.55,131.97,394.61,85.77,23.24,467.43,145.48,110.44
2021-11-16,21.31,51.9,81.05,172.92,86.79,114.07,238.99,131.75,397.42,85.77,22.96,469.28,145.11,109.71
2021-11-17,21.12,51.63,80.95,174.5,86.7,114.48,235.86,132.28,397.63,85.8,23.17,468.14,146.26,110.05
2021-11-18,21.19,51.0,81.03,173.94,86.63,114.55,234.86,132.58,401.75,85.79,22.96,469.73,146.81,110.07
2021-11-19,20.85,50.92,80.34,172.61,86.56,114.86,232.72,133.08,403.99,85.77,22.75,468.89,148.36,109.42
2021-11-22,21.0,50.51,79.87,168.74,86.23,114.02,231.73,131.92,399.3,85.67,22.34,467.57,146.62,108.88
2021-11-23,21.38,50.46,79.79,167.28,86.11,113.55,231.33,130.98,397.48,85.67,21.92,468.19,144.5,109.76
2021-11-24,21.3,50.39,79.26,167.12,86.09,113.9,231.58,131.61,398.76,85.65,21.79,469.44,146.82,111.09
2021-11-26,20.03,48.7,77.13,166.85,85.47,115.37,222.85,132.68,391.2,85.82,21.37,458.97,150.53,108.0
2021-11-29,20.03,48.89,77.52,166.62,86.0,115.11,222.71,132.77,399.69,85.86,21.16,464.6,149.32,108.8
2021-11-30,19.48,48.84,76.84,165.5,85.64,115.8,218.17,133.06,393.82,85.79,21.06,455.56,151.59,106.74
2021-12-01,19.31,49.02,76.4,166.16,85.37,115.93,213.26,132.84,387.12,85.75,20.57,450.5,152.34,104.98
2021-12-02,19.48,49.62,77.35,165.24,86.0,115.68,219.21,133.15,389.91,85.64,20.69,457.4,152.53,108.13
2021-12-03,19.5,48.92,77.03,166.63,86.0,116.36,214.71,134.26,383.13,85.69,20.85,453.42,154.35,107.77
2021-12-06,19.84,49.3,77.77,166.22,86.38,115.78,219.02,133.58,386.2,85.62,20.71,458.79,152.23,109.66
2021-12-07,20.14,50.08,79.41,166.81,86.84,115.34,224.1,133.64,397.83,85.51,20.81,468.28,151.0,111.24
2021-12-08,20.41,50.28,79.56,166.9,86.82,114.97,225.63,132.75,399.61,85.54,20.76,469.52,148.39,112.04
2021-12-09,20.1,50.04,78.9,165.88,86.43,115.26,220.52,132.64,393.73,85.51,20.3,466.35,149.22,110.42
2021-12-10,20.33,50.08,79.07,166.58,86.63,115.34,219.91,132.79,398.01,85.55,20.5,470.74,148.86,110.76
2021-12-13,20.23,48.59,76.99,167.0,86.63,115.89,216.04,133.39,392.26,85.6,20.61,466.57,151.06,111.8
2021-12-14,20.05,48.48,76.58,165.44,86.48,115.69,214.18,132.79,388.2,85.55,20.31,463.36,150.7,110.37
2021-12-15,20.15,48.34,77.62,166.15,86.81,115.52,217.58,132.96,397.05,85.58,20.41,470.6,149.25,111.92
2021-12-16,20.27,48.4,77.63,168.16,86.45,115.75,213.18,132.7,386.84,85.63,20.79,466.45,149.14,111.88
2021-12-17,20.03,48.16,76.65,167.8,86.37,116.01,215.14,133.01,384.91,85.59,20.68,459.87,150.83,111.74
2021-12-20,19.89,47.44,76.48,167.09,86.22,115.91,212.12,132.43,380.69,85.61,20.57,454.98,149.7,110.87
2021-12-21,20.31,48.24,77.33,167.02,86.68,115.45,218.18,132.69,389.21,85.56,20.77,463.06,149.13,112.12
2021-12-22,20.55,48.47,78.05,168.59,86.91,115.56,220.28,132.9,393.95,85.55,21.1,467.69,149.82,113.27
2021-12-23,20.66,48.72,78.51,168.97,87.16,115.32,222.04,132.7,396.92,85.54,21.16,470.6,148.52,113.15
2021-12-27,20.92,48.94,79.12,169.37,87.25,115.36,224.12,133.09,403.48,85.51,21.33,477.26,148.88,114.0
2021-12-28,20.88,48.78,79.15,168.64,87.21,115.34,222.75,132.92,401.61,85.51,21.27,476.87,148.29,114.42
2021-12-29,20.98,48.56,79.12,168.59,87.07,114.75,222.99,132.19,401.55,85.5,21.11,477.48,146.67,115.19
2021-12-30,20.88,49.09,78.75,169.8,87.03,115.13,222.93,132.72,400.35,85.55,21.34,476.16,147.9,115.69
2021-12-31,20.78,48.85,78.68,170.96,87.01,115.0,222.45,132.52,397.85,85.54,21.51,474.96,148.19,116.01
2022-01-03,20.86,49.2,79.19,168.33,86.97,113.93,225.32,131.11,401.68,85.44,21.18,477.71,144.3,115.1
2022-01-04,21.11,49.03,79.64,169.57,86.75,113.87,224.98,131.22,396.47,85.49,21.32,477.55,143.7,114.96
2022-01-05,21.02,48.23,78.94,169.06,86.08,113.39,217.36,130.45,384.29,85.38,21.0,468.38,142.92,111.67
2022-01-06,21.2,48.45,78.54,166.99,86.09,113.11,218.6,130.28,384.02,85.31,20.51,467.94,143.29,111.77
2022-01-07,21.24,48.89,78.77,167.75,85.87,112.74,216.07,129.72,379.86,85.29,20.62,466.09,142.26,111.03
2022-01-10,21.15,48.89,78.04,168.26,85.94,112.71,215.32,129.6,380.11,85.24,20.76,465.51,142.61,110.39
2022-01-11,21.56,50.02,78.89,170.29,86.34,112.98,217.61,129.99,385.82,85.27,21.05,469.75,143.56,110.56
2022-01-12,21.73,50.85,79.66,170.74,86.48,113.0,215.99,129.9,387.35,85.24,21.45,471.02,143.01,110.69
2022-01-13,21.5,50.13,79.08,170.16,86.17,113.36,214.01,130.31,377.66,85.28,21.33,464.53,144.28,110.47
2022-01-14,21.78,50.11,79.0,169.67,86.09,112.58,214.31,129.16,380.01,85.17,21.2,464.72,142.1,109.47
2022-01-18,21.95,49.22,77.84,169.39,85.67,111.73,207.83,127.93,370.55,85.04,21.69,456.49,140.1,108.32
2022-01-19,22.07,49.43,77.77,172.08,85.59,112.0,204.45,128.13,366.48,85.08,22.37,451.75,141.07,106.86
2022-01-20,21.99,49.72,77.39,171.65,85.43,112.24,200.75,128.06,361.72,85.06,22.62,446.75,141.94,105.49
2022-01-21,22.01,49.0,76.34,171.09,85.44,112.89,196.99,128.9,351.69,85.13,22.38,437.98,143.63,105.23
2022-01-24,21.96,48.31,75.58,172.03,85.35,112.79,201.53,128.5,353.3,85.18,22.11,439.84,142.45,105.43
2022-01-25,22.16,48.22,75.12,172.58,85.1,112.64,198.84,128.14,345.11,85.14,22.02,434.47,142.22,105.01
2022-01-26,22.21,47.61,74.83,169.79,84.81,111.84,195.97,127.27,344.57,84.99,21.72,433.38,140.5,103.37
2022-01-27,22.32,47.06,74.48,167.6,84.44,112.31,191.52,127.56,341.1,84.92,21.02,431.24,143.08,101.66
2022-01-28,22.34,47.29,74.73,167.1,84.68,112.57,195.25,127.7,351.8,84.95,20.71,441.95,143.13,104.95
2022-01-31,22.42,48.84,75.82,168.09,84.7,112.57,201.24,127.76,363.05,84.95,20.8,449.91,142.39,106.24
2022-02-01,22.51,49.14,76.54,168.23,84.73,112.31,203.36,127.73,365.52,84.92,20.94,452.95,141.72,105.86
2022-02-02,22.6,49.06,77.11,168.84,84.86,112.54,201.34,127.74,368.49,84.94,20.93,457.35,142.2,107.21
2022-02-03,22.65,48.54,75.89,168.6,84.1,112.06,197.53,126.71,353.55,84.87,20.71,446.6,141.09,106.07
2022-02-04,22.83,48.66,76.07,168.86,83.77,111.2,198.38,125.45,358.01,84.7,20.79,448.7,139.01,105.02
2022-02-07,22.88,48.56,76.2,170.11,83.71,111.23,199.36,125.68,355.13,84.72,21.27,447.26,139.1,104.87
2022-02-08,22.68,49.03,76.59,170.63,83.62,110.87,202.76,125.21,359.12,84.63,21.45,450.94,138.17,104.38
2022-02-09,22.91,49.8,77.83,171.21,84.06,111.02,206.61,125.63,366.73,84.62,21.53,457.54,138.43,106.74
2022-02-10,22.79,49.47,76.84,170.56,82.95,110.0,203.44,123.92,358.43,84.19,21.42,449.32,136.23,104.22
2022-02-11,23.13,48.72,75.68,173.81,82.66,111.14,201.38,124.84,347.06,84.45,21.83,440.46,138.25,103.27
2022-02-14,23.25,48.38,75.19,174.74,82.52,110.37,200.68,123.73,347.49,84.27,22.05,439.02,136.53,102.33
2022-02-15,22.87,49.43,76.57,173.08,82.66,110.04,206.06,123.11,356.13,84.3,21.61,446.1,134.98,103.25
2022-02-16,22.9,49.79,76.86,174.86,83.12,110.27,206.49,123.29,356.04,84.41,21.87,446.6,135.78,103.73
2022-02-17,23.09,49.21,75.62,177.25,82.77,110.86,201.2,123.38,345.45,84.46,22.04,437.06,136.79,102.63
2022-02-18,23.18,48.72,75.3,177.12,82.89,111.22,199.47,123.68,341.51,84.47,22.12,434.23,138.23,102.01
2022-02-22,23.51,48.03,74.42,177.49,82.7,111.21,196.66,123.52,338.08,84.39,22.31,429.57,138.59,101.64
2022-02-23,23.73,47.47,73.81,178.29,82.55,110.63,192.98,122.4,329.42,84.34,22.73,421.95,136.68,99.96
2022-02-24,23.83,46.49,72.82,177.14,83.14,110.89,198.04,122.98,340.49,84.41,22.31,428.3,136.77,101.64
2022-02-25,23.47,47.35,74.64,176.55,83.61,110.86,202.5,123.48,345.77,84.41,22.4,437.75,136.87,104.09
2022-02-28,23.87,46.73,73.22,178.38,83.67,112.12,203.32,124.8,346.8,84.56,22.62,436.63,139.87,102.54
2022-03-01,24.83,46.11,71.62,181.62,83.13,113.11,199.49,124.97,341.49,84.73,23.54,429.98,141.3,102.0
2022-03-02,25.64,46.19,72.52,179.73,83.33,111.41,204.24,123.07,347.22,84.45,23.37,437.89,136.47,103.91
2022-03-03,25.92,45.54,71.09,180.8,83.08,111.89,201.82,123.52,342.26,84.45,23.29,435.71,137.86,104.76
2022-03-04,27.01,44.62,69.03,183.68,82.54,113.0,198.66,123.64,337.3,84.54,23.64,432.17,140.24,105.24
2022-03-07,27.6,42.95,66.84,186.41,81.82,112.52,193.72,122.14,324.86,84.43,23.7,419.43,139.17,103.16
2022-03-08,28.07,43.09,67.42,191.51,81.53,111.79,194.79,121.41,323.35,84.32,24.45,416.25,137.77,102.66
2022-03-09,25.84,44.31,70.24,185.82,82.21,111.1,200.28,121.62,334.99,84.27,23.8,427.41,136.42,104.24
2022-03-10,25.53,43.48,69.4,186.4,81.52,110.59,199.92,120.23,331.27,84.2,24.01,425.48,134.46,104.5
2022-03-11,25.97,42.57,68.65,185.09,80.93,110.56,196.73,120.18,324.4,84.17,23.87,420.07,134.91,103.67
2022-03-14,25.21,41.54,69.28,182.3,79.97,109.16,192.71,118.44,318.17,83.95,23.16,417.0,131.76,102.86
2022-03-15,24.59,41.6,69.94,178.89,80.57,109.11,195.78,119.37,328.15,83.98,23.0,426.17,131.53,103.55
2022-03-16,24.38,44.95,72.45,180.01,81.7,108.96,201.94,120.39,340.32,83.9,23.11,435.62,132.82,104.78
2022-03-17,25.55,44.72,73.06,180.89,82.26,108.75,205.11,121.57,344.44,83.87,23.33,441.07,131.83,106.4
2022-03-18,25.67,45.36,73.77,179.3,82.53,109.07,207.27,121.81,351.49,83.85,23.02,444.52,133.44,106.4
2022-03-21,26.63,44.66,73.31,180.67,81.58,107.65,205.44,120.12,350.08,83.57,23.28,444.39,130.35,105.75
2022-03-22,26.57,45.47,74.0,179.36,82.0,107.06,207.5,119.83,356.96,83.51,22.88,449.59,128.68,106.02
2022-03-23,27.23,45.17,73.04,181.81,81.74,107.78,203.9,120.17,351.83,83.58,23.24,443.8,131.5,104.26
2022-03-24,26.96,45.41,73.72,183.13,81.91,107.18,205.84,120.22,359.65,83.555,23.61,450.49,130.47,104.92
2022-03-25,27.16,45.05,73.76,182.38,81.32,106.08,206.12,119.27,359.35,83.33,23.48,452.69,128.66,106.23
2022-03-28,25.98,45.2,73.52,179.06,81.83,106.32,206.19,119.93,364.91,83.25,22.93,455.91,129.76,107.36
2022-03-29,26.08,45.97,75.15,179.14,82.84,106.85,211.71,120.94,371.19,83.29,22.91,461.55,130.74,110.51
2022-03-30,26.55,45.84,74.84,180.58,82.59,107.27,207.46,121.22,367.09,83.35,22.94,458.7,131.76,109.71
2022-03-31,26.06,45.15,73.6,180.65,82.29,107.47,205.27,120.94,362.54,83.35,22.88,451.64,132.08,108.37
2022-04-01,26.23,45.9,74.29,179.5,81.95,106.65,207.57,121.09,361.85,83.14,22.74,452.92,132.38,110.48
2022-04-04,26.73,46.71,74.59,180.37,82.57,106.58,207.91,121.51,369.3,83.19,22.63,456.8,131.46,109.94
2022-04-05,26.51,45.85,73.58,179.24,81.5,105.31,202.99,119.38,361.1,83.04,22.36,451.03,128.49,109.4
2022-04-06,26.3,45.25,72.7,179.66,80.86,104.94,200.11,118.68,353.26,83.1,22.57,446.52,127.45,110.7
2022-04-07,26.39,44.89,72.86,180.34,80.73,104.68,199.46,118.13,354.1,83.16,22.7,448.77,126.49,109.6
2022-04-08,26.72,44.93,72.89,181.47,80.24,104.15,197.87,117.2,349.15,83.06,22.82,447.57,125.12,109.78
2022-04-11,26.5,44.37,72.12,182.37,79.69,103.65,196.54,116.06,340.89,83.08,23.15,439.92,123.14,108.6
2022-04-12,27.29,44.23,71.58,183.77,80.3,104.15,197.16,116.14,339.45,83.29,23.47,438.29,122.97,108.44
2022-04-13,27.89,44.81,72.35,184.65,80.78,104.38,200.91,116.74,346.35,83.33,23.75,443.31,123.22,109.21
2022-04-14,28.1,44.23,72.02,184.04,80.24,103.44,198.96,115.38,338.43,83.18,23.64,437.79,120.75,108.74
2022-04-18,28.42,44.08,71.6,184.61,80.11,103.14,197.62,114.5,338.69,83.18,23.87,437.97,120.15,108.3
2022-04-19,27.69,43.86,71.94,181.82,80.04,102.46,201.56,113.59,346.26,82.99,23.24,445.04,119.25,110.66
2022-04-20,27.72,43.6,72.42,182.71,80.29,103.26,202.33,114.77,341.21,83.04,23.28,444.71,121.65,112.5
2022-04-21,27.68,42.76,71.64,182.06,79.74,102.69,197.8,113.55,334.15,82.9,22.79,438.06,120.75,111.72
2022-04-22,27.15,42.38,70.47,180.29,79.26,102.74,192.68,113.42,325.4,82.88,22.31,426.04,119.99,109.76
2022-04-25,26.95,42.07,70.13,177.05,79.93,103.4,193.85,114.68,329.58,83.01,21.83,428.51,121.19,109.48
2022-04-26,27.32,41.15,68.17,177.32,79.46,104.09,187.74,114.62,317.14,83.16,21.65,416.1,122.41,107.68
2022-04-27,27.51,41.63,68.48,175.98,79.07,103.51,186.96,113.52,316.76,83.12,21.49,417.27,120.84,106.97
2022-04-28,27.74,42.23,69.45,176.93,79.51,103.36,190.45,113.86,328.01,83.06,21.42,427.81,121.02,108.94
2022-04-29,27.53,42.38,68.64,176.91,78.53,102.81,184.95,112.6,313.25,82.9,21.04,412.0,119.45,103.94
2022-05-02,27.95,42.32,68.47,173.63,78.23,101.92,186.89,111.68,318.48,82.85,20.87,414.48,117.18,101.43
2022-05-03,27.56,42.63,68.98,174.09,78.64,102.04,188.49,112.4,318.82,82.81,20.83,416.38,117.97,102.69
2022-05-04,28.42,43.09,70.19,175.8,79.44,102.7,193.52,113.5,329.6,83.03,21.28,429.06,118.62,103.87
2022-05-05,28.27,41.5,67.93,175.13,78.03,101.67,185.67,111.76,313.0,82.89,20.78,413.81,115.37,101.1
2022-05-06,28.3,40.93,67.27,175.42,77.59,101.09,182.58,110.81,309.25,82.88,20.66,411.34,113.67,99.9
2022-05-09,27.02,39.75,65.24,172.88,76.77,101.84,174.9,111.2,297.15,83.09,20.03,398.17,114.67,95.5
2022-05-10,26.86,39.94,65.73,171.42,77.21,102.18,174.95,111.67,300.76,83.04,19.55,399.09,115.71,93.76
2022-05-11,27.52,39.66,65.34,172.82,76.75,102.81,170.6,112.19,291.84,83.05,19.87,392.75,117.94,93.56
2022-05-12,27.65,39.4,65.18,170.17,76.72,103.15,172.6,112.24,291.15,83.17,19.12,392.34,117.72,94.29
2022-05-13,28.03,40.49,66.99,168.79,76.81,102.61,178.07,111.65,301.94,83.14,19.42,401.72,115.98,96.78
2022-05-16,28.49,40.33,67.05,170.4,76.7,103.04,177.22,111.8,298.44,83.19,19.93,400.09,115.86,96.17
2022-05-17,28.18,41.32,68.3,169.33,76.63,102.26,182.64,111.16,306.17,83.01,19.92,408.32,114.46,97.48
2022-05-18,27.57,40.33,66.67,169.42,76.0,102.99,176.24,111.57,291.14,83.05,19.73,391.86,116.9,94.65
2022-05-19,27.92,40.97,67.31,171.91,76.51,103.36,176.53,111.87,289.58,83.17,20.27,389.46,117.18,94.23
2022-05-20,27.96,41.14,67.77,172.03,76.46,103.84,176.08,112.42,288.68,83.23,20.07,389.63,118.51,94.83
2022-05-23,28.17,41.45,68.92,172.83,76.76,103.21,178.21,112.02,293.48,83.19,20.1,396.92,116.56,95.93
2022-05-24,28.15,40.73,68.81,174.13,77.22,104.1,175.57,113.49,287.24,83.38,20.39,393.89,118.86,96.74
2022-05-25,28.35,40.93,68.83,173.08,78.39,104.31,178.73,114.66,291.26,83.44,20.34,397.37,119.33,97.56
2022-05-26,28.66,41.57,69.59,172.76,79.48,104.26,182.72,114.69,299.33,83.46,20.31,405.31,118.79,97.68
2022-05-27,29.0,42.05,70.43,172.85,80.19,104.41,187.64,115.29,309.1,83.48,20.36,415.26,119.08,100.3
2022-05-31,28.8,42.64,70.01,171.14,79.5,103.32,185.31,114.44,308.28,83.35,19.84,412.93,116.56,99.07
2022-06-01,28.94,42.34,69.27,172.23,78.9,102.61,184.26,113.5,306.0,83.13,20.13,409.59,116.22,98.25
2022-06-02,29.6,43.07,70.71,174.35,79.23,102.76,188.76,113.55,314.38,83.15,20.59,417.39,116.28,99.6
2022-06-03,29.88,42.37,69.7,172.58,78.64,102.56,187.06,113.19,306.2,83.12,20.23,410.54,116.03,98.27
2022-06-06,30.01,42.6,69.98,171.82,78.05,101.79,187.87,112.39,307.22,83.01,20.37,411.79,113.89,97.96
2022-06-07,30.21,42.73,70.19,172.94,78.23,102.2,190.9,112.99,309.87,83.02,20.52,415.74,115.12,99.31
2022-06-08,30.48,42.96,69.21,172.78,77.56,101.82,187.95,112.34,307.64,82.96,20.35,411.22,114.1,97.02
2022-06-09,30.53,41.59,66.29,172.23,76.94,101.73,183.57,111.6,299.4,82.9,19.97,401.44,114.48,94.72
2022-06-10,30.23,41.13,64.69,174.54,75.63,100.73,178.59,110.52,288.84,82.55,20.19,389.8,113.77,92.62
2022-06-13,29.89,39.69,62.55,169.93,73.1,98.94,170.2,107.97,275.41,82.13,19.5,375.0,110.2,87.99
2022-06-14,29.56,40.24,61.96,168.57,73.58,98.15,169.38,107.41,275.91,81.97,19.37,373.87,108.81,87.32
2022-06-15,29.58,40.77,63.12,170.77,75.01,99.52,171.86,109.09,282.8,82.29,19.96,379.2,110.84,89.39
2022-06-16,29.71,39.52,61.73,172.69,73.82,100.17,163.9,109.21,271.39,82.4,20.24,366.65,111.72,87.04
2022-06-17,28.65,39.67,61.48,171.27,74.05,100.2,165.18,109.43,274.69,82.38,19.98,365.86,112.08,87.7
2022-06-21,28.58,40.31,62.41,170.63,74.0,99.68,168.14,108.33,281.08,82.35,19.98,375.07,110.18,88.92
2022-06-22,28.07,39.59,61.99,171.31,73.98,100.94,167.82,109.12,280.67,82.59,19.76,374.39,113.21,90.05
2022-06-23,27.44,39.71,61.92,170.26,74.51,101.51,169.83,109.96,284.85,82.66,19.37,378.06,114.14,91.18
2022-06-24,27.7,40.65,63.77,170.09,75.04,101.15,175.09,110.09,294.61,82.64,19.51,390.08,112.56,93.12
2022-06-27,27.64,40.7,63.5,169.9,74.58,100.58,175.74,109.08,292.45,82.55,19.49,388.59,111.6,92.98
2022-06-28,27.97,40.45,63.07,169.62,73.76,100.71,172.44,109.05,283.54,82.53,19.19,380.65,112.12,91.85
2022-06-29,27.49,40.29,62.83,169.49,73.65,101.52,170.69,109.7,283.8,82.63,19.14,380.34,113.87,91.28
2022-06-30,26.64,40.1,62.49,168.46,73.61,102.3,169.36,110.03,280.28,82.79,18.64,377.25,114.87,91.11
2022-07-01,26.77,39.85,62.64,168.32,73.98,103.24,171.41,111.12,282.13,82.96,18.31,381.24,115.82,92.75
2022-07-05,24.97,39.54,61.3,164.75,73.91,103.62,172.83,111.09,286.96,82.95,17.73,381.96,116.73,92.49
2022-07-06,24.6,39.3,61.35,162.14,73.63,102.74,171.55,110.54,288.8,82.72,17.69,383.25,114.77,92.32
2022-07-07,25.62,40.09,62.28,162.23,74.83,102.11,175.61,110.53,294.98,82.66,17.75,388.99,113.76,92.57
2022-07-08,26.07,40.09,62.35,162.3,74.89,101.49,175.59,110.35,295.35,82.56,17.79,388.67,112.5,92.08
2022-07-11,26.02,39.02,61.34,161.43,74.47,102.29,172.06,110.66,289.04,82.59,17.58,384.23,114.44,91.88
2022-07-12,24.84,38.87,61.33,160.83,74.77,102.53,171.47,110.82,286.24,82.63,17.44,380.83,115.12,91.52
2022-07-13,24.98,38.78,61.3,161.6,74.69,102.97,171.32,111.65,285.65,82.54,17.69,378.83,116.44,91.08
2022-07-14,24.75,38.43,60.44,159.33,74.55,102.4,169.56,110.94,286.67,82.51,17.0,377.91,115.49,90.26
2022-07-15,25.07,38.63,61.4,159.01,75.5,102.75,173.09,111.83,291.87,82.57,17.19,385.13,116.14,91.79
2022-07-18,25.54,38.9,61.65,159.16,74.77,102.45,172.6,111.05,289.4,82.52,17.22,381.95,114.93,91.14
2022-07-19,25.64,39.54,63.33,159.54,75.76,101.98,178.69,111.36,298.3,82.43,17.29,392.27,114.31,93.5
2022-07-20,25.62,39.37,62.91,158.04,76.09,101.88,181.49,111.24,303.03,82.42,17.19,394.77,114.61,93.28
2022-07-21,25.19,39.82,63.56,160.27,76.99,103.04,182.42,112.76,307.38,82.65,17.4,398.79,116.59,94.02
2022-07-22,24.89,39.42,63.4,160.67,76.89,104.22,179.51,113.63,301.99,82.86,17.14,395.09,118.55,94.51
2022-07-25,25.34,39.56,63.89,160.23,76.87,103.85,180.44,112.67,300.27,82.79,16.98,395.57,117.39,94.67
2022-07-26,25.39,39.25,63.0,160.04,76.33,103.89,179.33,112.65,294.37,82.75,17.16,390.89,117.48,94.77
2022-07-27,25.97,39.98,64.49,161.67,77.17,104.1,183.41,113.4,306.81,82.88,17.6,401.04,116.82,95.34
2022-07-28,25.99,40.15,64.82,163.64,77.96,105.13,185.93,114.34,309.81,83.06,18.43,406.07,117.75,98.43
2022-07-29,26.11,39.96,65.72,164.1,78.19,105.17,187.25,114.61,315.46,83.05,18.7,411.99,117.43,98.96
2022-08-01,25.58,39.62,65.81,165.03,77.91,105.6,187.18,114.56,315.27,82.96,18.79,410.77,120.04,98.16
2022-08-02,25.45,39.43,64.76,164.05,77.55,104.14,187.0,113.16,314.33,82.67,18.41,408.06,117.5,96.9
2022-08-03,25.23,39.74,65.14,164.45,78.23,104.57,189.75,114.39,322.89,82.7,18.49,414.45,119.35,97.21
2022-08-04,24.96,40.02,65.47,167.17,78.44,105.1,189.35,114.57,324.4,82.81,18.64,414.17,119.31,97.06
2022-08-05,24.87,40.06,65.01,165.29,78.04,103.58,190.8,113.02,321.75,82.47,18.33,413.47,116.47,97.33
2022-08-08,25.17,40.11,65.16,166.69,78.11,104.19,192.82,113.47,320.71,82.55,19.03,412.99,118.35,98.2
2022-08-09,25.38,39.96,64.81,167.2,77.53,103.88,190.19,112.96,317.08,82.47,18.93,411.35,117.89,98.74
2022-08-10,25.73,40.46,66.27,166.78,78.69,103.94,195.62,114.03,325.93,82.55,18.95,419.99,117.12,100.24
2022-08-11,26.23,40.62,66.25,166.34,78.24,103.25,196.35,112.93,324.08,82.52,18.67,419.99,114.39,100.0
2022-08-12,26.09,41.05,66.76,167.87,78.94,103.66,200.36,114.24,330.39,82.54,19.17,427.1,115.55,101.72
2022-08-15,25.77,40.86,66.36,165.71,78.8,103.99,201.07,114.16,333.06,82.61,18.68,428.86,115.45,102.13
2022-08-16,25.48,40.85,66.34,165.42,78.43,103.87,200.99,113.72,332.28,82.54,18.57,429.7,115.93,101.86
2022-08-17,25.58,40.68,65.81,164.35,77.62,103.17,197.61,112.65,328.49,82.47,18.25,426.65,114.72,101.25
2022-08-18,25.97,40.45,65.59,163.92,77.74,103.37,198.92,112.94,329.28,82.59,18.04,427.89,114.89,100.58
2022-08-19,25.96,39.9,64.69,162.72,76.95,102.48,194.65,111.6,322.86,82.53,17.55,422.14,113.04,99.52
2022-08-22,26.19,39.55,63.59,161.64,76.08,102.03,190.64,110.85,314.36,82.42,17.5,413.35,112.66,97.35
2022-08-23,26.62,39.76,63.62,162.77,76.27,101.78,190.95,110.97,314.1,82.46,17.62,412.35,112.04,96.1
2022-08-24,26.9,39.75,63.7,163.25,76.36,101.44,192.41,110.64,315.01,82.37,17.63,413.67,111.22,96.65
2022-08-25,26.52,40.61,64.4,163.75,77.08,102.09,195.4,111.78,320.58,82.42,17.73,419.51,112.77,98.09
2022-08-26,26.63,40.01,62.71,161.76,75.81,101.97,188.98,111.11,307.44,82.4,17.36,405.31,113.62,95.62
2022-08-29,27.02,39.76,62.57,161.86,75.52,101.39,187.24,110.29,304.41,82.34,17.29,402.63,112.68,94.76
2022-08-30,26.27,39.29,62.12,160.51,74.94,101.36,184.62,110.43,301.02,82.3,16.96,398.21,112.96,93.45
2022-08-31,25.72,39.43,61.7,159.27,74.53,100.94,183.5,109.27,299.27,82.29,16.58,395.18,111.88,93.01
2022-09-01,25.17,39.12,60.87,157.87,74.36,99.96,181.5,108.31,299.4,82.13,16.38,396.42,109.6,93.18
2022-09-02,25.34,38.76,60.47,159.26,74.31,100.52,180.09,108.39,295.17,82.31,16.57,392.24,110.22,91.88
2022-09-06,25.19,38.3,60.32,158.33,74.11,99.4,178.31,106.92,293.05,82.13,16.54,390.76,107.49,92.71
2022-09-07,24.59,38.64,60.85,159.94,75.18,100.05,182.19,108.38,298.97,82.25,17.0,397.78,109.19,94.52
2022-09-08,24.69,38.43,60.89,158.98,75.51,99.68,183.71,108.13,300.52,82.15,17.03,400.38,108.07,94.78
2022-09-09,25.39,39.0,62.44,159.82,75.81,99.69,187.4,108.38,307.09,82.08,17.32,406.6,108.31,95.81
2022-09-12,25.74,39.58,63.31,160.63,76.04,99.45,189.67,108.14,310.74,82.07,18.17,410.97,107.42,96.74
2022-09-13,25.61,38.36,61.11,158.54,74.31,98.89,182.25,107.36,293.7,81.79,17.83,393.1,107.67,93.04
2022-09-14,25.72,38.55,61.31,157.93,74.42,98.94,182.96,107.87,296.03,81.72,18.0,394.6,108.04,91.98
2022-09-15,24.97,38.14,60.77,154.98,73.95,98.6,181.63,107.35,291.1,81.63,17.63,390.12,107.97,90.28
2022-09-16,24.88,37.79,60.4,155.84,74.2,98.68,178.99,107.1,289.32,81.67,17.99,385.56,107.07,90.29
2022-09-19,24.96,37.91,60.61,155.96,74.48,98.4,180.52,107.28,291.05,81.58,17.99,388.55,107.32,90.16
2022-09-20,24.93,37.7,59.58,155.07,73.72,97.79,178.06,106.21,288.73,81.54,17.73,384.09,106.25,87.97
2022-09-21,24.78,37.07,58.8,155.79,73.5,98.18,175.34,106.61,283.56,81.47,18.06,377.39,108.03,86.58
2022-09-22,24.85,36.89,58.63,155.7,73.06,96.7,171.39,105.11,280.07,81.32,18.09,374.22,105.27,85.48
2022-09-23,24.01,35.98,56.76,153.01,72.13,96.82,167.31,104.81,275.51,81.22,17.36,367.95,105.7,83.44
2022-09-26,23.45,35.54,55.92,151.23,71.28,95.21,164.17,102.99,274.37,81.04,16.92,364.31,103.68,81.1
2022-09-27,23.7,35.5,55.54,151.54,71.13,94.56,164.73,101.44,274.48,81.04,16.9,363.38,100.95,80.02
2022-09-28,24.36,35.81,56.88,154.69,72.4,96.69,169.94,103.48,279.94,81.39,17.45,370.53,104.33,81.68
2022-09-29,24.21,35.01,56.21,154.66,71.72,96.24,166.13,102.71,271.87,81.28,17.37,362.79,103.79,79.28
2022-09-30,23.91,34.88,56.01,154.67,71.39,95.99,164.92,102.45,267.26,81.21,17.5,357.18,102.45,80.17
2022-10-03,24.45,35.45,57.12,158.43,71.97,96.94,169.29,104.0,273.53,81.28,19.1,366.61,103.83,81.6
2022-10-04,25.11,36.61,59.41,160.7,73.52,97.14,176.0,104.48,282.13,81.31,19.36,377.97,103.54,83.25
2022-10-05,25.56,36.63,58.78,159.81,73.23,96.22,174.7,103.69,281.98,81.23,18.99,377.09,102.55,81.62
2022-10-06,25.72,36.41,57.75,159.63,73.01,95.69,173.72,103.45,279.76,81.13,19.04,373.2,101.98,79.35
2022-10-07,25.99,35.65,56.83,157.88,72.12,95.22,168.61,102.42,269.1,81.03,18.5,362.79,100.99,77.44
2022-10-10,25.7,35.15,56.51,155.48,71.24,94.66,167.67,101.5,266.41,81.0,18.09,360.02,99.42,76.71
2022-10-11,25.33,34.59,55.89,155.16,71.46,94.9,167.72,101.29,262.75,81.04,17.68,357.74,99.86,77.49
2022-10-12,25.33,34.63,55.71,155.99,71.58,95.21,167.26,101.17,262.66,81.12,17.59,356.56,100.35,76.68
2022-10-13,25.68,34.73,56.86,154.91,71.74,94.81,171.4,101.35,268.82,80.88,17.39,365.97,99.39,78.08
2022-10-14,25.17,34.21,56.01,152.98,71.51,94.28,166.81,100.38,260.74,80.84,16.81,357.63,98.57,76.14
2022-10-17,25.11,35.15,57.39,153.42,72.39,94.38,172.13,100.86,269.35,80.93,17.12,366.82,98.09,79.01
2022-10-18,24.84,35.16,57.8,153.75,72.9,94.62,174.17,101.46,271.48,80.97,17.23,371.13,98.32,79.87
2022-10-19,24.83,34.52,57.09,151.69,72.2,93.63,171.21,100.07,270.49,80.82,17.01,368.5,96.53,77.88
2022-10-20,24.85,34.74,56.96,151.45,71.8,92.93,169.03,99.2,269.11,80.73,17.17,365.41,94.88,77.54
2022-10-21,24.88,35.27,57.99,154.15,72.49,93.14,172.7,99.48,275.42,80.94,17.76,374.29,93.17,78.15
2022-10-24,24.95,33.93,58.0,153.65,72.54,93.02,173.44,99.43,278.45,80.92,17.68,378.87,92.4,78.14
2022-10-25,25.09,34.21,59.28,154.0,73.24,94.18,178.17,100.76,284.21,81.0,17.86,384.92,95.09,81.21
2022-10-26,25.56,34.77,59.84,154.98,73.44,94.66,179.05,101.22,277.93,81.07,17.98,382.02,96.46,81.16
2022-10-27,25.6,34.5,59.28,154.74,73.98,95.33,179.09,101.69,272.87,81.24,17.98,379.98,97.47,81.28
2022-10-28,25.3,34.29,59.87,153.16,74.55,94.84,183.16,101.9,281.22,81.12,17.74,389.02,96.8,83.07
2022-10-31,25.12,34.19,59.31,151.91,73.43,94.41,183.33,101.35,277.95,81.0,17.62,386.21,96.11,82.98
2022-11-01,25.5,34.82,59.78,153.46,73.59,94.19,183.58,101.77,275.11,80.78,18.05,384.52,96.77,82.95
2022-11-02,25.73,34.53,58.91,152.39,72.92,94.03,177.49,101.28,265.68,80.74,17.73,374.87,96.35,80.67
2022-11-03,25.71,34.73,58.41,151.81,72.4,93.62,176.3,100.92,260.49,80.59,17.94,371.01,95.83,80.56
2022-11-04,26.58,36.2,60.75,156.47,72.9,93.42,178.68,101.12,264.68,80.68,19.26,376.35,94.22,81.66
2022-11-07,26.35,36.22,60.94,155.85,72.89,93.09,179.49,100.75,267.59,80.61,19.15,379.95,93.28,81.66
2022-11-08,26.03,36.48,61.63,159.45,72.82,93.71,179.56,101.17,269.54,80.69,19.7,382.0,94.3,81.91
2022-11-09,25.43,35.85,60.77,158.65,71.95,94.03,174.63,100.91,263.32,80.82,19.36,374.13,94.61,81.07
2022-11-10,25.66,37.15,64.18,163.48,74.19,96.14,185.38,104.29,282.75,81.26,19.97,394.69,98.25,87.0
2022-11-11,26.15,38.16,65.46,164.56,74.45,95.94,186.9,104.57,287.96,81.24,19.95,398.51,97.89,86.99
2022-11-14,25.76,37.93,64.77,164.92,73.9,95.71,184.81,104.04,285.44,81.17,20.24,395.12,97.65,84.87
2022-11-15,26.06,38.8,65.2,165.5,74.55,96.42,187.55,105.49,289.39,81.25,19.88,398.49,99.23,85.79
2022-11-16,25.77,38.18,65.05,165.12,74.39,97.13,184.25,106.39,285.44,81.26,19.74,395.45,101.4,85.01
2022-11-17,25.34,38.25,65.02,163.92,74.07,96.47,182.54,105.82,284.81,81.16,19.29,394.24,100.33,84.43
2022-11-18,25.16,38.03,65.15,162.79,74.23,96.13,183.72,105.81,284.82,81.07,19.25,396.03,99.64,85.5
2022-11-21,25.07,37.55,64.66,161.88,74.2,96.07,182.76,105.65,281.89,81.05,19.2,394.59,100.06,85.95
2022-11-22,25.33,37.64,65.56,162.07,74.74,96.62,184.71,106.59,285.95,81.11,19.43,399.9,101.48,86.42
2022-11-23,24.98,37.95,66.28,163.08,75.16,97.14,185.19,107.66,288.82,81.18,19.81,402.42,103.25,86.49
2022-11-25,24.76,37.77,66.62,163.22,75.01,97.11,185.58,107.77,286.92,81.19,19.72,402.33,102.9,87.04
2022-11-28,24.61,37.6,65.76,161.93,74.22,97.15,181.84,106.99,282.71,81.21,19.26,395.91,103.19,84.71
2022-11-29,24.93,38.41,65.95,162.73,74.54,96.74,182.37,106.46,280.57,81.18,19.56,395.23,101.98,86.11
2022-11-30,25.49,39.52,67.12,164.81,75.66,97.61,187.37,107.76,293.36,81.42,20.43,407.68,102.73,88.08
2022-12-01,25.36,39.39,67.77,167.84,75.62,98.48,186.96,108.76,293.72,81.43,20.98,407.38,105.76,87.89
2022-12-02,25.09,39.54,67.72,167.26,75.56,98.68,188.05,109.42,292.55,81.41,21.29,406.91,107.09,87.63
2022-12-05,24.44,39.09,66.83,164.39,74.84,97.68,182.87,108.49,287.64,81.18,20.44,399.59,105.59,86.03
2022-12-06,24.05,39.04,66.53,164.84,74.57,98.28,180.07,108.82,281.68,81.27,20.44,393.83,106.95,85.22
2022-12-07,23.93,38.81,66.53,166.33,74.98,99.14,179.54,110.03,280.53,81.44,20.92,393.16,109.47,85.39
2022-12-08,23.89,39.28,66.87,166.47,75.04,98.58,180.84,109.68,283.85,81.36,21.21,396.24,109.17,85.99
2022-12-09,23.92,39.02,66.91,167.06,75.04,97.85,178.62,108.86,282.04,81.32,21.56,393.28,106.33,85.83
2022-12-12,24.18,38.9,67.11,165.68,75.33,97.71,180.72,108.72,285.58,81.27,21.46,398.95,106.67,86.49
2022-12-13,24.58,38.59,67.79,168.51,76.11,98.59,181.38,109.67,288.65,81.51,21.83,401.97,107.7,88.09
2022-12-14,24.77,38.61,67.73,168.1,75.68,98.86,180.19,109.77,286.51,81.52,21.99,399.4,108.16,87.49
2022-12-15,24.47,37.72,66.0,165.35,75.0,98.86,175.68,109.53,276.89,81.35,21.24,389.63,108.32,86.32
2022-12-16,24.16,37.83,65.42,166.79,74.6,98.61,174.37,109.06,274.25,81.43,21.37,383.27,107.11,84.09
2022-12-19,23.97,37.86,65.26,166.32,74.22,97.81,172.01,107.96,269.75,81.33,21.12,380.02,105.31,83.02
2022-12-20,24.08,37.85,65.52,169.08,74.03,97.1,172.92,106.69,269.54,81.33,22.23,380.54,103.44,82.81
2022-12-21,24.39,38.19,66.2,168.8,74.66,97.22,175.9,107.42,273.45,81.41,22.07,386.23,103.7,83.52
2022-12-22,24.08,37.85,65.66,166.76,74.2,97.19,173.6,107.39,266.76,81.36,21.69,380.72,103.68,82.01
2022-12-23,24.52,37.8,65.89,167.26,74.39,96.75,174.39,107.06,267.36,81.32,21.85,382.91,102.16,82.74
2022-12-27,24.74,38.36,65.99,168.67,73.62,95.94,173.22,105.68,263.58,81.21,22.11,381.4,100.14,82.71
2022-12-28,24.46,37.8,65.29,167.91,72.63,95.71,170.53,105.35,260.1,81.21,21.6,376.66,99.55,81.3
2022-12-29,24.43,38.43,66.32,168.85,73.57,96.18,174.85,106.1,266.44,81.27,21.97,383.44,100.68,83.08
2022-12-30,24.65,37.9,65.64,169.64,73.63,95.78,174.36,105.43,266.28,81.17,22.02,382.43,99.56,82.48
2023-01-03,24.06,38.22,66.22,171.06,73.77,96.53,173.4,106.16,264.48,81.24,22.05,380.82,101.46,82.56
2023-01-04,23.63,39.37,67.1,172.67,74.62,97.27,175.56,106.93,265.74,81.32,21.89,383.76,102.85,84.43
2023-01-05,23.51,39.25,66.43,170.52,74.47,97.13,173.68,106.85,261.58,81.21,21.39,379.38,103.28,82.16
2023-01-06,23.64,40.07,68.13,173.71,75.53,98.38,177.58,108.6,268.8,81.52,21.92,388.08,105.18,84.37
2023-01-09,23.92,40.37,68.42,174.1,75.8,98.63,177.88,109.03,270.54,81.6,21.74,387.86,105.74,84.4
2023-01-10,23.92,40.66,68.62,174.74,75.71,98.01,180.51,108.66,272.83,81.53,21.73,390.58,103.99,84.59
2023-01-11,24.35,40.83,69.14,174.62,76.21,98.64,182.76,109.59,277.55,81.6,21.55,395.52,105.68,87.62
2023-01-12,24.55,41.03,70.16,176.64,76.64,99.52,185.83,110.83,279.05,81.78,21.88,396.96,107.76,88.73
2023-01-13,24.79,41.3,70.53,178.76,76.64,98.99,187.05,110.47,280.97,81.64,22.33,398.5,106.75,88.18
2023-01-17,24.96,41.07,70.75,177.59,76.38,98.68,186.82,110.07,281.54,81.69,22.01,397.77,106.06,88.43
2023-01-18,24.69,40.79,70.5,177.08,76.47,100.02,183.8,111.36,277.88,81.87,21.57,391.49,108.63,87.14
2023-01-19,24.94,41.1,70.39,179.89,76.02,99.83,182.04,111.13,275.15,81.85,21.96,388.64,107.95,86.66
2023-01-20,25.09,41.73,71.01,179.29,76.17,99.17,185.04,110.55,282.68,81.78,22.02,395.88,106.2,87.69
2023-01-23,25.15,42.03,71.3,179.63,76.16,98.85,187.33,110.23,288.96,81.7,21.58,400.63,105.7,88.09
2023-01-24,25.01,42.06,71.21,180.28,76.21,99.42,186.93,110.81,288.37,81.73,21.76,400.2,107.22,88.31
2023-01-25,24.94,42.1,71.68,181.11,76.2,99.53,187.45,110.86,287.73,81.78,21.97,400.35,107.48,88.35
2023-01-26,25.05,42.5,71.74,179.47,76.39,99.17,188.56,110.82,293.34,81.73,21.99,404.75,106.98,89.34
2023-01-27,24.77,42.3,71.6,179.22,76.16,99.02,189.58,110.5,296.26,81.73,21.68,405.68,106.71,90.34
2023-01-30,24.45,41.45,71.14,178.76,75.74,98.71,186.94,110.08,290.27,81.65,21.66,400.59,106.32,89.19
2023-01-31,24.87,41.36,71.55,179.41,76.33,99.21,191.48,110.87,294.62,81.8,21.83,406.48,107.17,91.06
2023-02-01,24.4,41.87,72.19,181.67,76.76,99.71,194.49,111.65,300.92,81.79,22.08,410.8,108.18,91.62
2023-02-02,24.22,41.62,72.09,177.9,77.2,99.67,198.32,111.81,311.72,81.8,21.57,416.78,108.32,93.7
2023-02-03,23.61,40.88,71.42,173.46,76.39,98.6,196.99,110.54,306.18,81.5,20.57,412.35,106.7,91.94
2023-02-06,23.68,40.28,70.69,173.82,75.9,97.75,194.14,109.69,303.59,81.27,20.48,409.83,105.91,91.27
2023-02-07,24.13,40.44,71.29,173.98,76.17,97.51,195.58,109.33,309.88,81.31,20.38,415.19,105.06,91.07
2023-02-08,24.18,40.39,70.85,174.41,75.85,97.87,192.72,109.44,304.37,81.34,20.48,410.65,105.56,90.64
2023-02-09,23.99,40.58,70.98,173.03,75.36,97.43,189.93,108.52,301.68,81.28,20.18,407.09,104.56,89.65
2023-02-10,24.33,40.19,70.67,173.36,74.78,96.96,190.31,107.76,299.7,81.24,20.24,408.04,103.39,89.96
2023-02-13,24.28,40.52,71.38,172.48,74.97,97.19,192.6,108.16,304.5,81.26,20.2,412.83,104.26,90.76
2023-02-14,24.36,40.45,71.51,172.61,74.99,96.75,192.51,107.89,306.75,81.09,20.12,412.64,104.02,90.04
2023-02-15,24.1,40.11,71.19,170.89,74.87,96.46,194.46,107.48,309.1,81.1,19.89,413.98,103.05,90.4
2023-02-16,24.03,40.12,70.84,170.75,74.27,96.14,192.6,106.62,303.3,81.11,19.84,408.28,101.59,89.52
2023-02-17,23.85,39.68,71.02,171.26,74.56,96.41,193.13,107.04,301.16,81.18,20.01,407.26,102.38,89.17
2023-02-21,23.88,39.18,70.24,170.62,73.41,95.36,187.43,105.52,294.03,81.02,20.07,399.09,100.39,87.38
2023-02-22,23.57,38.99,69.85,169.66,73.89,95.53,187.94,105.82,294.25,81.06,19.75,398.54,101.31,86.59
2023-02-23,23.75,39.18,70.21,169.57,74.62,95.9,189.28,106.65,296.82,81.11,19.63,400.66,102.3,87.24
2023-02-24,23.67,38.3,69.04,168.35,74.17,95.32,187.51,105.85,291.85,80.94,19.09,396.38,100.97,85.71
2023-02-27,23.69,38.5,69.86,169.01,74.67,95.61,188.17,105.88,293.94,81.01,18.93,397.73,101.25,85.84
2023-02-28,23.76,38.23,69.35,169.78,74.53,95.76,188.18,105.92,293.56,80.99,19.22,396.26,101.71,85.72
2023-03-01,24.17,39.05,69.72,170.76,73.87,94.8,188.42,104.89,291.2,80.68,19.29,394.74,100.37,84.64
2023-03-02,24.08,39.19,69.86,170.66,73.96,94.41,188.87,104.98,293.61,80.71,19.24,397.81,99.48,85.63
2023-03-03,24.46,39.54,70.88,172.49,74.72,95.17,191.5,106.17,299.68,80.76,19.55,404.19,101.89,86.93
2023-03-06,24.34,39.4,70.7,171.62,74.72,95.0,188.7,105.88,300.02,80.72,19.32,404.47,101.1,86.59
2023-03-07,23.84,38.74,69.52,168.62,74.19,95.01,186.51,105.58,296.34,80.55,18.45,398.27,101.72,84.57
2023-03-08,23.71,38.9,69.9,168.54,73.84,94.98,186.6,105.41,297.82,80.51,18.4,398.92,101.82,85.54
2023-03-09,23.42,38.04,69.39,170.2,73.43,95.57,181.41,105.31,292.66,80.77,18.44,391.56,102.07,83.58
2023-03-10,23.67,37.84,68.65,173.87,73.44,97.33,176.18,106.82,288.55,81.21,18.86,385.91,105.59,80.81
2023-03-13,23.52,37.9,68.18,177.86,73.04,98.51,173.31,106.91,290.69,82.02,20.0,385.36,105.83,81.87
2023-03-14,23.22,37.92,69.09,176.83,73.57,97.58,176.52,106.59,297.37,81.71,19.89,391.73,104.09,82.66
2023-03-15,22.68,37.27,66.95,178.21,73.33,98.99,173.61,107.61,298.93,82.19,20.0,389.28,106.1,82.6
2023-03-16,22.75,37.84,67.99,178.57,73.81,98.1,175.98,107.45,306.81,81.86,19.92,396.11,105.27,82.42
2023-03-17,22.68,37.61,67.18,183.77,73.37,99.26,171.23,107.99,305.36,82.27,20.63,389.99,106.85,80.55
2023-03-20,22.77,37.75,68.23,183.84,73.17,98.86,173.45,107.67,305.97,82.17,20.69,393.74,105.91,81.47
2023-03-21,22.85,38.09,69.26,180.37,73.97,98.0,176.65,108.19,310.34,81.86,20.54,398.91,105.0,81.11
2023-03-22,22.91,38.24,69.02,183.44,74.04,99.29,171.64,108.82,306.12,82.24,21.1,392.11,106.4,78.08
2023-03-23,22.85,38.77,69.03,185.74,73.75,99.86,170.25,109.13,309.75,82.48,21.28,393.17,106.4,77.59
2023-03-24,22.96,38.67,68.82,183.65,73.6,99.89,171.79,109.47,310.89,82.52,21.22,395.75,106.85,78.79
2023-03-27,23.39,38.46,69.47,181.95,73.42,98.66,173.7,108.16,308.76,82.17,21.22,396.49,104.34,78.7
2023-03-28,23.5,39.01,69.5,183.44,73.38,98.6,173.45,107.98,307.12,82.08,21.43,395.6,104.53,78.51
2023-03-29,23.35,39.12,70.34,182.53,74.3,98.43,175.42,108.48,312.72,82.05,21.44,401.35,104.32,80.25
2023-03-30,23.52,39.51,71.16,184.18,74.74,98.58,175.18,108.63,315.68,82.06,21.94,403.7,104.8,81.3
2023-03-31,23.74,39.46,71.52,183.22,75.55,99.12,178.4,109.61,320.93,82.16,22.12,409.39,106.37,83.04
2023-04-03,24.13,39.54,72.09,184.54,75.15,99.39,178.48,109.93,320.15,82.08,22.06,410.95,106.6,82.38
2023-04-04,24.1,39.54,72.1,187.98,74.93,100.03,175.35,110.07,319.07,82.27,22.97,408.67,107.13,82.27
2023-04-05,24.19,39.23,71.6,187.83,74.51,100.45,173.63,110.43,315.92,82.38,22.94,407.6,108.25,81.83
2023-04-06,24.12,39.39,71.94,186.49,74.84,100.48,173.89,110.33,318.05,82.35,22.89,409.19,108.53,82.39
2023-04-10,24.12,39.43,71.89,185.11,74.77,99.49,175.75,109.82,317.87,82.06,22.88,409.61,106.78,82.77
2023-04-11,24.25,39.67,72.13,186.28,74.93,99.45,177.14,109.79,315.83,82.05,23.04,409.72,107.0,83.12
2023-04-12,24.44,39.39,72.59,187.19,74.91,99.74,175.84,109.56,313.04,82.14,23.43,408.05,106.89,82.72
2023-04-13,24.44,39.93,73.52,189.72,75.42,99.41,178.17,109.75,319.17,82.19,23.74,413.47,106.05,82.47
2023-04-14,24.47,39.72,73.22,186.36,75.28,98.92,176.51,109.39,318.57,82.0,23.31,412.46,105.08,81.19
2023-04-17,24.37,39.89,73.09,185.53,75.08,98.29,178.78,108.7,318.84,81.88,23.02,413.94,103.83,82.88
2023-04-18,24.42,39.84,73.49,186.25,75.13,98.45,178.02,109.06,318.86,81.86,23.15,414.21,104.2,82.69
2023-04-19,24.08,39.44,73.26,185.36,74.83,98.24,178.25,108.52,318.71,81.79,23.23,414.14,104.1,83.18
2023-04-20,23.87,39.38,73.26,186.09,74.76,98.81,177.33,108.93,316.28,81.99,23.17,411.88,104.99,82.36
2023-04-21,23.82,39.01,73.63,184.25,74.99,98.57,177.56,109.0,316.61,81.94,22.98,412.2,104.4,82.37
2023-04-24,24.01,38.92,73.82,184.81,75.2,99.05,177.44,109.48,315.95,82.03,23.08,412.63,105.41,82.06
2023-04-25,23.67,38.19,72.79,185.75,75.08,100.03,173.06,109.96,309.99,82.35,22.99,406.08,106.96,81.25
2023-04-26,23.31,38.41,72.74,184.74,74.79,99.64,171.39,109.48,311.87,82.25,22.83,404.36,105.82,80.47
2023-04-27,23.34,38.93,73.65,184.75,75.04,98.99,173.68,109.08,320.35,82.09,22.89,412.41,104.77,82.29
2023-04-28,23.56,39.13,73.62,184.8,75.36,99.73,175.2,109.93,322.56,82.18,23.0,415.93,106.46,83.3
2023-05-01,23.36,39.0,73.51,183.97,74.69,98.32,175.3,107.79,322.19,81.81,22.89,415.51,103.13,82.68
2023-05-02,22.83,38.62,72.77,187.52,74.62,99.6,171.7,109.09,319.38,82.08,23.35,410.84,105.7,81.28
2023-05-03,22.54,38.56,72.96,189.11,74.58,100.25,172.33,109.27,317.29,82.28,23.43,408.02,106.29,80.96
2023-05-04,22.63,38.87,72.81,190.44,74.36,100.23,170.4,108.97,316.17,82.41,23.94,405.13,105.24,81.63
2023-05-05,23.14,39.39,73.88,187.46,74.76,99.69,174.45,108.54,322.89,82.21,23.57,412.63,104.89,82.99
2023-05-08,23.25,39.41,73.9,187.69,74.55,99.08,174.05,107.76,323.69,82.08,23.49,412.74,103.42,82.51
2023-05-09,23.32,39.17,73.6,189.02,74.36,98.96,173.53,107.72,321.64,82.06,23.48,410.93,103.05,82.16
2023-05-10,23.25,39.15,73.45,188.75,74.81,99.7,174.41,108.57,325.14,82.26,23.31,412.85,104.05,82.95
2023-05-11,22.85,39.01,73.27,187.13,74.69,100.07,173.07,108.99,326.2,82.31,22.2,412.13,105.15,82.04
2023-05-12,22.67,38.55,73.14,186.81,74.42,99.47,172.72,108.32,325.03,82.17,22.02,411.59,104.27,82.03
2023-05-15,22.93,39.26,73.7,187.21,74.4,99.25,174.83,107.74,326.79,82.18,22.1,413.01,103.19,81.89
2023-05-16,22.68,38.98,73.0,184.87,73.88,98.93,172.28,107.2,327.16,82.08,21.81,410.25,102.88,79.84
2023-05-17,22.95,39.16,73.34,184.23,74.08,98.61,176.12,107.19,331.12,81.99,21.82,415.23,102.58,80.92
2023-05-18,22.74,38.95,73.23,181.84,74.12,98.0,177.19,106.74,337.27,81.84,21.56,419.23,101.82,80.53
2023-05-19,22.71,38.98,73.66,183.64,74.2,97.63,176.11,106.61,336.51,81.78,21.86,418.62,101.1,80.4
2023-05-22,22.73,39.3,73.68,183.21,74.53,97.45,178.26,106.57,337.64,81.75,21.67,418.79,100.74,80.89
2023-05-23,22.82,38.69,72.6,183.43,74.14,97.61,177.42,106.79,333.36,81.74,21.51,414.09,101.03,80.13
2023-05-24,22.83,38.4,71.54,181.95,73.62,97.36,175.54,106.37,331.65,81.64,21.16,411.09,100.53,78.41
2023-05-25,22.47,38.32,71.44,180.2,73.57,96.75,174.17,106.02,339.72,81.46,20.86,414.65,100.28,78.4
2023-05-26,22.83,39.0,72.14,180.92,74.02,96.93,176.15,106.47,348.4,81.44,21.38,420.02,101.09,79.3
2023-05-30,22.3,38.55,71.41,182.04,74.34,97.69,175.5,107.27,349.98,81.6,21.3,420.18,102.1,79.6
2023-05-31,22.05,38.19,70.67,182.32,74.11,98.06,173.77,107.62,347.99,81.68,21.61,417.85,102.99,80.0
2023-06-01,22.41,38.87,71.72,183.76,74.2,98.1,175.65,107.6,352.01,81.61,21.95,421.82,103.12,80.01
2023-06-02,22.7,39.54,72.65,181.05,74.58,97.32,182.02,107.31,354.65,81.38,21.69,427.92,101.99,81.96
2023-06-05,22.64,39.53,72.23,182.14,74.52,97.29,179.58,107.08,354.9,81.4,21.64,427.1,101.8,81.39
2023-06-06,22.67,39.88,72.83,182.34,74.64,97.35,184.31,107.29,354.84,81.36,21.65,428.03,102.4,82.17
2023-06-07,22.76,39.4,70.89,180.15,74.23,96.64,187.24,106.33,348.82,81.3,21.51,426.55,100.88,83.68
2023-06-08,22.8,39.68,71.64,182.53,74.7,97.29,186.54,107.04,353.15,81.43,22.3,429.13,102.06,83.16
2023-06-09,22.66,39.86,71.52,182.04,74.72,96.94,185.03,106.76,354.5,81.28,22.27,429.9,101.92,82.68
2023-06-12,22.35,39.94,71.83,181.88,74.64,97.1,185.8,107.1,360.49,81.35,22.08,433.8,102.22,82.7
2023-06-13,22.65,40.34,72.51,180.54,74.73,96.41,187.93,106.62,363.26,81.2,21.74,436.66,101.21,83.23
2023-06-14,22.7,40.64,72.78,180.64,74.76,96.54,185.91,106.95,365.9,81.15,21.97,437.18,102.02,83.54
2023-06-15,23.18,41.02,73.55,181.91,75.12,97.29,187.44,107.88,370.26,81.32,21.94,442.6,103.0,83.98
2023-06-16,23.47,40.88,73.39,181.63,74.93,96.87,185.94,107.69,367.93,81.21,22.18,439.46,102.6,83.92
2023-06-20,23.26,40.08,72.42,179.75,74.73,97.16,185.13,108.08,366.9,81.24,21.26,437.18,103.31,82.93
2023-06-21,23.6,39.89,72.53,179.49,74.54,97.25,184.7,107.96,361.9,81.24,20.84,434.94,103.56,82.43
2023-06-22,23.16,39.75,72.08,177.71,74.32,96.7,183.33,107.4,366.17,81.15,20.53,436.51,102.31,81.25
2023-06-23,22.91,39.17,70.96,178.2,74.19,97.1,180.57,107.7,362.54,81.22,20.58,433.21,103.33,80.13
2023-06-26,22.94,39.3,71.05,178.51,74.23,97.34,180.75,107.82,357.68,81.28,20.9,431.44,103.44,81.98
2023-06-27,22.57,39.7,71.67,177.69,74.48,97.0,183.36,107.7,363.83,81.16,20.98,436.17,103.17,82.99
2023-06-28,22.5,39.46,71.72,177.28,74.91,97.39,184.26,108.17,364.54,81.25,20.84,436.39,103.61,83.11
2023-06-29,22.51,39.25,71.62,177.09,74.71,96.39,186.38,107.35,363.81,81.05,20.72,438.11,101.74,83.1
2023-06-30,22.7,39.56,72.5,178.27,75.07,96.6,187.27,108.14,369.42,81.08,20.89,443.28,102.94,83.56
2023-07-03,22.7,40.0,72.42,178.47,74.55,95.95,187.65,107.49,370.29,80.78,21.01,443.79,102.08,84.38
2023-07-05,22.84,39.76,71.61,177.84,74.32,95.49,185.78,106.72,370.28,80.76,21.21,443.13,101.11,84.57
2023-07-06,22.79,38.95,70.37,177.31,73.78,94.71,182.78,105.64,367.46,80.71,20.83,439.66,99.68,83.92
2023-07-07,22.98,39.39,70.9,178.64,73.85,94.59,184.71,105.54,366.24,80.8,21.18,438.55,99.08,83.73
2023-07-10,23.03,39.42,71.1,178.78,74.22,95.08,187.87,106.09,366.36,80.92,21.24,439.66,99.21,84.09
2023-07-11,23.3,39.82,71.74,179.45,74.62,95.28,189.8,106.59,368.17,80.91,21.2,442.46,99.72,85.29
2023-07-12,23.47,40.71,73.11,181.88,75.2,96.21,191.87,107.53,372.82,81.15,22.15,446.02,100.83,85.75
2023-07-13,23.8,41.24,74.28,182.01,75.65,97.01,193.42,108.29,379.15,81.38,22.78,449.56,101.89,86.3
2023-07-14,23.64,41.01,73.86,181.43,75.1,96.53,191.53,107.45,379.07,81.17,22.86,449.28,101.29,86.13
2023-07-17,23.45,41.06,73.77,181.56,75.24,96.69,193.58,107.63,382.61,81.2,22.79,450.84,101.34,85.57
2023-07-18,23.76,40.76,74.25,183.64,75.45,96.8,195.97,107.9,385.74,81.2,22.99,454.19,101.8,85.1
2023-07-19,23.89,40.68,74.21,183.67,75.51,97.13,196.8,108.51,385.65,81.23,23.1,455.2,102.95,86.06
2023-07-20,23.96,40.38,73.83,182.74,75.18,96.36,195.08,107.78,376.76,81.13,22.68,452.18,101.7,85.78
2023-07-21,24.09,40.32,73.98,182.18,75.37,96.44,194.46,107.97,375.63,81.14,22.57,452.18,101.73,86.18
2023-07-24,24.52,40.87,73.8,181.4,75.24,96.21,194.94,107.84,376.23,81.04,22.33,454.2,101.36,86.89
2023-07-25,24.61,41.21,73.88,182.41,75.19,96.03,194.92,107.67,378.78,81.03,22.62,455.44,101.17,86.27
2023-07-26,24.49,41.45,74.08,183.3,75.49,96.36,196.46,108.17,377.52,81.11,22.91,455.51,101.27,86.66
2023-07-27,24.43,40.94,73.91,180.42,74.89,95.31,193.92,106.85,376.62,80.99,22.11,452.49,99.3,84.78
2023-07-28,24.58,41.93,74.44,181.86,75.32,95.62,196.43,107.55,383.48,81.1,22.32,456.92,99.81,84.71
2023-07-31,24.68,41.95,74.46,182.35,75.5,95.74,198.71,107.85,383.68,81.12,22.69,457.79,100.05,85.26
2023-08-01,24.55,41.42,73.53,180.46,74.77,94.94,197.8,106.41,382.79,80.84,22.29,456.48,98.14,85.12
2023-08-02,24.18,40.43,72.16,179.6,74.45,94.75,195.11,105.76,374.39,80.88,21.75,450.13,97.09,84.63
2023-08-03,24.41,40.59,71.96,179.54,74.21,94.05,194.56,104.81,373.79,80.91,21.63,448.84,94.85,83.71
2023-08-04,24.45,40.54,72.16,180.19,74.65,95.05,194.17,105.9,372.04,81.07,21.66,446.81,96.53,83.03
2023-08-07,24.46,40.48,72.77,179.78,74.79,94.82,194.3,105.64,375.19,81.1,21.21,450.71,95.58,84.07
2023-08-08,24.43,39.99,72.33,178.64,74.95,95.3,193.08,106.06,372.0,81.14,20.9,448.75,96.69,83.53
2023-08-09,24.6,40.09,72.31,177.79,74.96,95.36,191.57,106.16,367.91,81.09,20.8,445.75,97.19,83.52
2023-08-10,24.47,40.15,72.62,177.6,74.94,94.63,190.72,105.41,368.59,81.05,20.83,445.91,95.59,83.2
2023-08-11,24.43,39.56,72.13,177.6,74.83,94.13,190.99,105.05,366.24,80.97,20.8,445.65,95.37,83.33
2023-08-14,24.31,39.37,71.81,177.06,74.82,93.98,190.66,105.01,370.35,80.9,20.72,448.11,95.16,82.78
2023-08-15,24.02,38.92,70.92,176.59,74.58,93.8,188.14,104.46,366.42,80.93,20.67,442.89,94.58,81.85
2023-08-16,23.92,38.57,70.34,175.57,74.35,93.44,185.84,103.99,362.54,80.89,20.56,439.64,93.84,80.84
2023-08-17,23.98,38.66,69.84,175.3,74.04,93.32,183.65,103.71,358.58,80.98,20.8,436.29,93.44,80.19
2023-08-18,24.15,38.4,69.84,175.33,74.09,93.6,184.65,104.1,358.13,81.01,20.87,436.5,93.77,80.44
2023-08-21,24.09,38.49,70.1,175.81,74.07,93.02,184.38,103.48,363.9,80.92,21.36,439.34,92.52,79.7
2023-08-22,24.1,38.41,69.97,176.1,74.11,93.06,183.83,103.8,363.38,80.88,21.46,438.15,93.23,79.93
2023-08-23,24.15,39.02,70.73,177.89,74.71,94.07,185.79,105.26,369.11,81.03,22.29,443.03,95.54,81.19
2023-08-24,24.17,38.87,69.76,177.85,74.3,93.72,183.22,104.9,361.22,80.98,22.11,436.89,94.91,80.88
2023-08-25,24.41,38.91,70.23,177.62,74.61,93.69,184.0,104.96,364.02,80.93,22.22,439.97,95.22,80.94
2023-08-28,24.37,39.29,70.97,178.13,74.89,93.95,185.64,105.29,366.76,80.98,22.22,442.76,95.32,81.7
2023-08-29,24.46,39.79,71.85,179.87,75.36,94.62,188.23,106.13,374.77,81.16,22.71,449.16,96.31,82.69
2023-08-30,24.49,39.66,71.81,180.32,75.33,94.61,188.94,105.98,376.86,81.16,22.57,451.01,96.21,82.99
2023-08-31,24.59,39.17,71.53,180.02,75.28,94.8,188.61,106.16,377.99,81.24,22.39,450.35,96.64,82.38
2023-09-01,24.88,39.63,71.49,180.11,75.07,93.98,190.85,105.03,377.59,80.99,22.17,451.19,94.85,82.52
2023-09-05,25.0,39.31,70.87,178.64,74.58,93.41,186.83,104.28,378.07,80.89,21.59,449.24,93.52,81.56
2023-09-06,25.06,39.09,70.72,177.83,74.4,93.17,186.13,104.18,374.74,80.8,21.24,446.22,93.75,81.39
2023-09-07,25.01,38.63,70.49,178.02,74.65,93.49,184.33,104.64,372.06,80.95,21.05,444.85,94.01,81.9
2023-09-08,25.06,38.71,70.39,178.08,74.62,93.51,183.92,104.72,372.58,80.91,21.01,445.52,94.37,81.58
2023-09-11,25.21,39.19,71.12,178.41,74.75,93.35,184.36,104.52,376.97,80.93,21.16,448.45,93.69,81.59
2023-09-12,25.3,39.07,70.83,177.49,74.63,93.48,184.18,104.49,372.79,80.89,21.13,445.99,94.23,81.55
2023-09-13,25.38,39.02,70.61,177.08,74.83,93.59,182.97,104.72,374.21,80.96,20.93,446.51,94.21,80.66
2023-09-14,25.59,39.28,71.54,177.17,74.92,93.38,185.55,104.53,377.27,80.94,20.73,450.36,93.53,82.12
2023-09-15,25.53,39.13,71.38,178.34,74.64,93.09,183.61,104.37,370.81,80.9,21.11,443.37,92.96,81.81
2023-09-18,25.52,39.08,71.13,179.39,74.69,93.18,182.39,104.57,370.66,80.89,21.3,443.63,93.49,81.08
2023-09-19,25.54,38.85,71.19,179.22,74.46,92.84,181.68,104.22,369.87,80.83,21.27,442.71,92.8,80.71
2023-09-20,25.33,38.69,71.02,179.35,74.4,92.77,179.86,104.26,364.54,80.78,21.34,438.64,93.09,80.78
2023-09-21,25.25,38.02,69.84,178.05,73.87,92.08,177.07,103.21,357.86,80.82,21.44,431.39,90.7,78.03
2023-09-22,25.27,38.47,69.9,178.62,74.0,92.44,176.67,103.84,357.91,80.9,21.58,430.42,91.43,77.44
2023-09-25,25.15,38.3,69.59,177.7,73.9,91.76,177.46,102.83,359.61,80.87,21.2,432.23,89.18,77.37
2023-09-26,25.12,37.76,68.69,176.28,73.58,91.73,174.36,102.54,354.21,80.88,20.96,425.88,88.87,75.96
2023-09-27,25.26,37.82,68.56,174.1,73.48,91.32,175.99,102.06,355.04,80.82,20.7,426.05,88.41,75.45
2023-09-28,25.23,37.92,69.12,173.23,73.83,91.57,177.58,102.24,358.01,80.96,20.74,428.52,88.68,75.44
2023-09-29,24.96,37.95,68.92,171.45,73.72,91.59,176.74,102.02,358.27,80.97,20.34,427.48,88.69,75.66
2023-10-02,24.77,37.76,67.91,169.65,72.89,90.61,174.07,100.69,361.26,80.68,19.42,427.31,86.93,74.27
2023-10-03,24.66,37.26,67.06,169.16,72.15,89.86,171.14,99.53,354.92,80.62,19.44,421.59,85.06,72.82
2023-10-04,23.97,37.15,67.18,169.14,72.52,90.43,171.22,100.4,359.75,80.8,19.31,424.66,86.26,73.71
2023-10-05,23.83,37.29,67.77,168.83,72.59,90.6,171.35,100.28,358.69,80.88,19.25,424.5,85.83,74.12
2023-10-06,23.92,37.83,68.52,169.7,72.69,90.07,173.0,99.98,364.7,80.81,19.73,429.54,84.79,74.32
2023-10-09,24.42,37.65,68.42,172.82,73.23,91.22,174.0,101.22,366.56,81.05,20.06,432.29,86.78,75.13
2023-10-10,24.36,38.19,69.36,172.53,73.21,91.04,175.97,101.26,368.59,81.0,19.98,434.54,86.66,75.49
2023-10-11,24.22,38.43,69.65,173.79,73.2,91.54,175.67,101.88,371.22,80.98,20.18,436.32,88.47,76.8
2023-10-12,24.21,38.0,69.07,173.26,72.81,90.66,171.7,100.82,369.93,80.88,19.96,433.66,86.07,75.68
2023-10-13,24.85,37.86,68.43,178.83,72.75,91.24,170.27,101.38,365.28,80.93,20.78,431.5,87.61,75.49
2023-10-16,24.77,38.14,68.93,177.96,72.73,90.7,173.02,100.68,369.41,80.88,20.68,436.04,86.2,76.39
2023-10-17,24.84,38.04,68.97,178.29,72.39,89.81,174.95,99.88,368.2,80.7,20.92,436.02,85.25,76.28
2023-10-18,25.06,37.46,67.77,180.87,72.04,89.39,171.35,99.08,363.37,80.7,20.95,430.21,84.5,74.66
2023-10-19,25.32,37.24,67.17,183.09,71.78,88.95,168.62,98.28,359.97,80.81,21.11,426.43,82.77,72.89
2023-10-20,25.13,36.79,66.57,183.59,71.93,89.465,166.44,98.67,354.6,80.94,21.4,421.19,83.24,72.4
2023-10-23,24.97,36.76,66.62,182.97,72.22,89.89,165.03,99.44,355.67,80.99,21.05,420.46,84.24,71.69
2023-10-24,24.7,37.23,67.0,182.95,72.59,90.05,166.47,100.0,359.13,80.97,21.02,423.63,85.35,72.61
2023-10-25,24.88,36.74,66.52,183.72,72.2,89.26,163.72,99.09,350.34,80.88,20.94,417.55,83.45,71.05
2023-10-26,24.67,36.56,66.04,184.01,72.45,89.94,164.14,99.81,343.66,81.04,20.85,412.55,84.73,72.41
2023-10-27,25.0,36.53,65.84,186.15,72.36,90.08,162.21,99.61,345.31,81.09,21.18,410.68,84.37,71.25
2023-10-30,24.6,36.91,66.68,185.1,72.38,89.78,163.11,99.31,349.2,81.06,21.34,415.59,83.99,71.7
2023-10-31,24.51,36.7,66.92,184.09,72.57,89.59,164.52,99.17,350.87,81.03,20.98,418.2,83.58,72.92
2023-11-01,24.55,37.04,67.55,183.51,72.87,90.37,165.46,100.22,356.96,80.98,20.97,422.66,85.1,73.37
2023-11-02,24.81,37.69,68.93,184.12,73.69,90.93,169.87,101.41,363.44,80.99,20.87,430.76,87.04,75.78
2023-11-03,24.68,38.46,69.66,184.79,74.41,91.63,174.49,101.91,367.71,81.21,21.22,434.69,87.63,77.59
2023-11-06,24.78,38.77,69.31,183.35,74.11,91.1,172.31,101.37,369.21,81.06,21.08,435.69,86.78,76.47
2023-11-07,24.25,38.7,68.89,182.59,74.12,91.62,171.7,102.18,372.7,81.12,20.73,436.93,88.06,75.84
2023-11-08,23.98,38.44,68.8,180.77,74.16,91.99,169.87,102.7,372.94,81.1,20.65,437.25,89.56,76.09
2023-11-09,23.92,38.08,68.79,181.49,73.7,91.08,167.24,101.66,370.07,80.98,20.69,433.84,87.5,74.89
2023-11-10,24.04,38.35,69.1,179.51,74.06,91.18,169.11,102.17,378.39,81.0,20.34,440.61,87.99,75.59
2023-11-13,24.39,38.34,69.28,180.51,73.99,91.13,169.17,102.18,377.21,81.03,20.43,440.19,87.79,74.96
2023-11-14,24.35,39.36,71.05,182.12,74.74,92.5,178.46,103.78,385.33,81.35,21.17,448.73,89.78,79.12
2023-11-15,24.19,39.69,70.94,181.64,74.5,91.78,178.77,103.24,385.62,81.2,21.45,449.68,88.52,79.35
2023-11-16,23.61,39.31,70.89,183.69,74.6,92.47,175.88,104.09,385.95,81.34,21.76,450.23,89.62,79.18
2023-11-17,23.95,39.36,71.85,183.67,74.77,92.53,178.29,104.39,386.04,81.28,21.75,450.79,90.04,79.12
2023-11-20,24.25,39.85,72.12,183.37,74.85,92.66,179.33,104.81,390.74,81.29,21.48,454.26,90.59,79.7
2023-11-21,24.39,39.6,71.84,185.35,74.95,92.78,177.02,104.84,388.47,81.34,21.77,453.27,90.55,79.14
2023-11-22,24.18,39.52,72.01,184.56,75.08,92.75,178.13,105.26,390.06,81.35,21.67,455.02,90.87,79.53
2023-11-24,24.02,39.54,72.56,185.52,75.0,92.27,179.33,104.72,389.51,81.29,22.27,455.3,89.8,79.76
2023-11-27,23.86,39.38,72.31,186.77,75.11,92.97,178.73,105.57,389.17,81.39,22.56,454.48,91.3,80.05
2023-11-28,24.15,39.71,72.33,189.26,75.44,93.38,178.04,105.99,390.19,81.54,22.92,454.93,91.48,80.58
2023-11-29,24.32,39.48,72.48,189.54,75.85,93.87,178.98,106.85,389.81,81.7,22.88,454.61,92.63,81.14
2023-11-30,23.91,39.56,72.42,188.75,75.71,93.41,179.66,106.29,388.83,81.65,23.13,456.4,91.56,81.73
2023-12-01,23.8,39.73,73.18,192.01,75.99,94.04,184.91,107.17,389.94,81.64,23.33,459.1,92.99,83.74
2023-12-04,23.64,39.28,72.61,187.86,75.8,93.65,186.89,106.68,386.32,81.52,22.46,456.69,92.615,84.35
2023-12-05,23.43,39.04,72.35,187.15,75.87,94.31,184.39,107.53,387.29,81.62,22.12,456.6,94.61,83.79
2023-12-06,22.86,38.99,72.57,187.84,75.88,94.7,184.06,107.93,385.05,81.6,21.93,454.76,95.87,83.54
2023-12-07,22.9,39.18,72.92,188.15,76.01,94.56,185.39,107.94,390.43,81.66,21.79,458.23,95.32,83.78
2023-12-08,23.0,39.01,73.14,185.64,75.86,93.95,186.8,107.36,392.17,81.48,21.1,460.2,94.54,83.64
2023-12-11,22.92,39.24,73.32,183.59,75.81,93.96,187.19,107.33,395.52,81.5,20.91,461.99,94.34,83.87
2023-12-12,22.57,39.25,73.45,183.49,75.98,94.16,187.0,107.94,398.67,81.51,20.84,464.1,94.62,83.82
2023-12-13,22.83,39.64,74.52,187.63,77.14,95.56,193.33,109.75,403.74,81.92,21.77,470.5,96.84,87.03
2023-12-14,23.21,40.22,75.07,188.73,77.1,96.07,198.71,110.52,403.39,81.8,22.15,472.01,99.04,89.54
2023-12-15,23.25,39.98,74.34,187.0,76.93,95.99,197.04,110.36,405.34,81.71,21.83,469.33,99.15,88.28
2023-12-18,22.32,39.96,74.52,187.85,76.98,95.78,197.11,109.9,407.08,81.7,21.8,471.97,98.36,88.08
2023-12-19,22.49,40.3,75.15,189.13,77.2,95.96,200.93,110.04,409.16,81.73,22.03,474.84,98.89,88.75
2023-12-20,22.23,38.84,73.47,188.1,77.21,96.43,196.28,110.33,403.08,81.84,22.04,468.26,99.56,87.67
2023-12-21,22.27,39.57,74.66,189.43,77.56,96.28,199.62,110.29,407.77,81.92,22.31,472.7,98.93,87.37
2023-12-22,22.23,39.38,74.73,190.27,77.47,96.19,201.48,110.1,408.38,81.95,22.12,473.65,98.475,87.71
2023-12-26,22.45,39.69,75.07,191.72,77.62,96.25,204.1,110.33,410.88,81.91,22.2,475.65,98.76,88.36
2023-12-27,22.35,39.92,75.47,192.59,77.94,97.0,204.82,111.36,411.5,82.01,22.23,476.51,100.51,88.79
2023-12-28,22.16,40.23,75.27,191.47,77.69,96.63,204.04,111.07,411.3,82.0,21.99,476.69,99.78,89.42
2023-12-29,22.04,40.21,75.35,191.17,77.39,96.39,200.71,110.66,409.52,82.04,21.78,475.31,98.88,88.36
2024-01-02,21.86,39.74,74.51,190.72,77.13,96.03,199.52,109.91,402.59,81.94,21.65,472.65,98.31,89.12
2024-01-03,22.14,39.52,73.95,189.13,76.92,96.26,194.2,109.66,398.33,81.96,21.06,468.79,98.72,86.99
2024-01-04,22.02,39.39,74.12,189.32,76.62,95.68,193.82,109.05,396.28,81.91,21.08,467.28,97.22,86.83
2024-01-05,22.13,39.44,74.17,189.35,76.68,95.33,193.25,108.66,396.75,81.89,21.21,467.92,96.29,86.61
2024-01-08,21.81,39.55,74.96,187.87,77.11,95.65,196.73,109.49,404.95,81.96,21.13,474.6,97.24,87.85
2024-01-09,21.97,38.99,74.29,187.93,77.23,95.61,194.97,109.68,405.75,81.98,21.0,473.88,96.62,87.26
2024-01-10,21.82,38.9,74.77,187.5,77.37,95.46,195.08,109.54,408.5,81.98,20.94,476.56,96.17,87.36
2024-01-11,21.98,39.06,74.76,187.87,77.62,95.97,193.55,110.2,409.35,82.17,20.82,476.35,96.71,86.55
2024-01-12,22.06,39.2,75.07,189.71,77.7,96.23,193.23,110.44,409.56,82.34,21.19,476.68,96.52,87.07
2024-01-16,21.87,38.25,73.81,187.91,77.21,95.45,190.84,109.32,409.52,82.21,20.96,474.93,94.82,86.43
2024-01-17,21.84,37.68,73.11,185.84,76.88,95.14,189.48,109.09,407.21,82.05,20.65,472.29,94.67,84.85
2024-01-18,21.98,37.99,73.76,187.37,77.04,94.93,190.6,108.88,412.99,82.09,20.81,476.49,93.79,84.39
2024-01-19,21.94,38.39,73.93,187.93,77.17,94.94,192.43,108.99,421.18,82.03,20.67,482.43,94.09,85.4
2024-01-22,22.03,38.05,74.16,187.22,77.23,95.23,196.54,109.29,421.73,82.07,20.22,483.45,94.65,85.91
2024-01-23,22.15,38.38,73.95,187.95,77.14,94.99,195.97,108.89,423.48,82.06,20.53,484.86,93.9,85.32
2024-01-24,22.34,38.81,74.51,186.4,77.1,94.72,194.36,108.68,425.83,82.02,20.71,485.39,93.35,84.1
2024-01-25,22.51,38.86,74.72,187.14,77.69,95.13,195.97,109.4,426.35,82.17,20.94,488.03,93.96,85.18
2024-01-26,22.61,38.89,75.05,187.01,77.63,94.96,195.98,109.09,423.81,82.12,20.86,487.41,93.78,84.94
2024-01-29,22.42,38.91,75.49,188.33,77.8,95.53,199.41,109.54,428.15,82.2,21.21,491.27,94.86,85.5
2024-01-30,22.57,38.6,75.39,188.59,77.7,95.66,197.71,109.89,425.3,82.15,21.19,490.89,95.72,84.7
2024-01-31,22.33,38.39,75.01,188.45,77.48,96.46,192.88,110.17,416.97,82.3,20.91,482.88,96.66,83.89
2024-02-01,22.06,38.76,75.75,190.41,77.54,96.82,195.44,110.63,421.88,82.18,21.21,489.2,98.24,85.41
2024-02-02,21.81,38.65,75.15,188.61,77.19,95.56,194.41,109.62,429.01,81.92,20.75,494.35,96.07,84.35
2024-02-05,21.9,38.7,74.75,187.57,76.83,94.63,191.94,108.57,428.45,81.76,20.47,492.55,94.13,82.58
2024-02-06,21.98,39.58,75.21,188.55,77.11,95.14,193.67,109.18,427.59,81.89,20.51,493.98,95.05,83.69
2024-02-07,22.08,39.63,75.17,188.5,77.24,94.97,193.22,108.86,431.99,81.86,20.33,498.1,94.59,83.57
2024-02-08,22.2,39.41,75.04,188.33,77.2,94.66,196.15,108.3,432.79,81.84,20.65,498.32,94.04,84.25
2024-02-09,22.26,39.58,75.3,187.6,77.36,94.49,199.34,108.16,437.05,81.81,20.68,501.2,93.85,84.38
2024-02-12,22.27,39.89,75.43,187.11,77.19,94.58,202.96,108.17,435.34,81.82,20.76,500.98,93.96,84.4
2024-02-13,22.14,39.14,74.27,184.53,76.57,93.54,194.61,106.98,428.55,81.56,20.2,494.08,92.35,82.66
2024-02-14,21.93,39.7,75.1,184.42,76.87,93.89,199.13,107.48,433.22,81.68,20.44,498.57,92.82,83.31
2024-02-15,21.98,39.89,75.95,185.66,77.14,94.15,204.44,107.87,434.51,81.76,20.94,502.01,93.3,85.25
2024-02-16,22.03,40.08,76.07,186.34,76.91,93.74,201.66,107.48,430.57,81.66,21.39,499.51,92.76,84.37
2024-02-20,21.91,40.14,76.38,187.47,77.07,93.9,198.88,107.84,427.32,81.71,21.07,496.76,92.84,84.22
2024-02-21,22.0,40.21,76.44,187.48,76.93,93.6,197.94,107.57,425.61,81.64,20.96,497.21,92.18,84.69
2024-02-22,22.06,40.62,77.3,187.56,77.3,93.61,199.44,107.74,438.07,81.63,20.82,507.5,92.63,84.85
2024-02-23,21.74,40.6,77.4,188.62,77.35,94.04,199.89,108.06,436.78,81.67,20.99,507.85,93.87,84.81
2024-02-26,21.94,40.42,77.29,188.2,77.1,93.9,201.15,107.72,436.55,81.61,20.62,505.99,93.59,83.88
2024-02-27,22.11,40.5,77.5,188.0,77.2,93.69,204.0,107.57,437.6,81.61,20.57,506.93,92.93,83.98
2024-02-28,22.02,39.97,77.05,188.34,77.19,94.03,202.32,107.56,435.27,81.69,20.55,506.26,93.52,84.83
2024-02-29,21.99,39.99,77.25,189.31,77.33,94.22,203.73,107.66,439.0,81.74,20.73,508.08,94.18,85.55
2024-03-01,22.1,40.48,78.0,192.89,77.18,94.4,205.89,107.92,445.61,81.66,21.17,512.85,94.47,86.57
2024-03-04,22.17,40.39,77.8,196.01,77.16,94.19,205.7,107.72,444.02,81.58,21.86,512.3,94.09,87.38
2024-03-05,22.0,40.03,77.66,197.19,77.1,94.77,203.73,108.31,436.05,81.64,21.67,507.18,95.43,86.32
2024-03-06,22.18,40.61,78.58,198.81,77.29,95.0,205.25,108.6,438.79,81.66,22.1,509.75,95.99,86.75
2024-03-07,22.24,40.86,79.51,199.94,77.38,95.16,206.96,108.87,445.45,81.76,22.24,514.81,95.9,86.73
2024-03-08,22.17,40.82,79.25,201.63,77.4,95.23,206.83,109.02,439.02,81.8,22.23,511.72,95.73,87.73
2024-03-11,22.36,40.91,78.8,202.0,77.39,95.11,205.19,109.04,437.39,81.73,22.35,511.28,95.68,87.31
2024-03-12,22.3,41.36,79.43,199.79,77.46,94.72,204.91,108.69,443.66,81.65,22.09,516.78,94.88,87.12
2024-03-13,22.61,41.23,79.44,201.19,77.49,94.51,205.71,108.58,440.25,81.61,22.79,515.97,94.42,86.68
2024-03-14,22.68,41.02,78.86,200.35,77.12,93.81,202.03,107.78,439.14,81.54,22.73,514.95,92.97,85.38
2024-03-15,22.76,40.77,78.89,199.71,77.07,93.65,202.41,107.81,433.92,81.49,23.03,509.83,92.94,85.19
2024-03-18,22.97,40.84,78.87,200.03,77.25,93.54,201.25,107.63,437.48,81.5,22.91,512.86,92.66,85.23
2024-03-19,22.96,40.64,79.01,199.8,77.56,93.81,202.1,107.94,438.57,81.57,22.79,515.71,92.92,85.2
2024-03-20,22.9,41.1,79.85,202.18,77.82,94.03,206.1,108.14,443.77,81.7,23.29,520.48,92.89,85.76
2024-03-21,22.87,41.15,79.81,201.97,77.78,94.04,207.94,108.3,445.87,81.7,22.65,522.2,93.09,86.38
2024-03-22,22.71,40.86,79.64,200.35,77.7,94.5,205.07,108.67,446.38,81.76,22.56,521.21,93.98,84.57
2024-03-25,22.9,40.89,79.47,200.99,77.58,94.25,205.54,108.3,444.76,81.72,22.58,519.77,93.51,84.05
2024-03-26,22.72,40.86,79.56,201.64,77.49,94.39,205.17,108.27,443.32,81.74,22.34,518.81,93.77,83.71
2024-03-27,22.7,40.93,80.04,203.1,77.9,94.75,209.64,109.02,444.83,81.83,22.51,523.17,94.7,85.87
2024-03-28,22.97,41.08,79.86,205.72,77.73,94.66,210.3,108.92,444.01,81.78,22.75,523.07,94.62,86.48
2024-04-01,23.08,41.15,79.52,207.82,77.02,93.53,208.32,107.47,444.95,81.34,22.86,522.16,92.55,85.03
2024-04-02,23.29,41.28,78.96,210.89,76.89,93.33,204.49,107.31,441.11,81.38,23.84,518.84,92.04,83.96
2024-04-03,23.57,41.31,79.4,212.74,76.95,93.44,205.83,107.38,442.1,81.44,24.73,519.41,92.02,84.05
2024-04-04,23.63,41.16,78.72,211.52,76.89,93.76,203.77,107.5,435.34,81.52,24.49,513.07,92.68,83.51
2024-04-05,23.75,41.25,78.97,215.14,76.82,93.14,204.45,107.03,440.47,81.39,25.03,518.43,91.39,83.94
2024-04-08,23.74,41.52,79.36,216.48,77.0,92.93,205.57,107.02,440.6,81.31,25.4,518.72,91.38,84.84
2024-04-09,23.61,41.8,79.35,217.67,77.16,93.3,206.38,107.57,442.23,81.39,25.72,519.32,92.23,85.97
2024-04-10,23.73,41.23,78.3,215.61,76.48,92.06,200.93,106.04,438.37,81.06,25.45,514.12,90.22,82.41
2024-04-11,23.69,41.48,78.51,219.8,76.41,91.93,202.29,105.82,445.37,81.16,26.01,518.0,89.81,82.69
2024-04-12,23.72,40.53,77.24,216.89,76.37,92.31,198.69,106.06,438.27,81.21,25.63,510.85,90.29,81.71
2024-04-15,23.75,40.27,77.01,220.95,75.93,91.72,195.78,104.89,431.06,81.18,26.41,504.45,88.89,80.32
2024-04-16,23.71,39.74,76.25,221.22,75.68,91.36,195.06,104.54,431.1,81.13,25.8,503.53,88.3,79.19
2024-04-17,23.34,39.71,76.3,219.59,75.78,91.94,193.0,105.11,425.84,81.19,25.85,500.55,89.28,78.61
2024-04-18,23.33,39.87,76.09,220.34,75.84,91.62,192.84,104.9,423.41,81.15,25.86,499.52,88.83,78.62
2024-04-19,23.44,39.71,76.12,221.03,75.98,91.74,193.14,105.01,414.65,81.17,26.2,495.16,89.15,79.0
2024-04-22,23.44,40.14,77.01,215.57,76.4,91.75,195.3,105.27,418.82,81.21,24.93,499.72,89.0,79.7
2024-04-23,23.54,40.47,77.85,215.04,76.71,91.87,198.57,105.45,425.07,81.28,24.99,505.65,89.03,80.43
2024-04-24,23.51,40.61,77.7,214.64,76.54,91.59,197.68,105.04,426.51,81.25,24.9,505.41,88.4,80.58
2024-04-25,23.64,40.7,77.34,215.92,76.38,91.24,196.48,104.73,424.45,81.19,25.06,503.49,87.78,80.12
2024-04-26,23.66,41.17,77.96,216.62,76.62,91.49,198.36,105.13,431.0,81.21,24.89,508.26,88.24,80.16
2024-04-29,23.64,41.57,78.26,216.18,76.85,91.86,199.96,105.57,432.75,81.25,24.83,510.06,88.98,80.98
2024-04-30,23.34,40.99,77.27,211.87,76.29,91.43,195.9,104.99,424.59,81.15,24.05,501.98,88.22,79.61
2024-05-01,23.0,41.03,77.1,213.79,76.29,91.52,196.31,105.01,421.52,81.05,24.27,500.35,88.56,79.64
2024-05-02,23.08,42.09,78.14,213.13,76.76,91.95,199.92,105.66,426.9,81.17,24.36,505.03,88.94,80.76
2024-05-03,23.11,42.47,78.92,212.96,77.08,92.46,201.9,106.4,435.48,81.3,24.22,511.29,89.84,81.3
2024-05-06,23.37,42.51,79.46,215.2,77.17,92.54,204.51,106.7,440.25,81.29,25.07,516.57,90.19,81.37
2024-05-07,23.35,42.27,79.67,214.21,77.18,92.78,204.97,106.75,440.32,81.3,24.92,517.14,90.74,82.14
2024-05-08,23.23,42.28,79.58,213.58,77.0,92.52,203.78,106.48,440.06,81.28,24.95,517.19,90.19,81.45
2024-05-09,23.32,42.41,80.19,216.95,77.02,92.8,205.86,106.65,441.02,81.35,25.86,520.17,90.63,83.12
2024-05-10,23.28,42.5,80.34,218.71,76.9,92.5,204.31,106.31,442.06,81.28,25.77,520.84,90.12,82.89
2024-05-13,23.43,42.82,80.34,216.26,76.88,92.61,204.74,106.35,443.08,81.3,25.8,520.91,90.35,83.16
2024-05-14,23.33,43.05,80.94,218.09,77.0,92.88,206.86,106.66,445.93,81.38,26.13,523.3,90.86,83.8
2024-05-15,23.41,43.51,81.8,220.89,77.45,93.58,209.44,107.61,452.9,81.53,27.12,529.78,92.1,84.96
2024-05-16,23.47,43.6,81.36,220.03,77.27,93.4,207.93,107.44,451.98,81.47,27.06,528.69,92.01,84.9
2024-05-17,23.71,43.79,81.64,223.66,77.28,93.11,208.08,107.19,451.76,81.42,28.79,529.45,91.39,84.89
2024-05-20,23.92,43.63,81.7,224.56,77.32,92.97,208.54,107.14,454.91,81.4,28.98,530.06,91.12,84.39
2024-05-21,23.82,43.36,81.57,224.23,77.26,93.21,208.34,107.32,455.8,81.44,29.27,531.36,91.59,84.36
2024-05-22,23.48,43.22,80.8,220.11,77.09,93.09,206.58,107.16,455.71,81.38,28.22,529.83,91.7,83.6
2024-05-23,23.36,42.9,80.39,215.72,76.82,92.76,203.19,106.69,453.66,81.34,27.55,525.96,91.11,81.8
2024-05-24,23.52,43.02,81.05,215.92,77.09,92.88,205.44,106.98,457.95,81.37,27.74,529.44,91.38,81.86
2024-05-28,23.94,42.96,81.02,218.19,76.78,92.36,205.16,106.34,459.68,81.3,29.24,529.81,90.07,81.32
2024-05-29,23.69,42.32,79.74,216.16,76.55,91.91,202.13,105.77,456.44,81.27,29.17,526.1,88.98,80.53
2024-05-30,23.38,42.2,80.41,216.57,76.86,92.37,204.05,106.42,451.55,81.36,28.42,522.61,89.84,81.71
2024-05-31,23.27,41.79,81.18,215.3,77.13,92.8,205.77,106.89,450.71,81.47,27.76,527.37,90.45,83.24
2024-06-03,22.94,42.23,81.41,217.22,77.01,93.13,204.61,107.22,453.13,81.3,27.89,527.8,91.6,83.05
2024-06-04,22.71,41.64,81.31,215.27,76.97,93.64,201.97,107.64,454.37,81.38,27.02,528.39,92.67,83.69
2024-06-05,22.79,42.31,81.88,217.82,77.22,93.98,205.06,108.0,463.53,81.46,27.4,534.67,93.35,83.59
2024-06-06,23.09,42.52,82.16,219.43,77.09,93.94,203.59,107.93,463.37,81.47,28.53,534.66,93.21,83.75
2024-06-07,22.76,42.04,81.27,211.6,76.89,92.95,201.2,106.96,462.96,81.26,26.67,534.01,91.5,82.96
2024-06-10,23.09,42.29,81.21,213.54,76.96,92.75,201.89,106.74,464.83,81.27,27.12,535.66,90.89,83.24
2024-06-11,23.06,41.86,78.91,214.15,77.06,93.24,200.64,107.2,468.02,81.36,26.71,536.95,91.83,82.94
2024-06-12,23.14,42.28,79.84,214.72,77.37,93.76,203.72,107.86,474.15,81.47,27.03,541.36,92.52,83.68
2024-06-13,23.16,42.18,78.7,212.97,77.36,94.38,201.94,108.37,476.72,81.6,26.43,542.45,93.88,84.02
2024-06-14,23.07,42.23,77.83,215.73,77.06,94.6,198.73,108.46,479.19,81.61,27.01,542.78,94.67,84.0
2024-06-17,23.15,42.5,78.14,214.61,77.11,94.16,200.4,107.95,485.06,81.53,26.92,547.1,93.73,83.67
2024-06-18,23.34,42.89,78.45,215.47,77.35,94.57,200.75,108.45,485.21,81.64,26.96,548.49,94.59,84.0
2024-06-20,23.39,42.82,78.5,218.16,77.3,94.33,199.9,108.09,481.47,81.61,28.0,547.0,93.96,83.76
2024-06-21,23.2,42.67,77.95,214.78,77.39,94.35,200.35,108.12,480.18,81.64,26.98,544.51,93.96,83.97
2024-06-24,23.39,42.67,78.57,215.63,77.31,94.43,201.22,108.23,473.96,81.65,27.0,542.74,94.34,84.62
2024-06-25,23.17,42.57,78.76,214.56,77.41,94.51,200.56,108.19,479.38,81.66,26.4,544.83,94.5,83.58
2024-06-26,23.21,42.48,78.18,212.58,77.24,93.94,200.03,107.6,480.37,81.58,26.31,545.51,93.15,83.32
2024-06-27,23.33,42.51,78.24,214.99,77.33,94.15,202.06,107.81,481.61,81.64,26.45,546.37,93.52,84.13
2024-06-28,23.23,42.59,78.33,215.01,77.14,93.65,202.89,107.12,479.11,81.65,26.57,544.22,91.78,83.76
2024-07-01,23.53,42.69,78.47,215.57,76.72,92.67,201.19,106.11,481.92,81.31,26.85,545.34,89.91,82.97
2024-07-02,23.56,42.82,78.66,215.56,76.93,93.02,201.88,106.79,486.98,81.38,26.97,549.01,90.61,83.36
2024-07-03,23.69,43.45,79.56,217.99,77.2,93.64,201.83,107.58,491.04,81.5,27.84,551.46,91.8,83.28
2024-07-05,23.78,43.63,80.09,220.93,77.43,94.16,200.87,108.14,496.16,81.65,28.48,554.64,92.56,83.51
2024-07-08,23.46,43.64,79.69,218.19,77.41,94.19,202.28,108.13,497.34,81.64,28.13,555.28,92.76,83.78
2024-07-09,23.3,43.82,79.37,218.56,77.32,94.06,201.4,107.93,497.77,81.62,28.12,555.82,92.35,83.76
2024-07-10,23.3,44.07,80.49,219.36,77.5,94.15,203.37,108.19,502.96,81.65,28.16,561.32,92.64,84.38
2024-07-11,23.38,44.33,80.72,223.25,77.78,94.75,210.68,108.77,491.93,81.84,28.68,556.48,93.54,86.8
2024-07-12,23.29,44.51,81.58,223.11,77.98,94.95,213.14,109.17,494.82,81.96,28.12,559.99,93.94,87.46
2024-07-15,23.12,44.04,80.86,223.83,77.99,94.65,217.19,108.57,496.15,81.96,28.03,561.53,92.86,88.05
2024-07-16,23.06,44.29,81.25,228.29,78.29,95.07,224.6,109.2,496.34,81.99,28.61,564.86,94.17,89.13
2024-07-17,23.06,43.57,80.82,227.23,78.2,95.15,222.25,109.25,481.77,82.0,27.67,556.94,94.19,89.74
2024-07-18,22.89,43.16,80.02,225.78,78.04,94.88,217.95,108.78,479.49,81.96,27.2,552.66,93.47,88.95
2024-07-19,22.58,42.74,79.53,221.73,77.98,94.58,216.84,108.38,475.24,81.92,26.69,548.99,92.92,88.79
2024-07-22,22.64,43.1,80.37,221.8,78.27,94.49,220.29,108.32,482.32,81.93,26.63,554.65,92.65,89.71
2024-07-23,22.43,42.72,79.92,222.58,78.28,94.56,222.63,108.24,480.62,81.97,26.68,553.78,92.52,89.64
2024-07-24,22.42,42.1,78.91,221.8,78.03,94.35,217.85,107.58,463.38,82.01,26.43,541.23,91.52,88.32
2024-07-25,22.47,41.93,78.41,218.33,78.04,94.56,220.57,108.01,458.27,82.02,25.41,538.41,92.27,88.03
2024-07-26,22.24,42.36,79.41,220.63,78.29,95.01,224.22,108.61,462.97,82.13,25.48,544.44,92.99,89.57
2024-07-29,22.14,42.22,79.06,220.32,78.22,95.17,221.73,108.84,463.9,82.14,25.44,544.76,93.49,90.03
2024-07-30,22.07,42.03,79.24,222.52,78.26,95.37,222.57,108.93,457.53,82.17,25.83,542.0,93.85,90.73
2024-07-31,22.58,42.95,80.36,226.55,78.54,96.07,223.86,109.56,471.07,82.34,26.39,550.81,94.81,90.41
2024-08-01,22.31,42.2,78.23,225.77,77.96,96.19,216.58,109.53,459.66,82.21,26.03,543.01,95.31,91.32
2024-08-02,21.9,41.6,77.0,225.34,77.7,97.68,208.92,110.6,448.75,82.67,26.04,532.9,98.28,91.27
2024-08-05,21.86,40.42,75.32,222.48,77.22,97.78,202.2,110.32,435.37,82.65,24.86,517.38,98.8,88.66
2024-08-06,21.68,40.65,75.45,220.7,77.51,96.91,204.4,109.6,439.53,82.55,24.64,522.15,96.59,90.41
2024-08-07,21.88,40.9,75.81,220.55,77.66,96.56,201.98,109.1,434.77,82.5,24.33,518.66,95.91,89.79
2024-08-08,22.08,41.83,77.08,224.01,77.98,96.27,206.89,109.15,448.07,82.46,25.01,530.65,95.32,90.67
2024-08-09,22.21,42.06,77.38,224.56,77.97,96.66,206.46,109.71,450.41,82.48,25.0,532.99,96.26,91.09
2024-08-12,22.52,42.2,77.31,228.41,78.02,96.93,204.6,109.94,451.38,82.53,25.49,533.27,96.61,90.42
2024-08-13,22.31,42.67,78.64,228.06,78.38,97.36,207.97,110.71,462.58,82.66,25.42,542.04,97.28,91.21
2024-08-14,22.17,42.44,78.93,226.2,78.52,97.49,206.68,111.2,462.73,82.65,25.13,543.75,97.89,91.45
2024-08-15,22.35,42.91,79.89,226.91,78.59,96.88,212.04,110.86,474.42,82.45,25.86,553.07,97.1,91.38
2024-08-16,22.21,43.41,80.33,231.99,78.84,97.07,212.6,111.19,475.03,82.54,26.43,554.31,97.44,91.33
2024-08-19,22.09,43.83,81.31,231.61,78.97,97.2,215.2,111.45,481.27,82.52,26.83,559.61,97.89,92.09
2024-08-20,22.0,43.49,81.06,232.46,78.9,97.59,212.69,111.74,480.26,82.64,26.87,558.7,98.67,91.98
2024-08-21,21.89,43.66,81.81,232.15,79.08,97.79,215.46,111.99,482.5,82.73,26.95,560.62,98.73,92.47
2024-08-22,21.87,43.12,81.33,229.37,78.98,97.34,213.56,111.53,474.85,82.62,26.39,556.22,97.75,92.74
2024-08-23,22.26,43.84,82.82,232.02,79.4,97.79,220.38,112.17,480.0,82.81,27.2,562.13,98.39,94.78
2024-08-26,22.49,43.47,82.45,232.76,79.24,97.67,220.45,112.03,475.34,82.77,27.32,560.79,98.14,94.74
2024-08-27,22.38,43.53,82.83,233.39,79.29,97.63,218.74,111.94,476.76,82.82,27.36,561.56,97.97,94.88
2024-08-28,22.11,43.26,82.54,231.75,79.25,97.58,217.26,111.71,471.35,82.81,26.69,558.3,97.85,94.51
2024-08-29,22.36,43.28,82.85,232.95,79.33,97.41,218.81,111.52,470.66,82.795,26.81,558.35,97.53,94.22
2024-08-30,22.11,43.37,82.98,231.29,79.34,97.07,220.08,111.21,476.27,82.8,26.35,563.68,96.49,95.13
2024-09-03,21.67,42.51,81.67,230.29,78.68,97.42,213.35,111.14,461.81,82.6,25.58,552.08,97.75,95.08
2024-09-04,21.51,42.5,81.31,230.43,78.97,97.99,212.99,111.83,460.61,82.78,25.68,550.95,99.01,95.35
2024-09-05,21.56,42.56,81.33,232.35,79.24,98.22,211.93,112.38,461.04,82.81,26.23,549.61,99.57,95.04
2024-09-06,21.27,41.78,79.8,230.63,79.14,98.36,207.9,112.33,448.69,82.96,25.48,540.36,99.56,94.95
2024-09-09,21.33,42.13,80.6,231.6,79.33,98.5,208.48,112.58,454.46,82.97,25.85,546.41,99.99,96.01
2024-09-10,21.02,41.97,80.2,232.62,79.18,98.92,208.31,112.89,458.66,83.09,25.94,548.79,100.69,97.4
2024-09-11,21.21,42.28,80.68,232.25,79.3,98.85,208.92,112.94,468.62,83.02,26.12,554.42,100.61,97.21
2024-09-12,21.62,42.63,81.34,236.33,79.41,98.69,211.61,112.86,473.22,83.025,27.27,559.09,100.14,97.62
2024-09-13,21.66,42.83,81.53,238.68,79.63,98.88,216.83,113.21,475.34,83.15,28.02,562.01,100.41,98.64
2024-09-16,21.82,42.97,82.19,238.66,79.83,99.14,217.61,113.71,473.24,83.2,28.07,562.84,101.33,98.97
2024-09-17,21.97,43.02,81.73,237.34,79.85,98.96,219.41,113.72,473.49,83.14,27.96,563.07,100.84,98.28
2024-09-18,21.83,42.87,81.47,235.51,79.92,98.53,219.45,113.25,471.44,83.11,27.24,561.4,99.59,98.16
2024-09-19,22.22,43.78,83.08,239.17,80.16,98.45,223.97,113.35,483.36,83.18,28.09,570.98,99.26,98.18
2024-09-20,22.22,43.69,82.26,242.21,80.26,98.42,221.57,113.45,482.44,83.21,28.41,568.25,98.88,97.79
2024-09-23,22.23,44.03,82.57,242.68,80.11,98.36,220.76,113.29,483.04,83.21,27.98,569.67,98.67,98.76
2024-09-24,22.6,45.53,83.06,246.07,80.12,98.47,221.13,113.48,485.37,83.29,29.38,571.3,98.65,98.9
2024-09-25,22.41,45.05,82.61,245.73,80.03,98.07,217.69,112.81,485.82,83.22,29.06,570.04,97.83,98.24
2024-09-26,22.21,46.7,84.43,246.98,80.16,98.0,218.85,112.81,489.47,83.14,29.26,572.3,98.06,97.35
2024-09-27,22.32,46.61,83.92,245.02,80.36,98.39,220.33,113.26,486.75,83.27,28.86,571.47,98.57,96.66
2024-09-30,22.27,45.86,83.63,243.06,80.3,98.12,220.89,112.98,488.07,83.15,28.41,573.76,98.1,97.42
2024-10-01,22.66,46.19,83.01,245.61,79.87,98.19,217.89,113.11,481.27,82.93,28.58,568.62,98.49,96.79
2024-10-02,22.85,47.1,82.84,245.66,79.88,97.91,217.59,112.86,481.95,82.91,29.0,568.86,97.66,96.45
2024-10-03,23.18,46.54,82.07,245.49,79.69,97.41,216.13,112.13,481.59,82.8,29.23,567.82,96.74,95.57
2024-10-04,23.24,46.97,82.55,245.0,79.6,96.47,219.15,111.52,487.32,82.52,29.36,572.98,95.55,95.11
2024-10-07,23.56,47.36,82.09,244.17,79.26,96.12,217.43,110.95,482.1,82.41,28.93,567.8,94.83,94.27
2024-10-08,23.01,46.19,81.96,242.37,79.45,96.2,217.58,111.17,489.3,82.48,28.01,573.17,94.99,94.46
2024-10-09,22.81,45.94,81.98,241.05,79.4,95.84,218.06,110.95,493.15,82.4,27.86,577.14,94.45,94.56
2024-10-10,23.26,46.03,81.88,242.82,79.36,95.83,216.85,110.83,492.59,82.47,28.38,576.13,94.08,93.72
2024-10-11,23.28,46.36,82.3,245.47,79.57,95.86,221.26,110.81,493.36,82.54,28.8,579.58,93.7,94.78
2024-10-14,22.92,46.17,82.54,245.07,79.61,95.69,222.89,110.82,497.5,82.5,28.54,584.32,93.765,95.35
2024-10-15,22.48,45.19,81.17,245.92,79.59,96.18,223.07,111.36,490.85,82.54,28.71,579.78,94.91,96.5
2024-10-16,22.42,45.54,81.38,247.15,79.73,96.33,226.74,111.71,490.91,82.59,28.91,582.3,95.31,97.56
2024-10-17,22.45,45.47,81.39,248.63,79.61,95.83,226.12,110.88,491.25,82.52,28.89,582.35,93.8,96.79
2024-10-18,22.33,45.92,81.94,251.27,79.8,95.94,225.65,110.75,494.47,82.59,30.64,584.59,93.87,97.51
2024-10-21,22.4,45.6,80.97,251.22,79.48,95.2,222.1,109.62,495.42,82.47,30.85,583.63,92.23,95.6
2024-10-22,22.79,45.5,80.51,253.93,79.37,95.11,221.26,109.61,495.96,82.46,31.74,583.32,92.32,95.74
2024-10-23,22.66,45.23,79.7,250.87,79.13,94.89,219.24,109.24,488.36,82.41,30.71,577.99,92.07,96.44
2024-10-24,22.65,45.16,80.15,252.8,79.36,95.1,219.72,109.57,492.32,82.45,30.69,579.24,92.66,96.65
2024-10-25,22.81,45.12,79.88,253.32,79.28,94.89,218.89,109.31,495.32,82.42,30.63,579.04,92.14,95.74
2024-10-28,22.2,45.32,80.52,253.33,79.48,94.67,222.46,109.22,495.4,82.38,30.73,580.83,91.89,96.04
2024-10-29,22.16,45.18,80.23,256.09,79.5,94.71,221.74,109.35,500.16,82.41,31.39,581.77,92.03,95.35
2024-10-30,22.44,44.74,79.71,257.5,79.36,94.57,221.44,109.21,496.38,82.34,30.81,580.01,92.3,95.77
2024-10-31,22.59,44.45,79.22,253.51,79.14,94.52,217.76,108.99,483.85,82.36,29.81,568.64,92.45,94.15
2024-11-01,22.35,44.49,79.38,252.47,78.75,93.67,218.98,108.01,487.43,82.05,29.54,571.04,90.84,93.11
2024-11-04,22.73,44.74,79.44,252.83,78.97,94.17,220.09,108.81,486.01,82.11,29.63,569.81,92.25,94.13
2024-11-05,22.87,45.35,80.23,253.4,79.19,94.22,224.23,109.33,492.21,82.09,29.75,576.7,92.74,95.38
2024-11-06,22.62,44.79,79.07,245.7,79.33,93.25,237.22,108.19,505.58,81.99,28.43,591.04,90.2,93.35
2024-11-07,22.85,45.78,80.27,249.65,79.67,94.0,236.38,109.47,513.54,82.13,29.11,595.61,91.33,94.47
2024-11-08,22.5,44.65,79.16,247.96,79.8,94.2,238.12,109.85,514.14,82.07,28.48,598.19,92.49,95.88
2024-11-11,22.14,44.31,79.18,242.14,79.71,93.94,241.7,109.64,513.84,82.01,27.97,598.76,92.04,95.4
2024-11-12,22.02,43.47,77.71,240.05,79.39,93.35,237.46,108.65,512.91,81.93,28.07,596.9,90.66,94.08
2024-11-13,21.95,43.19,77.25,237.63,79.41,93.29,235.11,108.24,512.25,82.05,27.61,597.19,89.8,94.6
2024-11-14,21.93,42.95,77.41,237.01,79.24,93.28,231.94,108.21,508.69,81.93,27.81,593.35,90.32,93.75
2024-11-15,21.82,42.95,77.13,236.59,79.23,93.32,228.48,108.26,496.57,82.02,27.57,585.75,90.08,93.8
2024-11-18,22.32,43.44,77.55,241.09,79.38,93.53,228.93,108.46,500.02,82.08,28.38,588.15,90.24,94.48
2024-11-19,22.39,43.41,77.45,243.25,79.5,93.73,230.63,108.69,503.46,82.08,28.5,590.3,90.7,94.94
2024-11-20,22.38,43.36,77.24,244.62,79.48,93.59,230.93,108.43,503.17,82.04,28.1,590.5,90.41,94.82
2024-11-21,22.54,43.27,77.26,246.66,79.51,93.54,234.44,108.3,504.98,82.02,28.04,593.67,90.34,95.52
2024-11-22,22.56,43.28,77.56,249.84,79.49,93.6,238.77,108.4,505.79,82.01,28.47,595.51,90.39,96.24
2024-11-25,22.24,43.31,77.96,242.48,79.79,94.61,242.4,109.75,506.59,82.17,27.63,597.53,92.73,97.58
2024-11-26,22.24,43.13,77.51,242.95,79.64,94.41,240.62,109.47,509.31,82.17,27.8,600.65,92.37,97.97
2024-11-27,22.12,43.19,77.93,243.49,79.88,94.79,240.95,109.87,505.3,82.22,27.45,598.83,93.01,98.6
2024-11-29,22.14,43.26,78.97,245.59,80.04,95.19,241.87,110.55,509.74,82.32,27.92,602.55,93.97,98.16
2024-12-02,21.98,43.43,79.19,243.44,79.65,94.89,241.75,110.34,515.29,82.05,27.79,603.63,93.87,96.73
2024-12-03,22.23,43.52,79.64,243.93,79.65,94.62,240.03,109.95,516.87,82.06,28.28,603.91,93.06,96.24
2024-12-04,22.11,43.63,79.7,244.67,79.84,94.98,240.89,110.48,523.26,82.15,28.53,607.66,94.06,95.98
2024-12-05,22.08,43.92,80.09,242.86,79.77,94.97,238.08,110.45,521.81,82.15,28.56,606.66,94.25,95.75
2024-12-06,21.91,43.85,80.08,242.95,79.9,95.27,238.93,110.7,526.48,82.23,28.25,607.81,94.39,95.61
2024-12-09,22.12,44.75,80.03,245.36,79.8,94.94,237.73,110.42,522.38,82.2,28.98,604.68,93.52,95.88
2024-12-10,22.17,44.03,79.31,248.59,79.84,94.77,236.7,110.25,520.6,82.19,28.99,602.8,93.08,94.49
2024-12-11,22.45,44.21,79.81,250.96,79.86,94.49,237.77,109.95,529.92,82.17,29.04,607.46,92.2,94.27
2024-12-12,22.36,43.99,79.11,247.28,79.64,94.13,234.68,109.33,526.5,82.13,28.2,604.33,91.08,94.12
2024-12-13,22.35,44.03,78.89,244.29,79.41,93.69,233.07,108.72,530.53,82.09,27.75,604.21,90.15,93.85
2024-12-16,22.23,43.79,78.63,244.88,79.56,93.72,234.44,108.86,538.17,82.1,27.8,606.79,90.42,93.52
2024-12-17,22.08,42.96,77.45,243.94,79.39,93.72,231.07,108.87,535.8,82.11,27.81,604.29,90.64,93.07
2024-12-18,21.88,41.96,75.55,239.26,78.17,92.69,220.84,107.14,516.47,81.68,26.85,586.28,89.16,89.23
2024-12-19,21.88,42.1,75.31,239.6,78.09,92.27,219.86,106.56,514.17,81.77,26.52,586.1,87.81,87.85
2024-12-20,22.02,42.27,75.1,242.1,78.58,92.61,221.92,106.98,518.66,81.78,26.92,591.15,88.31,89.33
2024-12-23,20.92,42.51,75.59,240.96,78.37,92.2,221.41,106.67,522.87,81.73,26.99,594.69,87.5,88.82
2024-12-24,21.04,42.64,75.86,241.44,78.62,92.25,223.39,107.0,529.96,81.77,27.02,601.3,87.87,89.41
2024-12-26,20.98,42.49,76.22,243.07,78.82,92.32,225.68,107.1,529.6,81.79,27.14,601.34,87.82,89.65
2024-12-27,21.08,42.3,76.11,241.4,78.55,92.08,222.39,106.65,522.56,81.81,26.76,595.01,87.1,88.75
2024-12-30,21.27,41.96,75.61,240.63,78.66,92.62,220.68,107.11,515.61,81.93,26.43,588.22,87.8,88.31
2024-12-31,21.38,41.82,75.61,242.13,78.65,92.45,220.96,106.84,511.23,81.98,26.33,586.08,87.33,89.08
2025-01-02,21.59,41.76,75.35,245.42,78.84,92.5,221.14,106.85,510.23,81.96,26.93,584.64,87.57,88.29
2025-01-03,21.48,42.15,75.68,243.49,78.96,92.35,224.43,106.6,518.58,81.96,26.98,591.95,87.29,89.45
2025-01-06,21.52,42.3,76.4,243.19,79.1,92.26,224.52,106.33,524.54,81.98,27.24,595.36,86.9,88.3
2025-01-07,21.62,42.0,76.34,244.56,78.84,91.84,222.72,105.84,515.18,81.93,27.33,588.63,85.92,87.46
2025-01-08,21.58,41.8,76.22,245.86,78.94,92.0,221.71,106.01,515.27,81.98,27.4,589.49,86.03,87.69
2025-01-10,22.16,41.09,75.06,248.21,78.53,91.33,216.83,105.4,507.19,81.83,27.61,580.49,85.46,85.55
2025-01-13,22.32,40.81,74.85,245.74,78.51,91.17,217.25,105.1,505.56,81.85,26.96,581.39,85.43,86.6
2025-01-14,22.31,41.27,75.12,247.03,78.61,91.2,219.72,105.22,505.08,81.87,27.2,582.19,85.29,87.39
2025-01-15,22.67,41.81,76.08,248.88,79.3,92.16,224.04,106.48,516.7,82.05,27.96,592.78,86.76,87.89
2025-01-16,22.57,41.76,76.47,250.6,79.39,92.38,224.49,106.69,513.08,82.1,28.04,591.64,87.04,89.71
2025-01-17,22.47,42.09,76.78,249.27,79.46,92.45,225.46,106.78,521.74,82.08,27.61,597.58,87.19,89.65
2025-01-21,22.36,42.54,78.33,253.13,79.67,92.76,229.79,107.4,524.8,82.11,28.04,603.05,87.97,91.33
2025-01-22,22.34,42.57,78.15,254.43,79.56,92.52,228.29,107.06,531.51,82.09,28.05,606.44,87.51,89.74
2025-01-23,22.26,42.67,78.79,254.07,79.66,92.28,229.33,106.91,532.64,82.09,27.77,609.75,86.83,90.4
2025-01-24,22.27,42.95,79.23,255.65,79.75,92.47,228.69,107.12,529.63,82.14,27.91,607.97,87.22,90.71
2025-01-27,21.93,42.17,79.23,252.99,79.81,93.07,226.5,107.86,514.21,82.26,27.46,599.37,88.25,91.92
2025-01-28,21.95,42.48,79.13,255.18,79.78,93.08,226.75,107.71,521.81,82.28,27.63,604.52,88.19,90.81
2025-01-29,21.99,42.49,79.12,254.2,79.73,92.97,226.23,107.57,520.83,82.23,28.0,601.81,88.01,89.61
2025-01-30,22.01,43.21,79.99,258.05,79.88,93.17,228.53,107.81,523.05,82.28,28.72,605.04,88.34,90.75
2025-01-31,21.97,42.72,79.24,258.56,79.72,93.02,226.48,107.46,522.29,82.29,28.51,601.82,87.76,90.55
2025-02-03,22.14,42.41,78.31,259.94,79.26,92.79,223.83,107.24,518.11,81.96,28.67,597.77,88.16,90.36
2025-02-04,22.2,43.17,79.22,262.5,79.51,93.02,226.93,107.45,524.47,82.04,29.22,601.78,88.43,90.43
2025-02-05,22.06,43.06,79.99,264.13,79.72,93.56,229.4,108.2,526.85,82.09,29.35,604.22,89.89,91.7
2025-02-06,22.07,43.24,80.37,263.43,79.6,93.45,228.65,108.0,529.6,82.06,29.38,606.32,89.85,91.93
2025-02-07,22.08,43.2,79.61,263.9,79.35,93.14,226.0,107.53,522.92,81.97,29.03,600.77,89.27,91.63
2025-02-10,22.4,43.72,80.15,268.37,79.51,93.12,227.02,107.56,529.25,82.01,29.2,604.85,89.0,91.59
2025-02-11,22.57,43.55,80.53,267.39,79.48,92.88,225.7,107.32,527.99,81.99,29.0,605.31,88.43,91.99
2025-02-12,22.32,43.79,80.83,267.67,79.31,92.24,223.62,106.74,528.3,81.88,29.34,603.36,87.23,91.14
2025-02-13,22.43,44.07,81.81,270.31,79.67,92.93,226.14,107.57,535.9,81.99,29.46,609.73,88.68,92.05
2025-02-14,22.44,44.41,81.93,266.29,79.76,93.32,225.97,107.99,538.15,82.1,29.31,609.7,89.15,91.63
2025-02-18,22.77,44.69,82.52,270.7,79.69,92.82,227.21,107.55,539.37,82.03,29.91,611.49,88.1,92.04
2025-02-19,22.95,44.62,81.67,270.85,79.75,92.97,226.43,107.61,539.52,82.09,29.81,612.93,88.21,92.11
2025-02-20,22.98,45.03,82.05,270.99,79.8,93.16,224.26,107.87,537.23,82.1,29.95,610.38,88.54,92.55
2025-02-21,22.66,44.9,81.54,270.74,79.65,93.71,217.8,108.25,526.08,82.24,29.59,599.94,89.61,91.64
2025-02-24,22.58,44.21,81.49,272.21,79.75,93.91,216.23,108.53,519.87,82.3,29.44,597.21,89.87,92.0
2025-02-25,22.33,44.24,82.23,268.62,79.95,94.65,215.41,109.36,513.32,82.41,28.83,594.24,91.42,93.13
2025-02-26,22.14,44.68,82.34,269.03,80.06,94.91,215.68,109.59,514.56,82.44,28.94,594.54,91.96,92.74
2025-02-27,22.17,43.81,81.41,264.93,79.91,94.8,212.39,109.13,500.27,82.47,28.4,585.05,91.31,93.11
2025-02-28,22.0,43.21,81.58,263.27,80.13,95.32,214.65,109.61,508.17,82.62,28.31,594.18,92.43,93.9
2025-03-03,21.86,42.83,82.48,266.74,79.59,95.39,208.78,109.54,497.05,82.42,28.75,583.77,92.57,94.34
2025-03-04,21.93,43.19,82.46,269.06,79.58,95.09,206.42,109.18,495.55,82.43,29.0,576.86,91.43,93.25
2025-03-05,21.87,44.48,84.43,269.62,79.62,94.56,208.47,108.83,502.01,82.34,29.77,583.06,90.7,94.29
2025-03-06,21.76,44.2,83.56,268.25,79.32,94.51,205.28,108.49,488.2,82.39,29.69,572.71,90.4,91.87
2025-03-07,21.95,44.42,84.43,268.39,79.45,94.39,205.95,108.32,491.79,82.38,29.59,575.92,90.11,92.42
2025-03-10,21.81,43.36,82.44,266.04,79.15,95.05,200.77,108.69,472.73,82.53,29.11,560.58,91.05,91.53
2025-03-11,21.93,43.72,82.16,269.16,78.87,94.71,200.75,107.98,471.6,82.48,29.96,555.92,90.4,90.46
2025-03-12,21.93,43.96,82.75,270.33,78.96,94.43,201.1,107.66,476.92,82.42,30.22,558.87,89.86,90.18
2025-03-13,21.85,43.78,82.2,275.13,78.52,94.81,198.1,108.0,468.34,82.48,30.74,551.42,90.65,88.4
2025-03-14,21.97,44.58,83.71,275.24,78.88,94.48,202.89,107.95,479.66,82.42,30.71,562.81,90.17,90.17
2025-03-17,22.12,45.34,84.65,276.73,79.07,94.56,205.45,108.17,482.77,82.39,30.81,567.15,90.62,91.71
2025-03-18,22.07,45.11,84.64,279.96,78.93,94.67,203.21,108.43,474.54,82.39,30.85,561.02,90.71,91.23
2025-03-19,22.21,45.22,84.89,281.11,79.45,94.96,206.37,109.07,480.89,82.51,30.75,567.13,91.18,91.34
2025-03-20,22.25,44.8,84.18,280.75,79.34,95.1,205.06,108.91,479.26,82.53,30.5,565.49,91.24,91.28
2025-03-21,22.12,44.58,83.66,278.49,79.22,95.02,203.79,108.76,480.84,82.58,30.02,563.98,90.7,90.27
2025-03-24,22.2,44.78,83.65,277.25,79.45,94.47,208.86,108.29,490.66,82.47,29.96,574.08,89.77,91.66
2025-03-25,22.23,44.65,84.11,278.47,79.41,94.63,207.7,108.4,493.46,82.5,30.58,575.46,89.76,89.71
2025-03-26,22.2,44.38,83.02,278.24,79.09,94.41,205.59,107.96,484.38,82.48,30.53,568.59,89.17,90.06
2025-03-27,22.26,44.6,83.2,281.97,78.94,94.33,204.61,107.83,481.62,82.52,31.32,567.08,88.91,89.83
2025-03-28,22.19,43.77,82.46,284.06,78.8,95.09,200.45,108.48,468.94,82.67,31.0,555.66,90.14,89.71
2025-03-31,22.5,43.7,81.73,288.14,78.89,95.37,199.49,108.69,468.92,82.73,30.99,559.39,91.03,90.54
2025-04-01,22.51,43.84,81.85,287.57,78.69,95.4,199.51,108.66,472.7,82.48,30.63,560.97,91.49,90.58
2025-04-02,22.65,43.9,82.04,288.16,78.85,95.31,202.66,108.91,476.15,82.42,30.76,564.52,91.43,91.13
2025-04-03,21.74,42.97,80.32,286.42,77.87,96.29,189.65,108.9,450.66,82.73,28.89,536.7,91.85,88.02
2025-04-04,20.95,40.58,75.02,279.72,76.76,96.56,181.19,108.78,422.67,82.68,27.08,505.28,92.85,84.2
2025-04-07,20.62,39.07,73.21,273.71,76.1,95.41,179.55,106.66,423.69,82.69,27.14,504.38,90.05,81.99
2025-04-08,20.16,38.52,72.96,275.2,75.75,94.93,174.82,105.31,416.06,82.64,27.14,496.48,88.35,79.79
2025-04-09,20.89,41.19,78.59,285.38,77.78,94.63,189.68,107.07,466.0,82.59,28.06,548.62,88.87,84.55
2025-04-10,20.63,40.48,77.04,292.35,76.51,94.04,181.71,105.25,446.18,82.58,28.28,524.58,86.42,82.62
2025-04-11,20.93,41.75,78.97,297.93,76.74,93.51,184.36,105.23,454.4,82.43,29.19,533.94,86.89,83.63
2025-04-14,20.94,42.13,79.82,296.23,77.12,94.26,186.53,105.88,457.48,82.61,29.38,539.12,87.51,85.36
2025-04-15,20.89,42.09,80.54,297.78,77.33,94.54,186.76,106.45,457.99,82.61,29.41,537.61,87.82,85.62
2025-04-16,21.15,41.6,80.23,307.47,77.32,94.95,184.97,106.9,444.18,82.72,29.76,525.66,88.31,85.56
2025-04-17,21.37,41.92,81.1,306.12,77.77,94.68,186.48,106.75,444.1,82.75,29.55,526.41,87.53,86.84
2025-04-21,21.19,41.91,80.66,315.59,77.31,94.17,182.74,105.6,433.11,82.7,29.79,513.88,86.0,85.03
2025-04-22,21.29,42.54,82.33,311.11,77.61,94.24,187.47,105.86,444.48,82.73,29.5,527.25,86.48,86.68
2025-04-23,21.13,43.03,82.66,303.65,78.0,94.34,190.25,106.33,454.56,82.67,30.56,535.42,87.32,86.84
2025-04-24,21.32,43.53,83.76,308.07,78.7,94.85,194.06,107.42,467.35,82.77,30.56,546.69,88.24,87.16
2025-04-25,21.35,43.45,84.12,304.73,78.77,95.21,194.12,107.99,472.56,82.84,30.05,550.64,88.89,87.01
2025-04-28,21.23,43.53,84.68,309.07,78.81,95.59,194.94,108.24,472.41,82.96,30.19,550.85,89.45,87.55
2025-04-29,20.96,43.65,84.85,306.06,79.02,95.92,196.09,108.49,475.53,83.01,29.83,554.32,90.2,88.02
2025-04-30,20.57,43.76,84.75,303.77,78.6,96.07,194.86,107.98,475.47,83.12,29.6,554.54,89.47,88.33
2025-05-01,20.67,43.75,84.48,297.46,78.3,95.34,196.07,107.17,481.68,82.69,29.39,558.47,88.69,88.62
2025-05-02,20.76,45.0,86.1,297.98,78.54,94.7,200.48,106.91,488.83,82.53,29.12,566.76,87.73,89.71
2025-05-05,20.64,45.34,86.25,306.88,78.51,94.53,198.94,106.76,485.93,82.52,29.48,563.51,87.24,89.51
2025-05-06,20.95,45.16,86.14,315.48,78.45,94.77,196.77,106.97,481.41,82.59,30.22,558.8,87.53,88.82
2025-05-07,20.69,44.64,85.85,310.75,78.52,95.02,197.42,107.19,483.3,82.62,29.49,561.15,87.9,88.92
2025-05-08,20.96,44.61,85.55,304.63,78.5,94.28,201.18,106.65,488.29,82.45,29.46,565.06,86.92,88.57
2025-05-09,21.12,44.91,85.97,306.84,78.55,94.35,200.81,106.61,487.97,82.49,29.8,564.34,87.05,89.16
2025-05-12,21.26,45.88,86.41,298.19,79.33,93.75,207.87,106.59,507.85,82.34,29.63,582.99,86.24,89.6
2025-05-13,21.59,45.96,86.52,299.46,79.47,93.68,208.63,106.68,515.59,82.32,29.93,586.84,85.89,88.46
2025-05-14,21.48,46.31,86.1,293.16,79.18,93.33,206.78,106.14,518.68,82.26,29.25,587.59,85.32,87.59
2025-05-15,21.27,46.29,87.04,297.84,79.33,93.94,208.13,106.9,519.25,82.42,29.61,590.46,86.07,89.19
2025-05-16,21.19,46.26,87.24,294.24,79.42,93.97,209.85,107.1,521.51,82.4,29.3,594.2,86.3,90.3
2025-05-19,21.16,46.36,88.07,298.03,79.38,93.92,208.97,107.11,522.01,82.43,29.42,594.85,86.05,90.32
2025-05-20,21.43,46.31,88.49,303.58,79.34,93.8,209.08,106.85,520.27,82.44,30.13,592.85,85.43,89.79
2025-05-21,21.4,46.19,87.97,305.82,78.81,93.15,203.21,105.66,513.04,82.39,30.51,582.86,83.97,87.4
2025-05-22,21.29,46.04,87.92,303.11,78.97,93.5,203.2,106.2,514.0,82.44,30.03,583.09,84.41,87.0
2025-05-23,21.41,46.23,88.04,309.75,78.95,93.77,202.56,106.28,509.24,82.49,30.45,579.11,84.55,87.09
2025-05-27,21.22,46.12,89.32,304.5,79.43,94.16,207.7,107.24,521.22,82.52,30.23,591.15,85.73,88.61
2025-05-28,21.15,45.91,88.29,303.81,79.38,93.9,205.51,106.98,518.91,82.46,29.98,587.73,85.36,88.52
2025-05-29,21.04,46.08,88.68,305.61,79.5,94.29,206.12,107.46,519.93,82.55,30.3,590.05,86.15,89.32
2025-05-30,20.88,45.52,88.81,303.6,79.57,94.57,205.07,107.77,519.11,82.65,30.0,589.39,86.28,89.32
2025-06-02,21.32,45.85,89.76,311.67,79.18,93.94,205.71,107.07,523.21,82.31,31.59,592.71,85.16,89.44
2025-06-03,21.46,45.96,89.08,308.91,79.33,93.85,209.03,107.12,527.3,82.29,31.44,596.09,85.01,89.26
2025-06-04,21.38,46.53,89.48,310.9,79.48,94.54,208.44,107.9,528.77,82.44,31.34,595.93,86.39,89.51
2025-06-05,21.48,46.77,89.42,309.33,79.31,94.26,208.53,107.57,524.79,82.35,32.45,593.05,86.45,89.44
2025-06-06,21.65,46.92,89.74,305.18,79.3,93.51,211.9,106.92,529.92,82.21,32.69,599.14,85.35,89.87
2025-06-09,21.67,47.32,89.73,306.62,79.34,93.68,213.36,107.24,530.7,82.27,33.39,599.68,85.44,89.99
2025-06-10,21.62,47.59,89.85,306.71,79.53,93.84,214.51,107.5,534.21,82.27,33.23,603.08,85.88,90.76
2025-06-11,21.97,47.79,89.7,308.37,79.51,94.23,213.63,107.84,532.41,82.4,32.95,601.36,86.14,90.27
2025-06-12,21.97,47.87,90.39,312.2,79.6,94.64,212.78,108.44,533.66,82.47,33.06,603.75,87.17,90.71
2025-06-13,22.65,47.11,89.23,316.29,79.36,94.29,208.89,107.79,526.96,82.41,32.97,597.0,86.33,89.83
2025-06-16,22.6,47.23,88.04,311.78,79.52,94.02,210.77,107.6,534.29,82.4,33.03,602.68,85.46,89.9
2025-06-17,23.08,46.61,86.96,311.94,79.43,94.48,208.55,107.97,529.08,82.44,33.74,597.53,86.5,89.58
2025-06-18,23.14,46.6,87.11,310.26,79.55,94.54,209.65,108.05,528.99,82.48,33.27,597.44,86.65,89.89
2025-06-20,23.26,46.33,86.33,310.13,79.8,94.6,209.21,108.14,526.83,82.54,32.72,594.28,86.49,89.83
2025-06-23,22.4,46.71,86.98,311.08,79.95,94.93,211.77,108.41,531.65,82.65,32.96,600.15,86.77,91.18
2025-06-24,21.86,47.92,88.04,306.19,80.17,95.26,214.47,108.92,539.78,82.715,32.61,606.78,87.4,91.42
2025-06-25,21.83,47.96,87.56,307.12,80.15,95.3,211.97,108.79,541.16,82.73,33.01,607.12,87.51,89.22
2025-06-26,21.91,48.28,88.54,306.78,80.38,95.64,215.41,109.19,546.22,82.83,33.34,611.87,87.95,88.27
2025-06-27,21.8,48.09,89.34,301.22,80.34,95.39,215.48,109.01,548.09,82.8,32.62,614.91,87.39,88.49
2025-06-30,21.81,48.24,89.39,304.83,80.65,95.77,215.79,109.61,551.64,82.86,32.81,617.85,88.25,89.06
2025-07-01,21.93,48.33,89.24,307.55,80.17,95.29,218.01,109.34,546.99,82.51,32.73,617.65,88.14,89.71
2025-07-02,22.29,48.54,89.5,309.25,80.32,95.09,221.03,109.32,550.8,82.5,33.24,620.45,87.58,89.92
2025-07-03,22.28,48.76,89.52,307.14,80.37,94.76,223.08,109.06,556.22,82.41,33.51,625.34,86.97,90.02
2025-07-07,22.26,48.07,88.55,307.37,80.1,94.46,219.73,108.41,552.03,82.39,33.43,620.68,86.14,89.25
2025-07-08,22.33,48.37,89.2,304.16,79.99,94.32,221.25,108.1,552.34,82.4,33.29,620.34,86.03,89.12
2025-07-09,22.29,48.29,89.87,305.52,80.21,94.81,223.65,108.72,556.25,82.47,33.0,624.06,86.93,89.19
2025-07-10,22.22,48.42,89.81,306.2,80.13,94.76,224.8,108.74,555.45,82.47,33.75,625.82,86.99,89.75
2025-07-11,22.51,48.26,88.95,309.14,80.03,94.32,221.7,108.08,554.2,82.45,35.03,623.62,85.79,89.76
2025-07-14,22.32,48.33,88.95,308.01,80.09,94.28,223.19,108.05,556.21,82.46,34.63,624.81,85.61,90.34
2025-07-15,22.28,48.68,88.02,306.73,79.85,93.91,218.82,107.66,556.72,82.375,34.26,622.14,85.01,89.01
2025-07-16,22.31,48.91,88.38,308.26,80.06,94.17,221.02,107.83,557.29,82.49,34.41,624.22,85.13,89.85
2025-07-17,22.49,49.19,88.61,307.59,80.14,94.14,223.92,108.09,561.8,82.46,34.65,628.04,85.11,89.75
2025-07-18,22.53,49.08,88.36,308.39,80.25,94.4,222.33,108.29,561.26,82.53,34.61,627.58,85.24,89.94
2025-07-21,22.48,49.4,88.83,313.13,80.36,94.73,221.43,108.71,564.17,82.58,35.35,628.77,86.0,90.31
2025-07-22,22.44,49.43,89.32,316.1,80.5,95.0,223.27,108.97,561.25,82.64,35.72,628.86,86.52,91.86
2025-07-23,22.38,49.93,91.54,312.18,80.54,94.66,226.68,108.8,563.81,82.57,35.69,634.21,86.04,92.04
2025-07-24,22.4,49.66,90.86,310.27,80.44,94.52,223.55,108.64,565.01,82.5,35.49,634.42,85.89,91.72
2025-07-25,22.17,49.51,90.75,307.4,80.49,94.74,224.38,108.99,566.37,82.55,34.66,637.1,86.43,91.73
2025-07-28,22.4,49.18,89.29,305.41,80.45,94.53,224.12,108.77,568.14,82.535,34.64,636.94,85.87,90.26
2025-07-29,22.69,49.2,89.11,306.25,80.5,95.15,222.69,109.49,567.26,82.61,34.66,635.26,87.32,91.71
2025-07-30,22.64,48.84,88.47,300.96,80.33,94.82,221.56,109.08,568.02,82.52,33.51,634.46,86.87,90.41
2025-07-31,22.45,48.56,87.52,302.96,80.38,94.9,219.39,109.11,565.01,82.52,33.32,632.08,86.92,89.14
2025-08-01,22.09,48.2,87.29,309.11,79.98,95.68,214.92,109.63,553.88,82.66,33.59,621.72,87.82,88.92
2025-08-04,22.01,48.7,88.45,310.91,80.25,95.81,219.73,109.82,564.1,82.68,33.98,631.17,88.06,89.83
2025-08-05,21.82,48.84,88.44,311.16,80.21,95.74,220.85,109.9,560.27,82.65,34.35,627.97,88.33,90.24
2025-08-06,21.77,49.07,89.02,310.5,80.29,95.67,220.56,109.87,567.32,82.68,34.35,632.78,87.82,89.54
2025-08-07,21.84,49.48,89.82,313.12,80.21,95.6,219.84,109.76,569.24,82.64,34.76,632.25,87.67,89.8
2025-08-08,21.84,49.44,90.37,313.05,80.22,95.38,220.32,109.41,574.55,82.62,34.88,637.18,87.29,89.06
2025-08-11,21.87,49.3,89.99,308.55,80.22,95.41,220.27,109.58,572.85,82.62,34.18,635.92,87.39,88.47
2025-08-12,21.78,49.9,91.09,308.27,80.4,95.39,226.81,109.68,580.05,82.68,34.41,642.69,86.95,88.97
2025-08-13,21.75,50.5,91.64,309.21,80.61,95.73,231.22,110.26,580.34,82.79,35.0,644.89,87.67,89.8
2025-08-14,21.84,49.88,91.65,307.25,80.4,95.42,228.24,109.88,579.89,82.7,34.5,644.95,87.02,89.16
2025-08-15,21.77,49.94,92.19,307.43,80.46,95.23,227.13,109.74,577.34,82.67,34.5,643.44,86.4,89.67
2025-08-18,21.79,50.23,92.09,306.95,80.4,95.14,227.96,109.54,577.11,82.67,34.55,643.3,86.15,88.91
2025-08-19,21.62,49.82,92.1,305.27,80.38,95.38,226.21,109.71,569.28,82.71,33.87,639.81,86.65,90.44
2025-08-20,21.86,49.75,92.43,308.36,80.35,95.52,225.41,109.76,565.9,82.74,34.43,638.11,86.84,90.7
2025-08-21,21.99,49.64,91.85,307.29,80.2,95.24,225.97,109.34,563.28,82.67,34.61,635.55,86.41,90.43
2025-08-22,22.08,50.63,93.23,310.58,80.85,95.77,234.83,110.2,571.97,82.85,35.34,645.31,87.05,92.18
2025-08-25,22.19,50.34,92.0,309.83,80.69,95.58,232.36,109.91,570.32,82.805,35.02,642.47,86.8,91.65
2025-08-26,22.02,50.21,91.9,312.08,80.87,95.83,234.28,109.99,572.61,82.88,35.02,645.16,86.75,91.41
2025-08-27,22.04,49.91,91.68,312.71,80.97,96.01,235.94,110.03,573.49,82.94,34.99,646.63,86.65,91.98
2025-08-28,22.18,50.1,92.02,315.03,81.01,96.23,236.22,110.2,577.08,82.91,35.52,648.92,87.22,91.74
2025-08-29,22.21,49.86,91.48,318.07,80.86,96.15,235.17,109.8,570.4,82.98,36.19,645.05,86.6,92.24
2025-09-02,22.57,49.82,90.58,325.59,80.39,95.55,233.9,109.05,565.62,82.68,37.15,640.27,85.63,90.71
2025-09-03,22.37,50.01,90.72,328.14,80.61,95.88,233.67,109.7,570.07,82.74,37.34,643.74,86.57,90.76
2025-09-04,22.21,49.85,91.38,326.69,80.83,96.31,236.59,110.45,575.23,82.8,36.93,649.12,87.23,91.44
2025-09-05,22.03,50.45,91.79,331.05,80.87,96.78,237.77,111.17,576.06,82.92,37.21,647.24,88.56,92.47
2025-09-08,22.18,50.91,92.71,334.82,80.87,97.08,238.25,111.56,578.87,82.97,37.51,648.83,89.74,91.93
2025-09-09,22.24,51.19,92.4,334.06,80.78,96.85,236.85,111.36,580.51,82.9,37.18,650.33,89.23,91.72
2025-09-10,22.39,51.54,92.38,335.26,80.84,97.11,236.43,111.69,580.7,82.91,37.41,652.21,89.74,91.57
2025-09-11,22.22,52.29,93.36,334.76,81.04,97.26,240.8,112.21,584.08,82.94,37.79,657.63,90.34,93.24
2025-09-12,22.35,52.26,92.99,335.42,80.96,96.98,238.34,112.01,586.66,82.93,38.34,657.41,89.95,92.81
2025-09-15,22.55,52.64,93.61,338.91,81.19,97.14,239.35,112.36,591.68,82.96,38.76,660.91,90.16,92.66
2025-09-16,22.78,53.03,93.35,339.59,81.13,97.2,238.28,112.26,591.18,83.0,38.6,660.0,90.35,92.17
2025-09-17,22.54,53.26,93.0,336.97,81.05,96.99,238.89,112.06,590.0,82.96,37.79,659.18,90.12,92.05
2025-09-18,22.44,53.13,93.36,335.62,81.23,96.67,244.84,111.83,595.32,82.93,37.99,662.26,89.19,92.25
2025-09-19,22.26,53.01,93.0,339.18,81.26,96.63,242.98,111.74,599.35,82.96,39.04,663.7,89.02,91.65
2025-09-22,22.26,53.27,93.3,345.05,81.32,96.47,244.39,111.49,602.2,82.92,40.04,666.84,88.7,91.67
2025-09-23,22.49,53.3,93.12,346.46,81.26,96.74,243.84,111.71,598.2,82.95,39.96,663.21,89.32,92.17
2025-09-24,22.64,53.12,92.58,343.32,81.15,96.48,241.6,111.26,596.1,82.91,39.82,661.1,88.98,90.4
2025-09-25,22.8,52.81,91.92,344.75,80.92,96.27,239.29,111.06,593.53,82.84,41.03,658.05,88.98,90.13
2025-09-26,22.81,52.71,92.63,346.74,81.08,96.22,241.34,111.21,595.97,82.89,41.86,661.82,88.9,91.02
2025-09-29,22.62,53.19,92.99,352.46,81.22,96.5,241.62,111.58,598.73,82.92,42.5,663.68,89.63,91.05
2025-09-30,22.53,53.4,93.37,355.47,81.19,96.46,241.96,111.47,600.37,82.96,42.37,666.18,89.37,91.42
2025-10-01,22.49,53.82,94.14,356.03,80.96,96.49,242.49,111.51,603.25,82.8,42.91,668.45,89.29,91.56
2025-10-02,22.34,54.07,94.29,354.79,80.93,96.59,244.02,111.69,605.73,82.82,42.53,669.22,89.55,91.08
2025-10-03,22.41,54.23,95.08,357.64,80.84,96.4,245.83,111.55,603.18,82.79,43.52,669.21,89.38,91.42
2025-10-06,22.64,54.48,95.3,364.38,80.86,96.12,246.81,111.19,607.71,82.77,44.06,671.61,88.67,90.56
2025-10-07,22.73,54.06,94.47,366.26,80.77,96.36,244.16,111.4,604.51,82.81,43.39,669.12,89.18,90.23
2025-10-08,22.76,54.49,94.75,372.3,80.65,96.38,246.72,111.26,611.44,82.8,44.56,673.11,89.25,89.76
2025-10-09,22.55,53.93,93.97,365.43,80.42,96.31,245.13,111.04,610.7,82.79,44.71,671.16,89.18,89.27
2025-10-10,22.07,51.94,92.24,369.12,79.95,96.91,237.79,111.35,589.5,82.93,45.43,653.02,90.62,88.13
2025-10-13,22.35,53.45,92.98,378.09,80.45,96.96,244.41,111.73,602.01,83.09,47.26,663.04,90.57,88.69
2025-10-14,22.1,52.97,93.4,380.79,80.54,97.21,247.9,112.1,598.0,83.03,46.8,662.23,90.86,89.6
2025-10-15,22.18,53.84,93.85,387.39,80.8,97.1,250.33,112.1,602.22,82.99,48.33,665.17,90.66,90.9
2025-10-16,22.14,54.19,94.34,396.45,80.51,97.55,245.06,112.42,599.99,83.1,49.17,660.64,91.34,90.58
2025-10-17,22.12,54.18,94.51,388.99,80.72,97.39,243.41,112.2,603.93,83.085,46.99,664.39,91.2,91.17
2025-10-20,22.34,54.92,95.29,403.15,80.88,97.52,248.16,112.54,611.54,83.1,47.72,671.3,91.55,92.09
2025-10-21,22.11,54.31,94.59,377.24,80.76,97.7,246.99,112.56,611.38,83.12,43.79,671.29,92.0,91.83
2025-10-22,22.46,54.26,94.45,377.28,80.68,97.72,243.34,112.67,605.49,83.12,43.88,667.8,92.06,92.22
2025-10-23,22.84,54.74,94.89,378.79,80.86,97.4,246.42,112.53,610.58,83.06,44.18,671.76,91.43,92.16
2025-10-24,22.85,55.1,95.04,377.52,81.08,97.49,249.43,112.72,617.1,83.11,43.99,677.25,91.47,92.43
2025-10-27,22.8,55.71,95.7,367.01,81.28,97.49,250.3,112.91,628.09,83.09,42.4,685.24,91.78,92.69
2025-10-28,22.59,55.69,95.66,364.38,81.2,97.58,248.96,112.92,632.92,83.1,42.7,687.06,92.02,90.87
2025-10-29,22.71,56.01,95.12,363.0,80.95,96.95,246.84,112.28,635.77,82.935,43.23,687.39,91.09,88.53
2025-10-30,22.72,55.43,94.7,370.13,80.8,96.81,244.85,111.68,626.05,82.95,44.34,679.83,90.56,88.95
2025-10-31,22.88,55.3,94.49,368.12,80.8,96.85,246.23,111.23,629.07,82.98,44.01,682.06,90.29,89.18
2025-11-03,23.05,55.65,94.53,368.78,80.14,96.5,245.44,110.53,632.08,82.72,43.76,683.34,89.74,89.05
2025-11-04,22.89,54.63,93.56,362.32,80.15,96.62,241.2,110.68,619.25,82.75,42.74,675.24,89.94,89.2
2025-11-05,22.82,55.12,94.16,366.51,80.23,96.16,244.68,110.35,623.28,82.69,43.65,677.58,88.96,89.28
2025-11-06,22.85,54.71,93.95,366.07,80.26,96.65,240.35,110.93,611.67,82.79,43.55,670.31,89.76,88.85
2025-11-07,22.9,54.55,94.3,368.31,80.33,96.69,241.61,110.71,609.74,82.83,43.92,670.97,89.57,90.23
2025-11-10,23.15,55.51,95.29,378.38,80.6,96.56,244.03,110.77,623.23,82.81,45.79,681.44,89.55,90.18
2025-11-11,23.3,55.57,95.99,379.87,80.69,96.86,244.24,111.21,621.57,82.88,46.45,683.0,89.96,91.19
2025-11-12,23.04,55.58,96.56,385.99,80.53,96.88,243.64,111.1,621.08,82.85,48.32,683.38,90.12,90.51
2025-11-13,22.92,54.93,95.53,382.87,80.2,96.6,236.79,110.55,608.4,82.8,47.42,672.04,89.38,89.4
2025-11-14,22.97,54.96,95.26,375.96,80.22,96.44,237.48,110.25,608.86,82.83,45.96,671.93,88.87,89.59
2025-11-17,22.94,54.31,94.02,371.65,80.09,96.55,232.76,110.32,603.66,82.82,45.47,665.67,89.09,88.85
2025-11-18,23.13,54.04,92.8,374.35,80.11,96.71,233.47,110.37,596.31,82.87,46.1,660.08,89.06,89.21
2025-11-19,22.9,53.85,92.52,374.96,80.15,96.64,233.43,110.38,599.87,82.86,46.45,662.63,88.88,88.51
2025-11-20,22.68,53.11,91.24,374.85,80.1,96.87,229.11,110.53,585.67,82.93,45.78,652.53,89.23,88.14
2025-11-21,22.53,53.1,92.65,374.27,80.37,97.19,235.6,110.92,590.07,83.03,45.3,659.03,89.5,89.57
2025-11-24,22.64,53.66,92.73,380.2,80.59,97.34,239.9,111.36,605.16,83.04,46.63,668.73,90.01,89.81
2025-11-25,22.52,53.85,93.84,380.08,80.87,97.59,245.13,111.67,608.89,83.09,46.67,675.02,90.24,90.64
2025-11-26,22.76,54.24,94.87,383.12,80.95,97.67,247.3,112.05,614.27,83.08,48.4,679.68,90.64,91.04
2025-11-28,23.06,54.32,95.19,387.88,80.99,97.5,248.75,111.86,619.25,83.08,51.21,683.39,90.21,91.34
2025-12-01,23.12,54.28,94.72,389.75,80.47,96.69,245.62,110.85,617.17,82.76,52.52,680.27,88.77,90.29
2025-12-02,23.02,54.3,95.04,387.24,80.62,96.77,245.17,110.92,622.0,82.81,53.13,681.53,88.81,89.97
2025-12-03,23.13,54.34,95.55,386.88,80.69,96.97,249.63,111.17,623.52,82.86,53.07,683.89,89.06,90.2
2025-12-04,23.19,54.33,95.81,387.13,80.75,96.67,251.82,110.97,622.94,82.8,51.76,684.39,88.58,89.98
2025-12-05,23.33,54.74,95.81,386.44,80.75,96.47,250.77,110.86,625.48,82.77,52.95,685.69,88.17,89.88
2025-12-08,23.04,54.62,95.51,385.42,80.55,96.27,250.87,110.63,624.28,82.75,52.71,683.63,87.88,89.19
2025-12-09,22.99,54.53,95.38,387.4,80.46,96.13,251.39,110.49,625.05,82.71,55.17,683.04,87.97,88.85
2025-12-10,23.13,55.14,96.44,389.05,80.73,96.44,254.81,111.0,627.61,82.85,56.07,687.57,88.31,89.17
2025-12-11,23.11,54.88,97.01,393.24,80.72,96.45,257.8,110.84,625.58,82.86,57.62,689.17,88.19,89.56
2025-12-12,22.92,54.24,96.5,395.44,80.57,96.19,253.85,110.17,613.62,82.87,56.1,681.76,87.34,89.45
2025-12-15,22.81,54.08,97.09,395.8,80.61,96.27,251.93,110.3,610.54,82.92,58.11,680.73,87.4,89.73
2025-12-16,22.58,52.98,94.92,395.89,80.66,96.54,249.9,110.55,611.75,82.96,57.73,678.87,87.88,89.07
2025-12-17,22.85,52.6,94.15,399.29,80.56,96.52,247.24,110.43,600.41,82.97,60.26,671.4,87.8,89.4
2025-12-18,22.69,53.2,94.82,398.57,80.78,96.77,248.71,110.85,609.11,83.03,59.32,676.47,88.22,88.93
2025-12-19,22.85,53.72,95.46,399.02,80.36,96.24,250.79,110.13,617.05,82.76,60.93,680.59,87.55,88.59
2025-12-22,22.39,54.01,95.7,408.23,80.43,96.14,253.58,110.11,619.21,82.72,62.47,684.83,87.36,88.24
2025-12-23,22.64,54.31,96.29,413.64,80.49,96.1,252.08,110.22,622.11,82.68,64.84,687.96,87.5,88.18
2025-12-24,22.63,54.42,96.41,411.93,80.64,96.35,252.71,110.65,623.93,82.73,65.22,690.38,88.03,88.76
2025-12-26,22.7,54.8,96.57,416.74,80.6,96.44,251.42,110.64,623.89,82.79,71.12,690.31,87.74,88.86
2025-12-29,22.49,54.66,96.28,398.6,80.63,96.58,249.88,110.79,620.87,82.83,66.01,687.85,88.07,89.04
2025-12-30,22.64,54.88,96.44,398.89,80.71,96.48,248.03,110.66,619.43,82.85,68.98,687.01,87.86,89.22
2025-12-31,22.36,54.71,96.03,396.31,80.63,96.16,246.16,110.19,614.31,82.82,64.42,681.92,87.16,88.49
