observation_date,DGS20,DGS10,DGS3MO,DGS2,DGS1MO
1962-01-02,4.07,4.06,,,
1962-01-03,4.07,4.03,,,
1962-01-04,4.06,3.99,,,
1962-01-05,4.07,4.02,,,
1962-01-08,4.08,4.03,,,
1962-01-09,4.08,4.05,,,
1962-01-10,4.09,4.07,,,
1962-01-11,4.08,4.08,,,
1962-01-12,4.09,4.08,,,
1962-01-15,4.10,4.10,,,
1962-01-16,4.11,4.13,,,
1962-01-17,4.10,4.12,,,
1962-01-18,4.10,4.11,,,
1962-01-19,4.10,4.11,,,
1962-01-22,4.09,4.09,,,
1962-01-23,4.10,4.11,,,
1962-01-24,4.10,4.10,,,
1962-01-25,4.12,4.11,,,
1962-01-26,4.12,4.11,,,
1962-01-29,4.13,4.12,,,
1962-01-30,4.13,4.11,,,
1962-01-31,4.13,4.10,,,
1962-02-01,4.13,4.09,,,
1962-02-02,4.13,4.08,,,
1962-02-05,4.12,4.07,,,
1962-02-06,4.13,4.06,,,
1962-02-07,4.13,4.07,,,
1962-02-08,4.12,4.07,,,
1962-02-09,4.11,4.05,,,
1962-02-12,,,,,
1962-02-13,4.10,4.03,,,
1962-02-14,4.09,4.03,,,
1962-02-15,4.10,4.02,,,
1962-02-16,4.12,4.02,,,
1962-02-19,4.11,4.01,,,
1962-02-20,4.15,4.05,,,
1962-02-21,4.13,4.03,,,
1962-02-22,,,,,
1962-02-23,4.12,4.02,,,
1962-02-26,4.11,4.00,,,
1962-02-27,4.12,4.01,,,
1962-02-28,4.10,4.00,,,
1962-03-01,4.09,3.98,,,
1962-03-02,4.09,3.98,,,
1962-03-05,4.10,4.00,,,
1962-03-06,4.10,4.01,,,
1962-03-07,4.09,4.00,,,
1962-03-08,4.08,3.98,,,
1962-03-09,4.07,3.96,,,
1962-03-12,4.06,3.94,,,
1962-03-13,4.04,3.92,,,
1962-03-14,4.04,3.93,,,
1962-03-15,4.06,3.96,,,
1962-03-16,4.05,3.96,,,
1962-03-19,4.04,3.93,,,
1962-03-20,4.02,3.91,,,
1962-03-21,4.01,3.86,,,
1962-03-22,3.97,3.83,,,
1962-03-23,3.99,3.87,,,
1962-03-26,4.01,3.89,,,
1962-03-27,4.00,3.90,,,
1962-03-28,4.00,3.90,,,
1962-03-29,3.99,3.90,,,
1962-03-30,3.98,3.86,,,
1962-04-02,3.97,3.86,,,
1962-04-03,3.95,3.83,,,
1962-04-04,3.91,3.78,,,
1962-04-05,3.94,3.84,,,
1962-04-06,3.92,3.81,,,
1962-04-09,3.92,3.83,,,
1962-04-10,3.92,3.83,,,
1962-04-11,3.94,3.87,,,
1962-04-12,3.93,3.86,,,
1962-04-13,3.92,3.85,,,
1962-04-16,3.92,3.83,,,
1962-04-17,3.92,3.82,,,
1962-04-18,3.90,3.81,,,
1962-04-19,3.91,3.82,,,
1962-04-20,,,,,
1962-04-23,3.93,3.86,,,
1962-04-24,3.94,3.87,,,
1962-04-25,3.94,3.88,,,
1962-04-26,3.94,3.89,,,
1962-04-27,3.91,3.86,,,
1962-04-30,3.91,3.86,,,
1962-05-01,3.91,3.85,,,
1962-05-02,3.91,3.86,,,
1962-05-03,3.90,3.86,,,
1962-05-04,3.90,3.87,,,
1962-05-07,3.90,3.86,,,
1962-05-08,3.90,3.85,,,
1962-05-09,3.89,3.82,,,
1962-05-10,3.88,3.83,,,
1962-05-11,3.88,3.82,,,
1962-05-14,3.89,3.85,,,
1962-05-15,3.90,3.87,,,
1962-05-16,3.91,3.86,,,
1962-05-17,3.91,3.87,,,
1962-05-18,3.94,3.93,,,
1962-05-21,3.96,3.94,,,
1962-05-22,3.95,3.93,,,
1962-05-23,3.95,3.91,,,
1962-05-24,3.94,3.90,,,
1962-05-25,3.93,3.88,,,
1962-05-28,3.92,3.87,,,
1962-05-29,3.94,3.89,,,
1962-05-30,,,,,
1962-05-31,3.94,3.90,,,
1962-06-01,3.93,3.89,,,
1962-06-04,3.93,3.88,,,
1962-06-05,3.94,3.89,,,
1962-06-06,3.93,3.89,,,
1962-06-07,3.93,3.87,,,
1962-06-08,3.92,3.86,,,
1962-06-11,3.92,3.87,,,
1962-06-12,3.91,3.86,,,
1962-06-13,3.92,3.87,,,
1962-06-14,3.94,3.90,,,
1962-06-15,3.94,3.89,,,
1962-06-18,3.95,3.91,,,
1962-06-19,3.97,3.93,,,
1962-06-20,3.97,3.92,,,
1962-06-21,3.96,3.90,,,
1962-06-22,3.96,3.90,,,
1962-06-25,4.00,3.95,,,
1962-06-26,4.01,3.97,,,
1962-06-27,4.00,3.96,,,
1962-06-28,4.01,3.98,,,
1962-06-29,4.02,4.00,,,
1962-07-02,4.02,4.00,,,
1962-07-03,4.02,4.00,,,
1962-07-04,,,,,
1962-07-05,4.02,4.00,,,
1962-07-06,4.05,4.02,,,
1962-07-09,4.07,4.05,,,
1962-07-10,4.06,4.02,,,
1962-07-11,4.06,3.99,,,
1962-07-12,4.05,4.00,,,
1962-07-13,4.05,4.00,,,
1962-07-16,4.06,4.01,,,
1962-07-17,4.06,4.03,,,
1962-07-18,4.06,4.02,,,
1962-07-19,4.06,4.02,,,
1962-07-20,4.05,4.01,,,
1962-07-23,4.05,4.00,,,
1962-07-24,4.05,4.01,,,
1962-07-25,4.05,4.02,,,
1962-07-26,4.04,4.01,,,
1962-07-27,4.05,4.02,,,
1962-07-30,4.06,4.03,,,
1962-07-31,4.06,4.04,,,
1962-08-01,4.06,4.03,,,
1962-08-02,4.03,4.00,,,
1962-08-03,4.04,4.01,,,
1962-08-06,4.04,4.01,,,
1962-08-07,4.04,4.02,,,
1962-08-08,4.04,4.01,,,
1962-08-09,4.03,3.99,,,
1962-08-10,4.03,3.99,,,
1962-08-13,4.03,3.99,,,
1962-08-14,4.01,3.98,,,
1962-08-15,4.01,3.98,,,
1962-08-16,3.99,3.96,,,
1962-08-17,3.99,3.96,,,
1962-08-20,3.98,3.94,,,
1962-08-21,3.97,3.94,,,
1962-08-22,3.97,3.95,,,
1962-08-23,3.97,3.95,,,
1962-08-24,3.97,3.95,,,
1962-08-27,3.98,3.95,,,
1962-08-28,3.98,3.96,,,
1962-08-29,3.98,3.96,,,
1962-08-30,3.99,3.95,,,
1962-08-31,3.99,3.96,,,
1962-09-03,,,,,
1962-09-04,3.99,3.96,,,
1962-09-05,4.00,3.97,,,
1962-09-06,4.00,3.99,,,
1962-09-07,4.01,4.01,,,
1962-09-10,4.01,4.00,,,
1962-09-11,4.01,4.00,,,
1962-09-12,4.00,4.00,,,
1962-09-13,4.00,3.99,,,
1962-09-14,4.00,3.99,,,
1962-09-17,4.00,3.99,,,
1962-09-18,4.00,3.98,,,
1962-09-19,4.00,3.99,,,
1962-09-20,4.00,3.98,,,
1962-09-21,4.00,3.98,,,
1962-09-24,3.99,3.97,,,
1962-09-25,3.99,3.96,,,
1962-09-26,3.99,3.95,,,
1962-09-27,3.98,3.95,,,
1962-09-28,3.97,3.94,,,
1962-10-01,3.96,3.93,,,
1962-10-02,3.95,3.92,,,
1962-10-03,3.94,3.90,,,
1962-10-04,3.94,3.90,,,
1962-10-05,3.95,3.92,,,
1962-10-08,3.95,3.93,,,
1962-10-09,3.95,3.95,,,
1962-10-10,3.94,3.93,,,
1962-10-11,3.94,3.94,,,
1962-10-12,,,,,
1962-10-15,3.94,3.94,,,
1962-10-16,3.94,3.94,,,
1962-10-17,3.95,3.94,,,
1962-10-18,3.94,3.92,,,
1962-10-19,3.90,3.88,,,
1962-10-22,3.93,3.91,,,
1962-10-23,3.94,3.94,,,
1962-10-24,3.94,3.94,,,
1962-10-25,3.95,3.94,,,
1962-10-26,3.94,3.93,,,
1962-10-29,3.94,3.92,,,
1962-10-30,3.94,3.92,,,
1962-10-31,3.94,3.92,,,
1962-11-01,3.94,3.92,,,
1962-11-02,3.94,3.91,,,
1962-11-05,3.93,3.91,,,
1962-11-06,,,,,
1962-11-07,3.93,3.91,,,
1962-11-08,3.92,3.90,,,
1962-11-09,3.91,3.89,,,
1962-11-12,,,,,
1962-11-13,3.92,3.90,,,
1962-11-14,3.93,3.91,,,
1962-11-15,3.93,3.91,,,
1962-11-16,3.94,3.93,,,
1962-11-19,3.95,3.93,,,
1962-11-20,3.94,3.93,,,
1962-11-21,3.94,3.92,,,
1962-11-22,,,,,
1962-11-23,3.94,3.92,,,
1962-11-26,3.94,3.93,,,
1962-11-27,3.94,3.92,,,
1962-11-28,3.94,3.92,,,
1962-11-29,3.94,3.92,,,
1962-11-30,3.94,3.92,,,
1962-12-03,3.95,3.93,,,
1962-12-04,3.96,3.94,,,
1962-12-05,3.96,3.93,,,
1962-12-06,3.95,3.92,,,
1962-12-07,3.95,3.91,,,
1962-12-10,3.94,3.90,,,
1962-12-11,3.93,3.89,,,
1962-12-12,3.92,3.88,,,
1962-12-13,3.92,3.88,,,
1962-12-14,3.92,3.87,,,
1962-12-17,3.91,3.85,,,
1962-12-18,3.90,3.83,,,
1962-12-19,3.90,3.84,,,
1962-12-20,3.90,3.83,,,
1962-12-21,3.90,3.81,,,
1962-12-24,3.89,3.79,,,
1962-12-25,,,,,
1962-12-26,3.89,3.79,,,
1962-12-27,3.90,3.81,,,
1962-12-28,3.91,3.84,,,
1962-12-31,3.92,3.85,,,
1963-01-01,,,,,
1963-01-02,3.91,3.82,,,
1963-01-03,3.91,3.81,,,
1963-01-04,3.93,3.84,,,
1963-01-07,3.92,3.83,,,
1963-01-08,3.93,3.81,,,
1963-01-09,3.93,3.82,,,
1963-01-10,3.92,3.81,,,
1963-01-11,3.91,3.80,,,
1963-01-14,3.91,3.81,,,
1963-01-15,3.91,3.80,,,
1963-01-16,3.91,3.80,,,
1963-01-17,3.93,3.82,,,
1963-01-18,3.94,3.84,,,
1963-01-21,3.95,3.85,,,
1963-01-22,3.96,3.86,,,
1963-01-23,3.96,3.86,,,
1963-01-24,3.96,3.86,,,
1963-01-25,3.95,3.85,,,
1963-01-28,3.96,3.86,,,
1963-01-29,3.96,3.86,,,
1963-01-30,3.95,3.86,,,
1963-01-31,3.96,3.87,,,
1963-02-01,3.96,3.88,,,
1963-02-04,3.97,3.89,,,
1963-02-05,3.97,3.90,,,
1963-02-06,3.97,3.91,,,
1963-02-07,3.97,3.91,,,
1963-02-08,3.96,3.91,,,
1963-02-11,3.96,3.92,,,
1963-02-12,,,,,
1963-02-13,3.97,3.92,,,
1963-02-14,3.97,3.91,,,
1963-02-15,3.96,3.91,,,
1963-02-18,3.96,3.91,,,
1963-02-19,3.96,3.93,,,
1963-02-20,3.96,3.94,,,
1963-02-21,3.97,3.95,,,
1963-02-22,,,,,
1963-02-25,3.98,3.95,,,
1963-02-26,3.98,3.95,,,
1963-02-27,3.98,3.95,,,
1963-02-28,3.97,3.94,,,
1963-03-01,3.97,3.93,,,
1963-03-04,3.97,3.92,,,
1963-03-05,3.96,3.92,,,
1963-03-06,3.96,3.91,,,
1963-03-07,3.96,3.92,,,
1963-03-08,3.97,3.92,,,
1963-03-11,3.97,3.92,,,
1963-03-12,3.97,3.92,,,
1963-03-13,3.98,3.92,,,
1963-03-14,3.98,3.92,,,
1963-03-15,3.98,3.92,,,
1963-03-18,3.98,3.92,,,
1963-03-19,3.99,3.92,,,
1963-03-20,3.98,3.92,,,
1963-03-21,3.99,3.92,,,
1963-03-22,3.99,3.93,,,
1963-03-25,4.00,3.94,,,
1963-03-26,4.00,3.96,,,
1963-03-27,4.00,3.96,,,
1963-03-28,4.00,3.96,,,
1963-03-29,4.00,3.95,,,
1963-04-01,4.00,3.95,,,
1963-04-02,4.01,3.96,,,
1963-04-03,4.01,3.96,,,
1963-04-04,4.00,3.95,,,
1963-04-05,4.00,3.95,,,
1963-04-08,4.02,3.97,,,
1963-04-09,4.02,3.98,,,
1963-04-10,4.04,4.00,,,
1963-04-11,4.04,4.00,,,
1963-04-12,,,,,
1963-04-15,4.05,4.01,,,
1963-04-16,4.05,4.00,,,
1963-04-17,4.06,4.00,,,
1963-04-18,4.05,3.99,,,
1963-04-19,4.04,3.97,,,
1963-04-22,4.04,3.97,,,
1963-04-23,4.04,3.97,,,
1963-04-24,4.04,3.96,,,
1963-04-25,4.04,3.95,,,
1963-04-26,4.04,3.95,,,
1963-04-29,4.04,3.95,,,
1963-04-30,4.04,3.95,,,
1963-05-01,4.03,3.94,,,
1963-05-02,4.03,3.94,,,
1963-05-03,4.03,3.93,,,
1963-05-06,4.02,3.92,,,
1963-05-07,4.01,3.91,,,
1963-05-08,4.01,3.92,,,
1963-05-09,4.02,3.93,,,
1963-05-10,4.02,3.93,,,
1963-05-13,4.02,3.92,,,
1963-05-14,4.01,3.91,,,
1963-05-15,4.00,3.91,,,
1963-05-16,4.00,3.90,,,
1963-05-17,4.01,3.92,,,
1963-05-20,4.02,3.93,,,
1963-05-21,4.01,3.92,,,
1963-05-22,4.02,3.92,,,
1963-05-23,4.02,3.93,,,
1963-05-24,4.03,3.95,,,
1963-05-27,4.03,3.95,,,
1963-05-28,4.03,3.96,,,
1963-05-29,4.03,3.96,,,
1963-05-30,,,,,
1963-05-31,4.03,3.96,,,
1963-06-03,4.04,3.98,,,
1963-06-04,4.03,3.98,,,
1963-06-05,4.03,3.98,,,
1963-06-06,4.03,3.99,,,
1963-06-07,4.02,3.99,,,
1963-06-10,4.02,3.99,,,
1963-06-11,4.01,3.98,,,
1963-06-12,4.02,3.99,,,
1963-06-13,4.02,3.99,,,
1963-06-14,4.02,3.99,,,
1963-06-17,4.02,4.00,,,
1963-06-18,4.02,4.00,,,
1963-06-19,4.02,4.00,,,
1963-06-20,4.02,4.00,,,
1963-06-21,4.02,4.00,,,
1963-06-24,4.03,4.00,,,
1963-06-25,4.03,4.00,,,
1963-06-26,4.03,4.00,,,
1963-06-27,4.03,4.00,,,
1963-06-28,4.03,4.00,,,
1963-07-01,4.04,4.01,,,
1963-07-02,4.06,4.03,,,
1963-07-03,4.06,4.03,,,
1963-07-04,,,,,
1963-07-05,4.07,4.04,,,
1963-07-08,4.08,4.05,,,
1963-07-09,4.08,4.04,,,
1963-07-10,4.08,4.03,,,
1963-07-11,4.08,4.04,,,
1963-07-12,4.08,4.03,,,
1963-07-15,4.07,4.02,,,
1963-07-16,4.07,4.02,,,
1963-07-17,4.07,4.03,,,
1963-07-18,4.06,4.02,,,
1963-07-19,4.05,4.02,,,
1963-07-22,4.05,4.02,,,
1963-07-23,4.05,4.02,,,
1963-07-24,4.04,4.01,,,
1963-07-25,4.04,4.01,,,
1963-07-26,4.03,3.99,,,
1963-07-29,4.03,3.99,,,
1963-07-30,4.03,4.00,,,
1963-07-31,4.03,4.00,,,
1963-08-01,4.03,3.99,,,
1963-08-02,4.02,3.99,,,
1963-08-05,4.02,3.99,,,
1963-08-06,4.03,4.00,,,
1963-08-07,4.03,4.01,,,
1963-08-08,4.03,4.00,,,
1963-08-09,4.03,4.00,,,
1963-08-12,4.03,4.01,,,
1963-08-13,4.03,4.02,,,
1963-08-14,4.04,4.02,,,
1963-08-15,4.03,4.01,,,
1963-08-16,4.03,4.00,,,
1963-08-19,4.02,3.99,,,
1963-08-20,4.03,3.99,,,
1963-08-21,4.03,4.00,,,
1963-08-22,4.03,4.00,,,
1963-08-23,4.03,4.00,,,
1963-08-26,4.03,4.00,,,
1963-08-27,4.03,4.00,,,
1963-08-28,4.03,4.00,,,
1963-08-29,4.04,4.01,,,
1963-08-30,4.04,4.02,,,
1963-09-02,,,,,
1963-09-03,4.05,4.03,,,
1963-09-04,4.06,4.04,,,
1963-09-05,4.10,4.08,,,
1963-09-06,4.10,4.09,,,
1963-09-09,4.11,4.09,,,
1963-09-10,4.10,4.09,,,
1963-09-11,4.10,4.09,,,
1963-09-12,4.10,4.09,,,
1963-09-13,4.10,4.09,,,
1963-09-16,4.10,4.09,,,
1963-09-17,4.10,4.09,,,
1963-09-18,4.10,4.08,,,
1963-09-19,4.10,4.08,,,
1963-09-20,4.09,4.07,,,
1963-09-23,4.09,4.07,,,
1963-09-24,4.09,4.08,,,
1963-09-25,4.09,4.08,,,
1963-09-26,4.09,4.08,,,
1963-09-27,4.08,4.07,,,
1963-09-30,4.08,4.07,,,
1963-10-01,4.08,4.07,,,
1963-10-02,4.08,4.07,,,
1963-10-03,4.08,4.07,,,
1963-10-04,4.09,4.08,,,
1963-10-07,4.10,4.08,,,
1963-10-08,4.10,4.09,,,
1963-10-09,4.11,4.10,,,
1963-10-10,4.11,4.10,,,
1963-10-11,4.11,4.10,,,
1963-10-14,4.11,4.10,,,
1963-10-15,4.12,4.11,,,
1963-10-16,4.12,4.11,,,
1963-10-17,4.13,4.12,,,
1963-10-18,4.13,4.12,,,
1963-10-21,4.13,4.12,,,
1963-10-22,4.13,4.11,,,
1963-10-23,4.13,4.12,,,
1963-10-24,4.13,4.11,,,
1963-10-25,4.13,4.12,,,
1963-10-28,4.13,4.12,,,
1963-10-29,4.14,4.13,,,
1963-10-30,4.14,4.14,,,
1963-10-31,4.15,4.15,,,
1963-11-01,4.16,4.15,,,
1963-11-04,4.16,4.15,,,
1963-11-05,,,,,
1963-11-06,4.18,4.17,,,
1963-11-07,4.18,4.17,,,
1963-11-08,4.17,4.16,,,
1963-11-11,,,,,
1963-11-12,4.17,4.16,,,
1963-11-13,4.17,4.15,,,
1963-11-14,4.15,4.12,,,
1963-11-15,4.15,4.11,,,
1963-11-18,4.15,4.11,,,
1963-11-19,4.15,4.10,,,
1963-11-20,4.15,4.09,,,
1963-11-21,4.15,4.10,,,
1963-11-22,4.15,4.09,,,
1963-11-25,,,,,
1963-11-26,4.15,4.08,,,
1963-11-27,4.15,4.08,,,
1963-11-28,,,,,
1963-11-29,4.15,4.08,,,
1963-12-02,4.17,4.09,,,
1963-12-03,4.17,4.10,,,
1963-12-04,4.17,4.10,,,
1963-12-05,4.17,4.11,,,
1963-12-06,4.17,4.11,,,
1963-12-09,4.17,4.10,,,
1963-12-10,4.17,4.10,,,
1963-12-11,4.18,4.12,,,
1963-12-12,4.19,4.12,,,
1963-12-13,4.19,4.13,,,
1963-12-16,4.20,4.15,,,
1963-12-17,4.21,4.15,,,
1963-12-18,4.21,4.15,,,
1963-12-19,4.21,4.14,,,
1963-12-20,4.22,4.15,,,
1963-12-23,4.22,4.15,,,
1963-12-24,4.22,4.15,,,
1963-12-25,,,,,
1963-12-26,4.21,4.15,,,
1963-12-27,4.20,4.15,,,
1963-12-30,4.19,4.14,,,
1963-12-31,4.19,4.14,,,
1964-01-01,,,,,
1964-01-02,4.19,4.14,,,
1964-01-03,4.19,4.15,,,
1964-01-06,4.19,4.16,,,
1964-01-07,4.18,4.15,,,
1964-01-08,4.20,4.18,,,
1964-01-09,4.20,4.18,,,
1964-01-10,4.21,4.18,,,
1964-01-13,4.21,4.18,,,
1964-01-14,4.20,4.18,,,
1964-01-15,4.20,4.18,,,
1964-01-16,4.19,4.17,,,
1964-01-17,4.18,4.17,,,
1964-01-20,4.18,4.16,,,
1964-01-21,4.17,4.16,,,
1964-01-22,4.17,4.16,,,
1964-01-23,4.18,4.16,,,
1964-01-24,4.18,4.18,,,
1964-01-27,4.18,4.18,,,
1964-01-28,4.18,4.17,,,
1964-01-29,4.18,4.17,,,
1964-01-30,4.18,4.16,,,
1964-01-31,4.18,4.15,,,
1964-02-03,4.17,4.15,,,
1964-02-04,4.17,4.15,,,
1964-02-05,4.17,4.15,,,
1964-02-06,4.16,4.14,,,
1964-02-07,4.16,4.14,,,
1964-02-10,4.17,4.14,,,
1964-02-11,4.17,4.14,,,
1964-02-12,,,,,
1964-02-13,4.16,4.13,,,
1964-02-14,4.16,4.13,,,
1964-02-17,4.16,4.13,,,
1964-02-18,4.16,4.14,,,
1964-02-19,4.17,4.14,,,
1964-02-20,4.17,4.14,,,
1964-02-21,,,,,
1964-02-24,4.18,4.15,,,
1964-02-25,4.18,4.15,,,
1964-02-26,4.18,4.15,,,
1964-02-27,4.19,4.17,,,
1964-02-28,4.19,4.18,,,
1964-03-02,4.19,4.17,,,
1964-03-03,4.19,4.18,,,
1964-03-04,4.19,4.19,,,
1964-03-05,4.19,4.19,,,
1964-03-06,4.19,4.19,,,
1964-03-09,4.19,4.20,,,
1964-03-10,4.20,4.20,,,
1964-03-11,4.20,4.21,,,
1964-03-12,4.21,4.21,,,
1964-03-13,4.21,4.22,,,
1964-03-16,4.21,4.21,,,
1964-03-17,4.21,4.22,,,
1964-03-18,4.23,4.23,,,
1964-03-19,4.23,4.24,,,
1964-03-20,4.24,4.25,,,
1964-03-23,4.24,4.25,,,
1964-03-24,4.25,4.26,,,
1964-03-25,4.25,4.26,,,
1964-03-26,4.25,4.25,,,
1964-03-27,,,,,
1964-03-30,4.25,4.25,,,
1964-03-31,4.24,4.23,,,
1964-04-01,4.24,4.23,,,
1964-04-02,4.24,4.24,,,
1964-04-03,4.26,4.25,,,
1964-04-06,4.26,4.25,,,
1964-04-07,4.25,4.25,,,
1964-04-08,4.24,4.22,,,
1964-04-09,4.24,4.22,,,
1964-04-10,4.24,4.22,,,
1964-04-13,4.25,4.23,,,
1964-04-14,4.24,4.24,,,
1964-04-15,4.24,4.23,,,
1964-04-16,4.23,4.23,,,
1964-04-17,4.23,4.24,,,
1964-04-20,4.23,4.24,,,
1964-04-21,4.23,4.23,,,
1964-04-22,4.23,4.23,,,
1964-04-23,4.23,4.23,,,
1964-04-24,4.24,4.23,,,
1964-04-27,4.24,4.23,,,
1964-04-28,4.24,4.23,,,
1964-04-29,4.24,4.22,,,
1964-04-30,4.24,4.22,,,
1964-05-01,4.24,4.22,,,
1964-05-04,4.23,4.22,,,
1964-05-05,4.23,4.22,,,
1964-05-06,4.23,4.22,,,
1964-05-07,4.23,4.22,,,
1964-05-08,4.22,4.20,,,
1964-05-11,4.22,4.19,,,
1964-05-12,4.21,4.19,,,
1964-05-13,4.21,4.19,,,
1964-05-14,4.20,4.19,,,
1964-05-15,4.20,4.19,,,
1964-05-18,4.19,4.19,,,
1964-05-19,4.18,4.19,,,
1964-05-20,4.19,4.20,,,
1964-05-21,4.19,4.20,,,
1964-05-22,4.18,4.20,,,
1964-05-25,4.18,4.19,,,
1964-05-26,4.18,4.19,,,
1964-05-27,4.18,4.20,,,
1964-05-28,4.18,4.19,,,
1964-05-29,,,,,
1964-06-01,4.18,4.19,,,
1964-06-02,4.18,4.19,,,
1964-06-03,4.18,4.19,,,
1964-06-04,4.18,4.19,,,
1964-06-05,4.18,4.18,,,
1964-06-08,4.17,4.18,,,
1964-06-09,4.17,4.17,,,
1964-06-10,4.17,4.17,,,
1964-06-11,4.18,4.18,,,
1964-06-12,4.18,4.18,,,
1964-06-15,4.18,4.18,,,
1964-06-16,4.18,4.18,,,
1964-06-17,4.17,4.18,,,
1964-06-18,4.17,4.17,,,
1964-06-19,4.16,4.16,,,
1964-06-22,4.16,4.15,,,
1964-06-23,4.16,4.15,,,
1964-06-24,4.16,4.15,,,
1964-06-25,4.16,4.15,,,
1964-06-26,4.16,4.15,,,
1964-06-29,4.15,4.15,,,
1964-06-30,4.15,4.15,,,
1964-07-01,4.15,4.15,,,
1964-07-02,4.15,4.15,,,
1964-07-03,,,,,
1964-07-06,4.15,4.16,,,
1964-07-07,4.15,4.15,,,
1964-07-08,4.15,4.15,,,
1964-07-09,4.16,4.18,,,
1964-07-10,4.16,4.19,,,
1964-07-13,4.17,4.19,,,
1964-07-14,4.16,4.19,,,
1964-07-15,4.16,4.19,,,
1964-07-16,4.16,4.19,,,
1964-07-17,4.17,4.20,,,
1964-07-20,4.18,4.21,,,
1964-07-21,4.18,4.20,,,
1964-07-22,4.18,4.21,,,
1964-07-23,4.17,4.20,,,
1964-07-24,4.17,4.20,,,
1964-07-27,4.17,4.20,,,
1964-07-28,4.17,4.20,,,
1964-07-29,4.17,4.20,,,
1964-07-30,4.17,4.19,,,
1964-07-31,4.17,4.19,,,
1964-08-03,4.17,4.19,,,
1964-08-04,4.17,4.19,,,
1964-08-05,4.17,4.19,,,
1964-08-06,4.17,4.18,,,
1964-08-07,4.17,4.19,,,
1964-08-10,4.17,4.19,,,
1964-08-11,4.18,4.20,,,
1964-08-12,4.18,4.20,,,
1964-08-13,4.19,4.19,,,
1964-08-14,4.18,4.19,,,
1964-08-17,4.18,4.19,,,
1964-08-18,4.18,4.19,,,
1964-08-19,4.18,4.19,,,
1964-08-20,4.18,4.19,,,
1964-08-21,4.18,4.19,,,
1964-08-24,4.19,4.19,,,
1964-08-25,4.19,4.20,,,
1964-08-26,4.17,4.20,,,
1964-08-27,4.19,4.20,,,
1964-08-28,4.19,4.21,,,
1964-08-31,4.20,4.21,,,
1964-09-01,4.20,4.21,,,
1964-09-02,4.21,4.22,,,
1964-09-03,4.21,4.22,,,
1964-09-04,4.21,4.22,,,
1964-09-07,,,,,
1964-09-08,4.21,4.22,,,
1964-09-09,4.21,4.22,,,
1964-09-10,4.22,4.22,,,
1964-09-11,4.22,4.22,,,
1964-09-14,4.22,4.22,,,
1964-09-15,4.22,4.22,,,
1964-09-16,4.22,4.21,,,
1964-09-17,4.21,4.20,,,
1964-09-18,4.20,4.20,,,
1964-09-21,4.19,4.19,,,
1964-09-22,4.19,4.19,,,
1964-09-23,4.19,4.19,,,
1964-09-24,4.19,4.19,,,
1964-09-25,4.19,4.19,,,
1964-09-28,4.19,4.17,,,
1964-09-29,4.19,4.18,,,
1964-09-30,4.19,4.18,,,
1964-10-01,4.19,4.18,,,
1964-10-02,4.19,4.18,,,
1964-10-05,4.20,4.20,,,
1964-10-06,4.20,4.19,,,
1964-10-07,4.20,4.19,,,
1964-10-08,4.20,4.19,,,
1964-10-09,4.20,4.19,,,
1964-10-12,,,,,
1964-10-13,4.20,4.19,,,
1964-10-14,4.20,4.19,,,
1964-10-15,4.21,4.20,,,
1964-10-16,4.22,4.21,,,
1964-10-19,4.22,4.21,,,
1964-10-20,4.21,4.20,,,
1964-10-21,4.20,4.19,,,
1964-10-22,4.20,4.19,,,
1964-10-23,4.20,4.19,,,
1964-10-26,4.20,4.19,,,
1964-10-27,4.20,4.18,,,
1964-10-28,4.18,4.17,,,
1964-10-29,4.18,4.16,,,
1964-10-30,4.17,4.16,,,
1964-11-02,4.16,4.15,,,
1964-11-03,,,,,
1964-11-04,4.16,4.15,,,
1964-11-05,4.16,4.15,,,
1964-11-06,4.16,4.15,,,
1964-11-09,4.16,4.15,,,
1964-11-10,4.15,4.14,,,
1964-11-11,,,,,
1964-11-12,4.14,4.12,,,
1964-11-13,4.14,4.13,,,
1964-11-16,4.15,4.13,,,
1964-11-17,4.16,4.14,,,
1964-11-18,4.16,4.14,,,
1964-11-19,4.15,4.13,,,
1964-11-20,4.15,4.13,,,
1964-11-23,4.18,4.18,,,
1964-11-24,4.20,4.18,,,
1964-11-25,4.20,4.19,,,
1964-11-26,,,,,
1964-11-27,4.20,4.19,,,
1964-11-30,4.20,4.20,,,
1964-12-01,4.20,4.20,,,
1964-12-02,4.20,4.19,,,
1964-12-03,4.18,4.18,,,
1964-12-04,4.18,4.18,,,
1964-12-07,4.17,4.17,,,
1964-12-08,4.17,4.16,,,
1964-12-09,4.16,4.16,,,
1964-12-10,4.16,4.15,,,
1964-12-11,4.15,4.15,,,
1964-12-14,4.16,4.16,,,
1964-12-15,4.16,4.17,,,
1964-12-16,4.17,4.18,,,
1964-12-17,4.17,4.18,,,
1964-12-18,4.18,4.19,,,
1964-12-21,4.18,4.18,,,
1964-12-22,4.19,4.18,,,
1964-12-23,4.19,4.19,,,
1964-12-24,4.19,4.19,,,
1964-12-25,,,,,
1964-12-28,4.19,4.19,,,
1964-12-29,4.20,4.19,,,
1964-12-30,4.21,4.20,,,
1964-12-31,4.21,4.21,,,
1965-01-01,,,,,
1965-01-04,4.20,4.20,,,
1965-01-05,4.20,4.20,,,
1965-01-06,4.19,4.20,,,
1965-01-07,4.19,4.20,,,
1965-01-08,4.20,4.20,,,
1965-01-11,4.19,4.20,,,
1965-01-12,4.19,4.19,,,
1965-01-13,4.19,4.19,,,
1965-01-14,4.19,4.19,,,
1965-01-15,4.19,4.19,,,
1965-01-18,4.19,4.19,,,
1965-01-19,4.18,4.18,,,
1965-01-20,4.18,4.18,,,
1965-01-21,4.18,4.17,,,
1965-01-22,4.17,4.17,,,
1965-01-25,4.17,4.18,,,
1965-01-26,4.18,4.19,,,
1965-01-27,4.18,4.19,,,
1965-01-28,4.18,4.19,,,
1965-01-29,4.19,4.19,,,
1965-02-01,4.19,4.20,,,
1965-02-02,4.19,4.20,,,
1965-02-03,4.20,4.20,,,
1965-02-04,4.20,4.21,,,
1965-02-05,4.21,4.22,,,
1965-02-08,4.20,4.21,,,
1965-02-09,4.20,4.21,,,
1965-02-10,4.21,4.21,,,
1965-02-11,4.21,4.21,,,
1965-02-12,,,,,
1965-02-15,4.21,4.22,,,
1965-02-16,4.21,4.21,,,
1965-02-17,4.21,4.21,,,
1965-02-18,4.21,4.21,,,
1965-02-19,4.21,4.22,,,
1965-02-22,,,,,
1965-02-23,4.21,4.21,,,
1965-02-24,4.21,4.22,,,
1965-02-25,4.21,4.21,,,
1965-02-26,4.21,4.22,,,
1965-03-01,4.21,4.22,,,
1965-03-02,4.21,4.24,,,
1965-03-03,4.21,4.23,,,
1965-03-04,4.21,4.22,,,
1965-03-05,4.21,4.23,,,
1965-03-08,4.21,4.23,,,
1965-03-09,4.21,4.23,,,
1965-03-10,4.21,4.23,,,
1965-03-11,4.21,4.22,,,
1965-03-12,4.21,4.22,,,
1965-03-15,4.20,4.21,,,
1965-03-16,4.19,4.21,,,
1965-03-17,4.19,4.20,,,
1965-03-18,4.20,4.20,,,
1965-03-19,4.20,4.20,,,
1965-03-22,4.19,4.19,,,
1965-03-23,4.19,4.19,,,
1965-03-24,4.19,4.18,,,
1965-03-25,4.19,4.19,,,
1965-03-26,4.20,4.20,,,
1965-03-29,4.20,4.20,,,
1965-03-30,4.20,4.20,,,
1965-03-31,4.20,4.20,,,
1965-04-01,4.20,4.20,,,
1965-04-02,4.20,4.20,,,
1965-04-05,4.20,4.20,,,
1965-04-06,4.20,4.20,,,
1965-04-07,4.20,4.20,,,
1965-04-08,4.19,4.19,,,
1965-04-09,4.20,4.20,,,
1965-04-12,4.20,4.20,,,
1965-04-13,4.20,4.20,,,
1965-04-14,4.20,4.19,,,
1965-04-15,4.20,4.20,,,
1965-04-16,,,,,
1965-04-19,4.21,4.21,,,
1965-04-20,4.21,4.21,,,
1965-04-21,4.21,4.21,,,
1965-04-22,4.21,4.21,,,
1965-04-23,4.21,4.21,,,
1965-04-26,4.21,4.21,,,
1965-04-27,4.21,4.21,,,
1965-04-28,4.21,4.21,,,
1965-04-29,4.21,4.21,,,
1965-04-30,4.21,4.21,,,
1965-05-03,4.21,4.21,,,
1965-05-04,4.21,4.20,,,
1965-05-05,4.20,4.20,,,
1965-05-06,4.20,4.20,,,
1965-05-07,4.20,4.20,,,
1965-05-10,4.21,4.20,,,
1965-05-11,4.21,4.20,,,
1965-05-12,4.21,4.20,,,
1965-05-13,4.21,4.21,,,
1965-05-14,4.21,4.21,,,
1965-05-17,4.21,4.21,,,
1965-05-18,4.21,4.22,,,
1965-05-19,4.21,4.22,,,
1965-05-20,4.22,4.22,,,
1965-05-21,4.22,4.22,,,
1965-05-24,4.22,4.22,,,
1965-05-25,4.22,4.22,,,
1965-05-26,4.21,4.22,,,
1965-05-27,4.22,4.22,,,
1965-05-28,4.22,4.23,,,
1965-05-31,,,,,
1965-06-01,4.22,4.23,,,
1965-06-02,4.22,4.23,,,
1965-06-03,4.22,4.23,,,
1965-06-04,4.22,4.23,,,
1965-06-07,4.22,4.23,,,
1965-06-08,4.22,4.23,,,
1965-06-09,4.22,4.23,,,
1965-06-10,4.22,4.23,,,
1965-06-11,4.22,4.23,,,
1965-06-14,4.21,4.21,,,
1965-06-15,4.21,4.21,,,
1965-06-16,4.21,4.21,,,
1965-06-17,4.21,4.21,,,
1965-06-18,4.21,4.21,,,
1965-06-21,4.20,4.20,,,
1965-06-22,4.20,4.20,,,
1965-06-23,4.20,4.20,,,
1965-06-24,4.20,4.19,,,
1965-06-25,4.20,4.19,,,
1965-06-28,4.20,4.19,,,
1965-06-29,4.20,4.20,,,
1965-06-30,4.20,4.20,,,
1965-07-01,4.21,4.20,,,
1965-07-02,4.21,4.21,,,
1965-07-05,,,,,
1965-07-06,4.21,4.21,,,
1965-07-07,4.21,4.21,,,
1965-07-08,4.20,4.20,,,
1965-07-09,4.21,4.21,,,
1965-07-12,4.21,4.21,,,
1965-07-13,4.21,4.21,,,
1965-07-14,4.21,4.21,,,
1965-07-15,4.21,4.20,,,
1965-07-16,4.21,4.20,,,
1965-07-19,4.20,4.20,,,
1965-07-20,4.20,4.20,,,
1965-07-21,4.20,4.20,,,
1965-07-22,4.21,4.20,,,
1965-07-23,4.21,4.20,,,
1965-07-26,4.21,4.20,,,
1965-07-27,4.21,4.20,,,
1965-07-28,4.21,4.20,,,
1965-07-29,4.21,4.21,,,
1965-07-30,4.22,4.22,,,
1965-08-02,4.22,4.22,,,
1965-08-03,4.22,4.22,,,
1965-08-04,4.23,4.23,,,
1965-08-05,4.23,4.23,,,
1965-08-06,4.23,4.24,,,
1965-08-09,4.24,4.24,,,
1965-08-10,4.24,4.24,,,
1965-08-11,4.25,4.25,,,
1965-08-12,4.25,4.25,,,
1965-08-13,4.25,4.25,,,
1965-08-16,4.25,4.26,,,
1965-08-17,4.26,4.27,,,
1965-08-18,4.26,4.26,,,
1965-08-19,4.26,4.26,,,
1965-08-20,4.26,4.26,,,
1965-08-23,4.27,4.26,,,
1965-08-24,4.28,4.27,,,
1965-08-25,4.28,4.26,,,
1965-08-26,4.28,4.27,,,
1965-08-27,4.28,4.27,,,
1965-08-30,4.28,4.27,,,
1965-08-31,4.28,4.27,,,
1965-09-01,4.28,4.28,,,
1965-09-02,4.29,4.28,,,
1965-09-03,4.28,4.27,,,
1965-09-06,,,,,
1965-09-07,4.28,4.27,,,
1965-09-08,4.28,4.27,,,
1965-09-09,4.29,4.27,,,
1965-09-10,4.30,4.28,,,
1965-09-13,4.30,4.28,,,
1965-09-14,4.30,4.28,,,
1965-09-15,4.30,4.28,,,
1965-09-16,4.30,4.27,,,
1965-09-17,4.30,4.27,,,
1965-09-20,4.30,4.27,,,
1965-09-21,4.30,4.28,,,
1965-09-22,4.30,4.29,,,
1965-09-23,4.31,4.30,,,
1965-09-24,4.31,4.31,,,
1965-09-27,4.31,4.31,,,
1965-09-28,4.32,4.33,,,
1965-09-29,4.34,4.36,,,
1965-09-30,4.34,4.35,,,
1965-10-01,4.34,4.36,,,
1965-10-04,4.34,4.35,,,
1965-10-05,4.32,4.33,,,
1965-10-06,4.32,4.32,,,
1965-10-07,4.31,4.31,,,
1965-10-08,4.31,4.32,,,
1965-10-11,4.30,4.31,,,
1965-10-12,,,,,
1965-10-13,4.30,4.30,,,
1965-10-14,4.30,4.31,,,
1965-10-15,4.31,4.34,,,
1965-10-18,4.31,4.34,,,
1965-10-19,4.32,4.35,,,
1965-10-20,4.32,4.36,,,
1965-10-21,4.33,4.37,,,
1965-10-22,4.32,4.36,,,
1965-10-25,4.33,4.38,,,
1965-10-26,4.33,4.38,,,
1965-10-27,4.34,4.39,,,
1965-10-28,4.35,4.40,,,
1965-10-29,4.36,4.41,,,
1965-11-01,4.38,4.43,,,
1965-11-02,,,,,
1965-11-03,4.38,4.43,,,
1965-11-04,4.38,4.43,,,
1965-11-05,4.39,4.43,,,
1965-11-08,4.40,4.45,,,
1965-11-09,4.41,4.47,,,
1965-11-10,4.41,4.46,,,
1965-11-11,,,,,
1965-11-12,4.40,4.44,,,
1965-11-15,4.40,4.45,,,
1965-11-16,4.40,4.44,,,
1965-11-17,4.39,4.45,,,
1965-11-18,4.40,4.45,,,
1965-11-19,4.40,4.46,,,
1965-11-22,4.40,4.45,,,
1965-11-23,4.40,4.45,,,
1965-11-24,4.39,4.45,,,
1965-11-25,,,,,
1965-11-26,4.39,4.45,,,
1965-11-29,4.40,4.46,,,
1965-11-30,4.41,4.48,,,
1965-12-01,4.44,4.52,,,
1965-12-02,4.44,4.52,,,
1965-12-03,4.44,4.52,,,
1965-12-06,4.50,4.61,,,
1965-12-07,4.50,4.59,,,
1965-12-08,4.50,4.60,,,
1965-12-09,4.51,4.60,,,
1965-12-10,4.50,4.60,,,
1965-12-13,4.52,4.65,,,
1965-12-14,4.53,4.67,,,
1965-12-15,4.53,4.67,,,
1965-12-16,4.53,4.66,,,
1965-12-17,4.53,4.65,,,
1965-12-20,4.49,4.61,,,
1965-12-21,4.51,4.64,,,
1965-12-22,4.52,4.65,,,
1965-12-23,4.52,4.65,,,
1965-12-24,,,,,
1965-12-27,4.51,4.62,,,
1965-12-28,4.50,4.61,,,
1965-12-29,4.51,4.62,,,
1965-12-30,4.51,4.63,,,
1965-12-31,4.52,4.65,,,
1966-01-03,4.52,4.63,,,
1966-01-04,4.52,4.65,,,
1966-01-05,4.51,4.63,,,
1966-01-06,4.50,4.60,,,
1966-01-07,4.50,4.60,,,
1966-01-10,4.51,4.61,,,
1966-01-11,4.50,4.60,,,
1966-01-12,4.49,4.56,,,
1966-01-13,4.50,4.58,,,
1966-01-14,4.50,4.59,,,
1966-01-17,4.50,4.61,,,
1966-01-18,4.50,4.61,,,
1966-01-19,4.50,4.61,,,
1966-01-20,4.51,4.60,,,
1966-01-21,4.51,4.59,,,
1966-01-24,4.52,4.60,,,
1966-01-25,4.52,4.61,,,
1966-01-26,4.53,4.61,,,
1966-01-27,4.54,4.63,,,
1966-01-28,4.56,4.65,,,
1966-01-31,4.59,4.69,,,
1966-02-01,4.60,4.69,,,
1966-02-02,4.62,4.70,,,
1966-02-03,4.62,4.70,,,
1966-02-04,4.63,4.71,,,
1966-02-07,4.66,4.73,,,
1966-02-08,4.65,4.72,,,
1966-02-09,4.66,4.74,,,
1966-02-10,4.68,4.78,,,
1966-02-11,4.75,4.86,,,
1966-02-14,4.75,4.87,,,
1966-02-15,4.75,4.88,,,
1966-02-16,4.75,4.89,,,
1966-02-17,4.74,4.88,,,
1966-02-18,4.75,4.90,,,
1966-02-21,4.76,4.92,,,
1966-02-22,,,,,
1966-02-23,4.76,4.92,,,
1966-02-24,4.77,4.93,,,
1966-02-25,4.78,4.97,,,
1966-02-28,4.81,5.02,,,
1966-03-01,4.81,5.01,,,
1966-03-02,4.81,5.00,,,
1966-03-03,4.81,5.00,,,
1966-03-04,4.80,4.98,,,
1966-03-07,4.79,4.96,,,
1966-03-08,4.77,4.93,,,
1966-03-09,4.76,4.93,,,
1966-03-10,4.77,4.95,,,
1966-03-11,4.78,4.96,,,
1966-03-14,4.77,4.94,,,
1966-03-15,4.73,4.91,,,
1966-03-16,4.72,4.90,,,
1966-03-17,4.70,4.86,,,
1966-03-18,4.69,4.84,,,
1966-03-21,4.67,4.81,,,
1966-03-22,4.66,4.78,,,
1966-03-23,4.63,4.73,,,
1966-03-24,4.65,4.76,,,
1966-03-25,4.68,4.82,,,
1966-03-28,4.67,4.81,,,
1966-03-29,4.67,4.80,,,
1966-03-30,4.61,4.70,,,
1966-03-31,4.61,4.71,,,
1966-04-01,4.60,4.70,,,
1966-04-04,4.60,4.69,,,
1966-04-05,4.59,4.66,,,
1966-04-06,4.61,4.71,,,
1966-04-07,4.63,4.73,,,
1966-04-08,,,,,
1966-04-11,4.63,4.73,,,
1966-04-12,4.63,4.73,,,
1966-04-13,4.64,4.74,,,
1966-04-14,4.66,4.76,,,
1966-04-15,4.67,4.77,,,
1966-04-18,4.66,4.76,,,
1966-04-19,4.67,4.76,,,
1966-04-20,4.69,4.80,,,
1966-04-21,4.68,4.77,,,
1966-04-22,4.67,4.77,,,
1966-04-25,4.68,4.78,,,
1966-04-26,4.69,4.79,,,
1966-04-27,4.69,4.78,,,
1966-04-28,4.70,4.78,,,
1966-04-29,4.70,4.79,,,
1966-05-02,4.71,4.80,,,
1966-05-03,4.71,4.81,,,
1966-05-04,4.71,4.81,,,
1966-05-05,4.71,4.81,,,
1966-05-06,4.69,4.79,,,
1966-05-09,4.66,4.75,,,
1966-05-10,4.65,4.75,,,
1966-05-11,4.67,4.77,,,
1966-05-12,4.66,4.77,,,
1966-05-13,4.66,4.77,,,
1966-05-16,4.66,4.77,,,
1966-05-17,4.66,4.75,,,
1966-05-18,4.66,4.75,,,
1966-05-19,4.66,4.75,,,
1966-05-20,4.66,4.75,,,
1966-05-23,4.68,4.77,,,
1966-05-24,4.70,4.79,,,
1966-05-25,4.70,4.78,,,
1966-05-26,4.73,4.80,,,
1966-05-27,4.73,4.81,,,
1966-05-30,,,,,
1966-05-31,4.73,4.80,,,
1966-06-01,4.71,4.79,,,
1966-06-02,4.70,4.77,,,
1966-06-03,4.70,4.78,,,
1966-06-06,4.70,4.79,,,
1966-06-07,4.72,4.81,,,
1966-06-08,4.73,4.83,,,
1966-06-09,4.74,4.83,,,
1966-06-10,4.74,4.83,,,
1966-06-13,4.74,4.83,,,
1966-06-14,4.74,4.83,,,
1966-06-15,4.72,4.79,,,
1966-06-16,4.74,4.81,,,
1966-06-17,4.72,4.80,,,
1966-06-20,4.70,4.76,,,
1966-06-21,4.68,4.75,,,
1966-06-22,4.69,4.76,,,
1966-06-23,4.70,4.77,,,
1966-06-24,4.72,4.80,,,
1966-06-27,4.74,4.83,,,
1966-06-28,4.78,4.89,,,
1966-06-29,4.78,4.90,,,
1966-06-30,4.82,4.97,,,
1966-07-01,4.83,4.99,,,
1966-07-04,,,,,
1966-07-05,4.82,4.96,,,
1966-07-06,4.81,4.95,,,
1966-07-07,4.80,4.95,,,
1966-07-08,4.81,4.97,,,
1966-07-11,4.85,5.03,,,
1966-07-12,4.87,5.05,,,
1966-07-13,4.87,5.07,,,
1966-07-14,4.88,5.10,,,
1966-07-15,4.88,5.09,,,
1966-07-18,4.86,5.04,,,
1966-07-19,4.85,5.03,,,
1966-07-20,4.84,5.02,,,
1966-07-21,4.85,5.04,,,
1966-07-22,4.84,5.02,,,
1966-07-25,4.82,4.99,,,
1966-07-26,4.82,4.99,,,
1966-07-27,4.82,4.99,,,
1966-07-28,4.85,5.03,,,
1966-07-29,4.86,5.05,,,
1966-08-01,4.86,5.05,,,
1966-08-02,4.85,5.04,,,
1966-08-03,4.86,5.06,,,
1966-08-04,4.86,5.07,,,
1966-08-05,4.87,5.07,,,
1966-08-08,4.86,5.08,,,
1966-08-09,4.87,5.10,,,
1966-08-10,4.86,5.10,,,
1966-08-11,4.87,5.11,,,
1966-08-12,4.87,5.11,,,
1966-08-15,4.89,5.15,,,
1966-08-16,4.93,5.18,,,
1966-08-17,4.96,5.24,,,
1966-08-18,4.99,5.29,,,
1966-08-19,4.99,5.31,,,
1966-08-22,4.98,5.29,,,
1966-08-23,5.01,5.33,,,
1966-08-24,5.02,5.36,,,
1966-08-25,5.05,5.39,,,
1966-08-26,5.10,5.48,,,
1966-08-29,5.12,5.51,,,
1966-08-30,5.10,5.48,,,
1966-08-31,5.02,5.36,,,
1966-09-01,5.00,5.30,,,
1966-09-02,4.97,5.23,,,
1966-09-05,,,,,
1966-09-06,4.94,5.19,,,
1966-09-07,4.93,5.20,,,
1966-09-08,4.92,5.18,,,
1966-09-09,4.91,5.17,,,
1966-09-12,4.91,5.18,,,
1966-09-13,4.91,5.16,,,
1966-09-14,4.95,5.21,,,
1966-09-15,4.97,5.25,,,
1966-09-16,4.97,5.24,,,
1966-09-19,5.03,5.32,,,
1966-09-20,5.01,5.27,,,
1966-09-21,4.97,5.21,,,
1966-09-22,4.94,5.15,,,
1966-09-23,4.96,5.17,,,
1966-09-26,4.95,5.17,,,
1966-09-27,4.93,5.13,,,
1966-09-28,4.91,5.09,,,
1966-09-29,4.86,4.99,,,
1966-09-30,4.89,5.02,,,
1966-10-03,4.92,5.08,,,
1966-10-04,4.90,5.06,,,
1966-10-05,4.90,5.05,,,
1966-10-06,4.89,5.03,,,
1966-10-07,4.88,5.02,,,
1966-10-10,4.89,5.05,,,
1966-10-11,4.89,5.05,,,
1966-10-12,,,,,
1966-10-13,4.89,5.07,,,
1966-10-14,4.88,5.06,,,
1966-10-17,4.87,5.04,,,
1966-10-18,4.84,4.99,,,
1966-10-19,4.84,5.00,,,
1966-10-20,4.84,5.02,,,
1966-10-21,4.74,4.94,,,
1966-10-24,4.73,4.94,,,
1966-10-25,4.72,4.94,,,
1966-10-26,4.75,4.96,,,
1966-10-27,4.77,4.99,,,
1966-10-28,4.76,4.97,,,
1966-10-31,4.76,4.97,,,
1966-11-01,4.77,4.99,,,
1966-11-02,4.82,5.04,,,
1966-11-03,4.83,5.06,,,
1966-11-04,4.85,5.11,,,
1966-11-07,4.84,5.11,,,
1966-11-08,,,,,
1966-11-09,4.85,5.12,,,
1966-11-10,4.89,5.17,,,
1966-11-11,,,,,
1966-11-14,4.90,5.19,,,
1966-11-15,4.90,5.21,,,
1966-11-16,4.90,5.22,,,
1966-11-17,4.90,5.23,,,
1966-11-18,4.91,5.22,,,
1966-11-21,4.88,5.17,,,
1966-11-22,4.89,5.20,,,
1966-11-23,4.90,5.22,,,
1966-11-24,,,,,
1966-11-25,4.91,5.23,,,
1966-11-28,4.90,5.19,,,
1966-11-29,4.88,5.15,,,
1966-11-30,4.87,5.12,,,
1966-12-01,4.86,5.09,,,
1966-12-02,4.85,5.03,,,
1966-12-05,4.86,5.06,,,
1966-12-06,4.87,5.07,,,
1966-12-07,4.89,5.07,,,
1966-12-08,4.92,5.10,,,
1966-12-09,4.89,5.05,,,
1966-12-12,4.82,4.93,,,
1966-12-13,4.78,4.86,,,
1966-12-14,4.76,4.83,,,
1966-12-15,4.72,4.76,,,
1966-12-16,4.73,4.78,,,
1966-12-19,4.71,4.72,,,
1966-12-20,4.68,4.69,,,
1966-12-21,4.68,4.66,,,
1966-12-22,4.68,4.68,,,
1966-12-23,4.68,4.67,,,
1966-12-26,,,,,
1966-12-27,4.69,4.71,,,
1966-12-28,4.65,4.64,,,
1966-12-29,4.63,4.66,,,
1966-12-30,4.58,4.64,,,
1967-01-02,,,,,
1967-01-03,4.60,4.69,,,
1967-01-04,4.56,4.65,,,
1967-01-05,4.53,4.63,,,
1967-01-06,4.54,4.64,,,
1967-01-09,4.57,4.71,,,
1967-01-10,4.56,4.69,,,
1967-01-11,4.45,4.54,,,
1967-01-12,4.47,4.55,,,
1967-01-13,4.45,4.51,,,
1967-01-16,4.44,4.49,,,
1967-01-17,4.45,4.51,,,
1967-01-18,4.47,4.53,,,
1967-01-19,4.50,4.58,,,
1967-01-20,4.52,4.60,,,
1967-01-23,4.53,4.60,,,
1967-01-24,4.55,4.65,,,
1967-01-25,4.56,4.62,,,
1967-01-26,4.46,4.50,,,
1967-01-27,4.47,4.47,,,
1967-01-30,4.47,4.48,,,
1967-01-31,4.48,4.52,,,
1967-02-01,4.50,4.52,,,
1967-02-02,4.50,4.51,,,
1967-02-03,4.50,4.52,,,
1967-02-06,4.52,4.53,,,
1967-02-07,4.53,4.54,,,
1967-02-08,4.54,4.54,,,
1967-02-09,4.54,4.53,,,
1967-02-10,4.58,4.59,,,
1967-02-13,,,,,
1967-02-14,4.62,4.64,,,
1967-02-15,4.65,4.69,,,
1967-02-16,4.64,4.67,,,
1967-02-17,4.65,4.68,,,
1967-02-20,4.68,4.70,,,
1967-02-21,4.70,4.71,,,
1967-02-22,,,,,
1967-02-23,4.73,4.74,,,
1967-02-24,4.71,4.73,,,
1967-02-27,4.70,4.72,,,
1967-02-28,4.70,4.72,,,
1967-03-01,4.65,4.66,,,
1967-03-02,4.62,4.63,,,
1967-03-03,4.61,4.62,,,
1967-03-06,4.60,4.61,,,
1967-03-07,4.59,4.60,,,
1967-03-08,4.60,4.61,,,
1967-03-09,4.56,4.57,,,
1967-03-10,4.57,4.58,,,
1967-03-13,4.56,4.56,,,
1967-03-14,4.54,4.53,,,
1967-03-15,4.52,4.49,,,
1967-03-16,4.50,4.45,,,
1967-03-17,4.52,4.47,,,
1967-03-20,4.51,4.45,,,
1967-03-21,4.55,4.51,,,
1967-03-22,4.56,4.52,,,
1967-03-23,4.54,4.50,,,
1967-03-24,,,,,
1967-03-27,4.56,4.52,,,
1967-03-28,4.57,4.52,,,
1967-03-29,4.57,4.52,,,
1967-03-30,4.57,4.50,,,
1967-03-31,4.56,4.50,,,
1967-04-03,4.56,4.50,,,
1967-04-04,4.55,4.49,,,
1967-04-05,4.57,4.50,,,
1967-04-06,4.56,4.49,,,
1967-04-07,4.54,4.48,,,
1967-04-10,4.55,4.50,,,
1967-04-11,4.56,4.51,,,
1967-04-12,4.56,4.51,,,
1967-04-13,4.58,4.54,,,
1967-04-14,4.59,4.56,,,
1967-04-17,4.64,4.61,,,
1967-04-18,4.67,4.63,,,
1967-04-19,4.67,4.63,,,
1967-04-20,4.67,4.63,,,
1967-04-21,4.69,4.66,,,
1967-04-24,4.71,4.68,,,
1967-04-25,4.75,4.71,,,
1967-04-26,4.77,4.73,,,
1967-04-27,4.77,4.73,,,
1967-04-28,4.81,4.78,,,
1967-05-01,4.82,4.77,,,
1967-05-02,4.81,4.75,,,
1967-05-03,4.80,4.75,,,
1967-05-04,4.81,4.76,,,
1967-05-05,4.83,4.77,,,
1967-05-08,4.86,4.83,,,
1967-05-09,4.91,4.87,,,
1967-05-10,4.91,4.87,,,
1967-05-11,4.90,4.84,,,
1967-05-12,4.89,4.82,,,
1967-05-15,4.91,4.86,,,
1967-05-16,4.92,4.87,,,
1967-05-17,4.93,4.88,,,
1967-05-18,4.93,4.88,,,
1967-05-19,4.93,4.89,,,
1967-05-22,4.97,4.94,,,
1967-05-23,4.98,4.94,,,
1967-05-24,4.98,4.93,,,
1967-05-25,4.97,4.92,,,
1967-05-26,4.92,4.86,,,
1967-05-29,4.89,4.84,,,
1967-05-30,,,,,
1967-05-31,4.85,4.81,,,
1967-06-01,4.83,4.81,,,
1967-06-02,4.84,4.82,,,
1967-06-05,4.88,4.85,,,
1967-06-06,4.87,4.84,,,
1967-06-07,4.86,4.84,,,
1967-06-08,4.89,4.86,,,
1967-06-09,4.90,4.89,,,
1967-06-12,4.94,4.94,,,
1967-06-13,4.95,4.95,,,
1967-06-14,4.99,5.02,,,
1967-06-15,4.99,5.02,,,
1967-06-16,5.03,5.07,,,
1967-06-19,5.03,5.07,,,
1967-06-20,5.08,5.14,,,
1967-06-21,5.08,5.14,,,
1967-06-22,5.08,5.13,,,
1967-06-23,5.08,5.14,,,
1967-06-26,5.09,5.16,,,
1967-06-27,5.11,5.21,,,
1967-06-28,5.08,5.18,,,
1967-06-29,5.07,5.20,,,
1967-06-30,5.08,5.22,,,
1967-07-03,5.07,5.22,,,
1967-07-04,,,,,
1967-07-05,5.02,5.17,,,
1967-07-06,4.99,5.11,,,
1967-07-07,5.01,5.15,,,
1967-07-10,5.01,5.16,,,
1967-07-11,4.96,5.09,,,
1967-07-12,4.92,5.06,,,
1967-07-13,4.92,5.08,,,
1967-07-14,4.93,5.08,,,
1967-07-17,4.94,5.09,,,
1967-07-18,4.98,5.16,,,
1967-07-19,5.01,5.18,,,
1967-07-20,5.03,5.20,,,
1967-07-21,5.03,5.20,,,
1967-07-24,5.05,5.23,,,
1967-07-25,5.07,5.23,,,
1967-07-26,5.10,5.23,,,
1967-07-27,5.08,5.20,,,
1967-07-28,5.07,5.18,,,
1967-07-31,5.06,5.16,,,
1967-08-01,5.07,5.18,,,
1967-08-02,5.08,5.21,,,
1967-08-03,5.06,5.20,,,
1967-08-04,5.09,5.26,,,
1967-08-07,5.12,5.30,,,
1967-08-08,5.10,5.28,,,
1967-08-09,5.10,5.27,,,
1967-08-10,5.11,5.28,,,
1967-08-11,5.12,5.29,,,
1967-08-14,5.12,5.29,,,
1967-08-15,5.13,5.29,,,
1967-08-16,5.12,5.28,,,
1967-08-17,5.12,5.28,,,
1967-08-18,5.12,5.28,,,
1967-08-21,5.13,5.30,,,
1967-08-22,5.13,5.30,,,
1967-08-23,5.14,5.31,,,
1967-08-24,5.15,5.31,,,
1967-08-25,5.15,5.32,,,
1967-08-28,5.14,5.29,,,
1967-08-29,5.14,5.27,,,
1967-08-30,5.14,5.28,,,
1967-08-31,5.14,5.27,,,
1967-09-01,5.13,5.25,,,
1967-09-04,,,,,
1967-09-05,5.11,5.22,,,
1967-09-06,5.08,5.20,,,
1967-09-07,5.08,5.20,,,
1967-09-08,5.11,5.26,,,
1967-09-11,5.13,5.28,,,
1967-09-12,5.13,5.29,,,
1967-09-13,5.12,5.27,,,
1967-09-14,5.13,5.28,,,
1967-09-15,5.14,5.29,,,
1967-09-18,5.15,5.30,,,
1967-09-19,5.19,5.35,,,
1967-09-20,5.18,5.34,,,
1967-09-21,5.21,5.36,,,
1967-09-22,5.21,5.36,,,
1967-09-25,5.23,5.38,,,
1967-09-26,5.23,5.37,,,
1967-09-27,5.24,5.37,,,
1967-09-28,5.23,5.36,,,
1967-09-29,5.19,5.31,,,
1967-10-02,5.21,5.35,,,
1967-10-03,5.21,5.35,,,
1967-10-04,5.23,5.37,,,
1967-10-05,5.23,5.37,,,
1967-10-06,5.23,5.37,,,
1967-10-09,5.24,5.39,,,
1967-10-10,5.28,5.42,,,
1967-10-11,5.29,5.42,,,
1967-10-12,,,,,
1967-10-13,5.32,5.45,,,
1967-10-16,5.35,5.47,,,
1967-10-17,5.40,5.49,,,
1967-10-18,5.45,5.52,,,
1967-10-19,5.47,5.53,,,
1967-10-20,5.46,5.52,,,
1967-10-23,5.47,5.56,,,
1967-10-24,5.47,5.56,,,
1967-10-25,5.46,5.57,,,
1967-10-26,5.46,5.58,,,
1967-10-27,5.44,5.57,,,
1967-10-30,5.46,5.60,,,
1967-10-31,5.52,5.64,,,
1967-11-01,5.55,5.70,,,
1967-11-02,5.57,5.71,,,
1967-11-03,5.62,5.75,,,
1967-11-06,5.64,5.77,,,
1967-11-07,,,,,
1967-11-08,5.62,5.74,,,
1967-11-09,5.68,5.78,,,
1967-11-10,5.73,5.83,,,
1967-11-13,5.80,5.87,,,
1967-11-14,5.75,5.81,,,
1967-11-15,5.73,5.78,,,
1967-11-16,5.67,5.72,,,
1967-11-17,5.70,5.75,,,
1967-11-20,5.81,5.85,,,
1967-11-21,5.63,5.71,,,
1967-11-22,5.61,5.70,,,
1967-11-23,,,,,
1967-11-24,5.69,5.78,,,
1967-11-27,5.67,5.76,,,
1967-11-28,5.57,5.65,,,
1967-11-29,5.58,5.67,,,
1967-11-30,5.65,5.74,,,
1967-12-01,5.68,5.78,,,
1967-12-04,5.66,5.76,,,
1967-12-05,5.64,5.74,,,
1967-12-06,5.58,5.69,,,
1967-12-07,5.60,5.71,,,
1967-12-08,5.61,5.72,,,
1967-12-11,5.63,5.74,,,
1967-12-12,5.64,5.75,,,
1967-12-13,5.61,5.71,,,
1967-12-14,5.59,5.70,,,
1967-12-15,5.60,5.71,,,
1967-12-18,5.56,5.68,,,
1967-12-19,5.55,5.66,,,
1967-12-20,5.53,5.62,,,
1967-12-21,5.55,5.64,,,
1967-12-22,5.58,5.69,,,
1967-12-25,,,,,
1967-12-26,5.55,5.64,,,
1967-12-27,5.53,5.64,,,
1967-12-28,5.57,5.70,,,
1967-12-29,5.56,5.70,,,
1968-01-01,,,,,
1968-01-02,5.51,5.63,,,
1968-01-03,5.48,5.63,,,
1968-01-04,5.37,5.51,,,
1968-01-05,5.33,5.48,,,
1968-01-08,5.34,5.50,,,
1968-01-09,5.36,5.52,,,
1968-01-10,5.31,5.46,,,
1968-01-11,5.31,5.46,,,
1968-01-12,5.29,5.43,,,
1968-01-15,5.36,5.49,,,
1968-01-16,5.40,5.52,,,
1968-01-17,5.37,5.48,,,
1968-01-18,5.44,5.55,,,
1968-01-19,5.48,5.59,,,
1968-01-22,5.49,5.61,,,
1968-01-23,5.44,5.56,,,
1968-01-24,5.42,5.56,,,
1968-01-25,5.40,5.52,,,
1968-01-26,5.40,5.53,,,
1968-01-29,5.39,5.53,,,
1968-01-30,5.37,5.53,,,
1968-01-31,5.37,5.54,,,
1968-02-01,5.38,5.58,,,
1968-02-02,5.37,5.58,,,
1968-02-05,5.39,5.60,,,
1968-02-06,5.40,5.61,,,
1968-02-07,5.38,5.59,,,
1968-02-08,5.40,5.60,,,
1968-02-09,5.39,5.59,,,
1968-02-12,,,,,
1968-02-13,5.37,5.55,,,
1968-02-14,5.36,5.54,,,
1968-02-15,5.34,5.51,,,
1968-02-16,5.34,5.50,,,
1968-02-19,5.35,5.53,,,
1968-02-20,5.36,5.54,,,
1968-02-21,5.35,5.54,,,
1968-02-22,,,,,
1968-02-23,5.36,5.56,,,
1968-02-26,5.39,5.58,,,
1968-02-27,5.40,5.58,,,
1968-02-28,5.40,5.57,,,
1968-02-29,5.40,5.56,,,
1968-03-01,5.40,5.56,,,
1968-03-04,5.41,5.57,,,
1968-03-05,5.44,5.59,,,
1968-03-06,5.47,5.61,,,
1968-03-07,5.52,5.67,,,
1968-03-08,5.61,5.75,,,
1968-03-11,5.60,5.75,,,
1968-03-12,5.64,5.79,,,
1968-03-13,5.70,5.86,,,
1968-03-14,5.77,5.95,,,
1968-03-15,5.69,5.84,,,
1968-03-18,5.62,5.76,,,
1968-03-19,5.63,5.77,,,
1968-03-20,5.61,5.73,,,
1968-03-21,5.62,5.76,,,
1968-03-22,5.61,5.74,,,
1968-03-25,5.60,5.74,,,
1968-03-26,5.64,5.78,,,
1968-03-27,5.64,5.78,,,
1968-03-28,5.64,5.78,,,
1968-03-29,5.62,5.76,,,
1968-04-01,5.52,5.64,,,
1968-04-02,5.50,5.62,,,
1968-04-03,5.42,5.49,,,
1968-04-04,5.42,5.52,,,
1968-04-05,5.42,5.52,,,
1968-04-08,5.41,5.54,,,
1968-04-09,,,,,
1968-04-10,5.37,5.53,,,
1968-04-11,5.38,5.54,,,
1968-04-12,,,,,
1968-04-15,5.42,5.60,,,
1968-04-16,5.42,5.62,,,
1968-04-17,5.42,5.62,,,
1968-04-18,5.44,5.64,,,
1968-04-19,5.54,5.76,,,
1968-04-22,5.56,5.78,,,
1968-04-23,5.52,5.73,,,
1968-04-24,5.50,5.72,,,
1968-04-25,5.50,5.72,,,
1968-04-26,5.50,5.71,,,
1968-04-29,5.50,5.73,,,
1968-04-30,5.50,5.74,,,
1968-05-01,5.47,5.73,,,
1968-05-02,5.48,5.76,,,
1968-05-03,5.51,5.80,,,
1968-05-06,5.50,5.78,,,
1968-05-07,5.49,5.79,,,
1968-05-08,5.50,5.80,,,
1968-05-09,5.49,5.79,,,
1968-05-10,5.48,5.79,,,
1968-05-13,5.49,5.79,,,
1968-05-14,5.51,5.82,,,
1968-05-15,5.52,5.85,,,
1968-05-16,5.57,5.90,,,
1968-05-17,5.59,5.92,,,
1968-05-20,5.64,5.96,,,
1968-05-21,5.66,6.02,,,
1968-05-22,5.67,6.02,,,
1968-05-23,5.65,5.98,,,
1968-05-24,5.62,5.96,,,
1968-05-27,5.57,5.92,,,
1968-05-28,5.57,5.94,,,
1968-05-29,5.58,5.95,,,
1968-05-30,,,,,
1968-05-31,5.50,5.86,,,
1968-06-03,5.45,5.79,,,
1968-06-04,5.42,5.78,,,
1968-06-05,5.45,5.81,,,
1968-06-06,5.46,5.83,,,
1968-06-07,5.45,5.82,,,
1968-06-10,5.45,5.80,,,
1968-06-11,5.46,5.79,,,
1968-06-12,5.45,5.77,,,
1968-06-13,5.43,5.76,,,
1968-06-14,5.40,5.72,,,
1968-06-17,5.39,5.71,,,
1968-06-18,5.40,5.71,,,
1968-06-19,5.38,5.67,,,
1968-06-20,5.35,5.62,,,
1968-06-21,5.32,5.60,,,
1968-06-24,5.32,5.61,,,
1968-06-25,5.35,5.64,,,
1968-06-26,5.36,5.64,,,
1968-06-27,5.36,5.65,,,
1968-06-28,5.36,5.64,,,
1968-07-01,5.35,5.62,,,
1968-07-02,5.34,5.58,,,
1968-07-03,5.34,5.57,,,
1968-07-04,,,,,
1968-07-05,5.34,5.56,,,
1968-07-08,5.33,5.53,,,
1968-07-09,5.32,5.51,,,
1968-07-10,5.32,5.52,,,
1968-07-11,5.31,5.52,,,
1968-07-12,5.31,5.53,,,
1968-07-15,5.33,5.56,,,
1968-07-16,5.34,5.57,,,
1968-07-17,5.34,5.55,,,
1968-07-18,5.37,5.56,,,
1968-07-19,5.37,5.53,,,
1968-07-22,5.32,5.45,,,
1968-07-23,5.24,5.38,,,
1968-07-24,5.22,5.39,,,
1968-07-25,5.20,5.37,,,
1968-07-26,5.17,5.39,,,
1968-07-29,5.19,5.41,,,
1968-07-30,5.20,5.41,,,
1968-07-31,5.19,5.39,,,
1968-08-01,5.16,5.38,,,
1968-08-02,5.14,5.34,,,
1968-08-05,5.16,5.37,,,
1968-08-06,5.17,5.38,,,
1968-08-07,5.17,5.36,,,
1968-08-08,5.18,5.37,,,
1968-08-09,5.20,5.39,,,
1968-08-12,5.22,5.42,,,
1968-08-13,5.24,5.43,,,
1968-08-14,5.24,5.43,,,
1968-08-15,5.26,5.45,,,
1968-08-16,5.25,5.42,,,
1968-08-19,5.25,5.43,,,
1968-08-20,5.26,5.43,,,
1968-08-21,5.28,5.46,,,
1968-08-22,5.30,5.50,,,
1968-08-23,5.28,5.47,,,
1968-08-26,5.26,5.46,,,
1968-08-27,5.25,5.46,,,
1968-08-28,5.24,5.45,,,
1968-08-29,5.23,5.43,,,
1968-08-30,5.22,5.42,,,
1968-09-02,,,,,
1968-09-03,5.22,5.41,,,
1968-09-04,5.24,5.43,,,
1968-09-05,5.26,5.46,,,
1968-09-06,5.28,5.48,,,
1968-09-09,5.29,5.49,,,
1968-09-10,5.31,5.51,,,
1968-09-11,5.31,5.50,,,
1968-09-12,5.31,5.49,,,
1968-09-13,5.30,5.48,,,
1968-09-16,5.28,5.46,,,
1968-09-17,5.27,5.46,,,
1968-09-18,5.26,5.42,,,
1968-09-19,5.26,5.43,,,
1968-09-20,5.27,5.45,,,
1968-09-23,5.27,5.45,,,
1968-09-24,5.27,5.44,,,
1968-09-25,5.27,5.44,,,
1968-09-26,5.28,5.45,,,
1968-09-27,5.29,5.46,,,
1968-09-30,5.32,5.49,,,
1968-10-01,5.33,5.49,,,
1968-10-02,5.33,5.49,,,
1968-10-03,5.34,5.50,,,
1968-10-04,5.36,5.52,,,
1968-10-07,5.39,5.55,,,
1968-10-08,5.42,5.57,,,
1968-10-09,5.45,5.60,,,
1968-10-10,5.48,5.61,,,
1968-10-11,5.48,5.61,,,
1968-10-14,5.49,5.62,,,
1968-10-15,5.52,5.65,,,
1968-10-16,5.49,5.62,,,
1968-10-17,5.44,5.58,,,
1968-10-18,5.43,5.57,,,
1968-10-21,5.43,5.58,,,
1968-10-22,5.44,5.58,,,
1968-10-23,5.44,5.58,,,
1968-10-24,5.45,5.61,,,
1968-10-25,5.45,5.60,,,
1968-10-28,5.45,5.61,,,
1968-10-29,5.47,5.62,,,
1968-10-30,5.47,5.63,,,
1968-10-31,5.46,5.61,,,
1968-11-01,5.45,5.61,,,
1968-11-04,5.47,5.63,,,
1968-11-05,,,,,
1968-11-06,5.46,5.62,,,
1968-11-07,5.48,5.63,,,
1968-11-08,5.50,5.65,,,
1968-11-11,,,,,
1968-11-12,5.53,5.68,,,
1968-11-13,5.53,5.66,,,
1968-11-14,5.53,5.66,,,
1968-11-15,5.54,5.68,,,
1968-11-18,5.56,5.71,,,
1968-11-19,5.59,5.74,,,
1968-11-20,5.60,5.74,,,
1968-11-21,5.60,5.73,,,
1968-11-22,5.61,5.74,,,
1968-11-25,5.62,5.75,,,
1968-11-26,5.63,5.76,,,
1968-11-27,5.64,5.76,,,
1968-11-28,,,,,
1968-11-29,5.66,5.78,,,
1968-12-02,5.76,5.89,,,
1968-12-03,5.79,5.96,,,
1968-12-04,5.77,5.95,,,
1968-12-05,5.75,5.93,,,
1968-12-06,5.74,5.91,,,
1968-12-09,5.76,5.92,,,
1968-12-10,5.78,5.93,,,
1968-12-11,5.78,5.93,,,
1968-12-12,5.81,5.94,,,
1968-12-13,5.81,5.93,,,
1968-12-16,5.82,5.96,,,
1968-12-17,5.84,5.97,,,
1968-12-18,5.86,6.00,,,
1968-12-19,5.94,6.07,,,
1968-12-20,6.02,6.14,,,
1968-12-23,6.07,6.23,,,
1968-12-24,6.12,6.27,,,
1968-12-25,,,,,
1968-12-26,6.03,6.17,,,
1968-12-27,6.03,6.20,,,
1968-12-30,6.02,6.21,,,
1968-12-31,5.98,6.16,,,
1969-01-01,,,,,
1969-01-02,5.92,6.04,,,
1969-01-03,5.94,6.01,,,
1969-01-06,5.98,6.04,,,
1969-01-07,6.08,6.14,,,
1969-01-08,6.04,6.09,,,
1969-01-09,5.99,6.04,,,
1969-01-10,5.96,6.03,,,
1969-01-13,5.98,6.04,,,
1969-01-14,5.98,6.04,,,
1969-01-15,5.98,6.02,,,
1969-01-16,5.94,5.98,,,
1969-01-17,5.96,5.97,,,
1969-01-20,5.94,5.95,,,
1969-01-21,5.95,5.97,,,
1969-01-22,5.97,6.03,,,
1969-01-23,5.97,6.02,,,
1969-01-24,5.96,6.01,,,
1969-01-27,5.98,6.03,,,
1969-01-28,6.01,6.05,,,
1969-01-29,6.04,6.09,,,
1969-01-30,6.07,6.14,,,
1969-01-31,6.14,6.19,,,
1969-02-03,6.18,6.22,,,
1969-02-04,6.14,6.20,,,
1969-02-05,6.13,6.19,,,
1969-02-06,6.13,6.20,,,
1969-02-07,6.06,6.14,,,
1969-02-10,6.06,6.14,,,
1969-02-11,6.02,6.10,,,
1969-02-12,,,,,
1969-02-13,6.00,6.09,,,
1969-02-14,6.02,6.11,,,
1969-02-17,6.05,6.14,,,
1969-02-18,6.08,6.16,,,
1969-02-19,6.11,6.20,,,
1969-02-20,6.14,6.23,,,
1969-02-21,6.15,6.24,,,
1969-02-24,6.14,6.22,,,
1969-02-25,6.14,6.24,,,
1969-02-26,6.14,6.24,,,
1969-02-27,6.17,6.27,,,
1969-02-28,6.17,6.26,,,
1969-03-03,6.15,6.25,,,
1969-03-04,6.14,6.24,,,
1969-03-05,6.15,6.24,,,
1969-03-06,6.17,6.26,,,
1969-03-07,6.18,6.27,,,
1969-03-10,6.20,6.27,,,
1969-03-11,6.22,6.30,,,
1969-03-12,6.24,6.31,,,
1969-03-13,6.27,6.32,,,
1969-03-14,6.29,6.31,,,
1969-03-17,6.32,6.35,,,
1969-03-18,6.32,6.35,,,
1969-03-19,6.25,6.32,,,
1969-03-20,6.25,6.31,,,
1969-03-21,6.22,6.29,,,
1969-03-24,6.19,6.28,,,
1969-03-25,6.22,6.30,,,
1969-03-26,6.24,6.32,,,
1969-03-27,6.24,6.33,,,
1969-03-28,6.22,6.30,,,
1969-03-31,,,,,
1969-04-01,6.16,6.25,,,
1969-04-02,6.17,6.25,,,
1969-04-03,6.18,6.26,,,
1969-04-04,,,,,
1969-04-07,6.18,6.28,,,
1969-04-08,6.14,6.25,,,
1969-04-09,6.09,6.19,,,
1969-04-10,6.09,6.18,,,
1969-04-11,6.03,6.15,,,
1969-04-14,5.91,6.06,,,
1969-04-15,5.97,6.11,,,
1969-04-16,5.96,6.10,,,
1969-04-17,5.99,6.13,,,
1969-04-18,6.02,6.16,,,
1969-04-21,5.98,6.14,,,
1969-04-22,5.95,6.12,,,
1969-04-23,5.94,6.12,,,
1969-04-24,5.96,6.14,,,
1969-04-25,5.97,6.15,,,
1969-04-28,5.99,6.19,,,
1969-04-29,6.00,6.21,,,
1969-04-30,5.98,6.20,,,
1969-05-01,5.98,6.25,,,
1969-05-02,5.95,6.23,,,
1969-05-05,5.91,6.19,,,
1969-05-06,5.92,6.22,,,
1969-05-07,5.93,6.22,,,
1969-05-08,5.92,6.20,,,
1969-05-09,5.96,6.23,,,
1969-05-12,5.99,6.27,,,
1969-05-13,5.99,6.25,,,
1969-05-14,5.98,6.24,,,
1969-05-15,6.01,6.26,,,
1969-05-16,6.07,6.31,,,
1969-05-19,6.13,6.36,,,
1969-05-20,6.14,6.36,,,
1969-05-21,6.16,6.36,,,
1969-05-22,6.22,6.36,,,
1969-05-23,6.30,6.38,,,
1969-05-26,6.35,6.44,,,
1969-05-27,6.41,6.54,,,
1969-05-28,6.46,6.56,,,
1969-05-29,6.43,6.56,,,
1969-05-30,,,,,
1969-06-02,6.41,6.56,,,
1969-06-03,6.39,6.55,,,
1969-06-04,6.36,6.56,,,
1969-06-05,6.35,6.54,,,
1969-06-06,6.31,6.52,,,
1969-06-09,6.36,6.59,,,
1969-06-10,6.30,6.56,,,
1969-06-11,6.27,6.56,,,
1969-06-12,6.22,6.54,,,
1969-06-13,6.20,6.51,,,
1969-06-16,6.19,6.49,,,
1969-06-17,6.26,6.52,,,
1969-06-18,6.25,6.53,,,
1969-06-19,6.26,6.57,,,
1969-06-20,6.28,6.59,,,
1969-06-23,6.27,6.60,,,
1969-06-24,6.27,6.63,,,
1969-06-25,6.25,6.63,,,
1969-06-26,6.21,6.62,,,
1969-06-27,6.25,6.66,,,
1969-06-30,6.28,6.73,,,
1969-07-01,6.29,6.75,,,
1969-07-02,6.32,6.77,,,
1969-07-03,6.29,6.75,,,
1969-07-04,,,,,
1969-07-07,6.33,6.76,,,
1969-07-08,6.35,6.79,,,
1969-07-09,6.37,6.82,,,
1969-07-10,6.33,6.78,,,
1969-07-11,6.19,6.64,,,
1969-07-14,6.22,6.69,,,
1969-07-15,6.27,6.72,,,
1969-07-16,6.25,6.67,,,
1969-07-17,6.27,6.69,,,
1969-07-18,6.26,6.70,,,
1969-07-21,,,,,
1969-07-22,6.22,6.66,,,
1969-07-23,6.23,6.68,,,
1969-07-24,6.25,6.70,,,
1969-07-25,6.26,6.71,,,
1969-07-28,6.28,6.73,,,
1969-07-29,6.26,6.72,,,
1969-07-30,6.26,6.72,,,
1969-07-31,6.23,6.66,,,
1969-08-01,6.25,6.66,,,
1969-08-04,6.21,6.63,,,
1969-08-05,6.18,6.60,,,
1969-08-06,6.18,6.62,,,
1969-08-07,6.17,6.63,,,
1969-08-08,6.17,6.64,,,
1969-08-11,6.18,6.69,,,
1969-08-12,6.20,6.70,,,
1969-08-13,6.21,6.70,,,
1969-08-14,6.22,6.68,,,
1969-08-15,6.22,6.68,,,
1969-08-18,6.18,6.66,,,
1969-08-19,6.18,6.65,,,
1969-08-20,6.20,6.66,,,
1969-08-21,6.21,6.68,,,
1969-08-22,6.23,6.71,,,
1969-08-25,6.24,6.72,,,
1969-08-26,6.26,6.76,,,
1969-08-27,6.28,6.79,,,
1969-08-28,6.32,6.83,,,
1969-08-29,6.32,6.83,,,
1969-09-01,,,,,
1969-09-02,6.36,6.87,,,
1969-09-03,6.41,6.94,,,
1969-09-04,6.42,6.96,,,
1969-09-05,6.44,6.99,,,
1969-09-08,6.48,7.03,,,
1969-09-09,6.47,7.04,,,
1969-09-10,6.45,7.02,,,
1969-09-11,6.44,7.05,,,
1969-09-12,6.46,7.08,,,
1969-09-15,6.48,7.09,,,
1969-09-16,6.51,7.14,,,
1969-09-17,6.55,7.14,,,
1969-09-18,6.60,7.27,,,
1969-09-19,6.59,7.28,,,
1969-09-22,6.58,7.26,,,
1969-09-23,6.59,7.26,,,
1969-09-24,6.62,7.27,,,
1969-09-25,6.64,7.30,,,
1969-09-26,6.75,7.40,,,
1969-09-29,6.79,7.45,,,
1969-09-30,6.82,7.51,,,
1969-10-01,6.81,7.52,,,
1969-10-02,6.75,7.45,,,
1969-10-03,6.68,7.38,,,
1969-10-06,6.62,7.35,,,
1969-10-07,6.54,7.31,,,
1969-10-08,6.53,7.29,,,
1969-10-09,6.54,7.30,,,
1969-10-10,6.48,7.22,,,
1969-10-13,,,,,
1969-10-14,6.38,7.10,,,
1969-10-15,6.42,7.12,,,
1969-10-16,6.38,7.04,,,
1969-10-17,6.35,6.99,,,
1969-10-20,6.24,6.83,,,
1969-10-21,6.21,6.77,,,
1969-10-22,6.26,6.80,,,
1969-10-23,6.38,6.90,,,
1969-10-24,6.42,6.90,,,
1969-10-27,6.48,6.93,,,
1969-10-28,6.61,7.00,,,
1969-10-29,6.62,7.00,,,
1969-10-30,6.60,6.96,,,
1969-10-31,6.58,6.94,,,
1969-11-03,6.52,6.90,,,
1969-11-04,,,,,
1969-11-05,6.62,6.97,,,
1969-11-06,6.65,7.01,,,
1969-11-07,6.64,6.99,,,
1969-11-10,6.65,6.99,,,
1969-11-11,,,,,
1969-11-12,6.71,7.06,,,
1969-11-13,6.74,7.12,,,
1969-11-14,6.73,7.08,,,
1969-11-17,6.76,7.13,,,
1969-11-18,6.82,7.22,,,
1969-11-19,6.86,7.25,,,
1969-11-20,6.89,7.31,,,
1969-11-21,6.85,7.28,,,
1969-11-24,6.80,7.27,,,
1969-11-25,6.79,7.28,,,
1969-11-26,6.81,7.30,,,
1969-11-27,,,,,
1969-11-28,6.80,7.29,,,
1969-12-01,6.81,7.29,,,
1969-12-02,6.87,7.35,,,
1969-12-03,6.86,7.39,,,
1969-12-04,6.76,7.35,,,
1969-12-05,6.74,7.35,,,
1969-12-08,6.77,7.40,,,
1969-12-09,6.84,7.50,,,
1969-12-10,6.88,7.59,,,
1969-12-11,6.90,7.62,,,
1969-12-12,6.88,7.60,,,
1969-12-15,6.88,7.63,,,
1969-12-16,6.92,7.72,,,
1969-12-17,6.94,7.76,,,
1969-12-18,6.96,7.81,,,
1969-12-19,6.93,7.79,,,
1969-12-22,6.92,7.76,,,
1969-12-23,6.95,7.82,,,
1969-12-24,6.99,7.89,,,
1969-12-25,,,,,
1969-12-26,7.02,7.87,,,
1969-12-29,7.14,8.05,,,
1969-12-30,7.04,7.97,,,
1969-12-31,6.94,7.88,,,
1970-01-01,,,,,
1970-01-02,6.88,7.86,,,
1970-01-05,6.90,7.88,,,
1970-01-06,6.96,7.96,,,
1970-01-07,6.98,7.99,,,
1970-01-08,6.93,7.96,,,
1970-01-09,6.85,7.86,,,
1970-01-12,6.84,7.82,,,
1970-01-13,6.88,7.81,,,
1970-01-14,6.96,7.86,,,
1970-01-15,6.95,7.85,,,
1970-01-16,6.90,7.75,,,
1970-01-19,6.88,7.69,,,
1970-01-20,6.92,7.72,,,
1970-01-21,6.92,7.69,,,
1970-01-22,6.93,7.67,,,
1970-01-23,6.95,7.69,,,
1970-01-26,6.95,7.71,,,
1970-01-27,6.92,7.70,,,
1970-01-28,6.93,7.70,,,
1970-01-29,6.94,7.77,,,
1970-01-30,6.96,7.75,,,
1970-02-02,6.92,7.65,,,
1970-02-03,6.90,7.58,,,
1970-02-04,6.85,7.50,,,
1970-02-05,6.81,7.45,,,
1970-02-06,6.74,7.36,,,
1970-02-09,6.65,7.28,,,
1970-02-10,6.69,7.32,,,
1970-02-11,6.70,7.33,,,
1970-02-12,,,,,
1970-02-13,6.56,7.15,,,
1970-02-16,6.58,7.17,,,
1970-02-17,6.60,7.15,,,
1970-02-18,6.60,7.12,,,
1970-02-19,6.59,7.09,,,
1970-02-20,6.63,7.12,,,
1970-02-23,,,,,
1970-02-24,6.61,7.14,,,
1970-02-25,6.58,7.04,,,
1970-02-26,6.55,6.94,,,
1970-02-27,6.55,6.90,,,
1970-03-02,6.59,6.95,,,
1970-03-03,6.59,6.99,,,
1970-03-04,6.59,6.97,,,
1970-03-05,6.63,6.98,,,
1970-03-06,6.62,6.96,,,
1970-03-09,6.65,6.99,,,
1970-03-10,6.71,7.04,,,
1970-03-11,6.78,7.11,,,
1970-03-12,6.83,7.16,,,
1970-03-13,6.89,7.23,,,
1970-03-16,6.92,7.24,,,
1970-03-17,6.97,7.36,,,
1970-03-18,6.92,7.28,,,
1970-03-19,6.72,7.07,,,
1970-03-20,6.74,7.06,,,
1970-03-23,6.73,7.05,,,
1970-03-24,6.69,7.02,,,
1970-03-25,6.62,6.96,,,
1970-03-26,6.60,6.98,,,
1970-03-27,,,,,
1970-03-30,6.67,7.05,,,
1970-03-31,6.68,7.08,,,
1970-04-01,6.63,7.04,,,
1970-04-02,6.63,7.08,,,
1970-04-03,6.65,7.14,,,
1970-04-06,6.69,7.17,,,
1970-04-07,6.70,7.18,,,
1970-04-08,6.71,7.17,,,
1970-04-09,6.72,7.18,,,
1970-04-10,6.70,7.17,,,
1970-04-13,6.71,7.20,,,
1970-04-14,6.73,7.22,,,
1970-04-15,6.77,7.27,,,
1970-04-16,6.83,7.34,,,
1970-04-17,6.90,7.40,,,
1970-04-20,6.93,7.44,,,
1970-04-21,6.94,7.50,,,
1970-04-22,7.03,7.61,,,
1970-04-23,7.05,7.64,,,
1970-04-24,7.08,7.72,,,
1970-04-27,7.10,7.74,,,
1970-04-28,7.09,7.79,,,
1970-04-29,7.06,7.78,,,
1970-04-30,7.07,7.82,,,
1970-05-01,7.09,7.85,,,
1970-05-04,7.21,7.94,,,
1970-05-05,7.21,7.92,,,
1970-05-06,7.14,7.86,,,
1970-05-07,7.12,7.82,,,
1970-05-08,7.08,7.78,,,
1970-05-11,7.11,7.82,,,
1970-05-12,7.13,7.84,,,
1970-05-13,7.13,7.85,,,
1970-05-14,7.14,7.86,,,
1970-05-15,7.11,7.83,,,
1970-05-18,7.10,7.80,,,
1970-05-19,7.10,7.80,,,
1970-05-20,7.14,7.85,,,
1970-05-21,7.22,7.90,,,
1970-05-22,7.31,7.99,,,
1970-05-25,7.52,8.15,,,
1970-05-26,7.73,8.22,,,
1970-05-27,7.55,8.02,,,
1970-05-28,7.49,7.98,,,
1970-05-29,7.46,7.95,,,
1970-06-01,7.37,7.84,,,
1970-06-02,7.29,7.78,,,
1970-06-03,7.29,7.76,,,
1970-06-04,7.31,7.80,,,
1970-06-05,7.38,7.88,,,
1970-06-08,7.42,7.89,,,
1970-06-09,7.39,7.88,,,
1970-06-10,7.40,7.87,,,
1970-06-11,7.44,7.92,,,
1970-06-12,7.50,7.98,,,
1970-06-15,7.51,7.98,,,
1970-06-16,7.36,7.87,,,
1970-06-17,7.39,7.90,,,
1970-06-18,7.38,7.90,,,
1970-06-19,7.39,7.90,,,
1970-06-22,7.36,7.86,,,
1970-06-23,7.26,7.79,,,
1970-06-24,7.22,7.74,,,
1970-06-25,7.25,7.76,,,
1970-06-26,7.27,7.78,,,
1970-06-29,7.24,7.76,,,
1970-06-30,7.11,7.68,,,
1970-07-01,7.06,7.64,,,
1970-07-02,6.97,7.55,,,
1970-07-03,,,,,
1970-07-06,6.88,7.49,,,
1970-07-07,6.84,7.46,,,
1970-07-08,6.90,7.49,,,
1970-07-09,6.93,7.49,,,
1970-07-10,6.99,7.54,,,
1970-07-13,6.99,7.55,,,
1970-07-14,6.97,7.53,,,
1970-07-15,6.96,7.49,,,
1970-07-16,6.94,7.46,,,
1970-07-17,6.93,7.45,,,
1970-07-20,6.94,7.46,,,
1970-07-21,6.95,7.45,,,
1970-07-22,6.94,7.43,,,
1970-07-23,6.81,7.32,,,
1970-07-24,6.83,7.34,,,
1970-07-27,6.84,7.36,,,
1970-07-28,6.92,7.41,,,
1970-07-29,6.91,7.39,,,
1970-07-30,6.91,7.38,,,
1970-07-31,6.91,7.38,,,
1970-08-03,6.92,7.39,,,
1970-08-04,6.93,7.40,,,
1970-08-05,6.97,7.42,,,
1970-08-06,6.98,7.43,,,
1970-08-07,7.00,7.45,,,
1970-08-10,7.04,7.50,,,
1970-08-11,7.08,7.54,,,
1970-08-12,7.11,7.56,,,
1970-08-13,7.12,7.58,,,
1970-08-14,7.22,7.67,,,
1970-08-17,7.28,7.71,,,
1970-08-18,7.25,7.68,,,
1970-08-19,7.23,7.65,,,
1970-08-20,7.23,7.64,,,
1970-08-21,7.17,7.60,,,
1970-08-24,7.02,7.48,,,
1970-08-25,7.00,7.46,,,
1970-08-26,7.00,7.45,,,
1970-08-27,7.01,7.48,,,
1970-08-28,7.01,7.49,,,
1970-08-31,7.00,7.49,,,
1970-09-01,6.98,7.47,,,
1970-09-02,6.97,7.48,,,
1970-09-03,6.97,7.48,,,
1970-09-04,6.97,7.47,,,
1970-09-07,,,,,
1970-09-08,6.97,7.50,,,
1970-09-09,7.00,7.54,,,
1970-09-10,7.00,7.52,,,
1970-09-11,6.97,7.50,,,
1970-09-14,6.96,7.48,,,
1970-09-15,6.94,7.46,,,
1970-09-16,6.89,7.40,,,
1970-09-17,6.81,7.32,,,
1970-09-18,6.79,7.31,,,
1970-09-21,6.78,7.29,,,
1970-09-22,6.77,7.28,,,
1970-09-23,6.76,7.24,,,
1970-09-24,6.78,7.26,,,
1970-09-25,6.78,7.28,,,
1970-09-28,6.82,7.31,,,
1970-09-29,6.80,7.30,,,
1970-09-30,6.81,7.29,,,
1970-10-01,6.82,7.29,,,
1970-10-02,6.79,7.26,,,
1970-10-05,6.79,7.26,,,
1970-10-06,6.78,7.24,,,
1970-10-07,6.78,7.23,,,
1970-10-08,6.79,7.25,,,
1970-10-09,6.81,7.25,,,
1970-10-12,,,,,
1970-10-13,6.81,7.25,,,
1970-10-14,6.86,7.30,,,
1970-10-15,6.85,7.30,,,
1970-10-16,6.87,7.31,,,
1970-10-19,6.90,7.35,,,
1970-10-20,6.91,7.37,,,
1970-10-21,6.95,7.42,,,
1970-10-22,6.98,7.46,,,
1970-10-23,6.98,7.44,,,
1970-10-26,7.00,7.44,,,
1970-10-27,7.00,7.42,,,
1970-10-28,6.97,7.38,,,
1970-10-29,6.88,7.31,,,
1970-10-30,6.90,7.33,,,
1970-11-02,6.80,7.24,,,
1970-11-03,,,,,
1970-11-04,6.79,7.23,,,
1970-11-05,6.79,7.20,,,
1970-11-06,6.76,7.15,,,
1970-11-09,6.71,7.06,,,
1970-11-10,6.70,7.06,,,
1970-11-11,,,,,
1970-11-12,6.63,7.03,,,
1970-11-13,6.67,7.00,,,
1970-11-16,6.68,6.96,,,
1970-11-17,6.68,6.93,,,
1970-11-18,6.64,6.86,,,
1970-11-19,6.53,6.72,,,
1970-11-20,6.35,6.48,,,
1970-11-23,6.21,6.32,,,
1970-11-24,6.32,6.45,,,
1970-11-25,6.38,6.48,,,
1970-11-26,,,,,
1970-11-27,6.38,6.48,,,
1970-11-30,6.39,6.49,,,
1970-12-01,6.36,6.48,,,
1970-12-02,6.28,6.41,,,
1970-12-03,6.21,6.31,,,
1970-12-04,6.16,6.21,,,
1970-12-07,6.22,6.27,,,
1970-12-08,6.22,6.29,,,
1970-12-09,6.25,6.34,,,
1970-12-10,6.25,6.34,,,
1970-12-11,6.21,6.31,,,
1970-12-14,6.16,6.26,,,
1970-12-15,6.17,6.29,,,
1970-12-16,6.15,6.29,,,
1970-12-17,6.16,6.30,,,
1970-12-18,6.19,6.33,,,
1970-12-21,6.28,6.45,,,
1970-12-22,6.33,6.52,,,
1970-12-23,6.37,6.57,,,
1970-12-24,6.37,6.53,,,
1970-12-25,,,,,
1970-12-28,6.40,6.54,,,
1970-12-29,6.45,6.56,,,
1970-12-30,6.44,6.51,,,
1970-12-31,6.45,6.50,,,
1971-01-01,,,,,
1971-01-04,6.39,6.46,,,
1971-01-05,6.38,6.47,,,
1971-01-06,6.37,6.47,,,
1971-01-07,6.33,6.45,,,
1971-01-08,6.31,6.44,,,
1971-01-11,6.28,6.39,,,
1971-01-12,6.25,6.35,,,
1971-01-13,6.22,6.29,,,
1971-01-14,6.16,6.22,,,
1971-01-15,6.16,6.22,,,
1971-01-18,6.11,6.16,,,
1971-01-19,6.12,6.17,,,
1971-01-20,6.12,6.15,,,
1971-01-21,6.08,6.09,,,
1971-01-22,6.04,6.06,,,
1971-01-25,6.02,6.05,,,
1971-01-26,6.04,6.07,,,
1971-01-27,6.06,6.09,,,
1971-01-28,6.06,6.08,,,
1971-01-29,6.07,6.09,,,
1971-02-01,6.09,6.09,,,
1971-02-02,6.10,6.11,,,
1971-02-03,6.10,6.11,,,
1971-02-04,6.10,6.10,,,
1971-02-05,6.09,6.10,,,
1971-02-08,6.08,6.09,,,
1971-02-09,6.07,6.07,,,
1971-02-10,6.07,6.08,,,
1971-02-11,6.09,6.08,,,
1971-02-12,,,,,
1971-02-15,,,,,
1971-02-16,6.12,6.11,,,
1971-02-17,6.13,6.11,,,
1971-02-18,6.14,6.11,,,
1971-02-19,6.16,6.12,,,
1971-02-22,6.19,6.15,,,
1971-02-23,6.22,6.18,,,
1971-02-24,6.24,6.16,,,
1971-02-25,6.22,6.11,,,
1971-02-26,6.24,6.14,,,
1971-03-01,6.24,6.12,,,
1971-03-02,6.21,6.09,,,
1971-03-03,6.19,6.05,,,
1971-03-04,6.19,6.05,,,
1971-03-05,6.18,6.03,,,
1971-03-08,6.16,5.99,,,
1971-03-09,6.08,5.90,,,
1971-03-10,5.99,5.80,,,
1971-03-11,5.92,5.69,,,
1971-03-12,5.94,5.72,,,
1971-03-15,5.94,5.70,,,
1971-03-16,5.92,5.68,,,
1971-03-17,5.87,5.61,,,
1971-03-18,5.82,5.55,,,
1971-03-19,5.78,5.51,,,
1971-03-22,5.72,5.42,,,
1971-03-23,5.69,5.38,,,
1971-03-24,5.72,5.41,,,
1971-03-25,5.75,5.43,,,
1971-03-26,5.79,5.48,,,
1971-03-29,5.83,5.54,,,
1971-03-30,5.81,5.50,,,
1971-03-31,5.83,5.53,,,
1971-04-01,5.85,5.58,,,
1971-04-02,5.88,5.60,,,
1971-04-05,5.89,5.63,,,
1971-04-06,5.87,5.60,,,
1971-04-07,5.86,5.58,,,
1971-04-08,5.86,5.62,,,
1971-04-09,,,,,
1971-04-12,5.94,5.73,,,
1971-04-13,5.96,5.72,,,
1971-04-14,5.96,5.77,,,
1971-04-15,5.98,5.80,,,
1971-04-16,5.98,5.82,,,
1971-04-19,6.01,5.88,,,
1971-04-20,6.08,5.97,,,
1971-04-21,6.14,6.04,,,
1971-04-22,6.13,6.02,,,
1971-04-23,6.12,6.01,,,
1971-04-26,6.12,6.00,,,
1971-04-27,6.12,6.00,,,
1971-04-28,6.09,5.99,,,
1971-04-29,6.10,6.07,,,
1971-04-30,6.10,6.08,,,
1971-05-03,6.16,6.15,,,
1971-05-04,6.27,6.25,,,
1971-05-05,6.27,6.26,,,
1971-05-06,6.29,6.28,,,
1971-05-07,6.27,6.25,,,
1971-05-10,6.25,6.22,,,
1971-05-11,6.26,6.26,,,
1971-05-12,6.33,6.35,,,
1971-05-13,6.39,6.47,,,
1971-05-14,6.42,6.49,,,
1971-05-17,6.44,6.57,,,
1971-05-18,6.49,6.65,,,
1971-05-19,6.47,6.60,,,
1971-05-20,6.35,6.49,,,
1971-05-21,6.35,6.53,,,
1971-05-24,6.34,6.49,,,
1971-05-25,6.31,6.44,,,
1971-05-26,6.27,6.37,,,
1971-05-27,6.25,6.35,,,
1971-05-28,6.27,6.38,,,
1971-05-31,,,,,
1971-06-01,6.24,6.36,,,
1971-06-02,6.17,6.24,,,
1971-06-03,6.14,6.19,,,
1971-06-04,6.21,6.26,,,
1971-06-07,6.26,6.34,,,
1971-06-08,6.30,6.38,,,
1971-06-09,6.34,6.44,,,
1971-06-10,6.36,6.48,,,
1971-06-11,6.36,6.50,,,
1971-06-14,6.47,6.63,,,
1971-06-15,6.56,6.73,,,
1971-06-16,6.52,6.68,,,
1971-06-17,6.52,6.68,,,
1971-06-18,6.46,6.58,,,
1971-06-21,6.40,6.53,,,
1971-06-22,6.45,6.62,,,
1971-06-23,6.45,6.61,,,
1971-06-24,6.46,6.61,,,
1971-06-25,6.45,6.62,,,
1971-06-28,6.45,6.64,,,
1971-06-29,6.45,6.67,,,
1971-06-30,6.44,6.70,,,
1971-07-01,6.43,6.69,,,
1971-07-02,6.41,6.69,,,
1971-07-05,,,,,
1971-07-06,6.39,6.68,,,
1971-07-07,6.38,6.66,,,
1971-07-08,6.38,6.67,,,
1971-07-09,6.38,6.68,,,
1971-07-12,6.32,6.60,,,
1971-07-13,6.30,6.61,,,
1971-07-14,6.28,6.60,,,
1971-07-15,6.27,6.59,,,
1971-07-16,6.32,6.66,,,
1971-07-19,6.37,6.71,,,
1971-07-20,6.38,6.70,,,
1971-07-21,6.36,6.70,,,
1971-07-22,6.41,6.79,,,
1971-07-23,6.44,6.84,,,
1971-07-26,6.45,6.86,,,
1971-07-27,6.45,6.91,,,
1971-07-28,6.46,6.95,,,
1971-07-29,6.44,6.88,,,
1971-07-30,6.43,6.85,,,
1971-08-02,6.42,6.86,,,
1971-08-03,6.45,6.91,,,
1971-08-04,6.46,6.89,,,
1971-08-05,6.44,6.86,,,
1971-08-06,6.44,6.86,,,
1971-08-09,6.45,6.88,,,
1971-08-10,6.45,6.89,,,
1971-08-11,6.43,6.86,,,
1971-08-12,6.38,6.80,,,
1971-08-13,6.32,6.68,,,
1971-08-16,6.14,6.41,,,
1971-08-17,6.10,6.30,,,
1971-08-18,6.11,6.35,,,
1971-08-19,6.13,6.34,,,
1971-08-20,6.14,6.37,,,
1971-08-23,6.22,6.48,,,
1971-08-24,6.19,6.38,,,
1971-08-25,6.20,6.40,,,
1971-08-26,6.18,6.37,,,
1971-08-27,6.14,6.33,,,
1971-08-30,6.12,6.32,,,
1971-08-31,6.09,6.28,,,
1971-09-01,6.08,6.22,,,
1971-09-02,6.04,6.17,,,
1971-09-03,5.99,6.12,,,
1971-09-06,,,,,
1971-09-07,5.95,6.07,,,
1971-09-08,5.97,6.08,,,
1971-09-09,6.00,6.13,,,
1971-09-10,6.02,6.12,,,
1971-09-13,6.09,6.20,,,
1971-09-14,6.11,6.18,,,
1971-09-15,6.09,6.17,,,
1971-09-16,6.08,6.14,,,
1971-09-17,6.05,6.13,,,
1971-09-20,6.07,6.15,,,
1971-09-21,6.08,6.17,,,
1971-09-22,6.10,6.19,,,
1971-09-23,6.10,6.20,,,
1971-09-24,6.08,6.16,,,
1971-09-27,6.06,6.13,,,
1971-09-28,6.04,6.12,,,
1971-09-29,6.02,6.08,,,
1971-09-30,5.97,6.00,,,
1971-10-01,5.95,6.00,,,
1971-10-04,5.93,5.98,,,
1971-10-05,5.97,6.01,,,
1971-10-06,5.96,5.98,,,
1971-10-07,5.96,5.97,,,
1971-10-08,5.94,5.94,,,
1971-10-11,,,,,
1971-10-12,5.90,5.88,,,
1971-10-13,5.88,5.86,,,
1971-10-14,5.90,5.88,,,
1971-10-15,5.90,5.90,,,
1971-10-18,5.94,5.95,,,
1971-10-19,5.95,5.96,,,
1971-10-20,5.93,5.92,,,
1971-10-21,5.91,5.88,,,
1971-10-22,5.91,5.90,,,
1971-10-25,,,,,
1971-10-26,5.89,5.89,,,
1971-10-27,5.90,5.92,,,
1971-10-28,5.90,5.90,,,
1971-10-29,5.87,5.87,,,
1971-11-01,5.83,5.80,,,
1971-11-02,,,,,
1971-11-03,5.77,5.72,,,
1971-11-04,5.78,5.72,,,
1971-11-05,5.78,5.72,,,
1971-11-08,5.81,5.77,,,
1971-11-09,5.83,5.77,,,
1971-11-10,5.86,5.82,,,
1971-11-11,5.86,5.79,,,
1971-11-12,5.84,5.77,,,
1971-11-15,5.84,5.77,,,
1971-11-16,5.83,5.76,,,
1971-11-17,5.83,5.75,,,
1971-11-18,5.82,5.77,,,
1971-11-19,5.84,5.79,,,
1971-11-22,5.88,5.82,,,
1971-11-23,5.93,5.89,,,
1971-11-24,5.96,5.95,,,
1971-11-25,,,,,
1971-11-26,5.96,5.94,,,
1971-11-29,5.96,5.95,,,
1971-11-30,5.95,5.93,,,
1971-12-01,5.95,5.92,,,
1971-12-02,5.96,5.90,,,
1971-12-03,5.96,5.88,,,
1971-12-06,5.95,5.88,,,
1971-12-07,5.98,5.92,,,
1971-12-08,5.98,5.92,,,
1971-12-09,6.00,5.94,,,
1971-12-10,5.99,5.93,,,
1971-12-13,5.98,5.90,,,
1971-12-14,6.00,5.94,,,
1971-12-15,6.03,5.96,,,
1971-12-16,6.03,5.95,,,
1971-12-17,6.02,5.93,,,
1971-12-20,6.04,5.97,,,
1971-12-21,6.08,6.00,,,
1971-12-22,6.09,6.01,,,
1971-12-23,6.06,5.97,,,
1971-12-24,,,,,
1971-12-27,6.02,5.91,,,
1971-12-28,5.98,5.86,,,
1971-12-29,5.99,5.90,,,
1971-12-30,6.00,5.90,,,
1971-12-31,5.99,5.89,,,
1972-01-03,6.02,5.94,,,
1972-01-04,6.02,5.93,,,
1972-01-05,6.02,5.91,,,
1972-01-06,6.00,5.90,,,
1972-01-07,5.99,5.88,,,
1972-01-10,5.96,5.86,,,
1972-01-11,5.97,5.88,,,
1972-01-12,5.97,5.88,,,
1972-01-13,5.96,5.86,,,
1972-01-14,5.95,5.85,,,
1972-01-17,5.97,5.89,,,
1972-01-18,5.98,5.92,,,
1972-01-19,6.00,5.96,,,
1972-01-20,6.01,5.98,,,
1972-01-21,6.03,5.99,,,
1972-01-24,6.04,6.02,,,
1972-01-25,6.02,6.02,,,
1972-01-26,6.01,6.01,,,
1972-01-27,6.06,6.05,,,
1972-01-28,6.09,6.08,,,
1972-01-31,6.09,6.09,,,
1972-02-01,6.10,6.09,,,
1972-02-02,6.09,6.08,,,
1972-02-03,6.09,6.08,,,
1972-02-04,6.09,6.08,,,
1972-02-07,6.09,6.09,,,
1972-02-08,6.10,6.11,,,
1972-02-09,6.10,6.12,,,
1972-02-10,6.10,6.11,,,
1972-02-11,6.09,6.12,,,
1972-02-14,6.07,6.10,,,
1972-02-15,6.06,6.10,,,
1972-02-16,6.04,6.08,,,
1972-02-17,6.03,6.06,,,
1972-02-18,6.03,6.06,,,
1972-02-21,,,,,
1972-02-22,6.02,6.06,,,
1972-02-23,6.02,6.07,,,
1972-02-24,6.03,6.07,,,
1972-02-25,6.02,6.06,,,
1972-02-28,6.02,6.04,,,
1972-02-29,6.03,6.04,,,
1972-03-01,6.02,6.04,,,
1972-03-02,6.02,6.03,,,
1972-03-03,6.01,6.02,,,
1972-03-06,6.01,6.01,,,
1972-03-07,6.02,6.02,,,
1972-03-08,6.02,6.02,,,
1972-03-09,6.02,6.02,,,
1972-03-10,6.03,6.03,,,
1972-03-13,6.05,6.07,,,
1972-03-14,6.06,6.06,,,
1972-03-15,6.08,6.11,,,
1972-03-16,6.08,6.08,,,
1972-03-17,6.07,6.08,,,
1972-03-20,6.08,6.09,,,
1972-03-21,6.07,6.08,,,
1972-03-22,6.07,6.08,,,
1972-03-23,6.08,6.10,,,
1972-03-24,6.10,6.12,,,
1972-03-27,6.09,6.10,,,
1972-03-28,6.10,6.11,,,
1972-03-29,6.10,6.12,,,
1972-03-30,6.11,6.12,,,
1972-03-31,,,,,
1972-04-03,6.09,6.14,,,
1972-04-04,6.13,6.18,,,
1972-04-05,6.13,6.18,,,
1972-04-06,6.14,6.18,,,
1972-04-07,6.14,6.18,,,
1972-04-10,6.14,6.17,,,
1972-04-11,6.16,6.18,,,
1972-04-12,6.19,6.21,,,
1972-04-13,6.22,6.25,,,
1972-04-14,6.22,6.25,,,
1972-04-17,6.21,6.24,,,
1972-04-18,6.21,6.24,,,
1972-04-19,6.19,6.22,,,
1972-04-20,6.18,6.21,,,
1972-04-21,6.18,6.20,,,
1972-04-24,6.18,6.21,,,
1972-04-25,6.18,6.21,,,
1972-04-26,6.17,6.19,,,
1972-04-27,6.11,6.11,,,
1972-04-28,6.12,6.14,,,
1972-05-01,6.12,6.14,,,
1972-05-02,6.12,6.16,,,
1972-05-03,6.13,6.17,,,
1972-05-04,6.14,6.17,,,
1972-05-05,6.14,6.17,,,
1972-05-08,6.13,6.17,,,
1972-05-09,6.15,6.20,,,
1972-05-10,6.13,6.19,,,
1972-05-11,6.12,6.19,,,
1972-05-12,6.10,6.16,,,
1972-05-15,6.09,6.16,,,
1972-05-16,6.08,6.16,,,
1972-05-17,6.07,6.15,,,
1972-05-18,6.05,6.13,,,
1972-05-19,6.03,6.10,,,
1972-05-22,6.01,6.07,,,
1972-05-23,5.99,6.05,,,
1972-05-24,5.99,6.06,,,
1972-05-25,5.98,6.04,,,
1972-05-26,5.98,6.04,,,
1972-05-29,,,,,
1972-05-30,5.96,6.05,,,
1972-05-31,5.96,6.05,,,
1972-06-01,5.98,6.07,,,
1972-06-02,5.99,6.09,,,
1972-06-05,5.99,6.10,,,
1972-06-06,6.01,6.13,,,
1972-06-07,6.02,6.12,,,
1972-06-08,6.02,6.12,,,
1972-06-09,6.01,6.11,,,
1972-06-12,6.01,6.10,,,
1972-06-13,6.01,6.10,,,
1972-06-14,6.01,6.10,,,
1972-06-15,6.00,6.10,,,
1972-06-16,6.00,6.10,,,
1972-06-19,6.00,6.08,,,
1972-06-20,5.99,6.08,,,
1972-06-21,6.00,6.09,,,
1972-06-22,6.00,6.11,,,
1972-06-23,6.01,6.10,,,
1972-06-26,6.02,6.12,,,
1972-06-27,6.02,6.12,,,
1972-06-28,6.03,6.12,,,
1972-06-29,6.04,6.14,,,
1972-06-30,6.05,6.15,,,
1972-07-03,6.05,6.14,,,
1972-07-04,,,,,
1972-07-05,6.04,6.13,,,
1972-07-06,6.03,6.13,,,
1972-07-07,6.03,6.13,,,
1972-07-10,6.04,6.13,,,
1972-07-11,6.02,6.13,,,
1972-07-12,6.02,6.12,,,
1972-07-13,6.01,6.11,,,
1972-07-14,6.00,6.10,,,
1972-07-17,6.00,6.11,,,
1972-07-18,6.01,6.11,,,
1972-07-19,6.00,6.09,,,
1972-07-20,6.00,6.09,,,
1972-07-21,6.00,6.10,,,
1972-07-24,6.00,6.10,,,
1972-07-25,5.99,6.09,,,
1972-07-26,5.97,6.08,,,
1972-07-27,5.99,6.13,,,
1972-07-28,5.98,6.12,,,
1972-07-31,5.98,6.12,,,
1972-08-01,5.97,6.14,,,
1972-08-02,5.96,6.14,,,
1972-08-03,5.96,6.15,,,
1972-08-04,5.96,6.16,,,
1972-08-07,5.96,6.16,,,
1972-08-08,5.94,6.15,,,
1972-08-09,5.92,6.14,,,
1972-08-10,5.92,6.14,,,
1972-08-11,5.92,6.14,,,
1972-08-14,5.93,6.16,,,
1972-08-15,5.92,6.17,,,
1972-08-16,5.92,6.18,,,
1972-08-17,5.92,6.20,,,
1972-08-18,5.93,6.21,,,
1972-08-21,5.93,6.21,,,
1972-08-22,5.91,6.20,,,
1972-08-23,5.92,6.22,,,
1972-08-24,5.92,6.23,,,
1972-08-25,5.93,6.26,,,
1972-08-28,5.95,6.30,,,
1972-08-29,5.95,6.34,,,
1972-08-30,5.99,6.42,,,
1972-08-31,5.99,6.42,,,
1972-09-01,5.98,6.43,,,
1972-09-04,,,,,
1972-09-05,5.98,6.46,,,
1972-09-06,6.00,6.49,,,
1972-09-07,6.01,6.52,,,
1972-09-08,6.04,6.56,,,
1972-09-11,6.02,6.54,,,
1972-09-12,6.02,6.54,,,
1972-09-13,6.02,6.54,,,
1972-09-14,6.04,6.57,,,
1972-09-15,6.04,6.56,,,
1972-09-18,6.04,6.55,,,
1972-09-19,6.04,6.55,,,
1972-09-20,6.06,6.56,,,
1972-09-21,6.09,6.59,,,
1972-09-22,6.11,6.62,,,
1972-09-25,6.12,6.62,,,
1972-09-26,6.13,6.60,,,
1972-09-27,6.13,6.59,,,
1972-09-28,6.12,6.56,,,
1972-09-29,6.09,6.54,,,
1972-10-02,6.09,6.54,,,
1972-10-03,6.09,6.54,,,
1972-10-04,6.07,6.53,,,
1972-10-05,6.06,6.53,,,
1972-10-06,6.05,6.52,,,
1972-10-09,,,,,
1972-10-10,6.02,6.48,,,
1972-10-11,6.00,6.47,,,
1972-10-12,6.01,6.50,,,
1972-10-13,6.02,6.50,,,
1972-10-16,6.01,6.49,,,
1972-10-17,6.00,6.49,,,
1972-10-18,6.00,6.49,,,
1972-10-19,5.99,6.48,,,
1972-10-20,5.99,6.47,,,
1972-10-23,,,,,
1972-10-24,5.97,6.45,,,
1972-10-25,5.96,6.44,,,
1972-10-26,5.95,6.42,,,
1972-10-27,5.90,6.42,,,
1972-10-30,5.94,6.42,,,
1972-10-31,5.93,6.41,,,
1972-11-01,5.89,6.39,,,
1972-11-02,5.85,6.34,,,
1972-11-03,5.82,6.30,,,
1972-11-06,5.81,6.27,,,
1972-11-07,,,,,
1972-11-08,5.80,6.30,,,
1972-11-09,5.79,6.30,,,
1972-11-10,5.78,6.30,,,
1972-11-13,5.77,6.27,,,
1972-11-14,5.75,6.26,,,
1972-11-15,5.71,6.23,,,
1972-11-16,5.73,6.24,,,
1972-11-17,5.73,6.24,,,
1972-11-20,5.73,6.23,,,
1972-11-21,5.76,6.26,,,
1972-11-22,5.77,6.27,,,
1972-11-23,,,,,
1972-11-24,5.78,6.27,,,
1972-11-27,5.81,6.30,,,
1972-11-28,5.81,6.29,,,
1972-11-29,5.80,6.27,,,
1972-11-30,5.82,6.28,,,
1972-12-01,5.84,6.29,,,
1972-12-04,5.84,6.30,,,
1972-12-05,5.86,6.31,,,
1972-12-06,5.87,6.31,,,
1972-12-07,5.88,6.31,,,
1972-12-08,5.89,6.32,,,
1972-12-11,5.91,6.34,,,
1972-12-12,5.92,6.35,,,
1972-12-13,5.93,6.35,,,
1972-12-14,5.94,6.35,,,
1972-12-15,5.95,6.35,,,
1972-12-18,6.00,6.38,,,
1972-12-19,6.04,6.40,,,
1972-12-20,6.05,6.40,,,
1972-12-21,6.04,6.40,,,
1972-12-22,6.04,6.40,,,
1972-12-25,,,,,
1972-12-26,6.03,6.39,,,
1972-12-27,6.03,6.40,,,
1972-12-28,6.03,6.41,,,
1972-12-29,6.03,6.41,,,
1973-01-01,,,,,
1973-01-02,6.05,6.43,,,
1973-01-03,6.04,6.42,,,
1973-01-04,6.78,6.40,,,
1973-01-05,6.81,6.42,,,
1973-01-08,6.84,6.43,,,
1973-01-09,6.84,6.42,,,
1973-01-10,6.85,6.43,,,
1973-01-11,6.85,6.43,,,
1973-01-12,6.86,6.44,,,
1973-01-15,6.85,6.44,,,
1973-01-16,6.85,6.44,,,
1973-01-17,6.85,6.45,,,
1973-01-18,6.86,6.46,,,
1973-01-19,6.87,6.49,,,
1973-01-22,6.88,6.50,,,
1973-01-23,6.84,6.48,,,
1973-01-24,6.86,6.49,,,
1973-01-25,6.87,6.51,,,
1973-01-26,6.88,6.53,,,
1973-01-29,6.88,6.55,,,
1973-01-30,6.87,6.52,,,
1973-01-31,6.86,6.54,,,
1973-02-01,6.87,6.60,,,
1973-02-02,6.90,6.64,,,
1973-02-05,6.89,6.64,,,
1973-02-06,6.90,6.64,,,
1973-02-07,6.89,6.64,,,
1973-02-08,6.89,6.66,,,
1973-02-09,6.87,6.63,,,
1973-02-12,,,,,
1973-02-13,6.85,6.61,,,
1973-02-14,6.85,6.62,,,
1973-02-15,6.84,6.62,,,
1973-02-16,6.85,6.63,,,
1973-02-19,,,,,
1973-02-20,6.88,6.66,,,
1973-02-21,6.90,6.66,,,
1973-02-22,6.89,6.65,,,
1973-02-23,6.87,6.61,,,
1973-02-26,6.90,6.65,,,
1973-02-27,6.90,6.64,,,
1973-02-28,6.90,6.64,,,
1973-03-01,6.90,6.65,,,
1973-03-02,6.91,6.67,,,
1973-03-05,6.91,6.68,,,
1973-03-06,6.91,6.68,,,
1973-03-07,6.90,6.66,,,
1973-03-08,6.90,6.67,,,
1973-03-09,6.91,6.68,,,
1973-03-12,6.92,6.68,,,
1973-03-13,6.92,6.70,,,
1973-03-14,6.92,6.71,,,
1973-03-15,6.93,6.73,,,
1973-03-16,6.95,6.77,,,
1973-03-19,6.93,6.75,,,
1973-03-20,6.94,6.76,,,
1973-03-21,6.92,6.76,,,
1973-03-22,6.92,6.76,,,
1973-03-23,6.91,6.76,,,
1973-03-26,6.89,6.73,,,
1973-03-27,6.88,6.72,,,
1973-03-28,6.87,6.67,,,
1973-03-29,6.85,6.68,,,
1973-03-30,6.89,6.73,,,
1973-04-02,6.90,6.74,,,
1973-04-03,6.88,6.73,,,
1973-04-04,6.87,6.70,,,
1973-04-05,6.87,6.68,,,
1973-04-06,6.82,6.64,,,
1973-04-09,6.81,6.62,,,
1973-04-10,6.84,6.64,,,
1973-04-11,6.85,6.65,,,
1973-04-12,6.85,6.66,,,
1973-04-13,6.84,6.63,,,
1973-04-16,6.83,6.62,,,
1973-04-17,6.84,6.64,,,
1973-04-18,6.85,6.64,,,
1973-04-19,6.85,6.66,,,
1973-04-20,,,,,
1973-04-23,6.87,6.73,,,
1973-04-24,6.86,6.66,,,
1973-04-25,6.87,6.66,,,
1973-04-26,6.90,6.68,,,
1973-04-27,6.91,6.69,,,
1973-04-30,6.91,6.70,,,
1973-05-01,6.92,6.72,,,
1973-05-02,6.94,6.76,,,
1973-05-03,6.96,6.77,,,
1973-05-04,6.97,6.79,,,
1973-05-07,6.98,6.81,,,
1973-05-08,6.98,6.80,,,
1973-05-09,6.98,6.80,,,
1973-05-10,6.97,6.81,,,
1973-05-11,6.98,6.82,,,
1973-05-14,6.98,6.83,,,
1973-05-15,6.98,6.86,,,
1973-05-16,6.97,6.84,,,
1973-05-17,6.98,6.85,,,
1973-05-18,7.00,6.86,,,
1973-05-21,7.02,6.89,,,
1973-05-22,7.02,6.90,,,
1973-05-23,7.04,6.92,,,
1973-05-24,7.03,6.91,,,
1973-05-25,7.02,6.91,,,
1973-05-28,,,,,
1973-05-29,7.03,6.93,,,
1973-05-30,7.04,6.93,,,
1973-05-31,7.05,6.93,,,
1973-06-01,7.07,6.96,,,
1973-06-04,7.10,6.98,,,
1973-06-05,7.07,6.95,,,
1973-06-06,7.03,6.89,,,
1973-06-07,7.02,6.89,,,
1973-06-08,7.01,6.87,,,
1973-06-11,7.03,6.87,,,
1973-06-12,7.02,6.86,,,
1973-06-13,7.01,6.85,,,
1973-06-14,7.02,6.85,,,
1973-06-15,7.02,6.86,,,
1973-06-18,7.05,6.87,,,
1973-06-19,7.05,6.87,,,
1973-06-20,7.07,6.89,,,
1973-06-21,7.07,6.89,,,
1973-06-22,7.08,6.91,,,
1973-06-25,7.10,6.93,,,
1973-06-26,7.11,6.93,,,
1973-06-27,7.11,6.92,,,
1973-06-28,7.11,6.92,,,
1973-06-29,7.13,6.94,,,
1973-07-02,7.17,7.01,,,
1973-07-03,7.17,7.01,,,
1973-07-04,,,,,
1973-07-05,7.14,7.01,,,
1973-07-06,7.17,7.03,,,
1973-07-09,7.20,7.05,,,
1973-07-10,7.19,7.05,,,
1973-07-11,7.19,7.05,,,
1973-07-12,7.20,7.04,,,
1973-07-13,7.21,7.05,,,
1973-07-16,7.21,7.06,,,
1973-07-17,7.21,7.06,,,
1973-07-18,7.25,7.07,,,
1973-07-19,7.29,7.11,,,
1973-07-20,7.31,7.17,,,
1973-07-23,7.31,7.17,,,
1973-07-24,7.33,7.19,,,
1973-07-25,7.34,7.19,,,
1973-07-26,7.46,7.28,,,
1973-07-27,7.53,7.35,,,
1973-07-30,7.56,7.37,,,
1973-07-31,7.63,7.43,,,
1973-08-01,7.78,7.55,,,
1973-08-02,7.77,7.52,,,
1973-08-03,7.79,7.53,,,
1973-08-06,7.80,7.54,,,
1973-08-07,7.83,7.58,,,
1973-08-08,7.79,7.52,,,
1973-08-09,7.78,7.54,,,
1973-08-10,7.76,7.52,,,
1973-08-13,7.72,7.47,,,
1973-08-14,7.73,7.46,,,
1973-08-15,7.69,7.45,,,
1973-08-16,7.57,7.37,,,
1973-08-17,7.52,7.28,,,
1973-08-20,7.58,7.38,,,
1973-08-21,7.56,7.36,,,
1973-08-22,7.57,7.39,,,
1973-08-23,7.49,7.31,,,
1973-08-24,7.41,7.23,,,
1973-08-27,7.44,7.26,,,
1973-08-28,7.47,7.29,,,
1973-08-29,7.38,7.26,,,
1973-08-30,7.36,7.25,,,
1973-08-31,7.35,7.25,,,
1973-09-03,,,,,
1973-09-04,7.30,7.21,,,
1973-09-05,7.22,7.11,,,
1973-09-06,7.23,7.10,,,
1973-09-07,7.23,7.11,,,
1973-09-10,7.25,7.16,,,
1973-09-11,7.32,7.19,,,
1973-09-12,7.35,7.20,,,
1973-09-13,7.38,7.21,,,
1973-09-14,7.38,7.21,,,
1973-09-17,7.35,7.16,,,
1973-09-18,7.34,7.08,,,
1973-09-19,7.33,7.10,,,
1973-09-20,7.31,7.09,,,
1973-09-21,7.23,7.02,,,
1973-09-24,7.18,7.00,,,
1973-09-25,7.12,6.96,,,
1973-09-26,7.13,6.97,,,
1973-09-27,7.10,6.94,,,
1973-09-28,7.05,6.90,,,
1973-10-01,7.09,6.91,,,
1973-10-02,7.13,6.89,,,
1973-10-03,7.15,6.90,,,
1973-10-04,7.15,6.88,,,
1973-10-05,7.11,6.86,,,
1973-10-08,,,,,
1973-10-09,7.05,6.78,,,
1973-10-10,7.06,6.77,,,
1973-10-11,7.10,6.78,,,
1973-10-12,7.09,6.75,,,
1973-10-15,7.14,6.77,,,
1973-10-16,7.19,6.81,,,
1973-10-17,7.24,6.82,,,
1973-10-18,7.25,6.81,,,
1973-10-19,7.22,6.80,,,
1973-10-22,,,,,
1973-10-23,7.24,6.80,,,
1973-10-24,7.23,6.75,,,
1973-10-25,7.30,6.73,,,
1973-10-26,7.27,6.72,,,
1973-10-29,7.27,6.72,,,
1973-10-30,7.26,6.72,,,
1973-10-31,7.30,6.71,,,
1973-11-01,7.28,6.71,,,
1973-11-02,7.28,6.72,,,
1973-11-05,7.33,6.74,,,
1973-11-06,,,,,
1973-11-07,7.33,6.76,,,
1973-11-08,7.32,6.77,,,
1973-11-09,7.32,6.76,,,
1973-11-12,7.34,6.76,,,
1973-11-13,7.38,6.76,,,
1973-11-14,7.39,6.79,,,
1973-11-15,7.36,6.76,,,
1973-11-16,7.33,6.72,,,
1973-11-19,7.29,6.71,,,
1973-11-20,7.29,6.72,,,
1973-11-21,7.25,6.71,,,
1973-11-22,,,,,
1973-11-23,7.25,6.70,,,
1973-11-26,7.23,6.69,,,
1973-11-27,7.24,6.70,,,
1973-11-28,7.24,6.70,,,
1973-11-29,7.24,6.70,,,
1973-11-30,7.22,6.69,,,
1973-12-03,7.24,6.69,,,
1973-12-04,7.25,6.69,,,
1973-12-05,7.31,6.72,,,
1973-12-06,7.31,6.75,,,
1973-12-07,7.30,6.74,,,
1973-12-10,7.25,6.71,,,
1973-12-11,7.27,6.69,,,
1973-12-12,7.24,6.69,,,
1973-12-13,7.24,6.68,,,
1973-12-14,7.24,6.68,,,
1973-12-17,7.23,6.67,,,
1973-12-18,7.23,6.68,,,
1973-12-19,7.26,6.71,,,
1973-12-20,7.28,6.73,,,
1973-12-21,7.33,6.78,,,
1973-12-24,,,,,
1973-12-25,,,,,
1973-12-26,7.38,6.83,,,
1973-12-27,7.39,6.88,,,
1973-12-28,7.38,6.91,,,
1973-12-31,7.38,6.90,,,
1974-01-01,,,,,
1974-01-02,7.41,6.94,,,
1974-01-03,7.40,6.96,,,
1974-01-04,7.40,6.94,,,
1974-01-07,7.44,6.96,,,
1974-01-08,7.47,6.96,,,
1974-01-09,7.46,6.96,,,
1974-01-10,7.48,7.00,,,
1974-01-11,7.49,7.01,,,
1974-01-14,7.50,7.01,,,
1974-01-15,7.51,6.99,,,
1974-01-16,7.51,6.99,,,
1974-01-17,7.47,6.97,,,
1974-01-18,7.47,6.98,,,
1974-01-21,7.49,6.99,,,
1974-01-22,7.49,7.00,,,
1974-01-23,7.50,7.01,,,
1974-01-24,7.50,7.02,,,
1974-01-25,7.50,7.02,,,
1974-01-28,7.49,7.01,,,
1974-01-29,7.50,7.02,,,
1974-01-30,7.49,7.01,,,
1974-01-31,7.48,7.00,,,
1974-02-01,7.47,7.00,,,
1974-02-04,7.45,6.98,,,
1974-02-05,7.43,6.95,,,
1974-02-06,7.41,6.93,,,
1974-02-07,7.43,6.93,,,
1974-02-08,7.42,6.93,,,
1974-02-11,7.43,6.93,,,
1974-02-12,,,,,
1974-02-13,7.42,6.93,,,
1974-02-14,7.41,6.93,,,
1974-02-15,7.43,6.93,,,
1974-02-18,,,,,
1974-02-19,7.44,6.93,,,
1974-02-20,7.47,6.96,,,
1974-02-21,7.50,6.98,,,
1974-02-22,7.48,6.97,,,
1974-02-25,7.47,6.96,,,
1974-02-26,7.51,6.98,,,
1974-02-27,7.54,7.00,,,
1974-02-28,7.57,7.01,,,
1974-03-01,7.63,7.08,,,
1974-03-04,7.65,7.09,,,
1974-03-05,7.63,7.10,,,
1974-03-06,7.58,7.09,,,
1974-03-07,7.57,7.06,,,
1974-03-08,7.60,7.06,,,
1974-03-11,7.63,7.08,,,
1974-03-12,7.63,7.09,,,
1974-03-13,7.67,7.13,,,
1974-03-14,7.66,7.13,,,
1974-03-15,7.71,7.18,,,
1974-03-18,7.78,7.23,,,
1974-03-19,7.76,7.24,,,
1974-03-20,7.79,7.27,,,
1974-03-21,7.82,7.30,,,
1974-03-22,7.83,7.35,,,
1974-03-25,7.87,7.39,,,
1974-03-26,7.86,7.38,,,
1974-03-27,7.84,7.35,,,
1974-03-28,7.85,7.38,,,
1974-03-29,7.89,7.41,,,
1974-04-01,7.90,7.42,,,
1974-04-02,7.92,7.43,,,
1974-04-03,7.93,7.43,,,
1974-04-04,8.01,7.51,,,
1974-04-05,8.03,7.54,,,
1974-04-08,8.01,7.50,,,
1974-04-09,8.00,7.49,,,
1974-04-10,7.97,7.46,,,
1974-04-11,7.97,7.45,,,
1974-04-12,,,,,
1974-04-15,7.93,7.42,,,
1974-04-16,7.93,7.43,,,
1974-04-17,7.92,7.45,,,
1974-04-18,7.94,7.50,,,
1974-04-19,7.95,7.51,,,
1974-04-22,7.96,7.52,,,
1974-04-23,8.04,7.54,,,
1974-04-24,8.07,7.58,,,
1974-04-25,8.12,7.63,,,
1974-04-26,8.17,7.64,,,
1974-04-29,8.22,7.65,,,
1974-04-30,8.19,7.66,,,
1974-05-01,8.16,7.62,,,
1974-05-02,8.10,7.58,,,
1974-05-03,8.22,7.65,,,
1974-05-06,8.23,7.65,,,
1974-05-07,8.21,7.65,,,
1974-05-08,8.16,7.65,,,
1974-05-09,8.17,7.70,,,
1974-05-10,8.11,7.63,,,
1974-05-13,8.09,7.54,,,
1974-05-14,8.12,7.57,,,
1974-05-15,8.12,7.55,,,
1974-05-16,8.12,7.54,,,
1974-05-17,8.14,7.57,,,
1974-05-20,8.17,7.58,,,
1974-05-21,8.17,7.57,,,
1974-05-22,8.16,7.56,,,
1974-05-23,8.11,7.52,,,
1974-05-24,8.09,7.49,,,
1974-05-27,,,,,
1974-05-28,8.12,7.50,,,
1974-05-29,8.15,7.52,,,
1974-05-30,8.13,7.51,,,
1974-05-31,8.13,7.52,,,
1974-06-03,8.14,7.53,,,
1974-06-04,8.13,7.52,,,
1974-06-05,8.12,7.52,,,
1974-06-06,8.09,7.50,,,
1974-06-07,8.05,7.46,,,
1974-06-10,8.03,7.47,,,
1974-06-11,8.04,7.48,,,
1974-06-12,8.06,7.50,,,
1974-06-13,8.07,7.50,,,
1974-06-14,8.08,7.50,,,
1974-06-17,8.09,7.49,,,
1974-06-18,8.09,7.52,,,
1974-06-19,8.10,7.52,,,
1974-06-20,8.10,7.55,,,
1974-06-21,8.11,7.55,,,
1974-06-24,8.13,7.58,,,
1974-06-25,8.15,7.62,,,
1974-06-26,8.17,7.62,,,
1974-06-27,8.17,7.64,,,
1974-06-28,8.17,7.64,,,
1974-07-01,8.18,7.65,,,
1974-07-02,8.18,7.65,,,
1974-07-03,8.22,7.70,,,
1974-07-04,,,,,
1974-07-05,8.23,7.71,,,
1974-07-08,8.27,7.77,,,
1974-07-09,8.30,7.81,,,
1974-07-10,8.32,7.82,,,
1974-07-11,8.33,7.84,,,
1974-07-12,8.30,7.85,,,
1974-07-15,8.31,7.86,,,
1974-07-16,8.32,7.88,,,
1974-07-17,8.32,7.91,,,
1974-07-18,8.31,7.90,,,
1974-07-19,8.28,7.87,,,
1974-07-22,8.22,7.77,,,
1974-07-23,8.22,7.79,,,
1974-07-24,8.20,7.76,,,
1974-07-25,8.16,7.75,,,
1974-07-26,8.20,7.79,,,
1974-07-29,8.25,7.85,,,
1974-07-30,8.32,7.89,,,
1974-07-31,8.33,7.89,,,
1974-08-01,8.49,7.92,,,
1974-08-02,8.51,7.96,,,
1974-08-05,8.54,7.99,,,
1974-08-06,8.51,7.97,,,
1974-08-07,8.52,7.97,,,
1974-08-08,8.58,7.97,,,
1974-08-09,8.56,8.03,,,
1974-08-12,8.62,8.05,,,
1974-08-13,8.63,8.06,,,
1974-08-14,8.62,8.05,,,
1974-08-15,8.58,8.02,,,
1974-08-16,8.57,8.00,,,
1974-08-19,8.55,7.98,,,
1974-08-20,8.58,7.99,,,
1974-08-21,8.62,8.05,,,
1974-08-22,8.65,8.09,,,
1974-08-23,8.70,8.15,,,
1974-08-26,8.72,8.16,,,
1974-08-27,8.71,8.15,,,
1974-08-28,8.68,8.15,,,
1974-08-29,8.67,8.15,,,
1974-08-30,8.64,8.11,,,
1974-09-02,,,,,
1974-09-03,8.64,8.11,,,
1974-09-04,8.67,8.12,,,
1974-09-05,8.65,8.10,,,
1974-09-06,8.64,8.09,,,
1974-09-09,8.57,8.02,,,
1974-09-10,8.60,8.04,,,
1974-09-11,8.59,8.05,,,
1974-09-12,8.62,8.13,,,
1974-09-13,8.64,8.13,,,
1974-09-16,8.64,8.10,,,
1974-09-17,8.65,8.09,,,
1974-09-18,8.64,8.08,,,
1974-09-19,8.63,8.04,,,
1974-09-20,8.59,8.02,,,
1974-09-23,8.52,7.91,,,
1974-09-24,8.54,7.94,,,
1974-09-25,8.55,7.94,,,
1974-09-26,8.55,7.96,,,
1974-09-27,8.48,7.94,,,
1974-09-30,8.49,7.94,,,
1974-10-01,8.52,7.97,,,
1974-10-02,8.54,7.98,,,
1974-10-03,8.59,8.04,,,
1974-10-04,8.57,8.02,,,
1974-10-07,8.49,8.01,,,
1974-10-08,8.44,7.95,,,
1974-10-09,8.47,7.95,,,
1974-10-10,8.44,7.93,,,
1974-10-11,8.35,7.88,,,
1974-10-14,,,,,
1974-10-15,8.31,7.87,,,
1974-10-16,8.35,7.87,,,
1974-10-17,8.37,7.88,,,
1974-10-18,8.34,7.86,,,
1974-10-21,8.29,7.81,,,
1974-10-22,8.29,7.81,,,
1974-10-23,8.31,7.85,,,
1974-10-24,8.32,7.87,,,
1974-10-25,8.28,7.86,,,
1974-10-28,8.29,7.88,,,
1974-10-29,8.25,7.84,,,
1974-10-30,8.15,7.81,,,
1974-10-31,8.12,7.79,,,
1974-11-01,8.13,7.80,,,
1974-11-04,8.12,7.80,,,
1974-11-05,,,,,
1974-11-06,8.09,7.76,,,
1974-11-07,8.04,7.74,,,
1974-11-08,8.03,7.72,,,
1974-11-11,,,,,
1974-11-12,7.98,7.78,,,
1974-11-13,7.98,7.75,,,
1974-11-14,7.95,7.72,,,
1974-11-15,7.93,7.61,,,
1974-11-18,7.94,7.63,,,
1974-11-19,7.93,7.63,,,
1974-11-20,7.94,7.59,,,
1974-11-21,7.95,7.60,,,
1974-11-22,7.94,7.60,,,
1974-11-25,7.90,7.62,,,
1974-11-26,7.96,7.63,,,
1974-11-27,7.96,7.64,,,
1974-11-28,,,,,
1974-11-29,7.96,7.64,,,
1974-12-02,8.00,7.71,,,
1974-12-03,8.06,7.74,,,
1974-12-04,8.01,7.68,,,
1974-12-05,7.99,7.64,,,
1974-12-06,7.98,7.59,,,
1974-12-09,7.87,7.40,,,
1974-12-10,7.88,7.42,,,
1974-12-11,7.86,7.38,,,
1974-12-12,7.85,7.39,,,
1974-12-13,7.87,7.38,,,
1974-12-16,7.86,7.34,,,
1974-12-17,7.84,7.28,,,
1974-12-18,7.84,7.25,,,
1974-12-19,7.84,7.25,,,
1974-12-20,7.84,7.27,,,
1974-12-23,7.94,7.41,,,
1974-12-24,7.92,7.43,,,
1974-12-25,,,,,
1974-12-26,7.92,7.37,,,
1974-12-27,7.90,7.39,,,
1974-12-30,7.92,7.39,,,
1974-12-31,7.93,7.40,,,
1975-01-01,,,,,
1975-01-02,7.94,7.42,,,
1975-01-03,7.92,7.43,,,
1975-01-06,7.89,7.39,,,
1975-01-07,7.89,7.38,,,
1975-01-08,7.86,7.39,,,
1975-01-09,7.78,7.35,,,
1975-01-10,7.76,7.37,,,
1975-01-13,7.84,7.46,,,
1975-01-14,7.84,7.49,,,
1975-01-15,7.88,7.54,,,
1975-01-16,7.86,7.54,,,
1975-01-17,7.85,7.53,,,
1975-01-20,7.89,7.59,,,
1975-01-21,7.86,7.55,,,
1975-01-22,7.86,7.51,,,
1975-01-23,7.93,7.57,,,
1975-01-24,7.95,7.64,,,
1975-01-27,7.94,7.61,,,
1975-01-28,7.93,7.61,,,
1975-01-29,7.92,7.59,,,
1975-01-30,7.85,7.54,,,
1975-01-31,7.82,7.53,,,
1975-02-03,7.79,7.49,,,
1975-02-04,7.79,7.47,,,
1975-02-05,7.74,7.35,,,
1975-02-06,7.72,7.43,,,
1975-02-07,7.69,7.38,,,
1975-02-10,7.74,7.45,,,
1975-02-11,7.72,7.42,,,
1975-02-12,,,,,
1975-02-13,7.80,7.44,,,
1975-02-14,7.69,7.35,,,
1975-02-17,,,,,
1975-02-18,7.64,7.28,,,
1975-02-19,7.64,7.26,,,
1975-02-20,7.64,7.30,,,
1975-02-21,7.58,7.22,,,
1975-02-24,7.66,7.36,,,
1975-02-25,7.70,7.43,,,
1975-02-26,7.75,7.50,,,
1975-02-27,7.73,7.47,,,
1975-02-28,7.72,7.46,,,
1975-03-03,7.75,7.50,,,
1975-03-04,7.78,7.53,,,
1975-03-05,7.74,7.48,,,
1975-03-06,7.72,7.49,,,
1975-03-07,7.76,7.52,,,
1975-03-10,7.78,7.56,,,
1975-03-11,7.82,7.58,,,
1975-03-12,7.84,7.58,,,
1975-03-13,7.83,7.56,,,
1975-03-14,7.86,7.58,,,
1975-03-17,7.96,7.70,,,
1975-03-18,7.97,7.70,,,
1975-03-19,8.05,7.80,,,
1975-03-20,8.30,7.95,,,
1975-03-21,8.18,7.84,,,
1975-03-24,8.31,8.05,,,
1975-03-25,8.29,8.03,,,
1975-03-26,8.28,8.02,,,
1975-03-27,8.26,8.08,,,
1975-03-28,,,,,
1975-03-31,8.24,8.01,,,
1975-04-01,8.28,8.08,,,
1975-04-02,8.35,8.22,,,
1975-04-03,8.35,8.13,,,
1975-04-04,8.38,8.15,,,
1975-04-07,8.44,8.26,,,
1975-04-08,8.38,8.21,,,
1975-04-09,8.32,8.17,,,
1975-04-10,8.33,8.19,,,
1975-04-11,8.33,8.22,,,
1975-04-14,8.30,8.16,,,
1975-04-15,8.29,8.16,,,
1975-04-16,8.27,8.15,,,
1975-04-17,8.32,8.21,,,
1975-04-18,8.36,8.27,,,
1975-04-21,8.40,8.32,,,
1975-04-22,8.40,8.32,,,
1975-04-23,8.38,8.27,,,
1975-04-24,8.36,8.25,,,
1975-04-25,8.38,8.25,,,
1975-04-28,8.47,8.35,,,
1975-04-29,8.45,8.34,,,
1975-04-30,8.44,8.31,,,
1975-05-01,8.43,8.31,,,
1975-05-02,8.28,8.11,,,
1975-05-05,8.26,8.08,,,
1975-05-06,8.27,8.11,,,
1975-05-07,8.26,8.07,,,
1975-05-08,8.22,8.09,,,
1975-05-09,8.23,8.08,,,
1975-05-12,8.22,8.07,,,
1975-05-13,8.21,8.06,,,
1975-05-14,8.16,8.02,,,
1975-05-15,8.16,8.02,,,
1975-05-16,8.16,8.01,,,
1975-05-19,8.14,8.00,,,
1975-05-20,8.14,7.98,,,
1975-05-21,8.14,7.98,,,
1975-05-22,8.20,8.02,,,
1975-05-23,8.16,8.02,,,
1975-05-26,,,,,
1975-05-27,8.21,7.98,,,
1975-05-28,8.30,8.02,,,
1975-05-29,8.26,8.18,,,
1975-05-30,8.20,8.04,,,
1975-06-02,8.22,8.02,,,
1975-06-03,8.19,8.00,,,
1975-06-04,8.16,7.99,,,
1975-06-05,8.15,7.97,,,
1975-06-06,8.06,7.88,,,
1975-06-09,7.96,7.78,,,
1975-06-10,7.95,7.77,,,
1975-06-11,7.85,7.65,,,
1975-06-12,8.02,7.67,,,
1975-06-13,7.98,7.69,,,
1975-06-16,7.94,7.66,,,
1975-06-17,7.96,7.72,,,
1975-06-18,8.04,7.83,,,
1975-06-19,7.98,7.80,,,
1975-06-20,8.03,7.94,,,
1975-06-23,8.05,7.90,,,
1975-06-24,8.04,7.90,,,
1975-06-25,8.07,8.02,,,
1975-06-26,8.09,7.98,,,
1975-06-27,8.10,7.95,,,
1975-06-30,8.09,7.96,,,
1975-07-01,8.12,7.97,,,
1975-07-02,8.16,8.05,,,
1975-07-03,8.16,8.05,,,
1975-07-04,,,,,
1975-07-07,8.18,8.06,,,
1975-07-08,8.17,8.01,,,
1975-07-09,8.17,8.02,,,
1975-07-10,8.17,8.02,,,
1975-07-11,8.12,7.99,,,
1975-07-14,8.12,7.99,,,
1975-07-15,8.10,7.98,,,
1975-07-16,8.13,8.03,,,
1975-07-17,8.14,8.04,,,
1975-07-18,8.15,8.06,,,
1975-07-21,8.18,8.07,,,
1975-07-22,8.18,8.10,,,
1975-07-23,8.18,8.09,,,
1975-07-24,8.18,8.09,,,
1975-07-25,8.20,8.12,,,
1975-07-28,8.21,8.12,,,
1975-07-29,8.21,8.13,,,
1975-07-30,8.23,8.16,,,
1975-07-31,8.31,8.20,,,
1975-08-01,8.38,8.26,,,
1975-08-04,8.46,8.37,,,
1975-08-05,8.47,8.37,,,
1975-08-06,8.50,8.40,,,
1975-08-07,8.54,8.48,,,
1975-08-08,8.47,8.40,,,
1975-08-11,8.45,8.38,,,
1975-08-12,8.48,8.40,,,
1975-08-13,8.49,8.39,,,
1975-08-14,8.54,8.45,,,
1975-08-15,8.56,8.48,,,
1975-08-18,8.55,8.46,,,
1975-08-19,8.53,8.42,,,
1975-08-20,8.51,8.42,,,
1975-08-21,8.53,8.48,,,
1975-08-22,8.53,8.46,,,
1975-08-25,8.54,8.46,,,
1975-08-26,8.52,8.40,,,
1975-08-27,8.48,8.37,,,
1975-08-28,8.45,8.28,,,
1975-08-29,8.42,8.22,,,
1975-09-01,,,,,
1975-09-02,8.44,8.26,,,
1975-09-03,8.46,8.29,,,
1975-09-04,8.46,8.29,,,
1975-09-05,8.51,8.35,,,
1975-09-08,8.54,8.36,,,
1975-09-09,8.57,8.40,,,
1975-09-10,8.60,8.46,,,
1975-09-11,8.66,8.55,,,
1975-09-12,8.68,8.57,,,
1975-09-15,8.68,8.58,,,
1975-09-16,8.71,8.59,,,
1975-09-17,8.63,8.53,,,
1975-09-18,8.60,8.50,,,
1975-09-19,8.54,8.42,,,
1975-09-22,8.52,8.38,,,
1975-09-23,8.52,8.35,,,
1975-09-24,8.47,8.31,,,
1975-09-25,8.53,8.38,,,
1975-09-26,8.56,8.45,,,
1975-09-29,8.59,8.46,,,
1975-09-30,8.61,8.48,,,
1975-10-01,8.61,8.47,,,
1975-10-02,8.60,8.44,,,
1975-10-03,8.53,8.33,,,
1975-10-06,8.47,8.30,,,
1975-10-07,8.48,8.33,,,
1975-10-08,8.43,8.30,,,
1975-10-09,8.40,8.23,,,
1975-10-10,8.35,8.15,,,
1975-10-13,,,,,
1975-10-14,8.36,8.19,,,
1975-10-15,8.37,8.19,,,
1975-10-16,8.31,8.07,,,
1975-10-17,8.31,8.07,,,
1975-10-20,8.33,8.07,,,
1975-10-21,8.26,8.05,,,
1975-10-22,8.25,8.05,,,
1975-10-23,8.21,7.99,,,
1975-10-24,8.25,8.00,,,
1975-10-27,8.27,8.00,,,
1975-10-28,8.25,7.99,,,
1975-10-29,8.23,7.98,,,
1975-10-30,8.19,7.92,,,
1975-10-31,8.15,7.91,,,
1975-11-03,8.19,7.97,,,
1975-11-04,,,,,
1975-11-05,8.18,7.91,,,
1975-11-06,8.19,7.94,,,
1975-11-07,8.18,7.91,,,
1975-11-10,8.17,7.90,,,
1975-11-11,,,,,
1975-11-12,8.20,7.95,,,
1975-11-13,8.22,7.97,,,
1975-11-14,8.28,8.06,,,
1975-11-17,8.29,8.08,,,
1975-11-18,8.36,8.13,,,
1975-11-19,8.36,8.14,,,
1975-11-20,8.34,8.12,,,
1975-11-21,8.37,8.21,,,
1975-11-24,8.36,8.16,,,
1975-11-25,8.34,8.16,,,
1975-11-26,8.34,8.15,,,
1975-11-27,,,,,
1975-11-28,8.34,8.14,,,
1975-12-01,8.35,8.12,,,
1975-12-02,8.34,8.10,,,
1975-12-03,8.34,8.10,,,
1975-12-04,8.32,8.15,,,
1975-12-05,8.33,8.13,,,
1975-12-08,8.36,8.19,,,
1975-12-09,8.40,8.23,,,
1975-12-10,8.40,8.23,,,
1975-12-11,8.37,8.16,,,
1975-12-12,8.33,8.12,,,
1975-12-15,8.30,8.06,,,
1975-12-16,8.22,8.00,,,
1975-12-17,8.21,7.95,,,
1975-12-18,8.17,7.96,,,
1975-12-19,8.12,7.88,,,
1975-12-22,8.11,7.87,,,
1975-12-23,8.10,7.87,,,
1975-12-24,8.08,7.82,,,
1975-12-25,,,,,
1975-12-26,8.03,7.75,,,
1975-12-29,8.04,7.75,,,
1975-12-30,8.02,7.73,,,
1975-12-31,8.04,7.76,,,
1976-01-01,,,,,
1976-01-02,8.06,7.77,,,
1976-01-05,8.03,7.74,,,
1976-01-06,7.99,7.64,,,
1976-01-07,7.98,7.69,,,
1976-01-08,8.02,7.74,,,
1976-01-09,7.95,7.64,,,
1976-01-12,7.93,7.63,,,
1976-01-13,7.92,7.64,,,
1976-01-14,7.99,7.71,,,
1976-01-15,7.98,7.73,,,
1976-01-16,8.02,7.79,,,
1976-01-19,8.00,7.76,,,
1976-01-20,8.05,7.71,,,
1976-01-21,8.04,7.78,,,
1976-01-22,8.04,7.80,,,
1976-01-23,8.02,7.78,,,
1976-01-26,8.03,7.79,,,
1976-01-27,8.03,7.80,,,
1976-01-28,8.04,7.83,,,
1976-01-29,8.02,7.82,,,
1976-01-30,8.00,7.80,,,
1976-02-02,8.01,7.80,,,
1976-02-03,8.03,7.82,,,
1976-02-04,8.05,7.85,,,
1976-02-05,8.04,7.83,,,
1976-02-06,8.08,7.88,,,
1976-02-09,8.10,7.86,,,
1976-02-10,8.12,7.88,,,
1976-02-11,8.10,7.85,,,
1976-02-12,,,,,
1976-02-13,8.08,7.82,,,
1976-02-16,,,,,
1976-02-17,8.04,7.78,,,
1976-02-18,8.06,7.79,,,
1976-02-19,8.07,7.80,,,
1976-02-20,8.05,7.77,,,
1976-02-23,7.97,7.72,,,
1976-02-24,7.93,7.69,,,
1976-02-25,7.93,7.68,,,
1976-02-26,7.94,7.68,,,
1976-02-27,8.02,7.77,,,
1976-03-01,8.11,7.86,,,
1976-03-02,8.06,7.82,,,
1976-03-03,8.07,7.82,,,
1976-03-04,8.08,7.85,,,
1976-03-05,8.02,7.80,,,
1976-03-08,7.99,7.76,,,
1976-03-09,8.02,7.78,,,
1976-03-10,8.00,7.76,,,
1976-03-11,8.01,7.77,,,
1976-03-12,7.94,7.71,,,
1976-03-15,7.96,7.74,,,
1976-03-16,7.98,7.76,,,
1976-03-17,7.99,7.76,,,
1976-03-18,7.97,7.73,,,
1976-03-19,7.97,7.74,,,
1976-03-22,7.94,7.68,,,
1976-03-23,7.91,7.67,,,
1976-03-24,7.88,7.65,,,
1976-03-25,7.87,7.64,,,
1976-03-26,7.87,7.64,,,
1976-03-29,7.88,7.64,,,
1976-03-30,7.88,7.65,,,
1976-03-31,7.90,7.66,,,
1976-04-01,7.93,7.68,,,
1976-04-02,7.91,7.67,,,
1976-04-05,7.88,7.62,,,
1976-04-06,7.84,7.59,,,
1976-04-07,7.82,7.56,,,
1976-04-08,7.82,7.55,,,
1976-04-09,7.82,7.52,,,
1976-04-12,7.82,7.52,,,
1976-04-13,7.81,7.50,,,
1976-04-14,7.77,7.47,,,
1976-04-15,7.80,7.47,,,
1976-04-16,,,,,
1976-04-19,7.83,7.51,,,
1976-04-20,7.82,7.50,,,
1976-04-21,7.81,7.47,,,
1976-04-22,7.84,7.52,,,
1976-04-23,7.88,7.59,,,
1976-04-26,7.92,7.61,,,
1976-04-27,7.93,7.62,,,
1976-04-28,7.92,7.60,,,
1976-04-29,7.94,7.61,,,
1976-04-30,7.99,7.67,,,
1976-05-03,8.02,7.69,,,
1976-05-04,7.98,7.66,,,
1976-05-05,7.99,7.68,,,
1976-05-06,8.02,7.78,,,
1976-05-07,8.12,7.87,,,
1976-05-10,8.14,7.92,,,
1976-05-11,8.13,7.92,,,
1976-05-12,8.17,7.94,,,
1976-05-13,8.16,7.92,,,
1976-05-14,8.14,7.93,,,
1976-05-17,8.18,7.94,,,
1976-05-18,8.13,7.94,,,
1976-05-19,8.14,7.94,,,
1976-05-20,8.16,7.95,,,
1976-05-21,8.20,8.00,,,
1976-05-24,8.18,7.98,,,
1976-05-25,8.14,7.94,,,
1976-05-26,8.16,7.95,,,
1976-05-27,8.19,7.99,,,
1976-05-28,8.19,7.96,,,
1976-05-31,,,,,
1976-06-01,8.10,7.94,,7.26,
1976-06-02,8.10,7.94,,7.23,
1976-06-03,8.07,7.92,,7.22,
1976-06-04,8.04,7.89,,7.12,
1976-06-07,8.05,7.88,,7.09,
1976-06-08,8.07,7.90,,7.11,
1976-06-09,8.06,7.90,,7.08,
1976-06-10,8.01,7.86,,7.00,
1976-06-11,8.01,7.86,,7.03,
1976-06-14,8.01,7.84,,7.01,
1976-06-15,8.01,7.85,,7.02,
1976-06-16,8.04,7.87,,7.06,
1976-06-17,8.02,7.85,,7.06,
1976-06-18,8.01,7.81,,6.99,
1976-06-21,7.98,7.80,,6.95,
1976-06-22,7.99,7.81,,7.01,
1976-06-23,7.99,7.81,,7.01,
1976-06-24,7.99,7.81,,6.99,
1976-06-25,8.00,7.83,,7.02,
1976-06-28,8.02,7.86,,7.02,
1976-06-29,8.06,7.86,,7.02,
1976-06-30,8.02,7.86,,7.02,
1976-07-01,8.02,7.88,,7.02,
1976-07-02,7.98,7.84,,6.99,
1976-07-05,,,,,
1976-07-06,7.98,7.82,,6.96,
1976-07-07,7.99,7.84,,6.99,
1976-07-08,7.98,7.82,,6.92,
1976-07-09,7.95,7.78,,6.77,
1976-07-12,7.94,7.76,,6.72,
1976-07-13,7.95,7.77,,6.74,
1976-07-14,7.96,7.79,,6.76,
1976-07-15,7.95,7.77,,6.72,
1976-07-16,8.00,7.83,,6.85,
1976-07-19,8.03,7.86,,6.89,
1976-07-20,8.05,7.87,,6.91,
1976-07-21,8.02,7.86,,6.90,
1976-07-22,8.02,7.86,,6.91,
1976-07-23,8.01,7.84,,6.90,
1976-07-26,8.04,7.87,,6.86,
1976-07-27,8.03,7.85,,6.76,
1976-07-28,8.01,7.85,,6.79,
1976-07-29,8.02,7.85,,6.75,
1976-07-30,8.04,7.86,,6.74,
1976-08-02,8.01,7.85,,6.75,
1976-08-03,8.00,7.82,,6.72,
1976-08-04,8.00,7.81,,6.73,
1976-08-05,8.00,7.82,,6.74,
1976-08-06,7.95,7.84,,6.71,
1976-08-09,7.94,7.84,,6.68,
1976-08-10,7.96,7.84,,6.68,
1976-08-11,7.92,7.82,,6.66,
1976-08-12,7.92,7.81,,6.64,
1976-08-13,7.90,7.78,,6.60,
1976-08-16,7.88,7.74,,6.57,
1976-08-17,7.88,7.75,,6.57,
1976-08-18,7.89,7.76,,6.59,
1976-08-19,7.89,7.76,,6.61,
1976-08-20,7.89,7.76,,6.68,
1976-08-23,7.88,7.73,,6.62,
1976-08-24,7.87,7.72,,6.60,
1976-08-25,7.86,7.69,,6.53,
1976-08-26,7.84,7.68,,6.54,
1976-08-27,7.86,7.72,,6.60,
1976-08-30,7.85,7.71,,6.57,
1976-08-31,7.81,7.66,,6.50,
1976-09-01,7.80,7.64,,6.50,
1976-09-02,7.82,7.67,,6.54,
1976-09-03,7.81,7.65,,6.52,
1976-09-06,,,,,
1976-09-07,7.81,7.64,,6.46,
1976-09-08,7.81,7.64,,6.44,
1976-09-09,7.82,7.66,,6.49,
1976-09-10,7.81,7.64,,6.46,
1976-09-13,7.83,7.64,,6.47,
1976-09-14,7.83,7.64,,6.49,
1976-09-15,7.81,7.62,,6.45,
1976-09-16,7.78,7.60,,6.41,
1976-09-17,7.71,7.49,,6.26,
1976-09-20,7.73,7.52,,6.34,
1976-09-21,7.71,7.51,,6.30,
1976-09-22,7.72,7.53,,6.36,
1976-09-23,7.74,7.54,,6.35,
1976-09-24,7.80,7.58,,6.44,
1976-09-27,7.78,7.60,,6.41,
1976-09-28,7.78,7.56,,6.36,
1976-09-29,7.77,7.56,,6.36,
1976-09-30,7.75,7.55,,6.33,
1976-10-01,7.73,7.49,,6.24,
1976-10-04,7.71,7.46,,6.19,
1976-10-05,7.72,7.47,,6.19,
1976-10-06,7.70,7.44,,6.11,
1976-10-07,7.69,7.43,,6.09,
1976-10-08,7.64,7.38,,5.87,
1976-10-11,,,,,
1976-10-12,7.63,7.35,,5.80,
1976-10-13,7.64,7.35,,5.82,
1976-10-14,7.63,7.34,,5.81,
1976-10-15,7.63,7.31,,5.75,
1976-10-18,7.66,7.31,,5.77,
1976-10-19,7.69,7.35,,5.85,
1976-10-20,7.70,7.38,,5.95,
1976-10-21,7.70,7.39,,5.98,
1976-10-22,7.76,7.48,,6.07,
1976-10-25,7.79,7.53,,6.11,
1976-10-26,7.77,7.48,,6.05,
1976-10-27,7.73,7.45,,6.01,
1976-10-28,7.71,7.41,,5.99,
1976-10-29,7.72,7.42,,6.03,
1976-11-01,7.69,7.38,,6.03,
1976-11-02,,,,,
1976-11-03,7.72,7.44,,6.07,
1976-11-04,7.68,7.38,,5.95,
1976-11-05,7.72,7.41,,6.01,
1976-11-08,7.76,7.46,,6.04,
1976-11-09,7.77,7.46,,6.07,
1976-11-10,7.76,7.45,,6.03,
1976-11-11,,,,,
1976-11-12,7.73,7.43,,6.01,
1976-11-15,7.73,7.41,,6.00,
1976-11-16,7.67,7.33,,5.86,
1976-11-17,7.66,7.32,,5.82,
1976-11-18,7.66,7.33,,5.83,
1976-11-19,7.60,7.24,,5.67,
1976-11-22,7.54,7.17,,5.56,
1976-11-23,7.54,7.16,,5.59,
1976-11-24,7.54,7.14,,5.56,
1976-11-25,,,,,
1976-11-26,7.43,6.99,,5.41,
1976-11-29,7.44,7.02,,5.46,
1976-11-30,7.44,7.01,,5.42,
1976-12-01,7.40,6.97,,5.40,
1976-12-02,7.36,6.92,,5.34,
1976-12-03,7.31,6.86,,5.31,
1976-12-06,7.32,6.87,,5.37,
1976-12-07,7.31,6.88,,5.41,
1976-12-08,7.32,6.91,,5.43,
1976-12-09,7.34,6.92,,5.44,
1976-12-10,7.30,6.82,,5.31,
1976-12-13,7.34,6.90,,5.43,
1976-12-14,7.33,6.89,,5.39,
1976-12-15,7.34,6.88,,5.38,
1976-12-16,7.35,6.88,,5.40,
1976-12-17,7.32,6.88,,5.40,
1976-12-20,7.28,6.84,,5.34,
1976-12-21,7.29,6.85,,5.37,
1976-12-22,7.29,6.86,,5.34,
1976-12-23,7.26,6.84,,5.36,
1976-12-24,,,,,
1976-12-27,7.26,6.84,,5.37,
1976-12-28,7.25,6.86,,5.39,
1976-12-29,7.27,6.84,,5.39,
1976-12-30,7.18,6.80,,5.38,
1976-12-31,7.17,6.81,,5.34,
1977-01-03,7.20,6.84,,5.42,
1977-01-04,7.22,6.90,,5.50,
1977-01-05,7.23,6.88,,5.48,
1977-01-06,7.28,6.93,,5.57,
1977-01-07,7.36,7.07,,5.68,
1977-01-10,7.49,7.20,,5.79,
1977-01-11,7.52,7.28,,5.87,
1977-01-12,7.51,7.26,,5.84,
1977-01-13,7.46,7.18,,5.79,
1977-01-14,7.51,7.28,,5.96,
1977-01-17,7.54,7.28,,5.98,
1977-01-18,7.56,7.34,,6.04,
1977-01-19,7.54,7.28,,6.02,
1977-01-20,7.54,7.26,,6.01,
1977-01-21,7.52,7.28,,6.02,
1977-01-24,7.57,7.34,,6.09,
1977-01-25,7.56,7.32,,6.08,
1977-01-26,7.57,7.33,,6.09,
1977-01-27,7.65,7.43,,6.26,
1977-01-28,7.62,7.40,,6.22,
1977-01-31,7.61,7.40,,6.18,
1977-02-01,7.64,7.41,,6.20,
1977-02-02,7.70,7.47,,6.28,
1977-02-03,7.66,7.46,,6.20,
1977-02-04,7.55,7.28,,6.03,
1977-02-07,7.58,7.34,,6.04,
1977-02-08,7.61,7.35,,6.06,
1977-02-09,7.61,7.34,,6.01,
1977-02-10,7.60,7.34,,6.04,
1977-02-11,7.62,7.36,,6.02,
1977-02-14,7.64,7.38,,6.06,
1977-02-15,7.62,7.36,,6.04,
1977-02-16,7.57,7.34,,6.02,
1977-02-17,7.57,7.26,,5.99,
1977-02-18,7.64,7.41,,6.06,
1977-02-21,,,,,
1977-02-22,7.64,7.42,,6.09,
1977-02-23,7.72,7.48,,6.12,
1977-02-24,7.75,7.50,,6.20,
1977-02-25,7.74,7.48,,6.14,
1977-02-28,7.73,7.45,,6.08,
1977-03-01,7.77,7.49,,6.16,
1977-03-02,7.75,7.45,,6.12,
1977-03-03,7.73,7.43,,6.08,
1977-03-04,7.76,7.48,,6.10,
1977-03-07,7.76,7.50,,6.12,
1977-03-08,7.78,7.52,,6.14,
1977-03-09,7.76,7.50,,6.12,
1977-03-10,7.76,7.49,,6.11,
1977-03-11,7.73,7.44,,6.09,
1977-03-14,7.74,7.45,,6.06,
1977-03-15,7.71,7.44,,6.06,
1977-03-16,7.72,7.44,,6.08,
1977-03-17,7.72,7.47,,6.14,
1977-03-18,7.70,7.44,,6.08,
1977-03-21,7.69,7.43,,6.03,
1977-03-22,7.70,7.43,,6.04,
1977-03-23,7.72,7.44,,6.04,
1977-03-24,7.73,7.46,,6.07,
1977-03-25,7.73,7.48,,6.10,
1977-03-28,7.74,7.47,,6.11,
1977-03-29,7.74,7.47,,6.08,
1977-03-30,7.73,7.44,,6.05,
1977-03-31,7.72,7.42,,6.01,
1977-04-01,7.72,7.43,,6.02,
1977-04-04,7.73,7.44,,6.03,
1977-04-05,7.72,7.47,,6.01,
1977-04-06,7.70,7.46,,6.04,
1977-04-07,7.72,7.43,,6.02,
1977-04-08,,,,,
1977-04-11,7.70,7.39,,5.96,
1977-04-12,7.70,7.39,,5.98,
1977-04-13,7.67,7.36,,5.96,
1977-04-14,7.58,7.22,,5.73,
1977-04-15,7.58,7.25,,5.78,
1977-04-18,7.58,7.25,,5.80,
1977-04-19,7.61,7.30,,5.87,
1977-04-20,7.62,7.32,,5.95,
1977-04-21,7.63,7.33,,5.94,
1977-04-22,7.66,7.36,,5.99,
1977-04-25,7.68,7.40,,6.01,
1977-04-26,7.68,7.38,,6.00,
1977-04-27,7.67,7.38,,6.01,
1977-04-28,7.68,7.40,,6.03,
1977-04-29,7.72,7.45,,6.14,
1977-05-02,7.74,7.45,,6.15,
1977-05-03,7.72,7.44,,6.15,
1977-05-04,7.72,7.45,,6.11,
1977-05-05,7.74,7.47,,6.16,
1977-05-06,7.80,7.50,,6.24,
1977-05-09,7.78,7.50,,6.25,
1977-05-10,7.79,7.52,,6.27,
1977-05-11,7.80,7.52,,6.34,
1977-05-12,7.78,7.50,,6.32,
1977-05-13,7.74,7.48,,6.28,
1977-05-16,7.73,7.46,,6.26,
1977-05-17,7.72,7.45,,6.25,
1977-05-18,7.72,7.43,,6.24,
1977-05-19,7.76,7.49,,6.37,
1977-05-20,7.75,7.49,,6.43,
1977-05-23,7.73,7.46,,6.38,
1977-05-24,7.70,7.41,,6.30,
1977-05-25,7.69,7.39,,6.23,
1977-05-26,7.68,7.42,,6.24,
1977-05-27,7.68,7.38,,6.20,
1977-05-30,,,,,
1977-05-31,7.68,7.38,,6.18,
1977-06-01,7.68,7.38,,6.24,
1977-06-02,7.68,7.39,,6.20,
1977-06-03,7.66,7.36,,6.19,
1977-06-06,7.67,7.37,,6.18,
1977-06-07,7.68,7.36,,6.17,
1977-06-08,7.70,7.36,,6.15,
1977-06-09,7.69,7.35,,6.16,
1977-06-10,7.67,7.30,,6.15,
1977-06-13,7.64,7.27,,6.13,
1977-06-14,7.60,7.22,,6.08,
1977-06-15,7.62,7.23,,6.11,
1977-06-16,7.64,7.24,,6.12,
1977-06-17,7.64,7.24,,6.10,
1977-06-20,7.65,7.27,,6.11,
1977-06-21,7.65,7.26,,6.12,
1977-06-22,7.63,7.25,,6.12,
1977-06-23,7.64,7.26,,6.12,
1977-06-24,7.60,7.20,,6.10,
1977-06-27,7.60,7.20,,6.06,
1977-06-28,7.58,7.16,,6.06,
1977-06-29,7.52,7.19,,6.05,
1977-06-30,7.57,7.20,,6.08,
1977-07-01,7.58,7.34,,6.12,
1977-07-04,,,,,
1977-07-05,7.58,7.35,,6.12,
1977-07-06,7.58,7.37,,6.14,
1977-07-07,7.57,7.29,,6.15,
1977-07-08,7.60,7.31,,6.19,
1977-07-11,7.62,7.33,,6.22,
1977-07-12,7.60,7.32,,6.22,
1977-07-13,7.58,7.28,,6.19,
1977-07-14,,,,,
1977-07-15,7.60,7.31,,6.26,
1977-07-18,7.61,7.34,,6.30,
1977-07-19,7.62,7.33,,6.31,
1977-07-20,7.62,7.32,,6.35,
1977-07-21,7.62,7.32,,6.38,
1977-07-22,7.61,7.31,,6.35,
1977-07-25,7.58,7.28,,6.29,
1977-07-26,7.56,7.28,,6.28,
1977-07-27,7.61,7.36,,6.37,
1977-07-28,7.64,7.41,,6.48,
1977-07-29,7.68,7.42,,6.50,
1977-08-01,7.66,7.43,,6.49,
1977-08-02,7.67,7.44,,6.54,
1977-08-03,7.65,7.42,,6.53,
1977-08-04,7.67,7.43,,6.52,
1977-08-05,7.66,7.42,,6.53,
1977-08-08,7.64,7.41,,6.52,
1977-08-09,7.68,7.45,,6.58,
1977-08-10,7.70,7.46,,6.59,
1977-08-11,7.71,7.47,,6.64,
1977-08-12,7.71,7.48,,6.68,
1977-08-15,7.72,7.48,,6.71,
1977-08-16,7.72,7.48,,6.74,
1977-08-17,7.68,7.44,,6.72,
1977-08-18,7.65,7.42,,6.68,
1977-08-19,7.64,7.40,,6.67,
1977-08-22,7.63,7.39,,6.66,
1977-08-23,7.61,7.36,,6.64,
1977-08-24,7.59,7.35,,6.67,
1977-08-25,7.56,7.32,,6.62,
1977-08-26,7.53,7.27,,6.62,
1977-08-29,7.51,7.25,,6.56,
1977-08-30,7.52,7.27,,6.56,
1977-08-31,7.53,7.28,,6.59,
1977-09-01,7.53,7.30,,6.57,
1977-09-02,7.51,7.24,,6.53,
1977-09-05,,,,,
1977-09-06,7.50,7.24,,6.52,
1977-09-07,7.50,7.26,,6.54,
1977-09-08,7.51,7.28,,6.54,
1977-09-09,7.58,7.36,,6.76,
1977-09-12,7.59,7.38,,6.78,
1977-09-13,7.58,7.37,,6.75,
1977-09-14,7.56,7.34,,6.74,
1977-09-15,7.56,7.33,,6.70,
1977-09-16,7.56,7.32,,6.68,
1977-09-19,7.55,7.32,,6.66,
1977-09-20,7.58,7.36,,6.70,
1977-09-21,7.58,7.36,,6.71,
1977-09-22,7.61,7.39,,6.85,
1977-09-23,7.62,7.39,,6.86,
1977-09-26,7.62,7.42,,6.89,
1977-09-27,7.60,7.38,,6.80,
1977-09-28,7.60,7.38,,6.81,
1977-09-29,7.61,7.39,,6.79,
1977-09-30,7.61,7.41,,6.82,
1977-10-03,7.62,7.41,,6.84,
1977-10-04,7.62,7.40,,6.84,
1977-10-05,7.62,7.40,,6.86,
1977-10-06,7.63,7.44,,6.89,
1977-10-07,7.66,7.48,,6.96,
1977-10-10,,,,,
1977-10-11,7.69,7.54,,7.06,
1977-10-12,7.72,7.54,,7.14,
1977-10-13,7.74,7.54,,7.19,
1977-10-14,7.70,7.54,,7.17,
1977-10-17,7.73,7.55,,7.22,
1977-10-18,7.73,7.55,,7.23,
1977-10-19,7.73,7.54,,7.22,
1977-10-20,7.71,7.54,,7.20,
1977-10-21,7.73,7.55,,7.22,
1977-10-24,7.74,7.56,,7.20,
1977-10-25,7.75,7.58,,7.20,
1977-10-26,7.74,7.57,,7.17,
1977-10-27,7.74,7.56,,7.14,
1977-10-28,7.74,7.56,,7.14,
1977-10-31,7.76,7.62,,7.23,
1977-11-01,7.80,7.63,,7.23,
1977-11-02,7.82,7.69,,7.24,
1977-11-03,7.83,7.68,,7.22,
1977-11-04,7.83,7.64,,7.20,
1977-11-07,7.82,7.62,,7.17,
1977-11-08,,,,,
1977-11-09,7.80,7.60,,7.16,
1977-11-10,7.79,7.59,,7.15,
1977-11-11,,,,,
1977-11-14,7.72,7.56,,7.10,
1977-11-15,7.74,7.56,,7.11,
1977-11-16,7.74,7.55,,7.12,
1977-11-17,7.74,7.54,,7.10,
1977-11-18,7.74,7.54,,7.11,
1977-11-21,7.74,7.56,,7.12,
1977-11-22,7.74,7.54,,7.14,
1977-11-23,7.72,7.52,,7.11,
1977-11-24,,,,,
1977-11-25,7.72,7.52,,7.10,
1977-11-28,7.72,7.53,,7.11,
1977-11-29,7.74,7.55,,7.11,
1977-11-30,7.75,7.55,,7.11,
1977-12-01,7.76,7.58,,7.13,
1977-12-02,7.77,7.59,,7.15,
1977-12-05,7.79,7.60,,7.15,
1977-12-06,7.80,7.63,,7.15,
1977-12-07,7.83,7.63,,7.16,
1977-12-08,7.82,7.64,,7.16,
1977-12-09,7.81,7.63,,7.15,
1977-12-12,7.82,7.64,,7.16,
1977-12-13,7.83,7.65,,7.16,
1977-12-14,7.84,7.66,,7.16,
1977-12-15,7.86,7.67,,7.14,
1977-12-16,7.86,7.67,,7.13,
1977-12-19,7.88,7.69,,7.13,
1977-12-20,7.92,7.74,,7.14,
1977-12-21,7.92,7.72,,7.16,
1977-12-22,7.93,7.75,,7.26,
1977-12-23,7.94,7.75,,7.24,
1977-12-26,,,,,
1977-12-27,7.97,7.77,,7.25,
1977-12-28,7.99,7.78,,7.25,
1977-12-29,8.00,7.82,,7.26,
1977-12-30,7.98,7.78,,7.22,
1978-01-02,,,,,
1978-01-03,8.00,7.83,,7.24,
1978-01-04,8.00,7.82,,7.24,
1978-01-05,8.00,7.83,,7.26,
1978-01-06,8.02,7.85,,7.28,
1978-01-09,8.17,8.01,,7.58,
1978-01-10,8.18,8.02,,7.58,
1978-01-11,8.18,8.03,,7.60,
1978-01-12,8.20,8.02,,7.60,
1978-01-13,8.16,7.98,,7.57,
1978-01-16,8.17,7.98,,7.55,
1978-01-17,8.17,7.98,,7.54,
1978-01-18,8.16,7.98,,7.54,
1978-01-19,8.16,7.97,,7.55,
1978-01-20,8.16,7.97,,7.55,
1978-01-23,8.15,7.97,,7.53,
1978-01-24,8.17,7.99,,7.53,
1978-01-25,8.19,8.00,,7.53,
1978-01-26,8.18,7.98,,7.51,
1978-01-27,8.18,7.97,,7.48,
1978-01-30,8.17,7.96,,7.47,
1978-01-31,8.16,7.94,,7.47,
1978-02-01,8.18,7.96,,7.47,
1978-02-02,8.17,7.96,,7.48,
1978-02-03,8.18,7.97,,7.48,
1978-02-06,8.20,7.99,,7.50,
1978-02-07,8.19,7.99,,7.52,
1978-02-08,8.19,8.00,,7.52,
1978-02-09,8.20,8.01,,7.52,
1978-02-10,8.21,8.02,,7.53,
1978-02-13,,,,,
1978-02-14,8.22,8.05,,7.57,
1978-02-15,8.24,8.08,,7.59,
1978-02-16,8.27,8.10,,7.64,
1978-02-17,8.25,8.09,,7.63,
1978-02-20,,,,,
1978-02-21,8.26,8.10,,7.65,
1978-02-22,8.26,8.10,,7.65,
1978-02-23,8.24,8.08,,7.65,
1978-02-24,8.22,8.04,,7.61,
1978-02-27,8.20,8.02,,7.59,
1978-02-28,8.21,8.04,,7.57,
1978-03-01,8.22,8.05,,7.59,
1978-03-02,8.22,8.04,,7.59,
1978-03-03,8.22,8.04,,7.59,
1978-03-06,8.23,8.05,,7.58,
1978-03-07,8.21,8.03,,7.56,
1978-03-08,8.21,8.03,,7.54,
1978-03-09,8.20,8.02,,7.56,
1978-03-10,8.18,8.00,,7.54,
1978-03-13,8.17,7.99,,7.54,
1978-03-14,8.17,7.99,,7.54,
1978-03-15,8.17,8.00,,7.54,
1978-03-16,8.17,8.00,,7.54,
1978-03-17,8.17,8.00,,7.55,
1978-03-20,8.15,7.97,,7.53,
1978-03-21,8.15,7.97,,7.53,
1978-03-22,8.16,7.98,,7.54,
1978-03-23,8.20,8.01,,7.56,
1978-03-24,,,,,
1978-03-27,8.26,8.12,,7.61,
1978-03-28,8.25,8.12,,7.64,
1978-03-29,8.26,8.11,,7.64,
1978-03-30,8.26,8.12,,7.64,
1978-03-31,8.31,8.15,,7.70,
1978-04-03,8.30,8.13,,7.69,
1978-04-04,8.29,8.12,,7.69,
1978-04-05,8.30,8.14,,7.72,
1978-04-06,8.32,8.16,,7.73,
1978-04-07,8.32,8.14,,7.72,
1978-04-10,8.33,8.15,,7.72,
1978-04-11,8.34,8.16,,7.71,
1978-04-12,8.34,8.16,,7.69,
1978-04-13,8.34,8.15,,7.67,
1978-04-14,8.31,8.12,,7.61,
1978-04-17,8.27,8.08,,7.60,
1978-04-18,8.27,8.08,,7.62,
1978-04-19,8.30,8.13,,7.77,
1978-04-20,8.32,8.14,,7.79,
1978-04-21,8.33,8.16,,7.81,
1978-04-24,8.35,8.18,,7.82,
1978-04-25,8.34,8.18,,7.80,
1978-04-26,8.36,8.22,,7.85,
1978-04-27,8.38,8.24,,7.89,
1978-04-28,8.37,8.24,,7.97,
1978-05-01,8.37,8.24,,7.91,
1978-05-02,8.38,8.25,,7.91,
1978-05-03,8.40,8.28,,7.91,
1978-05-04,8.39,8.27,,7.90,
1978-05-05,8.45,8.34,,7.96,
1978-05-08,8.45,8.35,,7.98,
1978-05-09,8.44,8.34,,7.98,
1978-05-10,8.43,8.34,,7.98,
1978-05-11,8.43,8.34,,8.00,
1978-05-12,8.45,8.36,,8.00,
1978-05-15,8.44,8.35,,7.98,
1978-05-16,8.43,8.34,,7.97,
1978-05-17,8.42,8.33,,7.98,
1978-05-18,8.46,8.37,,8.04,
1978-05-19,8.46,8.38,,8.07,
1978-05-22,8.46,8.38,,8.07,
1978-05-23,8.45,8.37,,8.07,
1978-05-24,8.47,8.39,,8.10,
1978-05-25,8.48,8.40,,8.10,
1978-05-26,8.51,8.42,,8.10,
1978-05-29,,,,,
1978-05-30,,,,,
1978-05-31,8.50,8.42,,8.12,
1978-06-01,8.50,8.41,,8.12,
1978-06-02,8.48,8.39,,8.09,
1978-06-05,8.47,8.38,,8.07,
1978-06-06,8.47,8.37,,8.07,
1978-06-07,8.46,8.37,,8.07,
1978-06-08,8.47,8.38,,8.07,
1978-06-09,8.48,8.41,,8.09,
1978-06-12,8.48,8.40,,8.11,
1978-06-13,8.47,8.41,,8.11,
1978-06-14,8.46,8.41,,8.12,
1978-06-15,8.47,8.41,,8.12,
1978-06-16,8.49,8.43,,8.19,
1978-06-19,8.50,8.45,,8.25,
1978-06-20,8.52,8.47,,8.27,
1978-06-21,8.56,8.50,,8.41,
1978-06-22,8.56,8.50,,8.41,
1978-06-23,8.59,8.55,,8.44,
1978-06-26,8.64,8.59,,8.48,
1978-06-27,8.62,8.58,,8.44,
1978-06-28,8.61,8.57,,8.44,
1978-06-29,8.62,8.57,,8.42,
1978-06-30,8.67,8.62,,8.48,
1978-07-03,8.65,8.59,,8.44,
1978-07-04,,,,,
1978-07-05,8.67,8.62,,8.44,
1978-07-06,8.67,8.62,,8.44,
1978-07-07,8.72,8.66,,8.48,
1978-07-10,8.72,8.68,,8.50,
1978-07-11,8.72,8.68,,8.48,
1978-07-12,8.72,8.67,,8.48,
1978-07-13,8.73,8.68,,8.50,
1978-07-14,8.71,8.68,,8.51,
1978-07-17,8.69,8.65,,8.48,
1978-07-18,8.68,8.63,,8.46,
1978-07-19,8.68,8.62,,8.46,
1978-07-20,8.71,8.66,,8.50,
1978-07-21,8.71,8.67,,8.59,
1978-07-24,8.72,8.67,,8.57,
1978-07-25,8.72,8.67,,8.55,
1978-07-26,8.70,8.66,,8.52,
1978-07-27,8.62,8.58,,8.47,
1978-07-28,8.58,8.55,,8.45,
1978-07-31,8.59,8.56,,8.47,
1978-08-01,8.57,8.54,,8.45,
1978-08-02,8.46,8.44,,8.40,
1978-08-03,8.41,8.39,,8.26,
1978-08-04,8.41,8.38,,8.26,
1978-08-07,8.40,8.36,,8.18,
1978-08-08,8.40,8.35,,8.19,
1978-08-09,8.37,8.34,,8.17,
1978-08-10,8.45,8.45,,8.24,
1978-08-11,8.44,8.44,,8.25,
1978-08-14,8.50,8.45,,8.29,
1978-08-15,8.51,8.46,,8.29,
1978-08-16,8.59,8.55,,8.50,
1978-08-17,8.50,8.48,,8.48,
1978-08-18,8.50,8.46,,8.50,
1978-08-21,8.45,8.41,,8.47,
1978-08-22,8.45,8.41,,8.47,
1978-08-23,8.38,8.32,,8.42,
1978-08-24,8.41,8.35,,8.41,
1978-08-25,8.41,8.34,,8.41,
1978-08-28,8.41,8.35,,8.41,
1978-08-29,8.42,8.37,,8.44,
1978-08-30,8.44,8.42,,8.48,
1978-08-31,8.43,8.39,,8.46,
1978-09-01,8.44,8.38,,8.50,
1978-09-04,,,,,
1978-09-05,8.40,8.34,,8.46,
1978-09-06,8.39,8.35,,8.44,
1978-09-07,8.39,8.34,,8.44,
1978-09-08,8.39,8.34,,8.46,
1978-09-11,8.37,8.31,,8.43,
1978-09-12,8.34,8.29,,8.45,
1978-09-13,8.35,8.30,,8.45,
1978-09-14,8.37,8.32,,8.45,
1978-09-15,8.38,8.35,,8.49,
1978-09-18,8.40,8.37,,8.52,
1978-09-19,8.43,8.38,,8.54,
1978-09-20,8.50,8.46,,8.60,
1978-09-21,8.53,8.51,,8.69,
1978-09-22,8.60,8.56,,8.73,
1978-09-25,8.61,8.56,,8.75,
1978-09-26,8.60,8.53,,8.75,
1978-09-27,8.61,8.54,,8.74,
1978-09-28,8.61,8.54,,8.72,
1978-09-29,8.63,8.56,,8.70,
1978-10-02,8.65,8.58,,8.71,
1978-10-03,8.64,8.57,,8.69,
1978-10-04,8.65,8.59,,8.69,
1978-10-05,8.65,8.60,,8.69,
1978-10-06,8.62,8.58,,8.69,
1978-10-09,,,,,
1978-10-10,8.62,8.58,,8.70,
1978-10-11,8.62,8.56,,8.70,
1978-10-12,8.60,8.51,,8.69,
1978-10-13,8.60,8.52,,8.69,
1978-10-16,8.65,8.59,,8.73,
1978-10-17,8.66,8.60,,8.77,
1978-10-18,8.67,8.62,,8.83,
1978-10-19,8.68,8.64,,8.84,
1978-10-20,8.70,8.66,,8.85,
1978-10-23,8.72,8.66,,8.84,
1978-10-24,8.70,8.64,,8.85,
1978-10-25,8.71,8.65,,8.96,
1978-10-26,8.74,8.72,,9.05,
1978-10-27,8.78,8.78,,9.12,
1978-10-30,8.88,8.88,,9.35,
1978-10-31,8.90,8.96,,9.49,
1978-11-01,8.72,8.66,,9.44,
1978-11-02,8.72,8.73,,9.42,
1978-11-03,8.79,8.86,,9.49,
1978-11-06,8.80,8.85,,9.45,
1978-11-07,,,,,
1978-11-08,8.80,8.86,,9.49,
1978-11-09,8.81,8.87,,9.50,
1978-11-10,8.79,8.86,,9.46,
1978-11-13,8.77,8.83,,9.40,
1978-11-14,8.75,8.82,,9.41,
1978-11-15,8.69,8.76,,9.34,
1978-11-16,8.68,8.72,,9.21,
1978-11-17,8.69,8.72,,9.19,
1978-11-20,8.69,8.72,,9.19,
1978-11-21,8.70,8.77,,9.23,
1978-11-22,8.71,8.77,,9.37,
1978-11-23,,,,,
1978-11-24,8.78,8.86,,9.60,
1978-11-27,8.77,8.86,,9.60,
1978-11-28,8.77,8.86,,9.60,
1978-11-29,8.80,8.86,,9.55,
1978-11-30,8.80,8.86,,9.55,
1978-12-01,8.77,8.80,,9.50,
1978-12-04,8.78,8.82,,9.51,
1978-12-05,8.79,8.85,,9.50,
1978-12-06,8.77,8.85,,9.50,
1978-12-07,8.79,8.89,,9.50,
1978-12-08,8.80,8.90,,9.51,
1978-12-11,8.80,8.90,,9.52,
1978-12-12,8.83,8.92,,9.52,
1978-12-13,8.88,8.98,,9.54,
1978-12-14,8.88,8.96,,9.54,
1978-12-15,8.88,9.00,,9.58,
1978-12-18,8.98,9.13,,9.86,
1978-12-19,8.99,9.14,,9.91,
1978-12-20,9.03,9.16,,9.96,
1978-12-21,9.02,9.16,,9.98,
1978-12-22,9.00,9.11,,9.96,
1978-12-25,,,,,
1978-12-26,8.98,9.13,,9.98,
1978-12-27,8.97,9.12,,9.98,
1978-12-28,9.01,9.16,,9.98,
1978-12-29,8.99,9.15,,9.98,
1979-01-01,,,,,
1979-01-02,9.00,9.18,,10.00,
1979-01-03,9.01,9.16,,9.98,
1979-01-04,8.97,9.11,,9.88,
1979-01-05,8.98,9.10,,9.87,
1979-01-08,8.98,9.14,,9.92,
1979-01-09,9.01,9.16,,9.92,
1979-01-10,9.02,9.16,,9.94,
1979-01-11,9.02,9.15,,9.92,
1979-01-12,9.01,9.14,,9.92,
1979-01-15,9.01,9.15,,9.91,
1979-01-16,9.02,9.16,,9.92,
1979-01-17,9.03,9.18,,9.91,
1979-01-18,9.04,9.18,,9.92,
1979-01-19,9.03,9.15,,9.91,
1979-01-22,9.00,9.12,,9.86,
1979-01-23,9.00,9.10,,9.85,
1979-01-24,8.98,9.08,,9.85,
1979-01-25,8.90,8.98,,9.78,
1979-01-26,8.88,8.93,,9.67,
1979-01-29,8.90,8.96,,9.67,
1979-01-30,8.90,8.95,,9.68,
1979-01-31,8.90,8.95,,9.64,
1979-02-01,8.89,8.94,,9.61,
1979-02-02,8.86,8.89,,9.48,
1979-02-05,8.91,8.95,,9.53,
1979-02-06,8.94,9.00,,9.58,
1979-02-07,9.03,9.09,,9.67,
1979-02-08,9.04,9.09,,9.70,
1979-02-09,9.06,9.11,,9.70,
1979-02-12,,,,,
1979-02-13,9.04,9.11,,9.69,
1979-02-14,9.04,9.12,,9.67,
1979-02-15,9.04,9.12,,9.68,
1979-02-16,9.04,9.11,,9.68,
1979-02-19,,,,,
1979-02-20,9.05,9.12,,9.69,
1979-02-21,9.07,9.15,,9.71,
1979-02-22,9.12,9.20,,9.90,
1979-02-23,9.13,9.21,,9.92,
1979-02-26,9.12,9.20,,9.91,
1979-02-27,9.12,9.19,,9.89,
1979-02-28,9.12,9.17,,9.89,
1979-03-01,9.14,9.17,,9.87,
1979-03-02,9.12,9.16,,9.87,
1979-03-05,9.09,9.11,,9.83,
1979-03-06,9.09,9.14,,9.83,
1979-03-07,9.06,9.10,,9.81,
1979-03-08,9.06,9.10,,9.76,
1979-03-09,9.08,9.11,,9.79,
1979-03-12,9.07,9.11,,9.81,
1979-03-13,9.06,9.11,,9.80,
1979-03-14,9.08,9.12,,9.82,
1979-03-15,9.08,9.14,,9.82,
1979-03-16,9.08,9.12,,9.84,
1979-03-19,9.07,9.12,,9.81,
1979-03-20,9.09,9.13,,9.79,
1979-03-21,9.08,9.13,,9.79,
1979-03-22,9.07,9.12,,9.77,
1979-03-23,9.08,9.12,,9.77,
1979-03-26,9.06,9.12,,9.76,
1979-03-27,9.06,9.11,,9.73,
1979-03-28,9.04,9.07,,9.71,
1979-03-29,9.03,9.06,,9.67,
1979-03-30,9.07,9.11,,9.72,
1979-04-02,9.08,9.11,,9.74,
1979-04-03,9.05,9.10,,9.73,
1979-04-04,9.04,9.09,,9.71,
1979-04-05,9.02,9.07,,9.68,
1979-04-06,9.06,9.10,,9.75,
1979-04-09,9.08,9.14,,9.81,
1979-04-10,9.09,9.17,,9.81,
1979-04-11,9.12,9.20,,9.85,
1979-04-12,9.13,9.20,,9.85,
1979-04-13,,,,,
1979-04-16,9.14,9.19,,9.86,
1979-04-17,9.12,9.16,,9.77,
1979-04-18,9.10,9.15,,9.71,
1979-04-19,9.10,9.15,,9.68,
1979-04-20,9.12,9.19,,9.73,
1979-04-23,9.17,9.21,,9.73,
1979-04-24,9.18,9.24,,9.75,
1979-04-25,9.18,9.23,,9.77,
1979-04-26,9.21,9.27,,9.80,
1979-04-27,9.24,9.32,,9.93,
1979-04-30,9.26,9.35,,9.91,
1979-05-01,9.25,9.36,,9.91,
1979-05-02,9.27,9.34,,9.91,
1979-05-03,9.29,9.38,,9.93,
1979-05-04,9.32,9.39,,9.93,
1979-05-07,9.32,9.39,,9.91,
1979-05-08,9.31,9.38,,9.91,
1979-05-09,9.30,9.36,,9.90,
1979-05-10,9.31,9.36,,9.92,
1979-05-11,9.28,9.34,,9.90,
1979-05-14,9.24,9.30,,9.87,
1979-05-15,9.25,9.32,,9.87,
1979-05-16,9.24,9.31,,9.84,
1979-05-17,9.22,9.24,,9.72,
1979-05-18,9.19,9.23,,9.71,
1979-05-21,9.20,9.24,,9.75,
1979-05-22,9.16,9.15,,9.69,
1979-05-23,9.09,9.07,,9.65,
1979-05-24,9.07,9.06,,9.58,
1979-05-25,9.04,9.01,,9.50,
1979-05-28,,,,,
1979-05-29,9.03,9.01,,9.50,
1979-05-30,,,,,
1979-05-31,9.08,9.06,,9.56,
1979-06-01,9.07,9.05,,9.56,
1979-06-04,9.07,9.06,,9.56,
1979-06-05,9.05,9.02,,9.50,
1979-06-06,9.01,8.97,,9.43,
1979-06-07,8.88,8.89,,9.29,
1979-06-08,8.89,8.90,,9.25,
1979-06-11,8.92,8.94,,9.27,
1979-06-12,8.84,8.79,,9.05,
1979-06-13,8.86,8.83,,9.08,
1979-06-14,8.88,8.87,,9.12,
1979-06-15,8.93,8.96,,9.24,
1979-06-18,8.93,8.95,,9.26,
1979-06-19,8.93,8.95,,9.24,
1979-06-20,8.93,8.94,,9.25,
1979-06-21,8.92,8.93,,9.25,
1979-06-22,8.92,8.98,,9.27,
1979-06-25,8.89,8.93,,9.20,
1979-06-26,8.81,8.82,,8.97,
1979-06-27,8.79,8.80,,8.92,
1979-06-28,8.80,8.80,,8.95,
1979-06-29,8.82,8.81,,8.97,
1979-07-02,8.77,8.76,,8.93,
1979-07-03,8.79,8.77,,8.95,
1979-07-04,,,,,
1979-07-05,8.79,8.80,,8.98,
1979-07-06,8.80,8.82,,9.00,
1979-07-09,8.82,8.86,,9.04,
1979-07-10,8.88,8.92,,9.04,
1979-07-11,8.90,8.97,,9.04,
1979-07-12,8.90,8.95,,9.01,
1979-07-13,8.91,8.94,,9.01,
1979-07-16,8.95,8.99,,9.08,
1979-07-17,8.97,9.01,,9.10,
1979-07-18,8.97,9.03,,9.10,
1979-07-19,8.98,9.04,,9.14,
1979-07-20,8.97,8.98,,9.24,
1979-07-23,8.98,9.03,,9.28,
1979-07-24,9.00,9.06,,9.33,
1979-07-25,8.97,8.99,,9.36,
1979-07-26,8.96,8.97,,9.25,
1979-07-27,8.99,9.02,,9.38,
1979-07-30,9.00,9.03,,9.32,
1979-07-31,8.98,9.01,,9.31,
1979-08-01,8.97,8.99,,9.23,
1979-08-02,8.92,8.91,,9.20,
1979-08-03,8.93,8.92,,9.27,
1979-08-06,8.91,8.91,,9.27,
1979-08-07,8.90,8.91,,9.22,
1979-08-08,8.91,8.93,,9.25,
1979-08-09,8.94,8.97,,9.27,
1979-08-10,8.96,9.00,,9.33,
1979-08-13,8.97,9.00,,9.34,
1979-08-14,8.94,8.98,,9.32,
1979-08-15,8.95,9.00,,9.41,
1979-08-16,8.94,9.00,,9.39,
1979-08-17,8.94,9.01,,9.44,
1979-08-20,8.94,9.02,,9.45,
1979-08-21,8.95,9.04,,9.51,
1979-08-22,8.97,9.04,,9.55,
1979-08-23,8.98,9.05,,9.63,
1979-08-24,9.02,9.14,,9.72,
1979-08-27,9.01,9.12,,9.68,
1979-08-28,9.02,9.15,,9.73,
1979-08-29,9.01,9.14,,9.73,
1979-08-30,9.07,9.21,,9.77,
1979-08-31,9.10,9.24,,9.84,
1979-09-03,,,,,
1979-09-04,9.16,9.32,,10.00,
1979-09-05,9.18,9.32,,10.02,
1979-09-06,9.19,9.35,,10.03,
1979-09-07,9.20,9.34,,10.10,
1979-09-10,9.23,9.36,,10.13,
1979-09-11,9.16,9.25,,10.00,
1979-09-12,9.19,9.30,,10.04,
1979-09-13,9.20,9.34,,10.10,
1979-09-14,9.18,9.29,,10.02,
1979-09-17,9.22,9.37,,10.13,
1979-09-18,9.22,9.36,,10.14,
1979-09-19,9.20,9.31,,10.08,
1979-09-20,9.18,9.29,,10.03,
1979-09-21,9.15,9.26,,10.00,
1979-09-24,9.21,9.34,,10.01,
1979-09-25,9.21,9.32,,10.01,
1979-09-26,9.23,9.36,,10.02,
1979-09-27,9.32,9.44,,10.11,
1979-09-28,9.31,9.44,,10.10,
1979-10-01,9.34,9.51,,10.14,
1979-10-02,9.35,9.47,,10.14,
1979-10-03,9.37,9.50,,10.14,
1979-10-04,9.40,9.58,,10.34,
1979-10-05,9.44,9.60,,10.39,
1979-10-08,,,,,
1979-10-09,9.73,9.93,,11.12,
1979-10-10,9.83,10.09,,11.40,
1979-10-11,9.89,10.17,,11.26,
1979-10-12,9.93,10.15,,11.17,
1979-10-15,10.00,10.31,,11.39,
1979-10-16,9.98,10.27,,11.39,
1979-10-17,9.92,10.20,,11.40,
1979-10-18,10.06,10.41,,11.75,
1979-10-19,10.23,10.68,,12.15,
1979-10-22,10.44,10.96,,12.43,
1979-10-23,10.44,11.02,,12.63,
1979-10-24,10.37,10.83,,12.52,
1979-10-25,10.49,10.98,,12.59,
1979-10-26,10.34,10.67,,12.05,
1979-10-29,10.40,10.78,,12.19,
1979-10-30,10.39,10.75,,12.12,
1979-10-31,10.40,10.72,,12.06,
1979-11-01,10.49,10.79,,12.08,
1979-11-02,10.53,10.84,,12.19,
1979-11-05,10.53,10.85,,12.15,
1979-11-06,,,,,
1979-11-07,10.67,11.00,,12.36,
1979-11-08,10.61,10.96,,12.29,
1979-11-09,10.43,10.68,,11.78,
1979-11-12,,,,,
1979-11-13,10.39,10.63,,11.64,
1979-11-14,10.46,10.75,,11.82,
1979-11-15,10.36,10.62,,11.68,
1979-11-16,10.46,10.77,,11.97,
1979-11-19,10.49,10.80,,12.08,
1979-11-20,10.47,10.78,,12.12,
1979-11-21,10.45,10.73,,12.17,
1979-11-22,,,,,
1979-11-23,10.27,10.51,,11.69,
1979-11-26,10.13,10.37,,11.44,
1979-11-27,10.02,10.24,,11.11,
1979-11-28,10.11,10.37,,11.23,
1979-11-29,10.09,10.34,,11.23,
1979-11-30,10.10,10.38,,11.33,
1979-12-03,10.17,10.44,,11.42,
1979-12-04,10.08,10.32,,11.30,
1979-12-05,10.05,10.27,,11.21,
1979-12-06,9.98,10.13,,11.08,
1979-12-07,10.08,10.30,,11.21,
1979-12-10,10.07,10.27,,11.25,
1979-12-11,10.25,10.46,,11.60,
1979-12-12,10.31,10.58,,11.85,
1979-12-13,10.31,10.51,,11.67,
1979-12-14,10.20,10.45,,11.47,
1979-12-17,10.25,10.42,,11.45,
1979-12-18,10.20,10.34,,11.31,
1979-12-19,10.17,10.33,,11.38,
1979-12-20,10.20,10.38,,11.40,
1979-12-21,10.23,10.39,,11.42,
1979-12-24,10.24,10.45,,11.44,
1979-12-25,,,,,
1979-12-26,10.25,10.48,,11.43,
1979-12-27,10.24,10.46,,11.39,
1979-12-28,10.22,10.41,,11.30,
1979-12-31,10.16,10.33,,11.23,
1980-01-01,,,,,
1980-01-02,10.23,10.50,,11.39,
1980-01-03,10.37,10.60,,11.45,
1980-01-04,10.42,10.66,,11.47,
1980-01-07,10.41,10.63,,11.35,
1980-01-08,10.33,10.57,,11.26,
1980-01-09,10.35,10.58,,11.24,
1980-01-10,10.29,10.51,,11.18,
1980-01-11,10.39,10.68,,11.33,
1980-01-14,10.44,10.70,,11.35,
1980-01-15,10.48,10.65,,11.32,
1980-01-16,10.47,10.65,,11.30,
1980-01-17,10.55,10.71,,11.37,
1980-01-18,10.66,10.82,,11.52,
1980-01-21,10.87,10.96,,11.58,
1980-01-22,10.77,10.85,,11.56,
1980-01-23,10.74,10.82,,11.53,
1980-01-24,10.93,11.01,,11.68,
1980-01-25,11.01,11.10,,11.82,
1980-01-28,11.08,11.15,,11.79,
1980-01-29,11.20,11.21,,11.88,
1980-01-30,11.22,11.16,,11.84,
1980-01-31,11.16,11.13,,11.75,
1980-02-01,11.30,11.29,,12.04,
1980-02-04,11.41,11.40,,12.12,
1980-02-05,11.75,11.73,,12.49,
1980-02-06,11.92,11.92,,12.42,
1980-02-07,11.76,11.71,,12.21,
1980-02-08,11.76,11.80,,12.31,
1980-02-11,12.00,12.01,,12.60,
1980-02-12,,,,,
1980-02-13,11.90,11.86,,12.52,
1980-02-14,11.91,11.97,,12.60,
1980-02-15,12.18,12.20,,13.13,
1980-02-18,,,,,
1980-02-19,12.74,12.85,,13.96,
1980-02-20,12.72,12.84,,14.03,
1980-02-21,12.99,13.22,,14.51,
1980-02-22,12.70,13.06,,14.52,
1980-02-25,12.85,13.27,,14.62,
1980-02-26,12.97,13.65,,14.91,
1980-02-27,12.82,13.46,,14.82,
1980-02-28,12.18,12.92,,14.41,
1980-02-29,12.12,12.72,,14.73,
1980-03-03,12.38,12.79,,14.83,
1980-03-04,12.42,12.91,,14.86,
1980-03-05,12.62,13.03,,14.99,
1980-03-06,12.90,13.13,,15.27,
1980-03-07,12.75,12.86,,15.20,
1980-03-10,12.38,12.63,,14.71,
1980-03-11,12.24,12.41,,14.43,
1980-03-12,12.46,12.62,,14.74,
1980-03-13,12.45,12.50,,14.69,
1980-03-14,12.29,12.52,,14.80,
1980-03-17,12.40,12.58,,14.82,
1980-03-18,12.24,12.40,,14.42,
1980-03-19,12.01,12.35,,14.33,
1980-03-20,12.37,12.62,,15.03,
1980-03-21,12.41,12.75,,15.02,
1980-03-24,12.86,13.17,,15.36,
1980-03-25,12.89,13.10,,15.19,
1980-03-26,12.72,13.03,,15.26,
1980-03-27,12.69,12.97,,15.11,
1980-03-28,12.40,12.72,,14.89,
1980-03-31,12.44,12.64,,14.63,
1980-04-01,12.47,12.69,,14.59,
1980-04-02,12.40,12.63,,14.52,
1980-04-03,12.39,12.52,,14.51,
1980-04-04,,,,,
1980-04-07,11.91,12.13,,13.85,
1980-04-08,11.86,12.21,,13.89,
1980-04-09,11.80,12.06,,13.54,
1980-04-10,11.80,12.06,,13.57,
1980-04-11,11.47,11.79,,13.22,
1980-04-14,11.40,11.62,,12.96,
1980-04-15,11.41,11.57,,12.72,
1980-04-16,10.90,10.90,,11.97,
1980-04-17,10.98,11.13,,11.97,
1980-04-18,10.98,11.05,,11.76,
1980-04-21,10.95,10.90,,11.56,
1980-04-22,10.93,10.82,,11.43,
1980-04-23,11.01,10.89,,11.38,
1980-04-24,11.13,10.96,,11.42,
1980-04-25,11.18,10.95,,11.39,
1980-04-28,10.88,10.63,,10.74,
1980-04-29,10.92,10.67,,10.74,
1980-04-30,10.92,10.76,,10.81,
1980-05-01,10.73,10.57,,10.70,
1980-05-02,10.44,10.24,,10.04,
1980-05-05,10.44,10.18,,9.85,
1980-05-06,10.21,9.80,,9.40,
1980-05-07,10.16,9.96,,9.41,
1980-05-08,10.34,10.18,,9.48,
1980-05-09,10.45,10.30,,9.85,
1980-05-12,10.50,10.30,,9.52,
1980-05-13,10.43,10.13,,9.38,
1980-05-14,10.37,10.14,,9.27,
1980-05-15,10.55,10.31,,9.48,
1980-05-16,10.62,10.37,,9.76,
1980-05-19,10.78,10.53,,9.78,
1980-05-20,10.57,10.22,,9.26,
1980-05-21,10.44,10.08,,9.14,
1980-05-22,10.46,10.10,,9.13,
1980-05-23,10.24,9.85,,8.73,
1980-05-26,,,,,
1980-05-27,10.24,9.96,,8.82,
1980-05-28,10.33,10.10,,9.04,
1980-05-29,10.46,10.24,,9.16,
1980-05-30,10.46,10.25,,9.25,
1980-06-02,10.55,10.31,,9.34,
1980-06-03,10.43,10.16,,9.20,
1980-06-04,10.31,10.07,,9.06,
1980-06-05,10.19,10.02,,8.97,
1980-06-06,9.98,9.81,,8.72,
1980-06-09,9.81,9.73,,8.61,
1980-06-10,9.95,9.83,,8.79,
1980-06-11,9.86,9.70,,8.65,
1980-06-12,9.70,9.53,,8.46,
1980-06-13,9.56,9.51,,8.39,
1980-06-16,9.56,9.47,,8.38,
1980-06-17,9.57,9.49,,8.36,
1980-06-18,9.65,9.56,,8.58,
1980-06-19,9.62,9.56,,8.68,
1980-06-20,9.56,9.49,,8.43,
1980-06-23,9.71,9.63,,8.59,
1980-06-24,9.75,9.68,,8.64,
1980-06-25,9.84,9.79,,8.73,
1980-06-26,9.95,9.87,,8.80,
1980-06-27,10.04,10.04,,8.94,
1980-06-30,10.08,10.09,,8.97,
1980-07-01,10.21,10.13,,9.01,
1980-07-02,10.22,10.19,,9.01,
1980-07-03,10.09,10.01,,8.77,
1980-07-04,,,,,
1980-07-07,10.28,10.20,,8.94,
1980-07-08,10.13,10.09,,8.80,
1980-07-09,10.21,10.14,,8.83,
1980-07-10,10.29,10.21,,8.90,
1980-07-11,10.38,10.28,,8.97,
1980-07-14,10.44,10.33,,9.16,
1980-07-15,10.29,10.17,,8.98,
1980-07-16,10.16,10.07,,8.79,
1980-07-17,10.28,10.21,,8.89,
1980-07-18,10.29,10.20,,8.93,
1980-07-21,10.21,10.13,,8.93,
1980-07-22,10.27,10.18,,9.02,
1980-07-23,10.25,10.12,,8.95,
1980-07-24,10.34,10.24,,9.05,
1980-07-25,10.39,10.35,,9.15,
1980-07-28,10.50,10.46,,9.24,
1980-07-29,10.49,10.45,,9.28,
1980-07-30,10.59,10.53,,9.33,
1980-07-31,10.80,10.76,,9.72,
1980-08-01,10.80,10.76,,9.78,
1980-08-04,10.71,10.69,,9.66,
1980-08-05,10.71,10.70,,9.67,
1980-08-06,10.80,10.80,,9.69,
1980-08-07,10.75,10.71,,9.67,
1980-08-08,10.92,10.87,,9.81,
1980-08-11,11.10,11.03,,10.07,
1980-08-12,11.04,10.98,,10.03,
1980-08-13,10.95,10.89,,10.03,
1980-08-14,10.91,10.90,,10.07,
1980-08-15,10.87,10.86,,10.12,
1980-08-18,11.06,11.13,,10.77,
1980-08-19,11.20,11.24,,10.91,
1980-08-20,11.21,11.22,,11.11,
1980-08-21,11.22,11.30,,11.27,
1980-08-22,11.08,11.13,,11.09,
1980-08-25,11.28,11.40,,11.34,
1980-08-26,11.30,11.42,,11.34,
1980-08-27,11.46,11.67,,11.52,
1980-08-28,11.61,11.89,,11.77,
1980-08-29,11.42,11.55,,11.36,
1980-09-01,,,,,
1980-09-02,11.23,11.32,,11.05,
1980-09-03,11.05,11.08,,10.73,
1980-09-04,11.11,11.16,,10.77,
1980-09-05,11.16,11.21,,10.89,
1980-09-08,11.27,11.29,,11.11,
1980-09-09,11.20,11.19,,11.13,
1980-09-10,11.16,11.14,,11.03,
1980-09-11,11.27,11.32,,11.27,
1980-09-12,11.30,11.37,,11.40,
1980-09-15,11.54,11.62,,11.79,
1980-09-16,11.48,11.52,,11.68,
1980-09-17,11.54,11.57,,11.79,
1980-09-18,11.49,11.53,,11.84,
1980-09-19,11.35,11.33,,11.59,
1980-09-22,11.72,11.69,,12.00,
1980-09-23,11.66,11.76,,12.00,
1980-09-24,11.65,11.75,,11.98,
1980-09-25,11.79,11.91,,12.11,
1980-09-26,11.94,11.99,,12.40,
1980-09-29,12.08,12.07,,12.38,
1980-09-30,11.84,11.86,,12.13,
1980-10-01,11.83,11.78,,12.02,
1980-10-02,11.83,11.83,,12.06,
1980-10-03,11.47,11.40,,11.51,
1980-10-06,11.42,11.35,,11.41,
1980-10-07,11.47,11.43,,11.44,
1980-10-08,11.58,11.51,,11.69,
1980-10-09,11.41,11.39,,11.60,
1980-10-10,11.41,11.44,,11.64,
1980-10-13,,,,,
1980-10-14,11.31,11.37,,11.67,
1980-10-15,11.26,11.29,,11.58,
1980-10-16,11.42,11.47,,11.69,
1980-10-17,11.59,11.62,,11.91,
1980-10-20,11.61,11.64,,12.00,
1980-10-21,11.70,11.70,,12.11,
1980-10-22,11.91,11.88,,12.31,
1980-10-23,11.87,11.82,,12.31,
1980-10-24,11.80,11.74,,12.25,
1980-10-27,12.15,12.13,,12.73,
1980-10-28,12.30,12.32,,12.91,
1980-10-29,12.38,12.48,,12.98,
1980-10-30,12.43,12.48,,13.04,
1980-10-31,12.38,12.46,,13.08,
1980-11-03,12.37,12.46,,13.23,
1980-11-04,,,,,
1980-11-05,12.51,12.61,,13.38,
1980-11-06,12.74,13.04,,13.57,
1980-11-07,12.63,12.66,,13.36,
1980-11-10,12.75,12.78,,13.29,
1980-11-11,,,,,
1980-11-12,12.30,12.47,,12.86,
1980-11-13,12.27,12.49,,12.89,
1980-11-14,12.49,12.79,,13.25,
1980-11-17,12.65,12.95,,13.71,
1980-11-18,12.32,12.62,,13.47,
1980-11-19,12.22,12.51,,13.37,
1980-11-20,12.28,12.59,,13.53,
1980-11-21,12.45,12.80,,13.83,
1980-11-24,12.39,12.76,,13.88,
1980-11-25,12.37,12.74,,13.99,
1980-11-26,12.33,12.65,,14.00,
1980-11-27,,,,,
1980-11-28,12.38,12.72,,14.13,
1980-12-01,12.55,12.92,,14.25,
1980-12-02,12.54,12.95,,14.25,
1980-12-03,12.45,12.92,,14.04,
1980-12-04,12.47,12.91,,14.15,
1980-12-05,12.39,12.85,,14.34,
1980-12-08,12.43,12.91,,14.45,
1980-12-09,12.75,13.10,,14.54,
1980-12-10,12.85,13.15,,14.59,
1980-12-11,13.26,13.57,,14.97,
1980-12-12,12.99,13.21,,14.74,
1980-12-15,13.00,13.25,,14.83,
1980-12-16,13.13,13.51,,15.12,
1980-12-17,12.87,13.28,,14.98,
1980-12-18,12.72,13.22,,14.89,
1980-12-19,12.31,12.64,,14.05,
1980-12-22,11.86,12.14,,13.24,
1980-12-23,12.04,12.35,,13.04,
1980-12-24,12.08,12.42,,13.37,
1980-12-25,,,,,
1980-12-26,11.97,12.25,,12.95,
1980-12-29,11.93,12.20,,12.87,
1980-12-30,12.07,12.39,,12.97,
1980-12-31,12.09,12.43,,13.06,
1981-01-01,,,,,
1981-01-02,12.11,12.42,,13.10,
1981-01-05,11.77,12.15,,12.28,
1981-01-06,11.82,12.11,,12.42,
1981-01-07,12.02,12.38,,12.92,
1981-01-08,12.03,12.35,,13.09,
1981-01-09,12.26,12.57,,13.53,
1981-01-12,12.23,12.45,,13.17,
1981-01-13,12.22,12.53,,13.30,
1981-01-14,12.24,12.53,,12.95,
1981-01-15,12.40,12.62,,13.25,
1981-01-16,12.28,12.53,,13.08,
1981-01-19,12.39,12.64,,13.62,
1981-01-20,12.27,12.50,,13.48,
1981-01-21,12.51,12.77,,13.79,
1981-01-22,12.65,12.87,,13.83,
1981-01-23,12.57,12.84,,13.74,
1981-01-26,12.44,12.70,,13.40,
1981-01-27,12.46,12.73,,13.40,
1981-01-28,12.47,12.77,,13.48,
1981-01-29,12.56,12.80,,13.42,
1981-01-30,12.46,12.68,,13.26,
1981-02-02,12.55,12.86,,13.51,
1981-02-03,12.76,12.98,,13.70,
1981-02-04,12.68,12.86,,13.63,
1981-02-05,12.75,12.95,,13.63,
1981-02-06,12.86,13.09,,13.89,
1981-02-09,12.95,13.21,,13.97,
1981-02-10,13.10,13.27,,14.10,
1981-02-11,13.16,13.42,,14.34,
1981-02-12,,,,,
1981-02-13,13.40,13.65,,14.45,
1981-02-16,,,,,
1981-02-17,13.14,13.33,,13.97,
1981-02-18,13.08,13.30,,13.98,
1981-02-19,12.91,13.09,,13.72,
1981-02-20,12.74,12.90,,13.55,
1981-02-23,13.01,13.19,,13.92,
1981-02-24,13.01,13.21,,14.00,
1981-02-25,13.07,13.29,,14.00,
1981-02-26,13.23,13.47,,14.10,
1981-02-27,13.18,13.43,,14.08,
1981-03-02,13.37,13.62,,14.40,
1981-03-03,13.21,13.43,,14.13,
1981-03-04,13.25,13.45,,14.21,
1981-03-05,13.22,13.43,,14.17,
1981-03-06,12.98,13.20,,13.91,
1981-03-09,12.89,13.09,,13.84,
1981-03-10,12.94,13.08,,13.74,
1981-03-11,12.95,13.12,,13.79,
1981-03-12,12.86,13.03,,13.70,
1981-03-13,12.69,12.86,,13.45,
1981-03-16,12.61,12.85,,13.30,
1981-03-17,12.55,12.68,,13.20,
1981-03-18,12.42,12.58,,12.75,
1981-03-19,12.51,12.67,,12.84,
1981-03-20,12.61,12.77,,12.88,
1981-03-23,12.96,13.13,,13.36,
1981-03-24,13.08,13.30,,13.55,
1981-03-25,13.05,13.21,,13.51,
1981-03-26,13.23,13.34,,13.62,
1981-03-27,13.21,13.36,,13.67,
1981-03-30,13.08,13.22,,13.32,
1981-03-31,12.95,13.13,,13.17,
1981-04-01,12.94,13.14,,13.19,
1981-04-02,13.06,13.25,,13.40,
1981-04-03,13.22,13.40,,13.57,
1981-04-06,13.53,13.74,,14.13,
1981-04-07,13.27,13.41,,13.70,
1981-04-08,13.38,13.61,,13.89,
1981-04-09,13.28,13.45,,13.87,
1981-04-10,13.44,13.59,,13.90,
1981-04-13,13.52,13.68,,14.05,
1981-04-14,13.39,13.58,,13.92,
1981-04-15,13.57,13.74,,14.19,
1981-04-16,13.58,13.79,,14.23,
1981-04-17,,,,,
1981-04-20,13.45,13.69,,14.33,
1981-04-21,13.44,13.73,,14.34,
1981-04-22,13.51,13.78,,14.41,
1981-04-23,13.54,13.80,,14.51,
1981-04-24,13.61,13.88,,14.66,
1981-04-27,13.64,13.92,,14.73,
1981-04-28,13.64,13.93,,14.65,
1981-04-29,13.77,14.05,,14.67,
1981-04-30,13.87,14.11,,14.84,
1981-05-01,13.84,14.05,,14.72,
1981-05-04,14.19,14.47,,15.37,
1981-05-05,14.38,14.69,,15.94,
1981-05-06,14.20,14.56,,15.83,
1981-05-07,14.03,14.33,,15.69,
1981-05-08,13.96,14.23,,15.69,
1981-05-11,14.07,14.34,,15.74,
1981-05-12,14.13,14.46,,15.93,
1981-05-13,14.17,14.49,,15.94,
1981-05-14,13.89,14.24,,15.80,
1981-05-15,13.79,14.07,,15.55,
1981-05-18,13.50,13.80,,15.19,
1981-05-19,13.66,13.95,,15.47,
1981-05-20,13.69,14.00,,15.63,
1981-05-21,13.72,14.05,,15.75,
1981-05-22,13.62,13.82,,15.48,
1981-05-25,,,,,
1981-05-26,13.41,13.67,,15.09,
1981-05-27,13.50,13.71,,15.14,
1981-05-28,13.35,13.56,,14.79,
1981-05-29,13.31,13.50,,14.40,
1981-06-01,13.22,13.46,,14.47,
1981-06-02,13.32,13.58,,14.66,
1981-06-03,13.30,13.55,,14.65,
1981-06-04,13.28,13.51,,14.76,
1981-06-05,13.27,13.56,,14.73,
1981-06-08,13.08,13.36,,14.31,
1981-06-09,13.11,13.37,,14.41,
1981-06-10,13.03,13.31,,14.31,
1981-06-11,13.05,13.32,,14.40,
1981-06-12,13.05,13.35,,14.44,
1981-06-15,12.84,13.09,,14.03,
1981-06-16,12.85,13.08,,14.11,
1981-06-17,12.96,13.23,,14.37,
1981-06-18,13.23,13.57,,14.66,
1981-06-19,13.15,13.46,,14.65,
1981-06-22,13.13,13.44,,14.49,
1981-06-23,13.22,13.56,,14.59,
1981-06-24,13.38,13.66,,14.71,
1981-06-25,13.41,13.70,,14.65,
1981-06-26,13.44,13.69,,14.59,
1981-06-29,13.41,13.68,,14.48,
1981-06-30,13.59,13.86,,14.66,
1981-07-01,13.78,14.04,,14.94,
1981-07-02,13.66,13.95,,14.87,
1981-07-03,,,,,
1981-07-06,13.48,13.81,,14.68,
1981-07-07,13.71,14.04,,14.92,
1981-07-08,13.75,14.11,,15.02,
1981-07-09,13.77,14.12,,15.14,
1981-07-10,13.57,13.94,,14.88,
1981-07-13,13.65,13.99,,14.83,
1981-07-14,13.81,14.15,,15.07,
1981-07-15,13.68,14.07,,15.03,
1981-07-16,13.77,14.11,,15.11,
1981-07-17,13.73,14.09,,15.07,
1981-07-20,14.21,14.59,,15.96,
1981-07-21,14.21,14.61,,16.00,
1981-07-22,14.24,14.63,,15.95,
1981-07-23,14.19,14.57,,15.85,
1981-07-24,13.97,14.41,,15.64,
1981-07-27,14.07,14.43,,15.57,
1981-07-28,14.17,14.53,,15.78,
1981-07-29,14.30,14.61,,15.76,
1981-07-30,14.31,14.71,,15.88,
1981-07-31,14.31,14.67,,15.84,
1981-08-03,14.62,14.95,,16.16,
1981-08-04,14.54,14.95,,16.16,
1981-08-05,14.52,14.91,,16.07,
1981-08-06,14.44,14.86,,16.03,
1981-08-07,14.43,14.83,,16.05,
1981-08-10,14.19,14.65,,15.83,
1981-08-11,13.98,14.40,,15.67,
1981-08-12,14.12,14.61,,16.02,
1981-08-13,14.14,14.65,,16.13,
1981-08-14,14.27,14.74,,16.19,
1981-08-17,14.22,14.71,,16.22,
1981-08-18,14.31,14.79,,16.30,
1981-08-19,14.27,14.77,,16.32,
1981-08-20,14.43,14.89,,16.25,
1981-08-21,14.46,14.97,,16.31,
1981-08-24,14.95,15.32,,16.86,
1981-08-25,15.06,15.35,,16.67,
1981-08-26,15.00,15.31,,16.69,
1981-08-27,15.05,15.36,,16.75,
1981-08-28,14.87,15.25,,16.57,
1981-08-31,15.15,15.41,,16.73,
1981-09-01,15.09,15.41,17.01,16.78,
1981-09-02,15.11,15.40,16.65,16.78,
1981-09-03,15.21,15.48,16.96,16.90,
1981-09-04,15.24,15.51,16.64,16.89,
1981-09-07,,,,,
1981-09-08,15.36,15.59,16.54,16.95,
1981-09-09,15.23,15.53,16.39,16.95,
1981-09-10,15.03,15.30,15.90,16.72,
1981-09-11,14.86,15.05,15.76,16.47,
1981-09-14,14.92,15.20,15.27,16.43,
1981-09-15,14.80,15.08,15.16,16.13,
1981-09-16,14.82,15.11,15.10,16.09,
1981-09-17,14.68,14.95,15.18,16.01,
1981-09-18,14.57,14.91,15.07,16.02,
1981-09-21,14.45,14.78,14.98,15.79,
1981-09-22,14.68,15.03,15.51,16.04,
1981-09-23,14.93,15.23,14.94,16.11,
1981-09-24,15.05,15.31,14.94,16.17,
1981-09-25,15.53,15.68,15.02,16.53,
1981-09-28,15.45,15.65,14.82,16.57,
1981-09-29,15.63,15.76,14.86,16.59,
1981-09-30,15.78,15.84,15.05,16.69,
1981-10-01,15.62,15.75,15.33,16.57,
1981-10-02,15.28,15.41,15.40,16.34,
1981-10-05,15.09,15.19,14.98,15.87,
1981-10-06,15.10,15.14,14.61,15.85,
1981-10-07,15.03,15.04,14.54,15.73,
1981-10-08,14.95,15.00,14.38,15.79,
1981-10-09,14.72,14.73,13.96,15.20,
1981-10-12,,,,,
1981-10-13,14.90,14.83,14.17,15.25,
1981-10-14,14.95,14.87,13.97,15.35,
1981-10-15,14.86,14.88,14.00,15.31,
1981-10-16,14.98,14.94,14.18,15.46,
1981-10-19,14.94,14.95,14.20,15.48,
1981-10-20,15.05,15.09,14.13,15.48,
1981-10-21,15.32,15.34,14.17,15.55,
1981-10-22,15.33,15.38,13.98,15.56,
1981-10-23,15.26,15.30,13.87,15.41,
1981-10-26,15.59,15.60,13.96,15.56,
1981-10-27,15.47,15.54,14.02,15.56,
1981-10-28,15.42,15.44,13.93,15.42,
1981-10-29,15.13,15.06,13.74,15.07,
1981-10-30,14.75,14.63,13.33,14.59,
1981-11-02,14.74,14.57,13.34,14.44,
1981-11-03,,,,,
1981-11-04,14.34,14.18,12.87,14.11,
1981-11-05,14.39,14.19,12.73,14.20,
1981-11-06,14.18,13.94,12.21,13.86,
1981-11-09,13.78,13.39,11.72,13.17,
1981-11-10,13.72,13.40,11.74,13.22,
1981-11-11,,,,,
1981-11-12,13.49,13.19,11.07,12.77,
1981-11-13,13.45,13.18,11.32,12.83,
1981-11-16,13.31,13.07,11.11,12.69,
1981-11-17,13.45,13.18,11.08,12.71,
1981-11-18,13.24,13.00,10.46,12.19,
1981-11-19,13.20,13.04,10.63,12.22,
1981-11-20,13.23,13.14,10.51,12.21,
1981-11-23,13.44,13.44,10.91,12.50,
1981-11-24,13.14,13.13,10.60,12.15,
1981-11-25,12.98,12.98,10.56,12.13,
1981-11-26,,,,,
1981-11-27,12.92,12.92,10.58,12.11,
1981-11-30,13.13,13.13,10.78,12.36,
1981-12-01,13.37,13.37,10.81,12.71,
1981-12-02,13.49,13.49,10.82,12.89,
1981-12-03,13.45,13.45,10.95,12.88,
1981-12-04,13.15,13.15,10.29,12.23,
1981-12-07,13.50,13.50,10.66,12.58,
1981-12-08,13.50,13.50,10.68,12.65,
1981-12-09,13.64,13.64,,12.87,
1981-12-10,13.80,13.80,11.13,13.16,
1981-12-11,13.84,13.84,11.33,13.35,
1981-12-14,13.62,13.62,11.40,13.39,
1981-12-15,13.55,13.55,11.35,13.10,
1981-12-16,13.53,13.53,11.38,13.04,
1981-12-17,13.71,13.71,11.62,13.37,
1981-12-18,13.51,13.51,11.33,13.19,
1981-12-21,13.83,13.83,11.56,13.61,
1981-12-22,14.02,14.02,11.51,13.77,
1981-12-23,14.14,14.14,11.94,14.12,
1981-12-24,14.01,14.01,11.57,13.95,
1981-12-25,,,,,
1981-12-28,14.01,14.01,11.75,14.02,
1981-12-29,14.12,14.12,12.22,13.98,
1981-12-30,14.26,14.17,11.86,13.90,
1981-12-31,14.04,13.98,11.54,13.63,
1982-01-01,,,,,
1982-01-04,14.24,14.19,11.87,13.87,
1982-01-05,14.52,14.44,12.20,14.09,
1982-01-06,14.67,14.59,12.16,14.19,
1982-01-07,14.71,14.63,12.17,14.33,
1982-01-08,14.52,14.48,11.98,14.11,
1982-01-11,14.80,14.81,12.49,14.55,
1982-01-12,14.64,14.62,12.52,14.49,
1982-01-13,14.85,14.83,12.70,14.78,
1982-01-14,14.65,14.70,13.17,14.71,
1982-01-15,14.76,14.82,12.74,14.81,
1982-01-18,14.60,14.75,13.41,14.83,
1982-01-19,14.74,14.80,13.13,14.79,
1982-01-20,14.68,14.81,13.51,15.02,
1982-01-21,14.54,14.62,13.65,14.96,
1982-01-22,14.55,14.69,13.63,15.06,
1982-01-25,14.51,14.62,14.06,14.93,
1982-01-26,14.44,14.54,13.65,14.70,
1982-01-27,14.45,14.51,13.40,14.57,
1982-01-28,14.25,14.29,12.84,14.33,
1982-01-29,14.21,14.14,13.08,14.24,
1982-02-01,14.61,14.58,14.77,15.04,
1982-02-02,14.53,14.47,14.49,14.85,
1982-02-03,14.67,14.69,14.64,14.93,
1982-02-04,14.81,14.76,14.38,14.96,
1982-02-05,14.71,14.65,14.63,14.89,
1982-02-08,15.00,14.88,15.04,15.09,
1982-02-09,15.06,14.95,14.91,15.15,
1982-02-10,14.95,14.81,14.88,15.08,
1982-02-11,14.80,14.71,15.06,15.07,
1982-02-12,,,,,
1982-02-15,,,,,
1982-02-16,14.60,14.53,15.49,15.04,
1982-02-17,14.55,14.50,15.31,15.18,
1982-02-18,14.32,14.28,14.58,14.99,
1982-02-19,14.29,14.24,14.17,14.94,
1982-02-22,13.89,13.87,13.13,14.35,
1982-02-23,13.99,13.93,12.93,14.33,
1982-02-24,13.86,13.87,12.83,14.24,
1982-02-25,13.96,13.91,12.79,14.25,
1982-02-26,14.09,14.03,13.00,14.44,
1982-03-01,13.87,13.85,12.81,14.25,
1982-03-02,13.69,13.74,13.22,14.14,
1982-03-03,13.62,13.69,12.85,14.09,
1982-03-04,13.55,13.61,12.85,13.90,
1982-03-05,13.56,13.59,12.86,13.79,
1982-03-08,13.69,13.67,12.68,13.71,
1982-03-09,13.69,13.69,12.93,13.93,
1982-03-10,13.71,13.73,13.00,13.97,
1982-03-11,13.86,13.95,13.24,14.25,
1982-03-12,13.88,13.97,13.40,14.35,
1982-03-15,13.79,13.96,13.47,14.43,
1982-03-16,13.77,13.91,13.33,14.35,
1982-03-17,13.72,13.88,13.36,14.15,
1982-03-18,13.72,13.87,13.45,14.24,
1982-03-19,13.79,13.89,13.69,14.35,
1982-03-22,13.59,13.74,13.26,14.09,
1982-03-23,13.53,13.72,13.11,14.07,
1982-03-24,13.72,13.91,13.39,14.14,
1982-03-25,13.73,13.90,13.35,14.24,
1982-03-26,13.88,14.01,13.69,14.35,
1982-03-29,14.02,14.16,14.16,14.53,
1982-03-30,14.05,14.19,14.15,14.63,
1982-03-31,13.89,14.18,13.99,14.52,
1982-04-01,13.82,14.10,13.87,14.42,
1982-04-02,13.84,14.10,13.95,14.44,
1982-04-05,13.93,14.16,13.76,14.37,
1982-04-06,13.94,14.18,13.77,14.42,
1982-04-07,13.93,14.18,13.80,14.54,
1982-04-08,13.70,13.98,13.74,14.28,
1982-04-09,,,,,
1982-04-12,13.55,13.83,13.43,14.22,
1982-04-13,13.50,13.83,13.33,14.17,
1982-04-14,13.62,13.95,13.44,14.35,
1982-04-15,13.51,13.91,13.47,14.39,
1982-04-16,13.36,13.71,13.21,14.24,
1982-04-19,13.31,13.66,13.04,14.18,
1982-04-20,13.41,13.72,13.07,14.14,
1982-04-21,13.44,13.69,12.73,14.04,
1982-04-22,13.43,13.71,12.99,14.06,
1982-04-23,13.37,13.69,12.99,14.02,
1982-04-26,13.34,13.70,13.17,14.02,
1982-04-27,13.37,13.70,13.04,13.95,
1982-04-28,13.47,13.77,13.09,13.99,
1982-04-29,13.58,13.87,13.20,14.02,
1982-04-30,13.57,13.87,13.15,13.99,
1982-05-03,13.64,13.95,13.46,14.13,
1982-05-04,13.55,13.87,13.60,14.17,
1982-05-05,13.54,13.80,13.39,14.04,
1982-05-06,13.33,13.54,13.08,13.78,
1982-05-07,13.26,13.48,13.02,13.67,
1982-05-10,13.34,13.49,13.21,13.71,
1982-05-11,13.31,13.46,12.97,13.73,
1982-05-12,13.43,13.59,13.05,13.80,
1982-05-13,13.44,13.62,13.09,13.95,
1982-05-14,13.34,13.48,12.92,13.86,
1982-05-17,13.52,13.57,13.02,13.85,
1982-05-18,13.49,13.60,12.88,13.85,
1982-05-19,13.53,13.64,12.47,13.78,
1982-05-20,13.43,13.53,12.00,13.48,
1982-05-21,13.41,13.52,11.99,13.57,
1982-05-24,13.44,13.58,11.99,13.62,
1982-05-25,13.45,13.62,12.07,13.68,
1982-05-26,13.52,13.68,12.04,13.62,
1982-05-27,13.60,13.72,12.06,13.63,
1982-05-28,13.63,13.71,11.97,13.62,
1982-05-31,,,,,
1982-06-01,13.90,13.93,12.55,13.92,
1982-06-02,13.88,13.86,12.69,13.95,
1982-06-03,13.89,13.90,12.63,13.90,
1982-06-04,14.01,13.98,12.78,14.03,
1982-06-07,13.91,13.94,12.71,13.97,
1982-06-08,13.96,13.98,12.79,14.04,
1982-06-09,13.94,13.99,12.62,14.11,
1982-06-10,13.97,14.02,12.52,14.12,
1982-06-11,13.86,13.93,12.55,14.08,
1982-06-14,14.17,14.21,12.88,14.37,
1982-06-15,14.15,14.21,12.93,14.41,
1982-06-16,14.18,14.26,13.03,14.45,
1982-06-17,14.36,14.48,13.15,14.79,
1982-06-18,14.46,14.62,13.31,14.96,
1982-06-21,14.43,14.63,13.11,14.92,
1982-06-22,14.47,14.66,13.37,14.90,
1982-06-23,14.52,14.74,13.67,14.97,
1982-06-24,14.51,14.71,13.60,14.95,
1982-06-25,14.49,14.76,13.87,14.98,
1982-06-28,14.45,14.73,13.81,14.93,
1982-06-29,14.36,14.61,13.80,14.83,
1982-06-30,14.18,14.44,13.36,14.66,
1982-07-01,14.15,14.40,13.14,14.60,
1982-07-02,14.26,14.50,13.36,14.71,
1982-07-05,,,,,
1982-07-06,14.26,14.48,13.18,14.72,
1982-07-07,14.28,14.49,13.31,14.68,
1982-07-08,13.92,14.19,12.48,14.26,
1982-07-09,13.78,14.03,12.29,14.05,
1982-07-12,13.64,13.87,12.22,13.86,
1982-07-13,13.79,14.02,12.48,14.13,
1982-07-14,13.90,14.10,12.53,14.23,
1982-07-15,13.76,13.96,12.14,14.07,
1982-07-16,13.54,13.70,11.68,13.71,
1982-07-19,13.53,13.68,11.52,13.52,
1982-07-20,13.43,13.53,11.11,13.27,
1982-07-21,13.46,13.60,11.19,13.13,
1982-07-22,13.38,13.51,10.83,13.04,
1982-07-23,13.41,13.56,10.73,13.04,
1982-07-26,13.67,13.91,10.87,13.33,
1982-07-27,13.64,13.86,11.12,13.35,
1982-07-28,13.79,13.97,11.41,13.45,
1982-07-29,13.72,13.83,10.97,13.42,
1982-07-30,13.63,13.68,10.57,13.17,
1982-08-02,13.37,13.41,9.72,12.82,
1982-08-03,13.45,13.51,10.18,12.90,
1982-08-04,13.47,13.68,10.12,12.93,
1982-08-05,13.50,13.70,10.19,13.08,
1982-08-06,13.62,13.85,10.71,13.24,
1982-08-09,13.52,13.70,10.25,13.08,
1982-08-10,13.45,13.69,10.42,13.15,
1982-08-11,13.46,13.71,10.37,13.15,
1982-08-12,13.35,13.55,9.74,12.93,
1982-08-13,13.12,13.20,9.60,12.75,
1982-08-16,12.95,13.09,8.98,12.36,
1982-08-17,12.52,12.65,8.33,11.83,
1982-08-18,12.40,12.57,8.35,11.76,
1982-08-19,12.41,12.47,7.76,11.61,
1982-08-20,12.21,12.24,7.31,11.20,
1982-08-23,12.39,12.47,7.75,11.57,
1982-08-24,12.27,12.35,7.86,11.50,
1982-08-25,12.31,12.43,7.67,11.66,
1982-08-26,12.40,12.55,7.37,11.67,
1982-08-27,12.65,12.77,8.10,11.93,
1982-08-30,12.65,12.81,8.44,12.01,
1982-08-31,12.59,12.81,8.72,11.99,
1982-09-01,12.52,12.76,8.73,12.00,
1982-09-02,12.41,12.60,8.66,11.95,
1982-09-03,12.23,12.47,8.46,11.69,
1982-09-06,,,,,
1982-09-07,12.29,12.53,8.68,11.80,
1982-09-08,12.31,12.51,8.60,11.87,
1982-09-09,12.35,12.53,8.57,11.87,
1982-09-10,12.60,12.73,8.66,12.06,
1982-09-13,12.47,12.63,8.41,11.93,
1982-09-14,12.40,12.56,8.16,11.88,
1982-09-15,12.44,12.60,8.44,12.16,
1982-09-16,12.44,12.60,8.31,12.14,
1982-09-17,12.37,12.51,8.23,11.96,
1982-09-20,12.29,12.47,8.04,11.98,
1982-09-21,12.02,12.18,7.88,11.68,
1982-09-22,11.92,12.04,7.58,11.61,
1982-09-23,11.71,11.94,7.52,11.50,
1982-09-24,11.82,12.09,7.85,11.65,
1982-09-27,11.77,11.99,7.83,11.69,
1982-09-28,11.67,11.85,7.72,11.42,
1982-09-29,11.67,11.80,7.84,11.38,
1982-09-30,11.65,11.73,7.88,11.23,
1982-10-01,11.47,11.51,7.60,11.13,
1982-10-04,11.67,11.72,8.21,11.51,
1982-10-05,11.64,11.69,8.44,11.42,
1982-10-06,11.48,11.50,8.33,11.21,
1982-10-07,11.00,10.91,8.04,10.46,
1982-10-08,10.96,10.83,8.00,10.15,
1982-10-11,,,,,
1982-10-12,10.59,10.53,7.61,9.69,
1982-10-13,10.47,10.39,7.67,9.68,
1982-10-14,10.62,10.61,7.79,9.84,
1982-10-15,10.79,10.75,7.80,10.00,
1982-10-18,10.67,10.58,7.66,9.80,
1982-10-19,10.66,10.56,7.73,9.82,
1982-10-20,10.80,10.69,7.80,9.72,
1982-10-21,10.79,10.69,7.81,9.79,
1982-10-22,10.92,10.81,7.88,9.87,
1982-10-25,11.14,11.11,8.12,10.09,
1982-10-26,11.02,10.87,8.24,9.89,
1982-10-27,11.01,10.90,8.28,9.94,
1982-10-28,10.90,10.77,8.17,9.89,
1982-10-29,10.79,10.71,8.17,9.85,
1982-11-01,10.60,10.56,8.06,9.68,
1982-11-02,,,,,
1982-11-03,10.53,10.46,8.06,9.65,
1982-11-04,10.48,10.42,7.99,9.64,
1982-11-05,10.58,10.48,8.04,9.73,
1982-11-08,10.67,10.55,8.18,9.81,
1982-11-09,10.50,10.51,8.28,9.74,
1982-11-10,10.48,10.48,8.36,9.77,
1982-11-11,,,,,
1982-11-12,10.57,10.58,8.56,9.87,
1982-11-15,10.65,10.65,8.80,9.91,
1982-11-16,10.67,10.67,8.70,9.90,
1982-11-17,10.60,10.59,8.65,9.90,
1982-11-18,10.46,10.46,8.55,9.81,
1982-11-19,10.42,10.42,8.38,9.79,
1982-11-22,10.43,10.43,8.26,9.73,
1982-11-23,10.53,10.53,8.22,9.73,
1982-11-24,10.59,10.59,8.20,9.80,
1982-11-25,,,,,
1982-11-26,10.51,10.51,8.19,9.76,
1982-11-29,10.77,10.78,8.54,9.94,
1982-11-30,10.79,10.79,8.56,9.96,
1982-12-01,10.73,10.74,8.55,9.96,
1982-12-02,10.68,10.68,8.32,9.89,
1982-12-03,10.46,10.47,8.10,9.72,
1982-12-06,10.45,10.46,8.13,9.73,
1982-12-07,10.48,10.48,8.19,9.72,
1982-12-08,10.62,10.62,8.24,9.85,
1982-12-09,10.59,10.58,8.23,9.83,
1982-12-10,10.65,10.66,8.31,9.87,
1982-12-13,10.61,10.61,8.27,9.84,
1982-12-14,10.46,10.46,7.93,9.54,
1982-12-15,10.49,10.50,7.88,9.49,
1982-12-16,10.59,10.59,8.10,9.59,
1982-12-17,10.64,10.64,8.13,9.66,
1982-12-20,10.70,10.70,8.14,9.67,
1982-12-21,10.69,10.54,8.17,9.54,
1982-12-22,10.74,10.53,8.18,9.55,
1982-12-23,10.70,10.47,8.18,9.52,
1982-12-24,,,,,
1982-12-27,10.66,10.44,8.16,9.54,
1982-12-28,10.66,10.44,8.33,9.52,
1982-12-29,10.69,10.47,8.43,9.54,
1982-12-30,10.67,10.44,8.29,9.52,
1982-12-31,10.62,10.36,8.20,9.48,
1983-01-03,10.55,10.32,8.17,9.29,
1983-01-04,10.62,10.37,8.28,9.43,
1983-01-05,10.64,10.35,8.25,9.39,
1983-01-06,10.68,10.39,8.20,9.39,
1983-01-07,10.67,10.36,8.02,9.26,
1983-01-10,10.70,10.38,7.96,9.24,
1983-01-11,10.67,10.34,7.94,9.19,
1983-01-12,10.64,10.32,7.94,9.22,
1983-01-13,10.62,10.27,7.92,9.11,
1983-01-14,10.64,10.28,7.79,9.09,
1983-01-17,10.63,10.28,7.85,9.17,
1983-01-18,10.69,10.30,7.90,9.14,
1983-01-19,10.79,10.41,7.94,9.20,
1983-01-20,10.77,10.43,8.04,9.26,
1983-01-21,10.92,10.61,8.29,9.46,
1983-01-24,11.00,10.70,8.37,9.54,
1983-01-25,10.95,10.62,8.32,9.44,
1983-01-26,11.05,10.69,8.36,9.52,
1983-01-27,11.01,10.67,8.30,9.49,
1983-01-28,11.03,10.71,8.26,9.47,
1983-01-31,11.14,10.80,8.36,9.58,
1983-02-01,11.12,10.78,8.45,9.60,
1983-02-02,11.11,10.88,8.45,9.71,
1983-02-03,11.18,10.93,8.43,9.71,
1983-02-04,11.27,10.99,8.52,9.82,
1983-02-07,11.24,10.96,8.50,9.80,
1983-02-08,11.27,10.99,8.57,9.83,
1983-02-09,11.31,11.00,8.55,9.89,
1983-02-10,11.13,10.83,8.45,9.74,
1983-02-11,11.12,10.80,8.42,9.70,
1983-02-14,11.11,10.80,8.53,9.78,
1983-02-15,11.16,10.84,8.60,9.77,
1983-02-16,11.10,10.81,8.48,9.69,
1983-02-17,11.03,10.71,8.38,9.65,
1983-02-18,10.90,10.60,8.26,9.56,
1983-02-21,,,,,
1983-02-22,10.74,10.46,8.17,9.41,
1983-02-23,10.75,10.44,8.24,9.44,
1983-02-24,10.74,10.42,8.20,9.40,
1983-02-25,10.61,10.26,8.08,9.28,
1983-02-28,10.62,10.27,8.21,9.31,
1983-03-01,10.57,10.22,8.26,9.26,
1983-03-02,10.61,10.26,8.30,9.30,
1983-03-03,10.59,10.23,8.25,9.24,
1983-03-04,10.62,10.27,8.29,9.25,
1983-03-07,10.75,10.43,8.48,9.46,
1983-03-08,10.83,10.52,8.61,9.62,
1983-03-09,10.82,10.48,8.57,9.62,
1983-03-10,10.85,10.55,8.55,9.67,
1983-03-11,10.93,10.59,8.56,9.66,
1983-03-14,10.84,10.48,8.51,9.58,
1983-03-15,10.82,10.46,8.55,9.57,
1983-03-16,10.84,10.53,8.61,9.65,
1983-03-17,10.87,10.56,8.63,9.71,
1983-03-18,10.88,10.58,8.74,9.78,
1983-03-21,10.87,10.60,8.80,9.79,
1983-03-22,10.87,10.62,8.93,9.84,
1983-03-23,10.82,10.58,8.78,9.81,
1983-03-24,10.81,10.58,8.83,9.82,
1983-03-25,10.85,10.64,9.00,9.91,
1983-03-28,10.87,10.66,9.01,9.92,
1983-03-29,10.82,10.60,8.97,9.88,
1983-03-30,10.81,10.59,8.98,9.88,
1983-03-31,10.84,10.62,8.96,9.87,
1983-04-01,,,,,
1983-04-04,10.82,10.60,8.97,9.87,
1983-04-05,10.74,10.49,8.80,9.72,
1983-04-06,10.71,10.49,8.72,9.69,
1983-04-07,10.71,10.51,8.68,9.67,
1983-04-08,10.72,10.51,8.63,9.67,
1983-04-11,10.62,10.41,8.45,9.53,
1983-04-12,10.63,10.42,8.49,9.58,
1983-04-13,10.62,10.39,8.48,9.57,
1983-04-14,10.54,10.29,8.42,9.49,
1983-04-15,10.55,10.33,8.43,9.53,
1983-04-18,10.52,10.29,8.36,9.49,
1983-04-19,10.61,10.39,8.47,9.58,
1983-04-20,10.62,10.39,8.40,9.58,
1983-04-21,10.68,10.43,8.44,9.61,
1983-04-22,10.65,10.42,8.44,9.58,
1983-04-25,10.64,10.40,8.44,9.52,
1983-04-26,10.61,10.37,8.45,9.49,
1983-04-27,10.56,10.29,8.41,9.42,
1983-04-28,10.54,10.31,8.41,9.42,
1983-04-29,10.52,10.27,8.38,9.35,
1983-05-02,10.51,10.26,8.33,9.29,
1983-05-03,10.50,10.26,8.33,9.27,
1983-05-04,10.39,10.12,8.30,9.19,
1983-05-05,10.42,10.16,8.34,9.25,
1983-05-06,10.41,10.13,8.26,9.17,
1983-05-09,10.49,10.25,8.43,9.33,
1983-05-10,10.42,10.16,8.30,9.24,
1983-05-11,10.45,10.18,8.25,9.22,
1983-05-12,10.53,10.23,8.35,9.29,
1983-05-13,10.50,10.22,8.30,9.27,
1983-05-16,10.70,10.37,8.45,9.47,
1983-05-17,10.71,10.41,8.44,9.48,
1983-05-18,10.76,10.43,8.42,9.49,
1983-05-19,10.83,10.49,8.46,9.61,
1983-05-20,10.90,10.54,8.48,9.64,
1983-05-23,10.88,10.57,8.73,9.74,
1983-05-24,10.86,10.56,8.80,9.75,
1983-05-25,10.88,10.58,8.82,9.76,
1983-05-26,10.93,10.63,8.85,9.89,
1983-05-27,10.94,10.62,8.80,9.90,
1983-05-30,,,,,
1983-05-31,11.12,10.81,8.97,10.02,
1983-06-01,11.06,10.77,8.92,9.97,
1983-06-02,11.10,10.78,8.84,9.96,
1983-06-03,11.09,10.79,8.87,10.01,
1983-06-06,11.06,10.79,8.96,10.09,
1983-06-07,11.14,10.85,9.17,10.18,
1983-06-08,11.20,10.92,9.18,10.20,
1983-06-09,11.13,10.88,9.08,10.12,
1983-06-10,11.14,10.89,9.11,10.20,
1983-06-13,11.01,10.75,9.03,10.11,
1983-06-14,11.04,10.77,9.06,10.09,
1983-06-15,10.99,10.72,9.06,10.06,
1983-06-16,10.91,10.64,8.99,10.05,
1983-06-17,10.94,10.68,9.01,10.07,
1983-06-20,11.05,10.80,9.32,10.26,
1983-06-21,11.06,10.79,9.32,10.27,
1983-06-22,11.09,10.83,9.35,10.31,
1983-06-23,11.14,10.90,9.31,10.33,
1983-06-24,11.28,11.02,9.42,10.43,
1983-06-27,11.37,11.11,9.38,10.44,
1983-06-28,11.30,11.04,9.34,10.35,
1983-06-29,11.25,10.99,9.20,10.27,
1983-06-30,11.20,10.96,9.15,10.23,
1983-07-01,11.17,10.93,9.05,10.17,
1983-07-04,,,,,
1983-07-05,11.45,11.21,9.36,10.52,
1983-07-06,11.43,11.16,9.38,10.49,
1983-07-07,11.51,11.29,9.49,10.59,
1983-07-08,11.57,11.33,9.48,10.69,
1983-07-11,11.49,11.28,9.42,10.56,
1983-07-12,11.63,11.42,9.52,10.74,
1983-07-13,11.62,11.40,9.47,10.71,
1983-07-14,11.58,11.38,9.46,10.72,
1983-07-15,11.66,11.51,9.59,10.82,
1983-07-18,11.56,11.41,9.47,10.76,
1983-07-19,11.52,11.36,9.51,10.69,
1983-07-20,11.47,11.28,9.44,10.64,
1983-07-21,11.51,11.32,9.44,10.66,
1983-07-22,11.67,11.43,9.45,10.77,
1983-07-25,11.61,11.41,9.43,10.74,
1983-07-26,11.70,11.49,9.47,10.77,
1983-07-27,11.72,11.51,9.43,10.77,
1983-07-28,11.87,11.66,9.54,10.86,
1983-07-29,12.01,11.76,9.59,11.03,
1983-08-01,12.05,11.80,9.63,11.09,
1983-08-02,12.02,11.82,9.89,11.14,
1983-08-03,12.02,11.92,9.78,11.13,
1983-08-04,12.24,12.12,9.86,11.27,
1983-08-05,12.18,12.10,9.83,11.27,
1983-08-08,12.27,12.20,9.89,11.37,
1983-08-09,12.21,12.13,9.94,11.33,
1983-08-10,12.27,12.17,9.97,11.41,
1983-08-11,12.15,12.04,9.98,11.32,
1983-08-12,12.01,11.96,9.90,11.27,
1983-08-15,11.83,11.76,9.83,11.08,
1983-08-16,11.81,11.71,9.83,10.97,
1983-08-17,11.73,11.65,9.73,10.86,
1983-08-18,11.81,11.70,9.68,10.85,
1983-08-19,11.86,11.72,9.70,10.90,
1983-08-22,11.65,11.54,9.54,10.75,
1983-08-23,11.71,11.57,9.56,10.79,
1983-08-24,11.68,11.54,9.49,10.76,
1983-08-25,11.73,11.62,9.48,10.83,
1983-08-26,11.78,11.65,9.54,10.88,
1983-08-29,11.99,11.86,9.62,11.09,
1983-08-30,12.04,11.90,9.69,11.08,
1983-08-31,12.15,11.98,9.64,11.18,
1983-09-01,12.12,11.97,9.58,11.16,
1983-09-02,12.15,12.01,9.63,11.18,
1983-09-05,,,,,
1983-09-06,12.00,11.85,9.59,11.03,
1983-09-07,11.87,11.70,9.49,10.88,
1983-09-08,11.92,11.77,9.48,10.95,
1983-09-09,11.88,11.73,9.54,10.93,
1983-09-12,11.73,11.56,9.39,10.71,
1983-09-13,11.79,11.63,9.46,10.77,
1983-09-14,11.93,11.76,9.47,10.88,
1983-09-15,11.98,11.82,9.46,10.95,
1983-09-16,11.84,11.68,9.43,10.83,
1983-09-19,11.83,11.66,9.34,10.72,
1983-09-20,11.76,11.57,9.32,10.70,
1983-09-21,11.80,11.64,9.33,10.73,
1983-09-22,11.82,11.60,9.33,10.74,
1983-09-23,11.68,11.49,9.22,10.61,
1983-09-26,11.60,11.41,9.05,10.49,
1983-09-27,11.64,11.45,9.08,10.57,
1983-09-28,11.67,11.49,9.12,10.59,
1983-09-29,11.67,11.50,9.24,10.64,
1983-09-30,11.64,11.44,9.04,10.53,
1983-10-03,11.67,11.47,9.13,10.55,
1983-10-04,11.67,11.46,9.00,10.56,
1983-10-05,11.56,11.35,9.01,10.45,
1983-10-06,11.55,11.31,8.97,10.42,
1983-10-07,11.56,11.33,8.94,10.45,
1983-10-10,,,,,
1983-10-11,11.82,11.57,9.16,10.68,
1983-10-12,11.84,11.59,9.14,10.65,
1983-10-13,11.90,11.65,9.16,10.71,
1983-10-14,11.82,11.58,9.12,10.65,
1983-10-17,11.71,11.47,8.88,10.49,
1983-10-18,11.75,11.49,8.85,10.48,
1983-10-19,11.72,11.49,8.84,10.55,
1983-10-20,11.72,11.47,8.88,10.54,
1983-10-21,11.67,11.43,8.87,10.48,
1983-10-24,11.90,11.66,9.03,10.68,
1983-10-25,11.92,11.70,9.00,10.63,
1983-10-26,11.91,11.72,9.00,10.63,
1983-10-27,11.90,11.66,8.99,10.60,
1983-10-28,11.89,11.68,8.96,10.61,
1983-10-31,11.93,11.74,8.83,10.61,
1983-11-01,11.92,11.69,8.80,10.64,
1983-11-02,11.95,11.70,8.82,10.62,
1983-11-03,12.01,11.75,8.97,10.63,
1983-11-04,12.07,11.85,9.14,10.76,
1983-11-07,12.06,11.85,9.14,10.79,
1983-11-08,,,,,
1983-11-09,12.04,11.84,9.13,10.74,
1983-11-10,11.93,11.71,9.09,10.63,
1983-11-11,,,,,
1983-11-14,11.89,11.68,9.12,10.60,
1983-11-15,11.91,11.70,9.13,10.66,
1983-11-16,11.93,11.70,9.14,10.66,
1983-11-17,11.96,11.72,9.20,10.68,
1983-11-18,11.97,11.72,9.20,10.68,
1983-11-21,11.89,11.65,9.12,10.65,
1983-11-22,11.82,11.57,9.12,10.60,
1983-11-23,11.81,11.59,9.16,10.64,
1983-11-24,,,,,
1983-11-25,11.78,11.55,9.12,10.63,
1983-11-28,11.85,11.63,9.25,10.69,
1983-11-29,11.80,11.58,9.22,10.65,
1983-11-30,11.83,11.63,9.24,10.67,
1983-12-01,11.83,11.63,9.27,10.66,
1983-12-02,11.94,11.75,9.28,10.77,
1983-12-05,11.97,11.78,9.29,10.80,
1983-12-06,11.98,11.76,9.30,10.74,
1983-12-07,11.99,11.79,9.31,10.75,
1983-12-08,12.10,11.89,9.38,10.83,
1983-12-09,12.11,11.90,9.34,10.85,
1983-12-12,12.10,11.87,9.31,10.82,
1983-12-13,12.15,11.95,9.46,10.93,
1983-12-14,12.17,11.97,9.48,10.92,
1983-12-15,12.09,11.96,9.53,10.93,
1983-12-16,12.03,11.88,9.47,10.87,
1983-12-19,12.05,11.87,9.45,10.87,
1983-12-20,12.05,11.86,9.41,10.87,
1983-12-21,12.05,11.83,9.36,10.88,
1983-12-22,11.98,11.77,9.25,10.83,
1983-12-23,12.00,11.79,9.32,10.86,
1983-12-26,,,,,
1983-12-27,11.93,11.75,9.29,10.85,
1983-12-28,11.99,11.81,9.34,10.85,
1983-12-29,11.96,11.79,9.34,10.84,
1983-12-30,11.98,11.82,9.33,10.85,
1984-01-02,,,,,
1984-01-03,12.05,11.86,9.35,10.87,
1984-01-04,11.94,11.78,9.34,10.77,
1984-01-05,11.95,11.77,9.29,10.75,
1984-01-06,11.92,11.73,9.22,10.68,
1984-01-09,11.93,11.75,9.25,10.73,
1984-01-10,11.85,11.71,9.27,10.66,
1984-01-11,11.89,11.76,9.30,10.72,
1984-01-12,11.88,11.76,9.29,10.71,
1984-01-13,11.73,11.59,9.08,10.50,
1984-01-16,11.70,11.54,9.11,10.52,
1984-01-17,11.72,11.57,9.24,10.55,
1984-01-18,11.75,11.61,9.27,10.58,
1984-01-19,11.75,11.60,9.25,10.57,
1984-01-20,11.76,11.64,9.32,10.60,
1984-01-23,11.75,11.63,9.30,10.61,
1984-01-24,11.75,11.63,9.29,10.63,
1984-01-25,11.76,11.64,9.30,10.65,
1984-01-26,11.76,11.63,9.29,10.62,
1984-01-27,11.77,11.63,9.28,10.62,
1984-01-30,11.81,11.66,9.24,10.57,
1984-01-31,11.82,11.67,9.26,10.58,
1984-02-01,11.80,11.64,9.25,10.56,
1984-02-02,11.75,11.60,9.27,10.54,
1984-02-03,11.78,11.60,9.32,10.53,
1984-02-06,11.87,11.70,9.50,10.67,
1984-02-07,11.87,11.71,9.43,10.66,
1984-02-08,11.88,11.72,9.47,10.65,
1984-02-09,11.90,11.73,9.40,10.66,
1984-02-10,12.00,11.83,9.43,10.73,
1984-02-13,,,,,
1984-02-14,12.02,11.85,9.43,10.78,
1984-02-15,11.99,11.81,9.44,10.73,
1984-02-16,11.99,11.83,9.44,10.75,
1984-02-17,12.06,11.92,9.53,10.87,
1984-02-20,,,,,
1984-02-21,12.06,11.91,9.50,10.85,
1984-02-22,12.09,11.93,9.51,10.92,
1984-02-23,12.21,12.05,9.64,11.03,
1984-02-24,12.13,11.99,9.54,10.94,
1984-02-27,12.21,12.05,9.55,11.02,
1984-02-28,12.25,12.09,9.59,11.04,
1984-02-29,12.21,12.04,9.49,10.99,
1984-03-01,12.22,12.07,9.54,11.05,
1984-03-02,12.14,11.99,9.50,10.92,
1984-03-05,12.23,12.07,9.54,11.01,
1984-03-06,12.27,12.09,9.59,11.01,
1984-03-07,12.39,12.22,9.67,11.08,
1984-03-08,12.41,12.24,9.70,11.15,
1984-03-09,12.43,12.28,9.77,11.19,
1984-03-12,12.40,12.24,9.69,11.18,
1984-03-13,12.44,12.27,9.74,11.22,
1984-03-14,12.48,12.31,9.83,11.26,
1984-03-15,12.47,12.31,9.86,11.28,
1984-03-16,12.50,12.34,9.87,11.27,
1984-03-19,12.62,12.45,10.00,11.39,
1984-03-20,12.60,12.44,10.20,11.45,
1984-03-21,12.59,12.45,10.20,11.57,
1984-03-22,12.60,12.49,10.18,11.59,
1984-03-23,12.59,12.48,10.15,11.59,
1984-03-26,12.54,12.46,10.11,11.56,
1984-03-27,12.56,12.46,10.17,11.58,
1984-03-28,12.50,12.42,10.10,11.48,
1984-03-29,12.43,12.41,10.07,11.49,
1984-03-30,12.51,12.53,10.09,11.60,
1984-04-02,12.50,12.56,10.05,11.61,
1984-04-03,12.55,12.65,10.18,11.73,
1984-04-04,12.58,12.67,10.18,11.76,
1984-04-05,12.59,12.65,10.18,11.70,
1984-04-06,12.47,12.51,10.05,11.55,
1984-04-09,12.47,12.47,9.95,11.55,
1984-04-10,12.54,12.52,10.01,11.54,
1984-04-11,12.53,12.50,10.01,11.53,
1984-04-12,12.45,12.40,10.02,11.49,
1984-04-13,12.61,12.57,10.11,11.66,
1984-04-16,12.68,12.61,10.17,11.70,
1984-04-17,12.64,12.57,10.15,11.59,
1984-04-18,12.76,12.70,10.14,11.69,
1984-04-19,12.82,12.77,10.10,11.77,
1984-04-20,,,,,
1984-04-23,12.83,12.80,10.01,11.78,
1984-04-24,12.78,12.75,10.04,11.73,
1984-04-25,12.74,12.69,10.02,11.79,
1984-04-26,12.72,12.67,9.91,11.77,
1984-04-27,12.84,12.79,10.08,11.89,
1984-04-30,12.88,12.82,10.10,11.89,
1984-05-01,12.88,12.82,10.08,11.88,
1984-05-02,12.92,12.86,10.06,11.92,
1984-05-03,12.94,12.89,10.05,11.96,
1984-05-04,13.10,13.07,10.25,12.15,
1984-05-07,13.19,13.13,10.35,12.24,
1984-05-08,13.14,13.09,10.44,12.23,
1984-05-09,13.24,13.21,10.40,12.32,
1984-05-10,13.31,13.25,10.25,12.32,
1984-05-11,13.51,13.46,10.40,12.55,
1984-05-14,13.67,13.58,10.37,12.57,
1984-05-15,13.52,13.48,10.52,12.51,
1984-05-16,13.43,13.41,10.14,12.42,
1984-05-17,13.54,13.54,10.16,12.51,
1984-05-18,13.45,13.45,10.19,12.47,
1984-05-21,13.45,13.43,10.07,12.48,
1984-05-22,13.51,13.52,10.45,12.58,
1984-05-23,13.54,13.54,10.33,12.67,
1984-05-24,13.72,13.72,10.09,12.77,
1984-05-25,13.77,13.75,9.94,12.77,
1984-05-28,,,,,
1984-05-29,13.83,13.89,10.09,12.98,
1984-05-30,13.92,13.99,10.15,13.04,
1984-05-31,13.83,13.91,10.13,13.00,
1984-06-01,13.57,13.63,10.18,12.72,
1984-06-04,13.39,13.42,10.23,12.63,
1984-06-05,13.38,13.37,10.14,12.60,
1984-06-06,13.54,13.54,10.15,12.75,
1984-06-07,13.55,13.54,10.23,12.81,
1984-06-08,13.50,13.46,10.25,12.74,
1984-06-11,13.60,13.58,10.43,13.00,
1984-06-12,13.53,13.54,10.48,12.92,
1984-06-13,13.46,13.44,10.28,12.83,
1984-06-14,13.41,13.39,10.28,12.75,
1984-06-15,13.23,13.21,10.27,12.63,
1984-06-18,13.27,13.27,10.35,12.75,
1984-06-19,13.35,13.38,10.31,12.79,
1984-06-20,13.60,13.65,10.31,13.08,
1984-06-21,13.65,13.72,10.33,13.14,
1984-06-22,13.67,13.74,10.23,13.15,
1984-06-25,13.67,13.75,10.14,13.12,
1984-06-26,13.72,13.79,10.19,13.17,
1984-06-27,13.69,13.76,10.14,13.12,
1984-06-28,13.72,13.80,10.24,13.17,
1984-06-29,13.77,13.84,10.31,13.17,
1984-07-02,13.80,13.87,10.12,13.17,
1984-07-03,13.70,13.80,10.38,13.12,
1984-07-04,,,,,
1984-07-05,13.76,13.77,10.37,13.07,
1984-07-06,13.77,13.75,10.40,13.13,
1984-07-09,13.47,13.48,10.41,12.96,
1984-07-10,13.47,13.53,10.54,13.00,
1984-07-11,13.51,13.55,10.51,13.06,
1984-07-12,13.39,13.42,10.44,12.96,
1984-07-13,13.31,13.30,10.36,12.85,
1984-07-16,13.30,13.32,10.40,12.89,
1984-07-17,13.35,13.37,10.61,12.93,
1984-07-18,13.29,13.32,10.52,12.89,
1984-07-19,13.23,13.25,10.54,12.82,
1984-07-20,13.36,13.36,10.59,12.85,
1984-07-23,13.35,13.35,10.63,12.87,
1984-07-24,13.32,13.31,10.69,12.85,
1984-07-25,13.08,13.06,10.68,12.64,
1984-07-26,12.99,12.89,10.67,12.55,
1984-07-27,12.99,12.95,10.70,12.59,
1984-07-30,13.08,13.05,10.76,12.66,
1984-07-31,12.94,12.91,10.83,12.57,
1984-08-01,12.85,12.81,10.86,12.48,
1984-08-02,12.78,12.74,10.90,12.48,
1984-08-03,12.68,12.61,10.90,12.30,
1984-08-06,12.78,12.73,10.98,12.42,
1984-08-07,12.75,12.69,10.97,12.41,
1984-08-08,12.73,12.66,10.90,12.37,
1984-08-09,12.67,12.61,10.85,12.33,
1984-08-10,12.69,12.68,10.86,12.35,
1984-08-13,12.78,12.74,10.88,12.45,
1984-08-14,12.74,12.67,10.72,12.34,
1984-08-15,12.81,12.74,10.62,12.39,
1984-08-16,12.73,12.70,10.68,12.40,
1984-08-17,12.68,12.70,10.75,12.40,
1984-08-20,12.61,12.69,10.88,12.42,
1984-08-21,12.57,12.62,10.85,12.41,
1984-08-22,12.61,12.65,10.84,12.45,
1984-08-23,12.63,12.69,10.88,12.44,
1984-08-24,12.60,12.66,10.91,12.41,
1984-08-27,12.78,12.81,11.12,12.54,
1984-08-28,12.75,12.81,11.10,12.54,
1984-08-29,12.77,12.83,11.11,12.56,
1984-08-30,12.74,12.84,11.09,12.56,
1984-08-31,12.70,12.79,11.06,12.54,
1984-09-03,,,,,
1984-09-04,12.74,12.88,11.14,12.59,
1984-09-05,12.77,12.92,11.08,12.63,
1984-09-06,12.66,12.81,11.04,12.54,
1984-09-07,12.62,12.70,10.99,12.45,
1984-09-10,12.55,12.62,10.84,12.27,
1984-09-11,12.47,12.54,10.82,12.26,
1984-09-12,12.47,12.55,10.83,12.30,
1984-09-13,12.36,12.44,10.75,12.21,
1984-09-14,12.33,12.42,10.79,12.15,
1984-09-17,12.28,12.40,10.81,12.16,
1984-09-18,12.23,12.35,10.74,12.10,
1984-09-19,12.15,12.25,10.69,11.94,
1984-09-20,12.16,12.28,10.66,11.94,
1984-09-21,12.34,12.45,10.67,12.06,
1984-09-24,12.39,12.52,10.72,12.10,
1984-09-25,12.44,12.56,10.71,12.12,
1984-09-26,12.38,12.46,10.64,12.05,
1984-09-27,12.23,12.31,10.57,11.95,
1984-09-28,12.37,12.47,10.63,12.07,
1984-10-01,12.43,12.54,10.65,12.09,
1984-10-02,12.43,12.54,10.67,12.07,
1984-10-03,12.43,12.54,10.59,12.06,
1984-10-04,12.40,12.52,10.57,12.02,
1984-10-05,12.29,12.39,10.55,11.93,
1984-10-08,,,,,
1984-10-09,12.25,12.36,10.51,11.87,
1984-10-10,12.21,12.36,10.48,11.89,
1984-10-11,12.18,12.31,10.36,11.78,
1984-10-12,12.12,12.28,10.30,11.72,
1984-10-15,12.17,12.34,10.39,11.78,
1984-10-16,12.18,12.32,10.35,11.77,
1984-10-17,12.13,12.28,10.26,11.70,
1984-10-18,11.93,12.09,10.10,11.53,
1984-10-19,11.79,11.93,9.93,11.39,
1984-10-22,11.71,11.90,9.92,11.35,
1984-10-23,11.69,11.78,9.82,11.17,
1984-10-24,11.69,11.74,9.51,11.10,
1984-10-25,11.74,11.83,9.53,11.13,
1984-10-26,11.87,11.99,9.71,11.33,
1984-10-29,11.84,11.95,9.65,11.30,
1984-10-30,11.67,11.75,9.54,11.13,
1984-10-31,11.71,11.79,9.35,11.09,
1984-11-01,11.60,11.66,9.36,10.93,
1984-11-02,11.63,11.66,9.34,10.96,
1984-11-05,11.58,11.60,8.99,10.79,
1984-11-06,,,,,
1984-11-07,11.73,11.72,8.86,10.80,
1984-11-08,11.86,11.81,9.08,10.95,
1984-11-09,11.76,11.71,8.94,10.81,
1984-11-12,,,,,
1984-11-13,11.85,11.78,9.04,10.89,
1984-11-14,11.89,11.81,9.08,10.91,
1984-11-15,11.82,11.73,8.98,10.78,
1984-11-16,11.79,11.69,8.90,10.71,
1984-11-19,11.71,11.61,8.93,10.67,
1984-11-20,11.66,11.53,8.93,10.59,
1984-11-21,11.54,11.39,8.85,10.39,
1984-11-22,,,,,
1984-11-23,11.41,11.24,8.75,10.29,
1984-11-26,11.44,11.28,8.79,10.33,
1984-11-27,11.43,11.28,8.68,10.31,
1984-11-28,11.54,11.38,8.68,10.35,
1984-11-29,11.57,11.42,8.65,10.37,
1984-11-30,11.71,11.58,8.74,10.50,
1984-12-03,11.69,11.56,8.71,10.50,
1984-12-04,11.65,11.52,8.80,10.44,
1984-12-05,11.65,11.52,8.78,10.40,
1984-12-06,11.74,11.61,8.78,10.49,
1984-12-07,11.83,11.70,8.64,10.51,
1984-12-10,11.79,11.66,8.65,10.47,
1984-12-11,11.71,11.57,8.63,10.40,
1984-12-12,11.67,11.54,8.56,10.35,
1984-12-13,11.79,11.70,8.58,10.40,
1984-12-14,11.67,11.56,8.39,10.20,
1984-12-17,11.62,11.49,8.24,10.07,
1984-12-18,11.46,11.29,8.08,9.85,
1984-12-19,11.49,11.34,7.97,9.89,
1984-12-20,11.52,11.37,8.07,9.94,
1984-12-21,11.49,11.34,8.03,9.94,
1984-12-24,11.46,11.31,7.90,9.83,
1984-12-25,,,,,
1984-12-26,11.58,11.45,7.89,9.95,
1984-12-27,11.60,11.45,7.93,9.96,
1984-12-28,11.61,11.46,8.00,10.02,
1984-12-31,11.70,11.55,8.12,10.02,
1985-01-01,,,,,
1985-01-02,11.84,11.70,8.10,10.03,
1985-01-03,11.80,11.62,8.07,10.06,
1985-01-04,11.87,11.67,8.08,10.08,
1985-01-07,11.71,11.50,8.06,10.01,
1985-01-08,11.65,11.45,8.06,9.99,
1985-01-09,11.66,11.47,7.95,9.95,
1985-01-10,11.68,11.48,8.00,10.00,
1985-01-11,11.79,11.59,8.02,10.08,
1985-01-14,11.82,11.60,7.96,10.07,
1985-01-15,11.73,11.49,7.99,10.00,
1985-01-16,11.74,11.51,8.00,9.99,
1985-01-17,11.72,11.48,8.00,9.98,
1985-01-18,11.63,11.39,8.00,9.91,
1985-01-21,,,,,
1985-01-22,11.48,11.27,7.96,9.83,
1985-01-23,11.44,11.21,7.90,9.83,
1985-01-24,11.26,11.06,7.88,9.74,
1985-01-25,11.28,11.11,7.89,9.76,
1985-01-28,11.28,11.11,7.98,9.79,
1985-01-29,11.27,11.11,8.09,9.79,
1985-01-30,11.24,11.08,8.10,9.76,
1985-01-31,11.30,11.17,8.33,9.90,
1985-02-01,11.44,11.29,8.47,10.04,
1985-02-04,11.47,11.35,8.47,10.03,
1985-02-05,11.42,11.30,8.43,9.99,
1985-02-06,11.50,11.40,8.41,10.03,
1985-02-07,11.57,11.41,8.46,10.06,
1985-02-08,11.54,11.37,8.51,10.03,
1985-02-11,11.60,11.42,8.50,10.06,
1985-02-12,,,,,
1985-02-13,11.58,11.39,8.53,10.03,
1985-02-14,11.49,11.29,8.48,9.98,
1985-02-15,11.63,11.38,8.47,10.02,
1985-02-18,,,,,
1985-02-19,11.61,11.37,8.46,10.01,
1985-02-20,11.76,11.52,8.53,10.13,
1985-02-21,11.86,11.64,8.73,10.29,
1985-02-22,11.99,11.76,8.68,10.34,
1985-02-25,12.00,11.75,8.69,10.36,
1985-02-26,11.97,11.72,8.65,10.36,
1985-02-27,12.11,11.89,8.75,10.56,
1985-02-28,12.13,11.91,8.81,10.66,
1985-03-01,12.08,11.86,8.98,10.73,
1985-03-04,12.14,11.93,9.05,10.78,
1985-03-05,12.05,11.86,9.00,10.71,
1985-03-06,12.14,11.92,9.01,10.75,
1985-03-07,12.17,11.94,9.12,10.83,
1985-03-08,11.95,11.71,8.89,10.56,
1985-03-11,11.98,11.72,8.79,10.56,
1985-03-12,12.00,11.78,8.85,10.62,
1985-03-13,12.09,11.90,8.91,10.79,
1985-03-14,12.11,11.92,9.05,10.86,
1985-03-15,12.13,11.93,8.71,10.82,
1985-03-18,12.21,12.02,8.83,10.89,
1985-03-19,12.19,11.99,8.86,10.85,
1985-03-20,12.08,11.91,8.84,10.85,
1985-03-21,12.02,11.82,8.75,10.69,
1985-03-22,12.07,11.88,8.82,10.75,
1985-03-25,12.03,11.86,8.74,10.71,
1985-03-26,11.95,11.77,8.64,10.63,
1985-03-27,11.98,11.84,8.63,10.63,
1985-03-28,12.01,11.75,8.49,10.53,
1985-03-29,11.89,11.65,8.47,10.43,
1985-04-01,11.80,11.66,8.44,10.45,
1985-04-02,11.92,11.70,8.51,10.48,
1985-04-03,11.93,11.73,8.45,10.49,
1985-04-04,11.95,11.75,8.41,10.53,
1985-04-05,,,,,
1985-04-08,11.97,11.77,8.41,10.49,
1985-04-09,11.89,11.66,8.37,10.38,
1985-04-10,11.78,11.58,8.38,10.31,
1985-04-11,11.65,11.42,8.32,10.12,
1985-04-12,11.66,11.43,8.33,10.13,
1985-04-15,11.61,11.37,8.35,10.09,
1985-04-16,11.52,11.25,8.20,9.86,
1985-04-17,11.56,11.29,8.06,9.93,
1985-04-18,11.41,11.13,7.97,9.73,
1985-04-19,11.46,11.16,8.06,9.81,
1985-04-22,11.45,11.13,7.93,9.72,
1985-04-23,11.56,11.25,8.05,9.88,
1985-04-24,11.58,11.25,8.01,9.81,
1985-04-25,11.67,11.37,8.10,9.90,
1985-04-26,11.65,11.35,8.08,9.88,
1985-04-29,11.77,11.47,8.11,9.97,
1985-04-30,11.70,11.41,8.12,9.91,
1985-05-01,11.56,11.27,8.01,9.82,
1985-05-02,11.55,11.29,8.03,9.86,
1985-05-03,11.50,11.21,7.99,9.71,
1985-05-06,11.49,11.19,8.00,9.70,
1985-05-07,11.49,11.17,8.03,9.66,
1985-05-08,11.59,11.26,8.09,9.73,
1985-05-09,11.52,11.20,8.01,9.67,
1985-05-10,11.37,11.04,8.00,9.62,
1985-05-13,11.36,11.04,7.97,9.64,
1985-05-14,11.23,10.87,7.86,9.47,
1985-05-15,11.24,10.89,7.68,9.40,
1985-05-16,11.17,10.81,7.61,9.31,
1985-05-17,11.18,10.84,7.64,9.37,
1985-05-20,10.91,10.56,7.50,9.10,
1985-05-21,10.94,10.60,7.54,9.11,
1985-05-22,10.98,10.62,7.53,9.11,
1985-05-23,11.01,10.64,7.49,9.21,
1985-05-24,10.96,10.57,7.42,9.13,
1985-05-27,,,,,
1985-05-28,10.83,10.43,7.45,9.05,
1985-05-29,10.83,10.46,7.48,9.05,
1985-05-30,10.78,10.39,7.42,9.03,
1985-05-31,10.70,10.28,7.38,8.92,
1985-06-03,10.49,10.05,7.24,8.72,
1985-06-04,10.49,10.05,7.18,8.68,
1985-06-05,10.35,9.83,7.14,8.42,
1985-06-06,10.37,9.89,7.21,8.51,
1985-06-07,10.62,10.19,7.39,8.82,
1985-06-10,10.59,10.16,7.49,8.87,
1985-06-11,10.50,10.08,7.38,8.78,
1985-06-12,10.55,10.16,7.32,8.76,
1985-06-13,10.61,10.21,7.20,8.76,
1985-06-14,10.41,9.98,6.91,8.45,
1985-06-17,10.38,9.97,6.99,8.48,
1985-06-18,10.33,9.90,6.87,8.37,
1985-06-19,10.48,10.04,6.95,8.50,
1985-06-20,10.57,10.14,7.06,8.59,
1985-06-21,10.73,10.34,7.27,8.80,
1985-06-24,10.81,10.45,7.29,8.87,
1985-06-25,10.86,10.50,7.32,8.96,
1985-06-26,10.87,10.54,7.21,8.94,
1985-06-27,10.70,10.39,7.13,8.81,
1985-06-28,10.61,10.25,7.05,8.67,
1985-07-01,10.58,10.19,7.09,8.66,
1985-07-02,10.57,10.20,7.17,8.66,
1985-07-03,10.59,10.23,7.24,8.66,
1985-07-04,,,,,
1985-07-05,10.36,9.93,6.99,8.36,
1985-07-08,10.45,10.05,7.14,8.52,
1985-07-09,10.47,10.05,7.18,8.52,
1985-07-10,10.47,10.07,7.16,8.55,
1985-07-11,10.60,10.22,7.29,8.73,
1985-07-12,10.60,10.23,7.32,8.78,
1985-07-15,10.60,10.22,7.28,8.76,
1985-07-16,10.55,10.15,7.23,8.67,
1985-07-17,10.53,10.12,7.21,8.63,
1985-07-18,10.70,10.30,7.39,8.76,
1985-07-19,10.73,10.34,7.42,8.82,
1985-07-22,10.82,10.46,7.49,8.95,
1985-07-23,10.82,10.47,7.50,8.97,
1985-07-24,10.85,10.51,7.48,8.99,
1985-07-25,10.88,10.52,7.41,8.96,
1985-07-26,10.97,10.59,7.43,8.98,
1985-07-29,11.00,10.67,7.50,9.03,
1985-07-30,10.99,10.66,7.52,9.04,
1985-07-31,10.89,10.57,7.52,9.01,
1985-08-01,10.81,10.51,7.52,9.04,
1985-08-02,10.95,10.66,7.55,9.15,
1985-08-05,10.93,10.64,7.52,9.13,
1985-08-06,10.94,10.65,7.50,9.13,
1985-08-07,10.88,10.55,7.41,9.08,
1985-08-08,10.80,10.43,7.41,8.99,
1985-08-09,10.77,10.37,7.40,8.95,
1985-08-12,10.78,10.38,7.33,8.95,
1985-08-13,10.87,10.46,7.37,8.96,
1985-08-14,10.78,10.38,7.32,8.96,
1985-08-15,10.79,10.36,7.43,8.96,
1985-08-16,10.71,10.26,7.34,8.90,
1985-08-19,10.67,10.23,7.36,8.89,
1985-08-20,10.64,10.20,7.35,8.86,
1985-08-21,10.58,10.12,7.27,8.82,
1985-08-22,10.57,10.10,7.27,8.81,
1985-08-23,10.59,10.14,7.27,8.87,
1985-08-26,10.62,10.18,7.30,8.88,
1985-08-27,10.56,10.12,7.28,8.81,
1985-08-28,10.58,10.16,7.29,8.85,
1985-08-29,10.54,10.12,7.28,8.81,
1985-08-30,10.67,10.28,7.38,8.96,
1985-09-02,,,,,
1985-09-03,10.65,10.24,7.35,8.95,
1985-09-04,10.58,10.16,7.28,8.85,
1985-09-05,10.68,10.27,7.36,8.92,
1985-09-06,10.92,10.50,7.50,9.15,
1985-09-09,10.91,10.49,7.50,9.13,
1985-09-10,10.90,10.48,7.47,9.10,
1985-09-11,10.92,10.51,7.48,9.13,
1985-09-12,10.91,10.52,7.48,9.15,
1985-09-13,10.80,10.40,7.45,9.03,
1985-09-16,10.77,10.37,7.42,8.99,
1985-09-17,10.83,10.41,7.44,9.05,
1985-09-18,10.86,10.43,7.34,9.07,
1985-09-19,10.86,10.43,7.32,9.13,
1985-09-20,10.78,10.36,7.24,9.01,
1985-09-23,10.83,10.39,7.12,8.89,
1985-09-24,10.79,10.33,7.06,8.82,
1985-09-25,10.75,10.27,7.09,8.71,
1985-09-26,10.68,10.22,7.16,8.72,
1985-09-27,,,,,
1985-09-30,10.75,10.31,7.27,8.88,
1985-10-01,10.73,10.29,7.26,8.83,
1985-10-02,10.74,10.30,7.25,8.84,
1985-10-03,10.74,10.32,7.22,8.84,
1985-10-04,10.77,10.36,7.22,8.84,
1985-10-07,10.85,10.42,7.32,8.97,
1985-10-08,10.81,10.36,7.39,8.96,
1985-10-09,10.81,10.37,7.42,8.97,
1985-10-10,10.78,10.35,7.46,8.96,
1985-10-11,10.77,10.34,7.43,8.96,
1985-10-14,,,,,
1985-10-15,10.72,10.30,7.48,8.94,
1985-10-16,10.69,10.25,7.45,8.89,
1985-10-17,10.64,10.21,7.43,8.85,
1985-10-18,10.60,10.17,7.44,8.81,
1985-10-21,10.60,10.18,7.46,8.83,
1985-10-22,10.55,10.12,7.39,8.80,
1985-10-23,10.55,10.14,7.46,8.84,
1985-10-24,10.56,10.15,7.50,8.90,
1985-10-25,10.63,10.21,7.48,8.88,
1985-10-28,10.72,10.28,7.47,8.91,
1985-10-29,10.56,10.11,7.45,8.82,
1985-10-30,10.44,9.97,7.42,8.68,
1985-10-31,10.45,10.01,7.42,8.70,
1985-11-01,10.41,9.98,7.44,8.70,
1985-11-04,10.40,9.98,7.48,8.71,
1985-11-05,10.35,9.93,7.48,8.69,
1985-11-06,10.36,9.93,7.49,8.67,
1985-11-07,10.35,9.91,7.54,8.67,
1985-11-08,10.30,9.84,7.46,8.57,
1985-11-11,,,,,
1985-11-12,10.20,9.74,7.46,8.53,
1985-11-13,10.24,9.78,7.52,8.58,
1985-11-14,10.30,9.84,7.56,8.63,
1985-11-15,10.35,9.92,7.59,8.66,
1985-11-18,10.18,9.72,7.48,8.51,
1985-11-19,10.15,9.73,7.45,8.52,
1985-11-20,10.15,9.72,7.49,8.54,
1985-11-21,10.08,9.58,7.47,8.51,
1985-11-22,10.16,9.66,7.47,8.52,
1985-11-25,10.19,9.68,7.44,8.52,
1985-11-26,10.17,9.68,7.43,8.53,
1985-11-27,10.12,9.64,7.41,8.52,
1985-11-28,,,,,
1985-11-29,10.07,9.59,7.39,8.46,
1985-12-02,10.17,9.69,7.50,8.54,
1985-12-03,10.15,9.68,7.47,8.52,
1985-12-04,10.10,9.63,7.46,8.49,
1985-12-05,10.10,9.62,7.50,8.47,
1985-12-06,10.11,9.65,7.48,8.47,
1985-12-09,9.97,9.49,7.44,8.35,
1985-12-10,9.84,9.36,7.41,8.23,
1985-12-11,9.72,9.20,7.28,8.00,
1985-12-12,9.78,9.27,7.31,8.07,
1985-12-13,9.72,9.21,7.20,7.97,
1985-12-16,9.64,9.16,7.25,8.00,
1985-12-17,9.54,9.04,7.23,7.94,
1985-12-18,9.60,9.11,7.36,8.04,
1985-12-19,9.59,9.10,7.33,8.00,
1985-12-20,9.54,9.04,7.27,8.01,
1985-12-23,9.57,9.08,7.30,8.01,
1985-12-24,9.55,9.07,7.28,8.02,
1985-12-25,,,,,
1985-12-26,9.52,9.04,7.23,7.99,
1985-12-27,9.49,8.99,7.18,7.99,
1985-12-30,9.51,9.01,7.17,7.99,
1985-12-31,9.50,9.00,7.28,7.98,
1986-01-01,,,,,
1986-01-02,9.52,9.04,7.33,8.02,
1986-01-03,9.54,9.05,7.29,8.03,
1986-01-06,9.54,9.07,7.29,8.04,
1986-01-07,9.42,8.94,7.26,7.97,
1986-01-08,9.51,9.13,7.40,8.09,
1986-01-09,9.62,9.27,7.41,8.27,
1986-01-10,9.74,9.39,7.44,8.36,
1986-01-13,9.86,9.49,7.48,8.38,
1986-01-14,9.75,9.43,7.48,8.33,
1986-01-15,9.64,9.31,7.42,8.24,
1986-01-16,9.65,9.30,7.31,8.21,
1986-01-17,9.61,9.24,7.33,8.19,
1986-01-20,,,,,
1986-01-21,9.61,9.22,7.25,8.20,
1986-01-22,9.67,9.28,7.23,8.19,
1986-01-23,9.62,9.23,7.19,8.17,
1986-01-24,9.65,9.23,7.19,8.13,
1986-01-27,9.53,9.13,7.18,8.07,
1986-01-28,9.43,9.05,7.14,8.02,
1986-01-29,9.46,9.09,7.26,8.05,
1986-01-30,9.48,9.10,7.27,8.04,
1986-01-31,9.48,9.08,7.19,7.99,
1986-02-03,9.42,9.02,7.22,7.97,
1986-02-04,9.34,8.96,7.20,7.94,
1986-02-05,9.40,8.97,7.24,7.99,
1986-02-06,9.46,9.03,7.33,8.02,
1986-02-07,9.54,9.11,7.44,8.15,
1986-02-10,9.44,9.00,7.43,8.08,
1986-02-11,9.36,8.93,7.34,8.04,
1986-02-12,9.34,8.91,7.34,8.08,
1986-02-13,9.28,8.85,7.33,8.06,
1986-02-14,9.07,8.68,7.24,7.99,
1986-02-17,,,,,
1986-02-18,9.04,8.64,7.24,7.96,
1986-02-19,9.09,8.70,7.31,8.06,
1986-02-20,9.05,8.67,7.34,8.05,
1986-02-21,8.86,8.48,7.20,7.93,
1986-02-24,8.71,8.39,7.24,7.86,
1986-02-25,8.72,8.40,7.28,7.89,
1986-02-26,8.63,8.36,7.30,7.88,
1986-02-27,8.38,8.15,7.26,7.72,
1986-02-28,8.34,8.13,7.24,7.71,
1986-03-03,8.23,7.99,7.19,7.55,
1986-03-04,8.17,7.93,7.06,7.38,
1986-03-05,8.40,8.12,7.07,7.54,
1986-03-06,8.40,8.04,6.90,7.38,
1986-03-07,8.33,7.96,6.81,7.29,
1986-03-10,8.13,7.76,6.81,7.16,
1986-03-11,8.08,7.70,6.77,7.15,
1986-03-12,8.05,7.68,6.83,7.17,
1986-03-13,8.12,7.75,6.80,7.21,
1986-03-14,8.09,7.72,6.74,7.18,
1986-03-17,8.15,7.77,6.77,7.22,
1986-03-18,8.20,7.83,6.74,7.23,
1986-03-19,8.14,7.82,6.69,7.17,
1986-03-20,8.10,7.78,6.64,7.17,
1986-03-21,8.13,7.80,6.61,7.19,
1986-03-24,8.03,7.70,6.61,7.11,
1986-03-25,8.03,7.70,6.57,7.12,
1986-03-26,7.94,7.64,6.61,7.11,
1986-03-27,7.70,7.49,6.53,7.04,
1986-03-28,,,,,
1986-03-31,7.46,7.39,6.53,6.92,
1986-04-01,7.50,7.37,6.52,6.89,
1986-04-02,7.49,7.33,6.53,6.90,
1986-04-03,7.56,7.41,6.52,6.94,
1986-04-04,7.67,7.45,6.41,6.85,
1986-04-07,7.70,7.43,6.43,6.82,
1986-04-08,7.50,7.31,6.31,6.70,
1986-04-09,7.43,7.27,6.19,6.58,
1986-04-10,7.42,7.23,6.20,6.58,
1986-04-11,7.47,7.29,6.13,6.65,
1986-04-14,7.39,7.19,6.09,6.53,
1986-04-15,7.44,7.22,5.98,6.53,
1986-04-16,7.25,6.98,5.94,6.39,
1986-04-17,7.28,7.03,6.01,6.44,
1986-04-18,7.31,7.09,6.04,6.44,
1986-04-21,7.27,7.04,6.04,6.46,
1986-04-22,7.47,7.25,6.12,6.58,
1986-04-23,7.63,7.36,6.27,6.67,
1986-04-24,7.72,7.51,6.29,6.89,
1986-04-25,7.78,7.58,6.32,6.91,
1986-04-28,7.66,7.48,6.29,6.86,
1986-04-29,7.56,7.38,6.27,6.85,
1986-04-30,7.55,7.38,6.28,6.83,
1986-05-01,7.61,7.45,6.29,6.85,
1986-05-02,7.74,7.51,6.33,6.88,
1986-05-05,7.64,7.45,6.24,6.82,
1986-05-06,7.64,7.46,6.23,6.82,
1986-05-07,7.69,7.43,6.22,6.83,
1986-05-08,7.64,7.40,6.22,6.78,
1986-05-09,7.71,7.48,6.23,6.85,
1986-05-12,7.85,7.67,6.32,6.98,
1986-05-13,7.83,7.63,6.27,7.00,
1986-05-14,7.84,7.66,6.27,7.00,
1986-05-15,8.00,7.79,6.35,7.16,
1986-05-16,8.10,7.99,6.40,7.32,
1986-05-19,8.08,7.98,6.39,7.28,
1986-05-20,7.98,7.88,6.42,7.23,
1986-05-21,7.96,7.90,6.39,7.20,
1986-05-22,7.91,7.88,6.39,7.20,
1986-05-23,7.81,7.84,6.36,7.19,
1986-05-26,,,,,
1986-05-27,7.67,7.73,6.35,7.14,
1986-05-28,7.61,7.73,6.38,7.17,
1986-05-29,7.81,7.99,6.49,7.35,
1986-05-30,7.90,8.05,6.49,7.36,
1986-06-02,8.12,8.32,6.56,7.50,
1986-06-03,8.03,8.19,6.61,7.49,
1986-06-04,8.17,8.39,6.72,7.63,
1986-06-05,8.13,8.31,6.71,7.54,
1986-06-06,7.80,7.95,6.51,7.27,
1986-06-09,7.97,8.13,6.56,7.39,
1986-06-10,7.92,8.07,6.47,7.38,
1986-06-11,7.87,8.01,6.53,7.39,
1986-06-12,7.85,7.98,6.47,7.31,
1986-06-13,7.63,7.73,6.36,7.15,
1986-06-16,7.53,7.63,6.31,7.10,
1986-06-17,7.52,7.63,6.27,7.08,
1986-06-18,7.51,7.57,6.27,7.01,
1986-06-19,7.62,7.69,6.29,7.10,
1986-06-20,7.54,7.60,6.28,7.06,
1986-06-23,7.49,7.55,6.30,7.03,
1986-06-24,7.43,7.47,6.26,6.98,
1986-06-25,7.38,7.42,6.26,6.91,
1986-06-26,7.39,7.42,6.26,6.91,
1986-06-27,7.33,7.38,6.20,6.84,
1986-06-30,7.30,7.35,6.13,6.81,
1986-07-01,7.30,7.37,6.17,6.80,
1986-07-02,7.30,7.37,6.18,6.81,
1986-07-03,7.24,7.31,6.08,6.71,
1986-07-04,,,,,
1986-07-07,7.24,7.31,6.04,6.70,
1986-07-08,7.34,7.44,6.11,6.84,
1986-07-09,7.23,7.31,6.05,6.73,
1986-07-10,7.23,7.31,6.02,6.73,
1986-07-11,7.25,7.30,5.92,6.60,
1986-07-14,7.19,7.25,5.94,6.58,
1986-07-15,7.14,7.16,5.94,6.56,
1986-07-16,7.18,7.20,5.94,6.59,
1986-07-17,7.19,7.18,5.92,6.61,
1986-07-18,7.18,7.16,5.88,6.56,
1986-07-21,7.16,7.14,5.89,6.56,
1986-07-22,7.24,7.20,5.89,6.60,
1986-07-23,7.33,7.29,5.98,6.63,
1986-07-24,7.39,7.35,5.98,6.67,
1986-07-25,7.38,7.33,5.98,6.67,
1986-07-28,7.57,7.53,6.07,6.76,
1986-07-29,7.47,7.41,6.03,6.71,
1986-07-30,7.48,7.41,6.02,6.67,
1986-07-31,7.42,7.34,5.96,6.57,
1986-08-01,7.43,7.34,5.94,6.56,
1986-08-04,7.41,7.33,5.88,6.56,
1986-08-05,7.49,7.39,5.87,6.58,
1986-08-06,7.54,7.47,5.88,6.61,
1986-08-07,7.53,7.45,5.89,6.61,
1986-08-08,7.38,7.30,5.86,6.54,
1986-08-11,7.32,7.25,5.84,6.51,
1986-08-12,7.31,7.23,5.77,6.46,
1986-08-13,7.24,7.15,5.73,6.37,
1986-08-14,7.27,7.16,5.75,6.39,
1986-08-15,7.25,7.14,5.71,6.36,
1986-08-18,7.24,7.14,5.77,6.37,
1986-08-19,7.14,7.02,5.72,6.29,
1986-08-20,7.13,7.00,5.66,6.17,
1986-08-21,7.17,6.96,5.52,6.08,
1986-08-22,7.22,7.07,5.51,6.14,
1986-08-25,7.21,7.06,5.43,6.10,
1986-08-26,7.14,6.97,5.44,6.02,
1986-08-27,7.21,7.06,5.47,6.12,
1986-08-28,7.19,7.04,5.44,6.07,
1986-08-29,7.12,6.95,5.31,5.94,
1986-09-01,,,,,
1986-09-02,7.17,7.03,5.33,5.99,
1986-09-03,7.36,7.20,5.38,6.14,
1986-09-04,7.32,7.15,5.33,6.11,
1986-09-05,7.46,7.32,5.37,6.25,
1986-09-08,7.51,7.38,5.39,6.30,
1986-09-09,7.47,7.35,5.34,6.30,
1986-09-10,7.47,7.35,5.30,6.27,
1986-09-11,7.69,7.57,5.35,6.43,
1986-09-12,7.70,7.63,5.31,6.43,
1986-09-15,7.62,7.53,5.32,6.39,
1986-09-16,7.63,7.53,5.27,6.38,
1986-09-17,7.58,7.46,5.26,6.37,
1986-09-18,7.70,7.62,5.37,6.47,
1986-09-19,7.77,7.67,5.40,6.52,
1986-09-22,7.73,7.62,5.40,6.49,
1986-09-23,7.70,7.58,5.40,6.46,
1986-09-24,7.59,7.48,5.38,6.37,
1986-09-25,7.58,7.47,5.37,6.37,
1986-09-26,7.58,7.47,5.38,6.39,
1986-09-29,7.64,7.54,5.41,6.46,
1986-09-30,7.55,7.45,5.34,6.38,
1986-10-01,7.52,7.41,5.33,6.36,
1986-10-02,7.56,7.45,5.33,6.38,
1986-10-03,7.46,7.31,5.23,6.16,
1986-10-06,7.45,7.28,5.19,6.14,
1986-10-07,7.46,7.28,5.20,6.13,
1986-10-08,7.50,7.31,5.18,6.11,
1986-10-09,7.52,7.33,5.20,6.15,
1986-10-10,7.56,7.36,5.20,6.16,
1986-10-13,,,,,
1986-10-14,7.68,7.49,5.28,6.26,
1986-10-15,7.69,7.51,5.32,6.27,
1986-10-16,7.71,7.53,5.34,6.29,
1986-10-17,7.75,7.57,5.42,6.38,
1986-10-20,7.83,7.66,5.47,6.47,
1986-10-21,7.75,7.57,5.46,6.40,
1986-10-22,7.67,7.49,5.45,6.34,
1986-10-23,7.62,7.43,5.41,6.31,
1986-10-24,7.66,7.47,5.42,6.35,
1986-10-27,7.61,7.42,5.34,6.32,
1986-10-28,7.66,7.45,5.34,6.34,
1986-10-29,7.62,7.41,5.34,6.32,
1986-10-30,7.52,7.31,5.32,6.24,
1986-10-31,7.54,7.34,5.34,6.26,
1986-11-03,7.49,7.29,5.36,6.21,
1986-11-04,7.51,7.31,5.40,6.23,
1986-11-05,7.45,7.24,5.40,6.26,
1986-11-06,7.46,7.32,5.41,6.29,
1986-11-07,7.54,7.40,5.47,6.35,
1986-11-10,7.54,7.38,5.58,6.42,
1986-11-11,,,,,
1986-11-12,7.50,7.35,5.55,6.38,
1986-11-13,7.49,7.33,5.55,6.35,
1986-11-14,7.44,7.29,5.55,6.33,
1986-11-17,7.39,7.22,5.56,6.32,
1986-11-18,7.44,7.27,5.50,6.32,
1986-11-19,7.36,7.19,5.48,6.21,
1986-11-20,7.36,7.19,5.53,6.26,
1986-11-21,7.34,7.17,5.51,6.21,
1986-11-24,7.30,7.11,5.53,6.19,
1986-11-25,7.33,7.15,5.54,6.23,
1986-11-26,7.31,7.15,5.54,6.21,
1986-11-27,,,,,
1986-11-28,7.30,7.15,5.54,6.21,
1986-12-01,7.33,7.18,5.57,6.25,
1986-12-02,7.25,7.08,5.56,6.22,
1986-12-03,7.22,7.06,5.56,6.17,
1986-12-04,7.19,7.01,5.55,6.15,
1986-12-05,7.29,7.12,5.59,6.24,
1986-12-08,7.26,7.10,5.66,6.24,
1986-12-09,7.24,7.07,5.63,6.21,
1986-12-10,7.22,7.05,5.64,6.19,
1986-12-11,7.29,7.12,5.64,6.24,
1986-12-12,7.29,7.13,5.64,6.24,
1986-12-15,7.31,7.15,5.66,6.29,
1986-12-16,7.29,7.12,5.74,6.29,
1986-12-17,7.29,7.12,5.80,6.31,
1986-12-18,7.28,7.11,5.76,6.31,
1986-12-19,7.27,7.10,5.66,6.29,
1986-12-22,7.26,7.10,5.69,6.30,
1986-12-23,7.24,7.08,5.71,6.30,
1986-12-24,7.24,7.07,5.73,6.30,
1986-12-25,,,,,
1986-12-26,7.24,7.08,5.72,6.30,
1986-12-29,7.32,7.17,5.83,6.37,
1986-12-30,7.38,7.23,5.85,6.42,
1986-12-31,7.39,7.23,5.83,6.35,
1987-01-01,,,,,
1987-01-02,,7.18,5.70,6.30,
1987-01-05,,7.08,5.71,6.24,
1987-01-06,,7.08,5.67,6.25,
1987-01-07,,7.05,5.58,6.22,
1987-01-08,,7.04,5.58,6.20,
1987-01-09,,7.01,5.53,6.19,
1987-01-12,,7.05,5.52,6.20,
1987-01-13,,7.10,5.51,6.22,
1987-01-14,,7.11,5.50,6.24,
1987-01-15,,7.08,5.51,6.22,
1987-01-16,,7.03,5.47,6.22,
1987-01-19,,,,,
1987-01-20,,7.01,5.45,6.17,
1987-01-21,,7.01,5.46,6.17,
1987-01-22,,7.03,5.53,6.17,
1987-01-23,,7.06,5.55,6.20,
1987-01-26,,7.17,5.64,6.26,
1987-01-27,,7.16,5.64,6.24,
1987-01-28,,7.13,5.62,6.24,
1987-01-29,,7.13,5.63,6.24,
1987-01-30,,7.18,5.76,6.33,
1987-02-02,,7.23,5.77,6.36,
1987-02-03,,7.25,5.75,6.38,
1987-02-04,,7.23,5.79,6.38,
1987-02-05,,7.20,5.75,6.33,
1987-02-06,,7.19,5.82,6.38,
1987-02-09,,7.25,5.88,6.45,
1987-02-10,,7.33,5.99,6.49,
1987-02-11,,7.37,6.03,6.58,
1987-02-12,,7.31,5.88,6.47,
1987-02-13,,7.28,5.81,6.43,
1987-02-16,,,,,
1987-02-17,,7.33,5.88,6.48,
1987-02-18,,7.30,5.76,6.43,
1987-02-19,,7.23,5.60,6.33,
1987-02-20,,7.24,5.58,6.33,
1987-02-23,,7.23,5.59,6.35,
1987-02-24,,7.18,5.59,6.32,
1987-02-25,,7.21,5.60,6.37,
1987-02-26,,7.21,5.60,6.35,
1987-02-27,,7.19,5.60,6.35,
1987-03-02,,7.17,5.63,6.34,
1987-03-03,,7.21,5.71,6.37,
1987-03-04,,7.14,5.68,6.32,
1987-03-05,,7.16,5.69,6.35,
1987-03-06,,7.23,5.82,6.42,
1987-03-09,,7.23,5.82,6.43,
1987-03-10,,7.23,5.86,6.44,
1987-03-11,,7.23,5.86,6.44,
1987-03-12,,7.22,5.85,6.43,
1987-03-13,,7.19,5.79,6.39,
1987-03-16,,7.22,5.83,6.41,
1987-03-17,,7.20,5.74,6.42,
1987-03-18,,7.21,5.69,6.40,
1987-03-19,,7.21,5.67,6.38,
1987-03-20,,7.22,5.69,6.40,
1987-03-23,,7.25,5.80,6.42,
1987-03-24,,7.27,5.79,6.44,
1987-03-25,,7.26,5.74,6.46,
1987-03-26,,7.24,5.74,6.42,
1987-03-27,,7.33,5.81,6.49,
1987-03-30,,7.54,5.85,6.63,
1987-03-31,,7.51,5.79,6.54,
1987-04-01,,7.59,5.71,6.65,
1987-04-02,,7.59,5.68,6.63,
1987-04-03,,7.59,5.67,6.62,
1987-04-06,,7.54,5.65,6.57,
1987-04-07,,7.62,5.68,6.59,
1987-04-08,,7.61,5.67,6.59,
1987-04-09,,7.78,5.93,6.74,
1987-04-10,,7.98,6.04,6.97,
1987-04-13,,8.07,6.22,7.08,
1987-04-14,,8.28,6.11,7.19,
1987-04-15,,8.10,5.86,7.02,
1987-04-16,,8.03,5.73,6.90,
1987-04-17,,,,,
1987-04-20,,8.20,5.74,7.06,
1987-04-21,,8.19,5.67,7.09,
1987-04-22,,8.24,5.59,7.23,
1987-04-23,,8.39,5.66,7.36,
1987-04-24,,8.47,5.94,7.48,
1987-04-27,,8.37,5.98,7.50,
1987-04-28,,8.28,6.01,7.43,
1987-04-29,,8.35,5.89,7.43,
1987-04-30,,8.21,5.70,7.38,
1987-05-01,,8.39,5.78,7.47,
1987-05-04,,8.52,5.87,7.61,
1987-05-05,,8.45,5.99,7.60,
1987-05-06,,8.54,5.67,7.62,
1987-05-07,,8.50,5.70,7.60,
1987-05-08,,8.43,5.71,7.57,
1987-05-11,,8.57,5.84,7.66,
1987-05-12,,8.55,5.78,7.68,
1987-05-13,,8.55,5.70,7.68,
1987-05-14,,8.57,5.91,7.66,
1987-05-15,,8.80,6.15,7.95,
1987-05-18,,8.73,6.09,7.93,
1987-05-19,,8.89,5.96,7.99,
1987-05-20,,8.92,5.87,8.05,
1987-05-21,,8.87,5.71,8.06,
1987-05-22,,8.78,5.74,7.97,
1987-05-25,,,,,
1987-05-26,,8.55,5.83,7.79,
1987-05-27,,8.60,5.94,7.84,
1987-05-28,,8.56,5.82,7.81,
1987-05-29,,8.49,5.87,7.69,
1987-06-01,,8.45,5.92,7.67,
1987-06-02,,8.72,5.94,7.85,
1987-06-03,,8.64,5.87,7.78,
1987-06-04,,8.58,5.84,7.76,
1987-06-05,,8.50,5.87,7.66,
1987-06-08,,8.53,5.85,7.68,
1987-06-09,,8.56,5.68,7.71,
1987-06-10,,8.56,5.65,7.68,
1987-06-11,,8.52,5.72,7.66,
1987-06-12,,8.32,5.73,7.51,
1987-06-15,,8.28,5.85,7.47,
1987-06-16,,8.28,5.81,7.47,
1987-06-17,,8.23,5.83,7.42,
1987-06-18,,8.27,5.83,7.44,
1987-06-19,,8.30,5.84,7.45,
1987-06-22,,8.23,5.86,7.42,
1987-06-23,,8.23,5.90,7.45,
1987-06-24,,8.31,6.02,7.54,
1987-06-25,,8.25,6.03,7.47,
1987-06-26,,8.37,5.97,7.56,
1987-06-29,,8.34,5.88,7.48,
1987-06-30,,8.38,5.91,7.48,
1987-07-01,,8.36,5.82,7.44,
1987-07-02,,8.30,5.84,7.38,
1987-07-03,,,,,
1987-07-06,,8.29,5.85,7.38,
1987-07-07,,8.28,5.78,7.36,
1987-07-08,,8.32,5.74,7.35,
1987-07-09,,8.37,5.78,7.38,
1987-07-10,,8.32,5.76,7.32,
1987-07-13,,8.38,5.78,7.36,
1987-07-14,,8.33,5.72,7.32,
1987-07-15,,8.43,5.75,7.37,
1987-07-16,,8.41,5.75,7.34,
1987-07-17,,8.36,5.73,7.34,
1987-07-20,,8.41,5.72,7.38,
1987-07-21,,8.49,5.87,7.45,
1987-07-22,,8.54,5.85,7.47,
1987-07-23,,8.56,5.87,7.46,
1987-07-24,,8.58,5.96,7.53,
1987-07-27,,8.60,6.03,7.59,
1987-07-28,,8.62,6.09,7.61,
1987-07-29,,8.61,6.11,7.64,
1987-07-30,,8.61,6.27,7.63,
1987-07-31,,8.66,6.27,7.63,
1987-08-03,,8.81,6.25,7.72,
1987-08-04,,8.81,6.04,7.72,
1987-08-05,,8.71,6.04,7.65,
1987-08-06,,8.73,5.93,7.65,
1987-08-07,,8.70,6.04,7.69,
1987-08-10,,8.74,6.11,7.71,
1987-08-11,,8.73,6.13,7.69,
1987-08-12,,8.72,6.14,7.67,
1987-08-13,,8.63,6.15,7.64,
1987-08-14,,8.58,6.15,7.62,
1987-08-17,,8.56,6.17,7.62,
1987-08-18,,8.73,6.21,7.71,
1987-08-19,,8.77,6.24,7.76,
1987-08-20,,8.74,6.31,7.77,
1987-08-21,,8.77,6.30,7.79,
1987-08-24,,8.78,6.38,7.81,
1987-08-25,,8.73,6.38,7.79,
1987-08-26,,8.79,6.46,7.87,
1987-08-27,,8.92,6.50,7.95,
1987-08-28,,9.02,6.52,8.01,
1987-08-31,,9.00,6.45,7.97,
1987-09-01,,9.05,6.32,7.98,
1987-09-02,,9.28,6.29,8.15,
1987-09-03,,9.29,6.39,8.19,
1987-09-04,,9.30,6.59,8.26,
1987-09-07,,,,,
1987-09-08,,9.50,6.66,8.46,
1987-09-09,,9.48,6.65,8.43,
1987-09-10,,9.42,6.54,8.36,
1987-09-11,,9.33,6.56,8.31,
1987-09-14,,9.34,6.56,8.26,
1987-09-15,,9.44,6.55,8.30,
1987-09-16,,9.52,6.55,8.35,
1987-09-17,,9.48,6.59,8.34,
1987-09-18,,9.38,6.63,8.30,
1987-09-21,,9.45,6.74,8.33,
1987-09-22,,9.37,6.73,8.31,
1987-09-23,,9.40,6.71,8.31,
1987-09-24,,9.51,6.67,8.42,
1987-09-25,,9.53,6.76,8.48,
1987-09-28,,9.52,6.81,8.48,
1987-09-29,,9.64,6.92,8.60,
1987-09-30,,9.63,6.83,8.60,
1987-10-01,,9.66,6.86,8.62,
1987-10-02,,9.60,6.89,8.61,
1987-10-05,,9.69,6.92,8.66,
1987-10-06,,9.72,6.77,8.73,
1987-10-07,,9.71,6.78,8.73,
1987-10-08,,9.86,6.93,9.03,
1987-10-09,,9.94,7.00,9.01,
1987-10-12,,,,,
1987-10-13,,9.90,7.03,8.94,
1987-10-14,,10.13,7.45,9.14,
1987-10-15,,10.18,7.33,9.23,
1987-10-16,,10.23,7.19,9.22,
1987-10-19,,10.15,6.67,8.93,
1987-10-20,,9.40,6.05,8.09,
1987-10-21,,9.30,5.78,7.90,
1987-10-22,,8.97,5.53,7.76,
1987-10-23,,8.98,5.47,7.76,
1987-10-26,,8.80,5.44,7.57,
1987-10-27,,8.92,5.39,7.66,
1987-10-28,,9.01,5.25,7.65,
1987-10-29,,8.89,5.19,7.53,
1987-10-30,,8.88,5.45,7.58,
1987-11-02,,8.98,5.85,7.72,
1987-11-03,,8.91,5.81,7.67,
1987-11-04,,8.85,5.71,7.60,
1987-11-05,,8.72,5.76,7.50,
1987-11-06,,8.76,5.92,7.62,
1987-11-09,,8.78,5.92,7.64,
1987-11-10,,8.79,5.85,7.61,
1987-11-11,,,,,
1987-11-12,,8.80,6.02,7.67,
1987-11-13,,8.84,6.11,7.75,
1987-11-16,,8.82,6.10,7.78,
1987-11-17,,8.86,6.07,7.73,
1987-11-18,,8.85,5.95,7.74,
1987-11-19,,8.83,5.85,7.69,
1987-11-20,,8.79,5.92,7.66,
1987-11-23,,8.80,6.00,7.67,
1987-11-24,,8.89,5.95,7.73,
1987-11-25,,8.98,5.88,7.78,
1987-11-26,,,,,
1987-11-27,,9.11,5.82,7.87,
1987-11-30,,8.99,5.42,7.73,
1987-12-01,,9.01,5.72,7.77,
1987-12-02,,9.01,5.66,7.79,
1987-12-03,,8.94,5.52,7.72,
1987-12-04,,8.94,5.61,7.72,
1987-12-07,,9.07,6.05,7.86,
1987-12-08,,9.09,6.05,7.88,
1987-12-09,,9.05,6.02,7.88,
1987-12-10,,9.23,6.11,8.00,
1987-12-11,,9.28,6.05,8.02,
1987-12-14,,9.23,6.08,8.01,
1987-12-15,,9.09,6.12,7.92,
1987-12-16,,9.00,6.13,7.89,
1987-12-17,,9.03,6.12,7.89,
1987-12-18,,8.89,6.06,7.82,
1987-12-21,,8.88,6.10,7.84,
1987-12-22,,8.95,6.12,7.91,
1987-12-23,,8.83,5.96,7.83,
1987-12-24,,8.82,5.92,7.83,
1987-12-25,,,,,
1987-12-28,,8.93,5.93,7.91,
1987-12-29,,8.85,6.03,7.86,
1987-12-30,,8.78,5.89,7.75,
1987-12-31,,8.83,5.86,7.77,
1988-01-01,,,,,
1988-01-04,,8.83,6.09,7.77,
1988-01-05,,8.76,6.12,7.76,
1988-01-06,,8.82,6.03,7.79,
1988-01-07,,8.83,5.96,7.79,
1988-01-08,,8.97,6.06,7.92,
1988-01-11,,8.94,5.91,7.80,
1988-01-12,,8.93,5.99,7.80,
1988-01-13,,8.87,5.97,7.76,
1988-01-14,,8.86,6.07,7.76,
1988-01-15,,8.60,6.07,7.61,
1988-01-18,,,,,
1988-01-19,,8.65,6.18,7.66,
1988-01-20,,8.61,5.99,7.59,
1988-01-21,,8.53,6.00,7.52,
1988-01-22,,8.49,6.00,7.51,
1988-01-25,,8.45,6.04,7.49,
1988-01-26,,8.54,6.01,7.56,
1988-01-27,,8.38,5.92,7.37,
1988-01-28,,8.33,5.86,7.29,
1988-01-29,,8.26,5.82,7.22,
1988-02-01,,8.26,5.86,7.22,
1988-02-02,,8.18,5.89,7.21,
1988-02-03,,8.21,5.89,7.24,
1988-02-04,,8.24,5.83,7.24,
1988-02-05,,8.12,5.81,7.10,
1988-02-08,,8.19,5.83,7.16,
1988-02-09,,8.16,5.78,7.12,
1988-02-10,,8.11,5.79,7.07,
1988-02-11,,8.16,5.81,7.12,
1988-02-12,,8.28,5.93,7.22,
1988-02-15,,,,,
1988-02-16,,8.31,5.95,7.26,
1988-02-17,,8.32,5.92,7.24,
1988-02-18,,8.28,5.87,7.23,
1988-02-19,,8.26,5.86,7.21,
1988-02-22,,8.24,5.85,7.20,
1988-02-23,,8.17,5.81,7.16,
1988-02-24,,8.18,5.80,7.15,
1988-02-25,,8.23,5.81,7.17,
1988-02-26,,8.18,5.76,7.16,
1988-02-29,,8.16,5.80,7.13,
1988-03-01,,8.15,5.78,7.11,
1988-03-02,,8.13,5.77,7.07,
1988-03-03,,8.12,5.76,7.08,
1988-03-04,,8.28,5.88,7.20,
1988-03-07,,8.30,5.90,7.22,
1988-03-08,,8.33,5.91,7.25,
1988-03-09,,8.32,5.89,7.22,
1988-03-10,,8.35,5.92,7.25,
1988-03-11,,8.29,5.90,7.20,
1988-03-14,,8.29,5.87,7.20,
1988-03-15,,8.30,5.77,7.19,
1988-03-16,,8.36,5.77,7.24,
1988-03-17,,8.30,5.76,7.17,
1988-03-18,,8.41,5.82,7.23,
1988-03-21,,8.47,5.91,7.32,
1988-03-22,,8.46,5.95,7.33,
1988-03-23,,8.47,6.00,7.39,
1988-03-24,,8.51,5.96,7.46,
1988-03-25,,8.47,5.87,7.41,
1988-03-28,,8.58,5.92,7.42,
1988-03-29,,8.56,5.91,7.42,
1988-03-30,,8.57,5.92,7.43,
1988-03-31,,8.57,5.87,7.41,
1988-04-01,,,,,
1988-04-04,,8.68,6.04,7.58,
1988-04-05,,8.67,6.18,7.60,
1988-04-06,,8.61,6.23,7.57,
1988-04-07,,8.60,6.23,7.54,
1988-04-08,,8.52,6.20,7.47,
1988-04-11,,8.59,6.23,7.50,
1988-04-12,,8.57,6.10,7.49,
1988-04-13,,8.56,6.03,7.45,
1988-04-14,,8.67,5.90,7.56,
1988-04-15,,8.74,6.05,7.60,
1988-04-18,,8.81,6.04,7.60,
1988-04-19,,8.81,5.98,7.57,
1988-04-20,,8.83,6.01,7.65,
1988-04-21,,8.82,6.00,7.64,
1988-04-22,,8.78,6.00,7.64,
1988-04-25,,8.78,6.04,7.64,
1988-04-26,,8.80,6.07,7.64,
1988-04-27,,8.80,6.04,7.63,
1988-04-28,,8.86,6.13,7.69,
1988-04-29,,8.87,6.16,7.73,
1988-05-02,,8.94,6.29,7.78,
1988-05-03,,8.89,6.31,7.77,
1988-05-04,,8.90,6.32,7.77,
1988-05-05,,8.92,6.37,7.79,
1988-05-06,,9.01,6.48,7.87,
1988-05-09,,9.03,6.52,7.95,
1988-05-10,,9.07,6.53,8.00,
1988-05-11,,9.05,6.45,7.95,
1988-05-12,,9.04,6.40,7.95,
1988-05-13,,9.00,6.37,7.90,
1988-05-16,,9.01,6.40,7.93,
1988-05-17,,9.12,6.49,7.99,
1988-05-18,,9.19,6.40,8.04,
1988-05-19,,9.18,6.34,8.04,
1988-05-20,,9.22,6.44,8.08,
1988-05-23,,9.23,6.47,8.12,
1988-05-24,,9.22,6.50,8.14,
1988-05-25,,9.20,6.52,8.17,
1988-05-26,,9.21,6.62,8.23,
1988-05-27,,9.24,6.65,8.23,
1988-05-30,,,,,
1988-05-31,,9.20,6.67,8.21,
1988-06-01,,9.03,6.67,8.09,
1988-06-02,,9.07,6.64,8.13,
1988-06-03,,8.97,6.66,8.06,
1988-06-06,,8.97,6.68,8.04,
1988-06-07,,9.02,6.63,8.04,
1988-06-08,,8.92,6.59,7.96,
1988-06-09,,8.96,6.64,7.97,
1988-06-10,,8.92,6.65,7.99,
1988-06-13,,8.91,6.65,7.98,
1988-06-14,,8.69,6.54,7.80,
1988-06-15,,8.71,6.53,7.84,
1988-06-16,,8.89,6.49,7.96,
1988-06-17,,9.02,6.57,8.10,
1988-06-20,,9.02,6.60,8.14,
1988-06-21,,9.03,6.76,8.15,
1988-06-22,,8.90,6.72,8.04,
1988-06-23,,8.88,6.73,8.05,
1988-06-24,,8.85,6.72,8.03,
1988-06-27,,8.94,6.78,8.10,
1988-06-28,,8.87,6.81,8.05,
1988-06-29,,8.88,6.78,8.03,
1988-06-30,,8.82,6.77,8.02,
1988-07-01,,8.77,6.76,7.98,
1988-07-04,,,,,
1988-07-05,,8.82,6.77,8.04,
1988-07-06,,8.91,6.73,8.07,
1988-07-07,,8.95,6.76,8.13,
1988-07-08,,9.04,6.88,8.25,
1988-07-11,,9.02,6.84,8.25,
1988-07-12,,9.08,6.94,8.27,
1988-07-13,,9.12,6.93,8.27,
1988-07-14,,9.12,6.95,8.33,
1988-07-15,,9.08,6.94,8.31,
1988-07-18,,9.15,6.90,8.35,
1988-07-19,,9.10,6.90,8.32,
1988-07-20,,9.11,6.92,8.31,
1988-07-21,,9.16,7.00,8.39,
1988-07-22,,9.11,6.96,8.35,
1988-07-25,,9.07,7.04,8.34,
1988-07-26,,9.09,7.11,8.35,
1988-07-27,,9.14,7.23,8.44,
1988-07-28,,9.16,7.22,8.44,
1988-07-29,,9.12,7.18,8.39,
1988-08-01,,9.07,7.15,8.36,
1988-08-02,,9.00,7.12,8.32,
1988-08-03,,9.04,7.12,8.34,
1988-08-04,,8.99,7.06,8.31,
1988-08-05,,9.12,7.15,8.47,
1988-08-08,,9.12,7.09,8.48,
1988-08-09,,9.20,7.29,8.59,
1988-08-10,,9.30,7.21,8.64,
1988-08-11,,9.35,7.24,8.68,
1988-08-12,,9.36,7.25,8.68,
1988-08-15,,9.37,7.25,8.70,
1988-08-16,,9.35,7.29,8.72,
1988-08-17,,9.38,7.26,8.74,
1988-08-18,,9.35,7.26,8.74,
1988-08-19,,9.35,7.30,8.74,
1988-08-22,,9.37,7.33,8.76,
1988-08-23,,9.32,7.39,8.71,
1988-08-24,,9.34,7.42,8.73,
1988-08-25,,9.41,7.49,8.78,
1988-08-26,,9.38,7.57,8.78,
1988-08-29,,9.30,7.57,8.75,
1988-08-30,,9.27,7.54,8.73,
1988-08-31,,9.25,7.54,8.71,
1988-09-01,,9.25,7.52,8.68,
1988-09-02,,9.00,7.45,8.45,
1988-09-05,,,,,
1988-09-06,,8.99,7.51,8.47,
1988-09-07,,8.99,7.57,8.45,
1988-09-08,,8.99,7.56,8.45,
1988-09-09,,8.93,7.52,8.42,
1988-09-12,,8.97,7.48,8.44,
1988-09-13,,8.94,7.40,8.40,
1988-09-14,,8.88,7.39,8.36,
1988-09-15,,8.91,7.40,8.39,
1988-09-16,,8.93,7.38,8.40,
1988-09-19,,8.97,7.38,8.44,
1988-09-20,,8.97,7.44,8.45,
1988-09-21,,8.93,7.42,8.40,
1988-09-22,,8.95,7.43,8.44,
1988-09-23,,8.97,7.47,8.47,
1988-09-26,,9.00,7.55,8.52,
1988-09-27,,9.04,7.57,8.55,
1988-09-28,,9.06,7.58,8.59,
1988-09-29,,8.98,7.53,8.53,
1988-09-30,,8.87,7.49,8.43,
1988-10-03,,8.84,7.50,8.41,
1988-10-04,,8.87,7.47,8.43,
1988-10-05,,8.87,7.46,8.43,
1988-10-06,,8.87,7.55,8.43,
1988-10-07,,8.70,7.51,8.26,
1988-10-10,,,,,
1988-10-11,,8.75,7.55,8.29,
1988-10-12,,8.84,7.52,8.35,
1988-10-13,,8.84,7.58,8.36,
1988-10-14,,8.81,7.56,8.33,
1988-10-17,,8.79,7.58,8.33,
1988-10-18,,8.78,7.60,8.33,
1988-10-19,,8.82,7.68,8.38,
1988-10-20,,8.79,7.70,8.38,
1988-10-21,,8.83,7.69,8.40,
1988-10-24,,8.83,7.77,8.42,
1988-10-25,,8.83,7.69,8.42,
1988-10-26,,8.79,7.66,8.34,
1988-10-27,,8.72,7.63,8.27,
1988-10-28,,8.69,7.62,8.27,
1988-10-31,,8.65,7.62,8.25,
1988-11-01,,8.68,7.58,8.25,
1988-11-02,,8.73,7.61,8.29,
1988-11-03,,8.69,7.65,8.27,
1988-11-04,,8.85,7.70,8.39,
1988-11-07,,8.91,7.75,8.50,
1988-11-08,,8.91,7.85,8.53,
1988-11-09,,8.91,7.82,8.57,
1988-11-10,,8.90,7.90,8.60,
1988-11-11,,,,,
1988-11-14,,8.91,8.06,8.62,
1988-11-15,,8.92,8.23,8.69,
1988-11-16,,9.00,8.22,8.75,
1988-11-17,,9.06,8.20,8.75,
1988-11-18,,9.05,8.21,8.77,
1988-11-21,,9.04,8.27,8.81,
1988-11-22,,9.09,8.28,8.88,
1988-11-23,,9.08,8.29,8.87,
1988-11-24,,,,,
1988-11-25,,9.17,8.31,8.98,
1988-11-28,,9.16,8.27,9.00,
1988-11-29,,9.13,8.27,8.96,
1988-11-30,,9.06,8.10,8.84,
1988-12-01,,9.01,8.12,8.86,
1988-12-02,,9.18,8.34,9.12,
1988-12-05,,9.13,8.30,9.09,
1988-12-06,,8.95,8.23,8.88,
1988-12-07,,9.00,8.27,8.93,
1988-12-08,,9.02,8.26,9.00,
1988-12-09,,9.07,8.14,9.03,
1988-12-12,,9.08,8.19,9.05,
1988-12-13,,9.15,8.38,9.16,
1988-12-14,,9.19,8.41,9.20,
1988-12-15,,9.19,8.48,9.20,
1988-12-16,,9.17,8.44,9.18,
1988-12-19,,9.15,8.48,9.18,
1988-12-20,,9.08,8.47,9.11,
1988-12-21,,9.07,8.38,9.09,
1988-12-22,,9.07,8.33,9.04,
1988-12-23,,9.05,8.32,9.04,
1988-12-26,,,,,
1988-12-27,,9.13,8.45,9.15,
1988-12-28,,9.21,8.55,9.23,
1988-12-29,,9.18,8.41,9.18,
1988-12-30,,9.14,8.37,9.14,
1989-01-02,,,,,
1989-01-03,,9.23,8.43,9.21,
1989-01-04,,9.22,8.54,9.25,
1989-01-05,,9.27,8.56,9.32,
1989-01-06,,9.25,8.58,9.32,
1989-01-09,,9.23,8.58,9.29,
1989-01-10,,9.24,8.60,9.25,
1989-01-11,,9.24,8.53,9.29,
1989-01-12,,9.14,8.55,9.20,
1989-01-13,,9.06,8.49,9.14,
1989-01-16,,,,,
1989-01-17,,9.06,8.54,9.16,
1989-01-18,,8.99,8.55,9.13,
1989-01-19,,9.00,8.52,9.09,
1989-01-20,,9.03,8.52,9.13,
1989-01-23,,9.00,8.56,9.13,
1989-01-24,,8.93,8.50,9.07,
1989-01-25,,8.99,8.59,9.10,
1989-01-26,,8.99,8.64,9.14,
1989-01-27,,8.95,8.62,9.07,
1989-01-30,,9.00,8.58,9.10,
1989-01-31,,9.01,8.69,9.12,
1989-02-01,,8.99,8.67,9.12,
1989-02-02,,8.98,8.68,9.12,
1989-02-03,,9.01,8.78,9.23,
1989-02-06,,9.01,8.83,9.25,
1989-02-07,,8.96,8.84,9.19,
1989-02-08,,8.95,8.84,9.21,
1989-02-09,,9.13,8.78,9.28,
1989-02-10,,9.19,8.85,9.37,
1989-02-13,,9.20,8.86,9.39,
1989-02-14,,9.23,8.87,9.43,
1989-02-15,,9.22,8.80,9.41,
1989-02-16,,9.21,8.81,9.37,
1989-02-17,,9.20,8.78,9.37,
1989-02-20,,,,,
1989-02-21,,9.22,8.77,9.41,
1989-02-22,,9.29,8.84,9.48,
1989-02-23,,9.36,8.92,9.60,
1989-02-24,,9.38,8.96,9.66,
1989-02-27,,9.36,8.99,9.62,
1989-02-28,,9.32,9.03,9.55,
1989-03-01,,9.36,8.98,9.55,
1989-03-02,,9.31,8.98,9.52,
1989-03-03,,9.31,8.94,9.50,
1989-03-06,,9.26,8.89,9.46,
1989-03-07,,9.26,8.93,9.48,
1989-03-08,,9.23,8.92,9.48,
1989-03-09,,9.24,8.98,9.48,
1989-03-10,,9.34,9.06,9.66,
1989-03-13,,9.35,9.09,9.64,
1989-03-14,,9.32,9.02,9.64,
1989-03-15,,9.31,8.99,9.62,
1989-03-16,,9.30,9.02,9.61,
1989-03-17,,9.49,9.18,9.84,
1989-03-20,,9.53,9.33,9.90,
1989-03-21,,9.53,9.43,9.92,
1989-03-22,,9.45,9.35,9.81,
1989-03-23,,9.43,9.37,9.81,
1989-03-24,,,,,
1989-03-27,,9.44,9.45,9.85,
1989-03-28,,9.41,9.41,9.86,
1989-03-29,,9.36,9.29,9.80,
1989-03-30,,9.34,9.29,9.79,
1989-03-31,,9.30,9.23,9.73,
1989-04-03,,9.21,9.15,9.56,
1989-04-04,,9.17,9.14,9.47,
1989-04-05,,9.17,9.15,9.45,
1989-04-06,,9.20,9.17,9.54,
1989-04-07,,9.27,9.12,9.57,
1989-04-10,,9.27,9.05,9.57,
1989-04-11,,9.27,9.00,9.57,
1989-04-12,,9.29,8.98,9.59,
1989-04-13,,9.34,9.09,9.66,
1989-04-14,,9.18,8.92,9.43,
1989-04-17,,9.20,8.93,9.48,
1989-04-18,,9.06,8.73,9.28,
1989-04-19,,9.08,8.73,9.30,
1989-04-20,,9.20,8.95,9.46,
1989-04-21,,9.15,8.95,9.44,
1989-04-24,,9.15,8.99,9.46,
1989-04-25,,9.12,8.94,9.41,
1989-04-26,,9.11,8.84,9.34,
1989-04-27,,9.05,8.71,9.23,
1989-04-28,,9.02,8.71,9.22,
1989-05-01,,9.14,8.94,9.36,
1989-05-02,,9.08,8.89,9.27,
1989-05-03,,9.06,8.84,9.21,
1989-05-04,,9.06,8.84,9.21,
1989-05-05,,8.99,8.73,9.04,
1989-05-08,,9.04,8.80,9.09,
1989-05-09,,9.15,8.81,9.23,
1989-05-10,,9.16,8.83,9.27,
1989-05-11,,9.10,8.72,9.14,
1989-05-12,,8.81,8.50,8.82,
1989-05-15,,8.82,8.54,8.91,
1989-05-16,,8.82,8.52,8.95,
1989-05-17,,8.80,8.57,8.96,
1989-05-18,,8.78,8.68,9.00,
1989-05-19,,8.71,8.65,8.94,
1989-05-22,,8.58,8.62,8.84,
1989-05-23,,8.60,8.57,8.83,
1989-05-24,,8.63,8.67,8.82,
1989-05-25,,8.67,8.85,8.92,
1989-05-26,,8.66,8.82,8.89,
1989-05-29,,,,,
1989-05-30,,8.64,8.88,8.87,
1989-05-31,,8.60,8.92,8.82,
1989-06-01,,8.61,8.92,8.82,
1989-06-02,,8.43,8.65,8.52,
1989-06-05,,8.36,8.54,8.44,
1989-06-06,,8.36,8.45,8.45,
1989-06-07,,8.27,8.43,8.38,
1989-06-08,,8.27,8.40,8.33,
1989-06-09,,8.15,8.50,8.28,
1989-06-12,,8.16,8.46,8.29,
1989-06-13,,8.25,8.45,8.41,
1989-06-14,,8.20,8.41,8.36,
1989-06-15,,8.33,8.37,8.48,
1989-06-16,,8.35,8.42,8.53,
1989-06-19,,8.37,8.42,8.55,
1989-06-20,,8.31,8.44,8.50,
1989-06-21,,8.37,8.42,8.53,
1989-06-22,,8.38,8.44,8.55,
1989-06-23,,8.25,8.33,8.39,
1989-06-26,,8.18,8.38,8.35,
1989-06-27,,8.11,8.33,8.27,
1989-06-28,,8.17,8.32,8.27,
1989-06-29,,8.12,8.22,8.16,
1989-06-30,,8.10,8.26,8.08,
1989-07-03,,8.09,8.23,8.02,
1989-07-04,,,,,
1989-07-05,,8.11,8.05,7.99,
1989-07-06,,8.08,8.03,7.94,
1989-07-07,,8.02,7.98,7.83,
1989-07-10,,7.99,8.00,7.81,
1989-07-11,,8.00,8.03,7.81,
1989-07-12,,8.00,7.99,7.74,
1989-07-13,,8.00,8.03,7.74,
1989-07-14,,8.04,8.10,7.83,
1989-07-17,,8.05,8.18,7.85,
1989-07-18,,8.13,8.18,7.95,
1989-07-19,,8.09,8.20,7.90,
1989-07-20,,8.01,8.24,7.81,
1989-07-21,,8.07,8.39,7.91,
1989-07-24,,8.05,8.37,7.93,
1989-07-25,,8.01,8.31,7.84,
1989-07-26,,8.02,8.30,7.75,
1989-07-27,,7.92,8.17,7.65,
1989-07-28,,7.87,8.12,7.56,
1989-07-31,,7.82,8.04,7.53,
1989-08-01,,7.74,7.89,7.46,
1989-08-02,,7.76,7.89,7.53,
1989-08-03,,7.80,7.90,7.60,
1989-08-04,,8.00,8.13,7.92,
1989-08-07,,8.03,8.21,8.01,
1989-08-08,,8.00,8.22,7.96,
1989-08-09,,8.05,8.18,7.99,
1989-08-10,,8.02,8.13,7.99,
1989-08-11,,8.09,8.22,8.12,
1989-08-14,,8.24,8.32,8.31,
1989-08-15,,8.21,8.31,8.29,
1989-08-16,,8.12,8.22,8.17,
1989-08-17,,8.18,8.15,8.26,
1989-08-18,,8.15,8.13,8.26,
1989-08-21,,8.20,8.20,8.32,
1989-08-22,,8.29,8.33,8.43,
1989-08-23,,8.25,8.28,8.37,
1989-08-24,,8.20,8.24,8.32,
1989-08-25,,8.21,8.23,8.34,
1989-08-28,,8.27,8.26,8.41,
1989-08-29,,8.27,8.17,8.44,
1989-08-30,,8.25,8.14,8.41,
1989-08-31,,8.26,8.16,8.42,
1989-09-01,,8.19,8.12,8.37,
1989-09-04,,,,,
1989-09-05,,8.19,8.15,8.37,
1989-09-06,,8.17,8.09,8.35,
1989-09-07,,8.17,8.07,8.35,
1989-09-08,,8.14,8.04,8.27,
1989-09-11,,8.13,7.95,8.20,
1989-09-12,,8.13,7.88,8.18,
1989-09-13,,8.18,7.85,8.20,
1989-09-14,,8.13,7.83,8.09,
1989-09-15,,8.09,7.78,8.06,
1989-09-18,,8.10,7.87,8.13,
1989-09-19,,8.09,7.92,8.14,
1989-09-20,,8.15,8.08,8.27,
1989-09-21,,8.20,8.10,8.32,
1989-09-22,,8.22,8.02,8.34,
1989-09-25,,8.32,8.09,8.43,
1989-09-26,,8.30,8.03,8.36,
1989-09-27,,8.30,8.10,8.39,
1989-09-28,,8.30,8.14,8.41,
1989-09-29,,8.31,8.18,8.46,
1989-10-02,,8.28,8.17,8.48,
1989-10-03,,8.23,8.05,8.39,
1989-10-04,,8.22,8.05,8.37,
1989-10-05,,8.15,8.03,8.31,
1989-10-06,,8.03,7.83,8.10,
1989-10-09,,,,,
1989-10-10,,8.03,7.89,8.06,
1989-10-11,,8.07,7.96,8.08,
1989-10-12,,8.04,7.96,8.01,
1989-10-13,,7.87,7.87,7.69,
1989-10-16,,7.98,7.70,7.85,
1989-10-17,,8.00,7.68,7.83,
1989-10-18,,8.01,7.75,7.83,
1989-10-19,,7.96,7.83,7.87,
1989-10-20,,7.98,7.80,7.92,
1989-10-23,,7.92,7.83,7.88,
1989-10-24,,7.87,7.75,7.78,
1989-10-25,,7.86,7.81,7.76,
1989-10-26,,7.88,7.86,7.78,
1989-10-27,,7.94,8.02,7.87,
1989-10-30,,7.92,8.01,7.85,
1989-10-31,,7.92,8.04,7.85,
1989-11-01,,7.91,8.05,7.87,
1989-11-02,,7.87,7.99,7.81,
1989-11-03,,7.96,8.10,8.01,
1989-11-06,,8.00,8.13,8.04,
1989-11-07,,7.90,8.00,7.87,
1989-11-08,,7.87,7.94,7.78,
1989-11-09,,7.90,7.96,7.80,
1989-11-10,,7.92,7.97,7.83,
1989-11-13,,7.89,7.95,7.82,
1989-11-14,,7.87,7.92,7.75,
1989-11-15,,7.82,7.90,7.69,
1989-11-16,,7.82,7.92,7.71,
1989-11-17,,7.88,7.93,7.77,
1989-11-20,,7.86,7.93,7.77,
1989-11-21,,7.85,7.89,7.77,
1989-11-22,,7.81,7.84,7.66,
1989-11-23,,,,,
1989-11-24,,7.80,7.76,7.64,
1989-11-27,,7.85,7.91,7.79,
1989-11-28,,7.86,7.97,7.78,
1989-11-29,,7.88,7.92,7.80,
1989-11-30,,7.84,7.84,7.75,
1989-12-01,,7.81,7.78,7.70,
1989-12-04,,7.82,7.79,7.72,
1989-12-05,,7.82,7.81,7.72,
1989-12-06,,7.85,7.90,7.80,
1989-12-07,,7.88,7.95,7.85,
1989-12-08,,7.82,7.86,7.78,
1989-12-11,,7.83,7.88,7.78,
1989-12-12,,7.84,7.92,7.80,
1989-12-13,,7.82,7.95,7.82,
1989-12-14,,7.79,7.88,7.75,
1989-12-15,,7.80,7.87,7.75,
1989-12-18,,7.77,7.85,7.75,
1989-12-19,,7.78,7.93,7.72,
1989-12-20,,7.77,7.82,7.64,
1989-12-21,,7.77,7.81,7.68,
1989-12-22,,7.82,7.84,7.74,
1989-12-25,,,,,
1989-12-26,,7.95,8.02,7.90,
1989-12-27,,7.94,7.99,7.90,
1989-12-28,,7.91,7.94,7.87,
1989-12-29,,7.93,7.80,7.87,
1990-01-01,,,,,
1990-01-02,,7.94,7.83,7.87,
1990-01-03,,7.99,7.89,7.94,
1990-01-04,,7.98,7.84,7.92,
1990-01-05,,7.99,7.79,7.90,
1990-01-08,,8.02,7.79,7.90,
1990-01-09,,8.02,7.80,7.91,
1990-01-10,,8.03,7.75,7.91,
1990-01-11,,8.04,7.80,7.91,
1990-01-12,,8.10,7.74,7.93,
1990-01-15,,,,,
1990-01-16,,8.20,7.89,8.10,
1990-01-17,,8.19,7.97,8.09,
1990-01-18,,8.32,8.04,8.25,
1990-01-19,,8.26,8.00,8.20,
1990-01-22,,8.27,7.99,8.18,
1990-01-23,,8.26,7.93,8.18,
1990-01-24,,8.38,7.93,8.20,
1990-01-25,,8.42,7.95,8.24,
1990-01-26,,8.49,7.93,8.28,
1990-01-29,,8.50,8.00,8.30,
1990-01-30,,8.51,8.00,8.30,
1990-01-31,,8.43,8.00,8.28,
1990-02-01,,8.42,8.02,8.28,
1990-02-02,,8.50,8.07,8.37,
1990-02-05,,8.53,8.08,8.37,
1990-02-06,,8.57,8.09,8.42,
1990-02-07,,8.52,8.08,8.42,
1990-02-08,,8.49,8.08,8.37,
1990-02-09,,8.31,8.02,8.25,
1990-02-12,,8.40,7.99,8.32,
1990-02-13,,8.35,7.84,8.21,
1990-02-14,,8.36,7.87,8.27,
1990-02-15,,8.43,7.97,8.35,
1990-02-16,,8.42,7.94,8.36,
1990-02-19,,,,,
1990-02-20,,8.62,8.06,8.52,
1990-02-21,,8.62,8.01,8.50,
1990-02-22,,8.54,7.99,8.45,
1990-02-23,,8.53,7.93,8.43,
1990-02-26,,8.46,7.97,8.38,
1990-02-27,,8.41,7.99,8.34,
1990-02-28,,8.51,8.04,8.43,
1990-03-01,,8.59,8.08,8.53,
1990-03-02,,8.54,8.02,8.48,
1990-03-05,,8.65,8.09,8.55,
1990-03-06,,8.59,8.17,8.54,
1990-03-07,,8.58,8.18,8.54,
1990-03-08,,8.57,8.18,8.59,
1990-03-09,,8.65,8.26,8.73,
1990-03-12,,8.63,8.26,8.71,
1990-03-13,,8.73,8.26,8.77,
1990-03-14,,8.65,8.23,8.69,
1990-03-15,,8.66,8.21,8.71,
1990-03-16,,8.59,8.19,8.64,
1990-03-19,,8.59,8.22,8.68,
1990-03-20,,8.54,8.25,8.68,
1990-03-21,,8.55,8.23,8.69,
1990-03-22,,8.53,8.17,8.62,
1990-03-23,,8.52,8.15,8.61,
1990-03-26,,8.51,8.13,8.61,
1990-03-27,,8.52,8.17,8.59,
1990-03-28,,8.51,8.12,8.57,
1990-03-29,,8.60,8.10,8.62,
1990-03-30,,8.65,8.07,8.64,
1990-04-02,,8.65,8.05,8.62,
1990-04-03,,8.63,8.09,8.61,
1990-04-04,,8.55,8.01,8.54,
1990-04-05,,8.57,8.02,8.54,
1990-04-06,,8.56,8.02,8.52,
1990-04-09,,8.59,8.09,8.54,
1990-04-10,,8.60,8.05,8.54,
1990-04-11,,8.63,8.03,8.56,
1990-04-12,,8.64,8.02,8.57,
1990-04-13,,,,,
1990-04-16,,8.68,8.01,8.61,
1990-04-17,,8.77,8.03,8.70,
1990-04-18,,8.86,8.08,8.79,
1990-04-19,,8.87,8.06,8.81,
1990-04-20,,8.95,7.95,8.82,
1990-04-23,,8.98,8.00,8.87,
1990-04-24,,9.00,8.03,8.92,
1990-04-25,,9.01,8.06,8.95,
1990-04-26,,9.07,8.09,9.03,
1990-04-27,,9.06,8.05,8.98,
1990-04-30,,9.04,8.07,8.96,
1990-05-01,,9.08,8.19,9.02,
1990-05-02,,9.09,8.17,9.05,
1990-05-03,,9.04,8.15,8.98,
1990-05-04,,8.84,8.02,8.70,
1990-05-07,,8.87,8.09,8.74,
1990-05-08,,8.84,8.06,8.68,
1990-05-09,,8.88,8.01,8.75,
1990-05-10,,8.82,7.97,8.69,
1990-05-11,,8.64,7.88,8.55,
1990-05-14,,8.61,7.89,8.51,
1990-05-15,,8.65,7.91,8.54,
1990-05-16,,8.68,7.93,8.54,
1990-05-17,,8.69,7.93,8.56,
1990-05-18,,8.75,8.01,8.63,
1990-05-21,,8.74,8.02,8.61,
1990-05-22,,8.65,7.99,8.54,
1990-05-23,,8.61,7.91,8.51,
1990-05-24,,8.63,7.95,8.50,
1990-05-25,,8.69,8.01,8.53,
1990-05-28,,,,,
1990-05-29,,8.66,8.02,8.52,
1990-05-30,,8.62,8.03,8.48,
1990-05-31,,8.60,8.01,8.50,
1990-06-01,,8.44,7.94,8.33,
1990-06-04,,8.44,7.96,8.31,
1990-06-05,,8.47,7.96,8.34,
1990-06-06,,8.46,7.96,8.34,
1990-06-07,,8.46,7.96,8.34,
1990-06-08,,8.46,7.96,8.33,
1990-06-11,,8.48,7.99,8.36,
1990-06-12,,8.48,7.99,8.36,
1990-06-13,,8.40,7.93,8.27,
1990-06-14,,8.38,7.92,8.24,
1990-06-15,,8.46,7.95,8.33,
1990-06-18,,8.50,7.93,8.39,
1990-06-19,,8.51,8.00,8.41,
1990-06-20,,8.55,8.03,8.43,
1990-06-21,,8.52,8.03,8.41,
1990-06-22,,8.51,8.04,8.40,
1990-06-25,,8.58,8.05,8.45,
1990-06-26,,8.56,8.07,8.41,
1990-06-27,,8.52,8.05,8.37,
1990-06-28,,8.47,8.00,8.31,
1990-06-29,,8.43,8.00,8.24,
1990-07-02,,8.43,8.00,8.25,
1990-07-03,,8.40,7.96,8.20,
1990-07-04,,,,,
1990-07-05,,8.42,7.92,8.22,
1990-07-06,,8.51,8.01,8.32,
1990-07-09,,8.57,8.06,8.39,
1990-07-10,,8.57,8.07,8.40,
1990-07-11,,8.57,8.05,8.40,
1990-07-12,,8.50,7.94,8.20,
1990-07-13,,8.45,7.85,8.13,
1990-07-16,,8.44,7.86,8.15,
1990-07-17,,8.44,7.87,8.13,
1990-07-18,,8.50,7.80,8.13,
1990-07-19,,8.51,7.79,8.13,
1990-07-20,,8.48,7.79,8.08,
1990-07-23,,8.48,7.73,8.05,
1990-07-24,,8.53,7.78,8.12,
1990-07-25,,8.49,7.81,8.08,
1990-07-26,,8.49,7.83,8.08,
1990-07-27,,8.42,7.77,8.00,
1990-07-30,,8.34,7.74,7.93,
1990-07-31,,8.36,7.74,7.91,
1990-08-01,,8.29,7.67,7.85,
1990-08-02,,8.41,7.68,7.90,
1990-08-03,,8.43,7.52,7.79,
1990-08-06,,8.71,7.54,7.90,
1990-08-07,,8.78,7.61,8.04,
1990-08-08,,8.77,7.62,8.02,
1990-08-09,,8.66,7.66,7.99,
1990-08-10,,8.68,7.64,7.95,
1990-08-13,,8.71,7.66,7.94,
1990-08-14,,8.66,7.68,7.94,
1990-08-15,,8.64,7.70,7.94,
1990-08-16,,8.76,7.73,8.09,
1990-08-17,,8.80,7.72,8.11,
1990-08-20,,8.81,7.77,8.13,
1990-08-21,,8.84,7.83,8.19,
1990-08-22,,8.91,7.85,8.26,
1990-08-23,,9.00,7.79,8.26,
1990-08-24,,9.05,7.74,8.32,
1990-08-27,,8.90,7.78,8.21,
1990-08-28,,8.94,7.73,8.23,
1990-08-29,,8.84,7.72,8.16,
1990-08-30,,8.86,7.70,8.12,
1990-08-31,,8.86,7.63,8.07,
1990-09-03,,,,,
1990-09-04,,8.90,7.64,8.09,
1990-09-05,,8.86,7.61,8.04,
1990-09-06,,8.84,7.62,8.06,
1990-09-07,,8.81,7.63,8.04,
1990-09-10,,8.85,7.68,8.09,
1990-09-11,,8.83,7.67,8.10,
1990-09-12,,8.82,7.61,8.05,
1990-09-13,,8.82,7.59,8.01,
1990-09-14,,8.87,7.59,8.03,
1990-09-17,,8.90,7.61,8.05,
1990-09-18,,8.90,7.61,8.03,
1990-09-19,,8.88,7.64,8.08,
1990-09-20,,8.91,7.63,8.10,
1990-09-21,,8.99,7.60,8.12,
1990-09-24,,9.04,7.63,8.21,
1990-09-25,,9.02,7.59,8.18,
1990-09-26,,9.00,7.57,8.16,
1990-09-27,,8.91,7.47,8.05,
1990-09-28,,8.82,7.37,8.02,
1990-10-01,,8.71,7.37,7.94,
1990-10-02,,8.69,7.41,7.92,
1990-10-03,,8.71,7.38,7.88,
1990-10-04,,8.67,7.36,7.87,
1990-10-05,,8.65,7.27,7.81,
1990-10-08,,,,,
1990-10-09,,8.83,7.41,7.94,
1990-10-10,,8.89,7.44,7.99,
1990-10-11,,8.92,7.35,7.99,
1990-10-12,,8.84,7.37,7.94,
1990-10-15,,8.80,7.40,7.92,
1990-10-16,,8.79,7.39,7.92,
1990-10-17,,8.76,7.44,7.92,
1990-10-18,,8.71,7.49,7.91,
1990-10-19,,8.62,7.48,7.85,
1990-10-22,,8.63,7.47,7.85,
1990-10-23,,8.65,7.45,7.84,
1990-10-24,,8.66,7.46,7.84,
1990-10-25,,8.62,7.41,7.80,
1990-10-26,,8.63,7.36,7.80,
1990-10-29,,8.70,7.38,7.82,
1990-10-30,,8.70,7.37,7.79,
1990-10-31,,8.65,7.34,7.77,
1990-11-01,,8.57,7.28,7.68,
1990-11-02,,8.57,7.31,7.68,
1990-11-05,,8.50,7.31,7.63,
1990-11-06,,8.52,7.31,7.65,
1990-11-07,,8.57,7.32,7.67,
1990-11-08,,8.58,7.32,7.67,
1990-11-09,,8.49,7.27,7.61,
1990-11-12,,,,,
1990-11-13,,8.37,7.27,7.60,
1990-11-14,,8.36,7.30,7.58,
1990-11-15,,8.37,7.32,7.60,
1990-11-16,,8.30,7.31,7.58,
1990-11-19,,8.35,7.33,7.62,
1990-11-20,,8.31,7.32,7.62,
1990-11-21,,8.27,7.27,7.55,
1990-11-22,,,,,
1990-11-23,,8.28,7.25,7.53,
1990-11-26,,8.27,7.26,7.55,
1990-11-27,,8.28,7.27,7.50,
1990-11-28,,8.30,7.29,7.56,
1990-11-29,,8.32,7.26,7.58,
1990-11-30,,8.26,7.24,7.53,
1990-12-03,,8.22,7.28,7.51,
1990-12-04,,8.20,7.24,7.46,
1990-12-05,,8.16,7.23,7.46,
1990-12-06,,8.18,7.22,7.48,
1990-12-07,,8.03,7.10,7.33,
1990-12-10,,7.98,7.07,7.28,
1990-12-11,,7.94,7.06,7.26,
1990-12-12,,7.91,7.00,7.22,
1990-12-13,,7.98,7.05,7.31,
1990-12-14,,8.05,7.06,7.35,
1990-12-17,,8.02,7.02,7.31,
1990-12-18,,7.99,6.94,7.28,
1990-12-19,,8.00,6.83,7.21,
1990-12-20,,8.05,6.75,7.25,
1990-12-21,,8.11,6.79,7.30,
1990-12-24,,8.20,6.73,7.35,
1990-12-25,,,,,
1990-12-26,,8.15,6.68,7.27,
1990-12-27,,8.11,6.67,7.25,
1990-12-28,,8.14,6.64,7.25,
1990-12-31,,8.08,6.63,7.15,
1991-01-01,,,,,
1991-01-02,,7.97,6.66,7.08,
1991-01-03,,7.93,6.64,7.08,
1991-01-04,,8.02,6.73,7.17,
1991-01-07,,8.13,6.71,7.20,
1991-01-08,,8.16,6.64,7.15,
1991-01-09,,8.25,6.44,7.10,
1991-01-10,,8.16,6.40,7.14,
1991-01-11,,8.20,6.34,7.14,
1991-01-14,,8.23,6.24,7.18,
1991-01-15,,8.22,6.23,7.16,
1991-01-16,,8.24,6.22,7.21,
1991-01-17,,8.05,6.30,7.19,
1991-01-18,,8.03,6.24,7.14,
1991-01-21,,,,,
1991-01-22,,8.07,6.24,7.13,
1991-01-23,,8.04,6.32,7.08,
1991-01-24,,8.00,6.31,7.04,
1991-01-25,,8.06,6.35,7.10,
1991-01-28,,8.06,6.44,7.12,
1991-01-29,,8.03,6.41,7.10,
1991-01-30,,8.05,6.39,7.07,
1991-01-31,,8.03,6.37,7.05,
1991-02-01,,7.91,6.17,6.83,
1991-02-04,,7.88,6.15,6.82,
1991-02-05,,7.85,6.15,6.80,
1991-02-06,,7.79,6.08,6.82,
1991-02-07,,7.82,6.11,6.80,
1991-02-08,,7.77,6.09,6.80,
1991-02-11,,7.78,6.05,6.78,
1991-02-12,,7.78,6.02,6.78,
1991-02-13,,7.78,6.03,6.78,
1991-02-14,,7.80,6.02,6.77,
1991-02-15,,7.78,6.08,6.82,
1991-02-18,,,,,
1991-02-19,,7.80,6.13,6.87,
1991-02-20,,7.84,6.11,6.87,
1991-02-21,,7.88,6.09,6.90,
1991-02-22,,7.91,6.12,6.98,
1991-02-25,,7.91,6.16,6.99,
1991-02-26,,7.96,6.22,7.00,
1991-02-27,,7.98,6.21,7.02,
1991-02-28,,8.02,6.22,7.04,
1991-03-01,,8.12,6.27,7.18,
1991-03-04,,8.12,6.24,7.16,
1991-03-05,,8.08,6.25,7.13,
1991-03-06,,8.11,6.28,7.15,
1991-03-07,,8.07,6.27,7.12,
1991-03-08,,8.13,6.16,7.08,
1991-03-11,,8.06,6.08,7.05,
1991-03-12,,8.09,6.05,7.07,
1991-03-13,,8.02,6.02,7.00,
1991-03-14,,8.02,5.94,6.95,
1991-03-15,,8.10,5.98,7.01,
1991-03-18,,8.15,6.03,7.09,
1991-03-19,,8.25,6.08,7.22,
1991-03-20,,8.20,6.07,7.20,
1991-03-21,,8.16,6.06,7.13,
1991-03-22,,8.13,6.06,7.13,
1991-03-25,,8.13,6.07,7.14,
1991-03-26,,8.13,6.05,7.16,
1991-03-27,,8.08,5.99,7.07,
1991-03-28,,8.05,5.92,7.02,
1991-03-29,,,,,
1991-04-01,,8.07,5.94,7.01,
1991-04-02,,8.03,5.95,6.97,
1991-04-03,,8.05,5.95,6.99,
1991-04-04,,8.00,5.92,6.94,
1991-04-05,,7.99,5.89,6.92,
1991-04-08,,7.98,5.83,6.91,
1991-04-09,,8.03,5.79,6.94,
1991-04-10,,8.10,5.79,7.02,
1991-04-11,,8.09,5.74,6.95,
1991-04-12,,7.98,5.68,6.88,
1991-04-15,,7.95,5.77,6.90,
1991-04-16,,7.97,5.79,6.92,
1991-04-17,,7.95,5.73,6.90,
1991-04-18,,8.02,5.84,6.99,
1991-04-19,,8.10,5.93,7.03,
1991-04-22,,8.15,5.87,7.07,
1991-04-23,,8.12,5.89,7.05,
1991-04-24,,8.06,5.84,6.95,
1991-04-25,,8.07,5.78,6.93,
1991-04-26,,8.06,5.79,6.89,
1991-04-29,,8.07,5.77,6.90,
1991-04-30,,8.02,5.68,6.80,
1991-05-01,,8.01,5.71,6.80,
1991-05-02,,7.97,5.63,6.76,
1991-05-03,,8.04,5.64,6.80,
1991-05-06,,8.05,5.64,6.82,
1991-05-07,,8.06,5.67,6.82,
1991-05-08,,8.04,5.67,6.84,
1991-05-09,,8.02,5.65,6.84,
1991-05-10,,8.12,5.65,6.87,
1991-05-13,,8.07,5.65,6.84,
1991-05-14,,8.14,5.66,6.86,
1991-05-15,,8.13,5.62,6.84,
1991-05-16,,8.12,5.57,6.84,
1991-05-17,,8.08,5.57,6.86,
1991-05-20,,8.10,5.63,6.86,
1991-05-21,,8.06,5.67,6.84,
1991-05-22,,8.06,5.63,6.77,
1991-05-23,,8.10,5.57,6.74,
1991-05-24,,8.10,5.57,6.69,
1991-05-27,,,,,
1991-05-28,,8.07,5.59,6.66,
1991-05-29,,8.07,5.62,6.61,
1991-05-30,,8.02,5.62,6.60,
1991-05-31,,8.06,5.71,6.68,
1991-06-03,,8.14,5.79,6.79,
1991-06-04,,8.14,5.74,6.79,
1991-06-05,,8.19,5.76,6.83,
1991-06-06,,8.23,5.74,6.86,
1991-06-07,,8.29,5.74,6.98,
1991-06-10,,8.29,5.77,7.01,
1991-06-11,,8.29,5.74,6.99,
1991-06-12,,8.36,5.73,7.08,
1991-06-13,,8.34,5.76,7.08,
1991-06-14,,8.29,5.77,7.02,
1991-06-17,,8.30,5.78,7.02,
1991-06-18,,8.32,5.80,7.00,
1991-06-19,,8.33,5.74,6.95,
1991-06-20,,8.30,5.74,6.87,
1991-06-21,,8.32,5.75,6.94,
1991-06-24,,8.33,5.75,6.96,
1991-06-25,,8.33,5.75,7.04,
1991-06-26,,8.33,5.73,7.01,
1991-06-27,,8.32,5.73,7.00,
1991-06-28,,8.24,5.71,6.90,
1991-07-01,,8.26,5.76,6.97,
1991-07-02,,8.27,5.75,7.00,
1991-07-03,,8.26,5.73,6.97,
1991-07-04,,,,,
1991-07-05,,8.34,5.76,7.04,
1991-07-08,,8.34,5.75,7.00,
1991-07-09,,8.36,5.76,7.00,
1991-07-10,,8.35,5.75,6.97,
1991-07-11,,8.30,5.74,6.92,
1991-07-12,,8.26,5.72,6.88,
1991-07-15,,8.26,5.75,6.88,
1991-07-16,,8.27,5.76,6.90,
1991-07-17,,8.30,5.79,6.94,
1991-07-18,,8.31,5.77,6.91,
1991-07-19,,8.28,5.76,6.89,
1991-07-22,,8.28,5.76,6.91,
1991-07-23,,8.31,5.76,6.94,
1991-07-24,,8.24,5.75,6.88,
1991-07-25,,8.20,5.76,6.87,
1991-07-26,,8.20,5.76,6.85,
1991-07-29,,8.20,5.75,6.82,
1991-07-30,,8.21,5.73,6.84,
1991-07-31,,8.20,5.70,6.81,
1991-08-01,,8.20,5.72,6.84,
1991-08-02,,8.06,5.63,6.69,
1991-08-05,,8.04,5.68,6.69,
1991-08-06,,7.97,5.58,6.57,
1991-08-07,,7.93,5.55,6.54,
1991-08-08,,7.98,5.54,6.52,
1991-08-09,,7.98,5.48,6.49,
1991-08-12,,7.95,5.48,6.49,
1991-08-13,,7.91,5.45,6.48,
1991-08-14,,7.82,5.45,6.37,
1991-08-15,,7.84,5.46,6.33,
1991-08-16,,7.84,5.42,6.31,
1991-08-19,,7.83,5.27,6.24,
1991-08-20,,7.81,5.26,6.17,
1991-08-21,,7.80,5.44,6.27,
1991-08-22,,7.78,5.47,6.27,
1991-08-23,,7.88,5.56,6.46,
1991-08-26,,7.91,5.58,6.48,
1991-08-27,,7.89,5.55,6.41,
1991-08-28,,7.82,5.46,6.30,
1991-08-29,,7.74,5.43,6.25,
1991-08-30,,7.82,5.49,6.36,
1991-09-02,,,,,
1991-09-03,,7.81,5.51,6.33,
1991-09-04,,7.81,5.49,6.31,
1991-09-05,,7.83,5.48,6.31,
1991-09-06,,7.76,5.45,6.26,
1991-09-09,,7.73,5.44,6.23,
1991-09-10,,7.73,5.40,6.21,
1991-09-11,,7.74,5.42,6.23,
1991-09-12,,7.67,5.38,6.20,
1991-09-13,,7.66,5.31,6.18,
1991-09-16,,7.63,5.34,6.17,
1991-09-17,,7.62,5.35,6.18,
1991-09-18,,7.62,5.34,6.18,
1991-09-19,,7.61,5.36,6.20,
1991-09-20,,7.57,5.35,6.18,
1991-09-23,,7.55,5.37,6.17,
1991-09-24,,7.56,5.33,6.11,
1991-09-25,,7.58,5.33,6.12,
1991-09-26,,7.56,5.28,6.05,
1991-09-27,,7.49,5.28,6.02,
1991-09-30,,7.47,5.26,5.99,
1991-10-01,,7.45,5.25,5.99,
1991-10-02,,7.47,5.24,5.99,
1991-10-03,,7.47,5.19,5.98,
1991-10-04,,7.39,5.17,5.91,
1991-10-07,,7.40,5.18,5.93,
1991-10-08,,7.43,5.17,5.89,
1991-10-09,,7.51,5.16,5.93,
1991-10-10,,7.58,5.18,5.98,
1991-10-11,,7.49,5.14,5.91,
1991-10-14,,,,,
1991-10-15,,7.46,5.13,5.85,
1991-10-16,,7.45,5.12,5.86,
1991-10-17,,7.55,5.18,5.93,
1991-10-18,,7.53,5.18,5.95,
1991-10-21,,7.62,5.19,5.99,
1991-10-22,,7.67,5.21,6.02,
1991-10-23,,7.69,5.19,6.01,
1991-10-24,,7.65,5.12,5.93,
1991-10-25,,7.68,5.11,5.93,
1991-10-28,,7.65,5.09,5.88,
1991-10-29,,7.51,5.03,5.78,
1991-10-30,,7.48,4.98,5.73,
1991-10-31,,7.47,4.96,5.70,
1991-11-01,,7.48,4.89,5.65,
1991-11-04,,7.50,4.88,5.63,
1991-11-05,,7.56,4.90,5.70,
1991-11-06,,7.51,4.76,5.63,
1991-11-07,,7.43,4.76,5.62,
1991-11-08,,7.41,4.75,5.63,
1991-11-11,,,,,
1991-11-12,,7.37,4.77,5.65,
1991-11-13,,7.41,4.76,5.65,
1991-11-14,,7.35,4.76,5.60,
1991-11-15,,7.33,4.72,5.54,
1991-11-18,,7.33,4.71,5.55,
1991-11-19,,7.37,4.66,5.50,
1991-11-20,,7.38,4.62,5.52,
1991-11-21,,7.39,4.56,5.50,
1991-11-22,,7.44,4.55,5.49,
1991-11-25,,7.45,4.55,5.50,
1991-11-26,,7.42,4.52,5.45,
1991-11-27,,7.42,4.51,5.43,
1991-11-28,,,,,
1991-11-29,,7.38,4.47,5.38,
1991-12-02,,7.32,4.51,5.33,
1991-12-03,,7.28,4.48,5.29,
1991-12-04,,7.17,4.43,5.22,
1991-12-05,,7.21,4.43,5.22,
1991-12-06,,7.26,4.36,5.19,
1991-12-09,,7.22,4.28,5.09,
1991-12-10,,7.21,4.32,5.07,
1991-12-11,,7.22,4.26,5.04,
1991-12-12,,7.19,4.26,5.06,
1991-12-13,,7.22,4.26,5.09,
1991-12-16,,7.21,4.25,5.06,
1991-12-17,,7.18,4.22,5.02,
1991-12-18,,7.19,4.23,5.11,
1991-12-19,,7.11,4.15,5.05,
1991-12-20,,6.97,3.84,4.80,
1991-12-23,,6.88,3.87,4.79,
1991-12-24,,6.88,3.91,4.84,
1991-12-25,,,,,
1991-12-26,,6.85,3.92,4.85,
1991-12-27,,6.82,3.96,4.85,
1991-12-30,,6.76,3.97,4.80,
1991-12-31,,6.71,3.96,4.77,
1992-01-01,,,,,
1992-01-02,,6.78,3.96,4.77,
1992-01-03,,6.85,3.95,4.80,
1992-01-06,,6.82,3.92,4.76,
1992-01-07,,6.76,3.85,4.67,
1992-01-08,,6.77,3.82,4.66,
1992-01-09,,6.79,3.87,4.77,
1992-01-10,,6.85,3.92,4.85,
1992-01-13,,6.92,3.92,4.93,
1992-01-14,,7.03,3.92,5.00,
1992-01-15,,7.05,3.94,5.07,
1992-01-16,,7.13,3.89,5.07,
1992-01-17,,7.09,3.89,5.02,
1992-01-20,,,,,
1992-01-21,,7.03,3.86,4.97,
1992-01-22,,7.09,3.85,4.95,
1992-01-23,,7.20,3.87,5.02,
1992-01-24,,7.25,3.91,5.13,
1992-01-27,,7.24,3.93,5.15,
1992-01-28,,7.16,3.93,5.10,
1992-01-29,,7.25,3.96,5.15,
1992-01-30,,7.31,3.93,5.17,
1992-01-31,,7.31,3.94,5.11,
1992-02-03,,7.36,3.96,5.15,
1992-02-04,,7.29,3.94,5.12,
1992-02-05,,7.21,3.94,5.07,
1992-02-06,,7.20,3.91,5.05,
1992-02-07,,7.20,3.84,4.97,
1992-02-10,,7.21,3.83,4.94,
1992-02-11,,7.23,3.85,5.01,
1992-02-12,,7.30,3.85,5.08,
1992-02-13,,7.40,3.89,5.22,
1992-02-14,,7.41,3.89,5.27,
1992-02-17,,,,,
1992-02-18,,7.47,3.93,5.24,
1992-02-19,,7.42,3.95,5.28,
1992-02-20,,7.41,3.98,5.30,
1992-02-21,,7.45,4.03,5.46,
1992-02-24,,7.47,4.07,5.46,
1992-02-25,,7.44,4.07,5.43,
1992-02-26,,7.33,4.05,5.37,
1992-02-27,,7.35,4.04,5.34,
1992-02-28,,7.27,4.03,5.27,
1992-03-02,,7.38,4.14,5.45,
1992-03-03,,7.43,4.14,5.48,
1992-03-04,,7.43,4.13,5.50,
1992-03-05,,7.51,4.14,5.62,
1992-03-06,,7.48,4.14,5.60,
1992-03-09,,7.42,4.10,5.54,
1992-03-10,,7.43,4.11,5.56,
1992-03-11,,7.51,4.11,5.58,
1992-03-12,,7.62,4.12,5.74,
1992-03-13,,7.71,4.16,5.86,
1992-03-16,,7.69,4.18,5.87,
1992-03-17,,7.62,4.16,5.83,
1992-03-18,,7.62,4.15,5.84,
1992-03-19,,7.57,4.15,5.79,
1992-03-20,,7.64,4.16,5.86,
1992-03-23,,7.62,4.17,5.87,
1992-03-24,,7.53,4.15,5.78,
1992-03-25,,7.53,4.11,5.72,
1992-03-26,,7.57,4.11,5.69,
1992-03-27,,7.54,4.11,5.68,
1992-03-30,,7.54,4.16,5.61,
1992-03-31,,7.54,4.15,5.60,
1992-04-01,,7.46,4.11,5.53,
1992-04-02,,7.47,4.12,5.55,
1992-04-03,,7.42,4.06,5.37,
1992-04-06,,7.41,4.03,5.36,
1992-04-07,,7.41,3.96,5.34,
1992-04-08,,7.44,3.96,5.33,
1992-04-09,,7.35,3.75,5.09,
1992-04-10,,7.37,3.74,5.16,
1992-04-13,,7.33,3.70,5.11,
1992-04-14,,7.35,3.70,5.15,
1992-04-15,,7.37,3.70,5.22,
1992-04-16,,7.45,3.73,5.34,
1992-04-17,,,,,
1992-04-20,,7.59,3.79,5.45,
1992-04-21,,7.58,3.77,5.41,
1992-04-22,,7.57,3.77,5.41,
1992-04-23,,7.59,3.76,5.41,
1992-04-24,,7.55,3.76,5.33,
1992-04-27,,7.60,3.82,5.42,
1992-04-28,,7.57,3.80,5.40,
1992-04-29,,7.60,3.80,5.39,
1992-04-30,,7.61,3.79,5.46,
1992-05-01,,7.56,3.72,5.33,
1992-05-04,,7.58,3.71,5.32,
1992-05-05,,7.56,3.72,5.30,
1992-05-06,,7.46,3.70,5.25,
1992-05-07,,7.49,3.71,5.34,
1992-05-08,,7.41,3.72,5.29,
1992-05-11,,7.40,3.74,5.24,
1992-05-12,,7.36,3.70,5.19,
1992-05-13,,7.34,3.67,5.14,
1992-05-14,,7.34,3.65,5.13,
1992-05-15,,7.28,3.66,5.11,
1992-05-18,,7.28,3.69,5.12,
1992-05-19,,7.20,3.62,5.00,
1992-05-20,,7.25,3.65,5.13,
1992-05-21,,7.39,3.76,5.34,
1992-05-22,,7.35,3.77,5.24,
1992-05-25,,,,,
1992-05-26,,7.46,3.84,5.35,
1992-05-27,,7.44,3.79,5.28,
1992-05-28,,7.36,3.77,5.22,
1992-05-29,,7.33,3.79,5.19,
1992-06-01,,7.39,3.82,5.29,
1992-06-02,,7.35,3.83,5.23,
1992-06-03,,7.34,3.80,5.20,
1992-06-04,,7.34,3.78,5.22,
1992-06-05,,7.31,3.77,5.13,
1992-06-08,,7.31,3.78,5.11,
1992-06-09,,7.33,3.77,5.11,
1992-06-10,,7.35,3.77,5.13,
1992-06-11,,7.33,3.75,5.09,
1992-06-12,,7.29,3.75,5.06,
1992-06-15,,7.28,3.75,5.05,
1992-06-16,,7.24,3.72,5.02,
1992-06-17,,7.23,3.70,5.00,
1992-06-18,,7.19,3.69,4.94,
1992-06-19,,7.24,3.74,5.00,
1992-06-22,,7.24,3.75,4.99,
1992-06-23,,7.25,3.77,5.10,
1992-06-24,,7.20,3.72,4.96,
1992-06-25,,7.14,3.71,4.89,
1992-06-26,,7.15,3.71,4.88,
1992-06-29,,7.12,3.66,4.83,
1992-06-30,,7.14,3.65,4.83,
1992-07-01,,7.10,3.63,4.82,
1992-07-02,,6.93,3.31,4.55,
1992-07-03,,,,,
1992-07-06,,6.90,3.29,4.46,
1992-07-07,,6.87,3.28,4.40,
1992-07-08,,6.91,3.29,4.40,
1992-07-09,,6.91,3.28,4.40,
1992-07-10,,6.93,3.29,4.38,
1992-07-13,,6.97,3.29,4.40,
1992-07-14,,6.97,3.28,4.32,
1992-07-15,,6.90,3.25,4.25,
1992-07-16,,6.87,3.24,4.25,
1992-07-17,,6.90,3.23,4.27,
1992-07-20,,6.90,3.26,4.30,
1992-07-21,,6.89,3.26,4.34,
1992-07-22,,6.85,3.24,4.29,
1992-07-23,,6.72,3.23,4.20,
1992-07-24,,6.73,3.23,4.25,
1992-07-27,,6.69,3.26,4.27,
1992-07-28,,6.63,3.26,4.27,
1992-07-29,,6.60,3.25,4.25,
1992-07-30,,6.69,3.25,4.33,
1992-07-31,,6.72,3.25,4.42,
1992-08-03,,6.72,3.25,4.40,
1992-08-04,,6.66,3.24,4.31,
1992-08-05,,6.64,3.24,4.29,
1992-08-06,,6.65,3.23,4.29,
1992-08-07,,6.57,3.21,4.18,
1992-08-10,,6.52,3.20,4.12,
1992-08-11,,6.50,3.20,4.15,
1992-08-12,,6.48,3.19,4.19,
1992-08-13,,6.55,3.16,4.19,
1992-08-14,,6.53,3.13,4.14,
1992-08-17,,6.56,3.16,4.13,
1992-08-18,,6.48,3.14,4.04,
1992-08-19,,6.47,3.15,4.06,
1992-08-20,,6.46,3.15,4.04,
1992-08-21,,6.53,3.14,4.13,
1992-08-24,,6.68,3.23,4.27,
1992-08-25,,6.73,3.24,4.32,
1992-08-26,,6.68,3.23,4.26,
1992-08-27,,6.64,3.23,4.23,
1992-08-28,,6.63,3.23,4.16,
1992-08-31,,6.62,3.23,4.15,
1992-09-01,,6.56,3.22,4.12,
1992-09-02,,6.54,3.21,4.10,
1992-09-03,,6.54,3.21,4.09,
1992-09-04,,6.40,2.98,3.89,
1992-09-07,,,,,
1992-09-08,,6.29,2.96,3.83,
1992-09-09,,6.31,2.97,3.85,
1992-09-10,,6.31,2.97,3.83,
1992-09-11,,6.37,2.98,3.87,
1992-09-14,,6.32,2.95,3.80,
1992-09-15,,6.40,2.98,3.89,
1992-09-16,,6.41,2.96,3.87,
1992-09-17,,6.40,2.94,3.86,
1992-09-18,,6.41,2.94,3.86,
1992-09-21,,6.42,2.97,3.91,
1992-09-22,,6.50,2.98,3.98,
1992-09-23,,6.54,2.98,3.97,
1992-09-24,,6.48,2.95,3.91,
1992-09-25,,6.41,2.86,3.78,
1992-09-28,,6.37,2.79,3.77,
1992-09-29,,6.37,2.79,3.80,
1992-09-30,,6.37,2.75,3.80,
1992-10-01,,6.23,2.67,3.67,
1992-10-02,,6.26,2.69,3.71,
1992-10-05,,6.24,2.75,3.68,
1992-10-06,,6.30,2.79,3.74,
1992-10-07,,6.46,2.89,3.88,
1992-10-08,,6.41,2.85,3.83,
1992-10-09,,6.52,2.89,4.00,
1992-10-12,,,,,
1992-10-13,,6.51,2.95,3.99,
1992-10-14,,6.51,2.99,4.02,
1992-10-15,,6.53,2.98,4.02,
1992-10-16,,6.60,2.97,4.04,
1992-10-19,,6.69,3.04,4.15,
1992-10-20,,6.86,3.09,4.34,
1992-10-21,,6.80,2.99,4.29,
1992-10-22,,6.74,2.98,4.24,
1992-10-23,,6.83,3.00,4.37,
1992-10-26,,6.83,3.02,4.39,
1992-10-27,,6.78,3.00,4.32,
1992-10-28,,6.76,3.00,4.33,
1992-10-29,,6.71,3.02,4.33,
1992-10-30,,6.80,3.03,4.40,
1992-11-02,,6.88,3.08,4.47,
1992-11-03,,6.87,3.10,4.44,
1992-11-04,,6.89,3.09,4.44,
1992-11-05,,6.87,3.08,4.39,
1992-11-06,,6.97,3.13,4.48,
1992-11-09,,7.00,3.17,4.57,
1992-11-10,,6.91,3.15,4.50,
1992-11-11,,,,,
1992-11-12,,6.79,3.13,4.44,
1992-11-13,,6.82,3.15,4.54,
1992-11-16,,6.90,3.22,4.68,
1992-11-17,,6.86,3.24,4.67,
1992-11-18,,6.78,3.22,4.58,
1992-11-19,,6.81,3.22,4.59,
1992-11-20,,6.84,3.28,4.66,
1992-11-23,,6.86,3.34,4.69,
1992-11-24,,6.82,3.29,4.61,
1992-11-25,,6.84,3.31,4.70,
1992-11-26,,,,,
1992-11-27,,6.93,3.33,4.77,
1992-11-30,,6.95,3.38,4.79,
1992-12-01,,6.94,3.40,4.81,
1992-12-02,,6.93,3.42,4.81,
1992-12-03,,6.91,3.37,4.78,
1992-12-04,,6.84,3.32,4.70,
1992-12-07,,6.78,3.35,4.62,
1992-12-08,,6.73,3.33,4.59,
1992-12-09,,6.76,3.30,4.61,
1992-12-10,,6.77,3.29,4.67,
1992-12-11,,6.80,3.32,4.78,
1992-12-14,,6.83,3.33,4.80,
1992-12-15,,6.83,3.29,4.77,
1992-12-16,,6.77,3.28,4.67,
1992-12-17,,6.77,3.27,4.69,
1992-12-18,,6.76,3.23,4.66,
1992-12-21,,6.71,3.25,4.64,
1992-12-22,,6.65,3.27,4.64,
1992-12-23,,6.68,3.25,4.63,
1992-12-24,,6.69,3.23,4.60,
1992-12-25,,,,,
1992-12-28,,6.72,3.30,4.64,
1992-12-29,,6.69,3.27,4.61,
1992-12-30,,6.68,3.19,4.54,
1992-12-31,,6.70,3.15,4.56,
1993-01-01,,,,,
1993-01-04,,6.60,3.19,4.48,
1993-01-05,,6.61,3.18,4.48,
1993-01-06,,6.63,3.17,4.52,
1993-01-07,,6.76,3.19,4.64,
1993-01-08,,6.75,3.13,4.50,
1993-01-11,,6.71,3.12,4.48,
1993-01-12,,6.72,3.09,4.48,
1993-01-13,,6.71,3.06,4.46,
1993-01-14,,6.65,3.04,4.40,
1993-01-15,,6.60,3.00,4.31,
1993-01-18,,,,,
1993-01-19,,6.59,3.10,4.39,
1993-01-20,,6.61,3.08,4.41,
1993-01-21,,6.60,3.05,4.36,
1993-01-22,,6.57,3.03,4.30,
1993-01-25,,6.48,3.02,4.26,
1993-01-26,,6.50,3.01,4.30,
1993-01-27,,6.48,2.97,4.24,
1993-01-28,,6.44,2.96,4.20,
1993-01-29,,6.39,2.96,4.20,
1993-02-01,,6.38,3.01,4.19,
1993-02-02,,6.46,3.02,4.25,
1993-02-03,,6.45,2.99,4.27,
1993-02-04,,6.39,2.96,4.19,
1993-02-05,,6.32,2.96,4.07,
1993-02-08,,6.37,3.00,4.16,
1993-02-09,,6.41,2.99,4.20,
1993-02-10,,6.40,3.00,4.27,
1993-02-11,,6.37,2.98,4.20,
1993-02-12,,6.35,2.99,4.20,
1993-02-15,,,,,
1993-02-16,,6.34,3.00,4.14,
1993-02-17,,6.28,2.97,4.06,
1993-02-18,,6.17,2.95,3.95,
1993-02-19,,6.15,2.99,3.99,
1993-02-22,,6.09,3.01,3.99,
1993-02-23,,5.92,3.00,3.90,
1993-02-24,,6.01,3.02,3.97,
1993-02-25,,6.03,3.01,3.95,
1993-02-26,,6.03,3.01,3.92,
1993-03-01,,5.94,3.03,3.88,
1993-03-02,,5.95,3.03,3.88,
1993-03-03,,5.88,3.00,3.81,
1993-03-04,,5.83,2.97,3.75,
1993-03-05,,5.90,3.07,3.91,
1993-03-08,,5.85,3.05,3.97,
1993-03-09,,5.91,3.05,4.02,
1993-03-10,,5.97,3.04,4.05,
1993-03-11,,5.96,3.03,4.01,
1993-03-12,,6.11,3.04,4.11,
1993-03-15,,6.17,3.06,4.10,
1993-03-16,,6.06,3.04,4.02,
1993-03-17,,6.02,3.04,3.98,
1993-03-18,,5.93,3.01,3.91,
1993-03-19,,5.95,3.03,3.95,
1993-03-22,,5.96,2.99,3.92,
1993-03-23,,5.91,2.98,3.88,
1993-03-24,,5.95,2.98,3.93,
1993-03-25,,5.98,2.97,3.92,
1993-03-26,,6.09,3.00,4.02,
1993-03-29,,6.06,3.00,3.95,
1993-03-30,,6.02,2.97,3.91,
1993-03-31,,6.03,2.95,3.96,
1993-04-01,,6.06,2.96,3.94,
1993-04-02,,6.16,2.97,3.99,
1993-04-05,,6.13,2.97,3.96,
1993-04-06,,6.08,2.98,3.93,
1993-04-07,,6.07,2.98,3.93,
1993-04-08,,5.97,2.96,3.85,
1993-04-09,,,,,
1993-04-12,,5.92,2.94,3.82,
1993-04-13,,5.93,2.91,3.82,
1993-04-14,,5.90,2.88,3.78,
1993-04-15,,5.88,2.90,3.79,
1993-04-16,,5.89,2.90,3.80,
1993-04-19,,5.87,2.87,3.78,
1993-04-20,,5.87,2.85,3.78,
1993-04-21,,5.86,2.86,3.77,
1993-04-22,,5.85,2.88,3.75,
1993-04-23,,5.89,2.90,3.75,
1993-04-26,,5.94,2.95,3.79,
1993-04-27,,6.02,2.97,3.88,
1993-04-28,,6.03,2.98,3.86,
1993-04-29,,5.99,2.96,3.79,
1993-04-30,,6.05,2.97,3.83,
1993-05-03,,5.96,2.93,3.75,
1993-05-04,,5.92,2.93,3.75,
1993-05-05,,5.93,2.95,3.80,
1993-05-06,,5.89,2.92,3.80,
1993-05-07,,5.92,2.93,3.79,
1993-05-10,,5.89,2.95,3.79,
1993-05-11,,5.89,2.95,3.79,
1993-05-12,,5.96,2.96,3.82,
1993-05-13,,6.02,2.99,3.91,
1993-05-14,,6.03,3.03,3.97,
1993-05-17,,6.07,3.08,4.05,
1993-05-18,,6.15,3.08,4.08,
1993-05-19,,6.11,3.03,4.03,
1993-05-20,,6.09,3.03,4.03,
1993-05-21,,6.16,3.07,4.14,
1993-05-24,,6.16,3.15,4.19,
1993-05-25,,6.17,3.14,4.19,
1993-05-26,,6.12,3.12,4.20,
1993-05-27,,6.11,3.13,4.22,
1993-05-28,,6.16,3.13,4.24,
1993-05-31,,,,,
1993-06-01,,6.07,3.14,4.16,
1993-06-02,,6.06,3.14,4.18,
1993-06-03,,6.02,3.10,4.14,
1993-06-04,,6.11,3.18,4.31,
1993-06-07,,6.08,3.20,4.30,
1993-06-08,,6.09,3.20,4.33,
1993-06-09,,6.07,3.18,4.29,
1993-06-10,,6.07,3.18,4.29,
1993-06-11,,5.97,3.12,4.15,
1993-06-14,,5.97,3.13,4.13,
1993-06-15,,5.96,3.12,4.11,
1993-06-16,,5.96,3.11,4.09,
1993-06-17,,5.93,3.10,4.08,
1993-06-18,,5.97,3.13,4.16,
1993-06-21,,5.92,3.17,4.16,
1993-06-22,,5.91,3.16,4.15,
1993-06-23,,5.91,3.19,4.20,
1993-06-24,,5.88,3.17,4.15,
1993-06-25,,5.84,3.15,4.10,
1993-06-28,,5.80,3.11,4.06,
1993-06-29,,5.79,3.10,4.03,
1993-06-30,,5.80,3.10,4.03,
1993-07-01,,5.80,3.06,3.99,
1993-07-02,,5.76,3.02,3.93,
1993-07-05,,,,,
1993-07-06,,5.80,3.12,4.00,
1993-07-07,,5.80,3.11,4.00,
1993-07-08,,5.78,3.09,4.00,
1993-07-09,,5.76,3.09,3.98,
1993-07-12,,5.75,3.10,3.99,
1993-07-13,,5.78,3.11,4.04,
1993-07-14,,5.72,3.08,3.97,
1993-07-15,,5.72,3.08,3.99,
1993-07-16,,5.71,3.08,3.99,
1993-07-19,,5.71,3.12,3.99,
1993-07-20,,5.75,3.13,4.09,
1993-07-21,,5.83,3.14,4.15,
1993-07-22,,5.90,3.16,4.22,
1993-07-23,,5.95,3.16,4.25,
1993-07-26,,5.93,3.17,4.22,
1993-07-27,,5.92,3.17,4.25,
1993-07-28,,5.90,3.15,4.21,
1993-07-29,,5.81,3.09,4.12,
1993-07-30,,5.83,3.10,4.13,
1993-08-02,,5.85,3.17,4.19,
1993-08-03,,5.83,3.15,4.17,
1993-08-04,,5.87,3.15,4.16,
1993-08-05,,5.86,3.12,4.12,
1993-08-06,,5.86,3.11,4.09,
1993-08-09,,5.82,3.11,4.06,
1993-08-10,,5.82,3.10,4.10,
1993-08-11,,5.75,3.09,4.10,
1993-08-12,,5.77,3.08,4.06,
1993-08-13,,5.72,3.09,4.00,
1993-08-16,,5.68,3.10,3.98,
1993-08-17,,5.70,3.08,4.02,
1993-08-18,,5.69,3.05,3.98,
1993-08-19,,5.64,3.05,3.93,
1993-08-20,,5.61,3.06,3.93,
1993-08-23,,5.60,3.08,3.97,
1993-08-24,,5.54,3.05,3.89,
1993-08-25,,5.51,3.04,3.85,
1993-08-26,,5.42,3.06,3.82,
1993-08-27,,5.48,3.09,3.87,
1993-08-30,,5.44,3.08,3.86,
1993-08-31,,5.45,3.08,3.88,
1993-09-01,,5.46,3.08,3.88,
1993-09-02,,5.41,3.05,3.83,
1993-09-03,,5.31,3.00,3.71,
1993-09-06,,,,,
1993-09-07,,5.23,3.01,3.70,
1993-09-08,,5.23,3.02,3.78,
1993-09-09,,5.35,3.04,3.88,
1993-09-10,,5.29,3.02,3.80,
1993-09-13,,5.26,3.04,3.82,
1993-09-14,,5.37,3.05,3.91,
1993-09-15,,5.39,3.02,3.89,
1993-09-16,,5.37,3.01,3.88,
1993-09-17,,5.38,3.01,3.89,
1993-09-20,,5.42,3.00,3.92,
1993-09-21,,5.47,2.98,3.90,
1993-09-22,,5.45,2.98,3.90,
1993-09-23,,5.42,2.99,3.87,
1993-09-24,,5.42,2.99,3.90,
1993-09-27,,5.30,2.96,3.81,
1993-09-28,,5.28,2.96,3.79,
1993-09-29,,5.35,2.99,3.84,
1993-09-30,,5.40,2.98,3.89,
1993-10-01,6.12,5.34,2.98,3.84,
1993-10-04,6.10,5.34,3.02,3.85,
1993-10-05,6.12,5.35,3.06,3.86,
1993-10-06,6.12,5.35,3.04,3.85,
1993-10-07,6.11,5.33,3.05,3.83,
1993-10-08,6.02,5.26,3.05,3.78,
1993-10-11,,,,,
1993-10-12,6.02,5.27,3.12,3.82,
1993-10-13,6.03,5.27,3.10,3.84,
1993-10-14,5.98,5.23,3.08,3.82,
1993-10-15,5.91,5.19,3.08,3.81,
1993-10-18,5.99,5.27,3.13,3.84,
1993-10-19,5.98,5.27,3.13,3.86,
1993-10-20,5.97,5.26,3.11,3.86,
1993-10-21,6.06,5.35,3.12,3.89,
1993-10-22,6.13,5.42,3.11,3.91,
1993-10-25,6.17,5.47,3.14,3.95,
1993-10-26,6.14,5.43,3.16,3.93,
1993-10-27,6.15,5.44,3.15,3.99,
1993-10-28,6.11,5.41,3.11,3.97,
1993-10-29,6.12,5.43,3.10,3.99,
1993-11-01,6.19,5.56,3.18,4.11,
1993-11-02,6.28,5.63,3.19,4.16,
1993-11-03,6.32,5.67,3.16,4.13,
1993-11-04,6.34,5.67,3.15,4.13,
1993-11-05,6.40,5.75,3.13,4.20,
1993-11-08,6.38,5.70,3.17,4.13,
1993-11-09,6.31,5.64,3.18,4.12,
1993-11-10,6.38,5.72,3.19,4.17,
1993-11-11,,,,,
1993-11-12,6.33,5.66,3.18,4.11,
1993-11-15,6.36,5.69,3.18,4.11,
1993-11-16,6.35,5.66,3.16,4.10,
1993-11-17,6.35,5.65,3.16,4.09,
1993-11-18,6.40,5.72,3.18,4.15,
1993-11-19,6.50,5.84,3.20,4.22,
1993-11-22,6.53,5.89,3.21,4.26,
1993-11-23,6.46,5.82,3.19,4.19,
1993-11-24,6.47,5.84,3.19,4.18,
1993-11-25,,,,,
1993-11-26,6.43,5.78,3.18,4.16,
1993-11-29,6.40,5.76,3.20,4.17,
1993-11-30,6.46,5.83,3.21,4.22,
1993-12-01,6.44,5.82,3.19,4.20,
1993-12-02,6.42,5.81,3.18,4.22,
1993-12-03,6.39,5.80,3.18,4.24,
1993-12-06,6.31,5.72,3.18,4.19,
1993-12-07,6.31,5.71,3.16,4.17,
1993-12-08,6.31,5.71,3.15,4.18,
1993-12-09,6.29,5.68,3.13,4.18,
1993-12-10,6.34,5.73,3.12,4.21,
1993-12-13,6.40,5.78,3.12,4.23,
1993-12-14,6.46,5.82,3.11,4.25,
1993-12-15,6.46,5.83,3.10,4.22,
1993-12-16,6.47,5.84,3.10,4.23,
1993-12-17,6.44,5.81,3.09,4.20,
1993-12-20,6.45,5.83,3.15,4.22,
1993-12-21,6.47,5.85,3.14,4.26,
1993-12-22,6.37,5.74,3.13,4.19,
1993-12-23,6.36,5.72,3.13,4.18,
1993-12-24,,,,,
1993-12-27,6.36,5.72,3.13,4.20,
1993-12-28,6.36,5.72,3.13,4.20,
1993-12-29,6.38,5.74,3.08,4.20,
1993-12-30,6.47,5.82,3.04,4.25,
1993-12-31,6.48,5.83,3.07,4.25,
1994-01-03,6.54,5.92,3.16,4.30,
1994-01-04,6.51,5.88,3.15,4.29,
1994-01-05,6.54,5.90,3.14,4.31,
1994-01-06,6.48,5.84,3.12,4.24,
1994-01-07,6.35,5.70,3.07,4.09,
1994-01-10,6.35,5.67,3.06,4.08,
1994-01-11,6.34,5.67,3.04,4.08,
1994-01-12,6.26,5.60,3.02,4.05,
1994-01-13,6.36,5.71,3.01,4.13,
1994-01-14,6.41,5.78,3.03,4.17,
1994-01-17,,,,,
1994-01-18,6.38,5.74,3.04,4.14,
1994-01-19,6.40,5.76,3.03,4.12,
1994-01-20,6.36,5.71,3.01,4.07,
1994-01-21,6.36,5.73,3.01,4.09,
1994-01-24,6.38,5.74,3.01,4.09,
1994-01-25,6.40,5.78,2.99,4.11,
1994-01-26,6.39,5.77,2.98,4.13,
1994-01-27,6.33,5.73,2.98,4.11,
1994-01-28,6.27,5.68,2.99,4.08,
1994-01-31,6.29,5.70,3.05,4.12,
1994-02-01,6.37,5.77,3.10,4.20,
1994-02-02,6.36,5.77,3.13,4.20,
1994-02-03,6.38,5.81,3.20,4.28,
1994-02-04,6.49,5.94,3.30,4.42,
1994-02-07,6.50,5.96,3.31,4.41,
1994-02-08,6.55,6.01,3.32,4.44,
1994-02-09,6.52,5.92,3.32,4.43,
1994-02-10,6.53,5.91,3.33,4.45,
1994-02-11,6.50,5.88,3.33,4.44,
1994-02-14,6.53,5.90,3.34,4.44,
1994-02-15,6.53,5.88,3.34,4.44,
1994-02-16,6.53,5.89,3.34,4.44,
1994-02-17,6.62,6.00,3.35,4.50,
1994-02-18,6.70,6.09,3.36,4.57,
1994-02-21,,,,,
1994-02-22,6.67,6.05,3.40,4.57,
1994-02-23,6.73,6.13,3.46,4.67,
1994-02-24,6.82,6.22,3.44,4.72,
1994-02-25,6.80,6.21,3.44,4.72,
1994-02-28,6.75,6.15,3.47,4.67,
1994-03-01,6.86,6.28,3.58,4.81,
1994-03-02,6.87,6.30,3.55,4.79,
1994-03-03,6.92,6.35,3.56,4.83,
1994-03-04,6.92,6.38,3.62,4.88,
1994-03-07,6.87,6.32,3.61,4.87,
1994-03-08,6.92,6.38,3.63,4.92,
1994-03-09,6.93,6.38,3.61,4.96,
1994-03-10,7.02,6.48,3.57,4.96,
1994-03-11,6.99,6.46,3.58,4.95,
1994-03-14,7.01,6.50,3.66,4.99,
1994-03-15,6.99,6.47,3.66,4.99,
1994-03-16,6.90,6.40,3.61,4.96,
1994-03-17,6.91,6.40,3.55,4.94,
1994-03-18,6.99,6.49,3.57,5.03,
1994-03-21,7.03,6.55,3.70,5.09,
1994-03-22,6.94,6.44,3.60,5.03,
1994-03-23,6.95,6.44,3.54,5.00,
1994-03-24,7.09,6.58,3.53,5.08,
1994-03-25,7.10,6.61,3.57,5.10,
1994-03-28,7.09,6.63,3.57,5.12,
1994-03-29,7.17,6.71,3.59,5.19,
1994-03-30,7.23,6.78,3.57,5.19,
1994-03-31,7.23,6.77,3.56,5.21,
1994-04-01,,,,,
1994-04-04,7.55,7.16,3.82,5.57,
1994-04-05,7.41,6.97,3.75,5.45,
1994-04-06,7.38,6.93,3.67,5.40,
1994-04-07,7.33,6.86,3.61,5.37,
1994-04-08,7.40,6.94,3.65,5.43,
1994-04-11,7.37,6.92,3.68,5.43,
1994-04-12,7.32,6.87,3.64,5.40,
1994-04-13,7.39,6.93,3.64,5.43,
1994-04-14,7.43,6.97,3.66,5.49,
1994-04-15,7.42,6.97,3.68,5.51,
1994-04-18,7.55,7.14,3.84,5.70,
1994-04-19,7.50,7.10,3.83,5.70,
1994-04-20,7.46,7.05,3.83,5.67,
1994-04-21,7.33,6.91,3.83,5.59,
1994-04-22,7.34,6.93,3.84,5.62,
1994-04-25,7.26,6.86,3.94,5.61,
1994-04-26,7.24,6.86,3.97,5.59,
1994-04-27,,,,,
1994-04-28,7.41,7.04,3.98,5.75,
1994-04-29,7.44,7.06,3.97,5.73,
1994-05-02,7.45,7.09,4.10,5.81,
1994-05-03,7.48,7.13,4.12,5.86,
1994-05-04,7.49,7.14,4.15,5.89,
1994-05-05,7.46,7.11,4.13,5.88,
1994-05-06,7.67,7.35,4.30,6.12,
1994-05-09,7.76,7.49,4.44,6.26,
1994-05-10,7.62,7.33,4.35,6.13,
1994-05-11,7.73,7.40,4.32,6.20,
1994-05-12,7.69,7.36,4.24,6.13,
1994-05-13,7.63,7.29,4.24,6.05,
1994-05-16,7.58,7.24,4.31,6.03,
1994-05-17,7.39,7.03,4.30,5.88,
1994-05-18,7.41,7.03,4.29,5.83,
1994-05-19,7.37,6.96,4.24,5.73,
1994-05-20,7.44,7.02,4.26,5.80,
1994-05-23,7.58,7.19,4.35,5.94,
1994-05-24,7.54,7.17,4.32,5.94,
1994-05-25,7.51,7.14,4.28,5.95,
1994-05-26,7.51,7.09,4.27,5.92,
1994-05-27,7.55,7.12,4.30,5.97,
1994-05-30,,,,,
1994-05-31,7.58,7.17,4.31,6.01,
1994-06-01,7.52,7.12,4.28,5.98,
1994-06-02,7.49,7.07,4.24,5.93,
1994-06-03,7.39,6.98,4.23,5.84,
1994-06-06,7.34,6.91,4.25,5.78,
1994-06-07,7.37,6.95,4.22,5.80,
1994-06-08,7.39,6.96,4.21,5.78,
1994-06-09,7.39,6.98,4.23,5.80,
1994-06-10,7.44,7.03,4.22,5.85,
1994-06-13,7.47,7.07,4.24,5.91,
1994-06-14,7.41,7.00,4.21,5.81,
1994-06-15,7.53,7.10,4.23,5.88,
1994-06-16,7.49,7.07,4.22,5.83,
1994-06-17,7.58,7.14,4.23,5.88,
1994-06-20,7.58,7.16,4.28,5.92,
1994-06-21,7.63,7.22,4.30,6.04,
1994-06-22,7.52,7.13,4.28,5.97,
1994-06-23,7.51,7.10,4.26,5.94,
1994-06-24,7.63,7.22,4.28,6.06,
1994-06-27,7.57,7.18,4.28,6.05,
1994-06-28,7.65,7.26,4.28,6.13,
1994-06-29,7.63,7.24,4.25,6.12,
1994-06-30,7.75,7.34,4.26,6.19,
1994-07-01,7.74,7.34,4.32,6.19,
1994-07-04,,,,,
1994-07-05,7.71,7.31,4.42,6.14,
1994-07-06,7.72,7.32,4.39,6.11,
1994-07-07,7.71,7.30,4.36,6.11,
1994-07-08,7.81,7.42,4.49,6.25,
1994-07-11,7.84,7.47,4.61,6.29,
1994-07-12,7.80,7.43,4.56,6.24,
1994-07-13,7.79,7.41,4.52,6.22,
1994-07-14,7.63,7.25,4.41,6.05,
1994-07-15,7.64,7.25,4.38,6.04,
1994-07-18,7.60,7.20,4.40,5.99,
1994-07-19,7.56,7.15,4.37,5.94,
1994-07-20,7.64,7.25,4.41,6.06,
1994-07-21,7.64,7.27,4.44,6.11,
1994-07-22,7.65,7.29,4.50,6.15,
1994-07-25,7.61,7.27,4.53,6.13,
1994-07-26,7.63,7.28,4.52,6.16,
1994-07-27,7.69,7.34,4.57,6.22,
1994-07-28,7.62,7.29,4.54,6.21,
1994-07-29,7.46,7.12,4.39,5.99,
1994-08-01,7.47,7.13,4.45,6.03,
1994-08-02,7.46,7.11,4.44,5.98,
1994-08-03,7.44,7.09,4.44,5.96,
1994-08-04,7.47,7.12,4.43,5.98,
1994-08-05,7.62,7.28,4.59,6.18,
1994-08-08,7.61,7.28,4.59,6.22,
1994-08-09,7.65,7.33,4.56,6.26,
1994-08-10,7.66,7.30,4.49,6.21,
1994-08-11,7.72,7.36,4.46,6.26,
1994-08-12,7.66,7.27,4.51,6.22,
1994-08-15,7.68,7.30,4.72,6.26,
1994-08-16,7.56,7.19,4.74,6.21,
1994-08-17,7.55,7.15,4.69,6.14,
1994-08-18,7.67,7.28,4.71,6.23,
1994-08-19,7.67,7.27,4.69,6.23,
1994-08-22,7.73,7.31,4.73,6.27,
1994-08-23,7.71,7.28,4.69,6.26,
1994-08-24,7.63,7.22,4.66,6.18,
1994-08-25,7.71,7.29,4.68,6.24,
1994-08-26,7.65,7.24,4.68,6.21,
1994-08-29,7.66,7.24,4.73,6.20,
1994-08-30,7.62,7.20,4.71,6.18,
1994-08-31,7.60,7.19,4.68,6.17,
1994-09-01,7.60,7.19,4.67,6.15,
1994-09-02,7.64,7.21,4.67,6.17,
1994-09-05,,,,,
1994-09-06,7.71,7.27,4.69,6.22,
1994-09-07,7.73,7.29,4.66,6.22,
1994-09-08,7.73,7.30,4.67,6.22,
1994-09-09,7.88,7.44,4.70,6.35,
1994-09-12,7.89,7.46,4.75,6.37,
1994-09-13,7.87,7.44,4.72,6.35,
1994-09-14,7.83,7.41,4.70,6.33,
1994-09-15,7.80,7.35,4.70,6.28,
1994-09-16,7.95,7.52,4.73,6.42,
1994-09-19,7.90,7.49,4.72,6.39,
1994-09-20,7.93,7.53,4.74,6.44,
1994-09-21,7.95,7.56,4.92,6.52,
1994-09-22,7.94,7.56,4.92,6.50,
1994-09-23,7.95,7.57,4.91,6.52,
1994-09-26,7.95,7.57,4.92,6.54,
1994-09-27,8.01,7.61,4.83,6.52,
1994-09-28,7.97,7.57,4.66,6.51,
1994-09-29,8.02,7.64,4.70,6.60,
1994-09-30,7.98,7.62,4.80,6.62,
1994-10-03,8.02,7.66,5.05,6.69,
1994-10-04,8.06,7.70,5.09,6.68,
1994-10-05,8.12,7.77,5.09,6.73,
1994-10-06,8.12,7.78,5.11,6.71,
1994-10-07,8.07,7.70,5.02,6.65,
1994-10-10,,,,,
1994-10-11,8.02,7.65,5.06,6.63,
1994-10-12,8.04,7.69,5.12,6.67,
1994-10-13,7.99,7.64,5.05,6.63,
1994-10-14,7.98,7.61,5.00,6.57,
1994-10-17,7.97,7.62,5.04,6.61,
1994-10-18,8.01,7.64,5.04,6.61,
1994-10-19,8.04,7.68,5.05,6.66,
1994-10-20,8.14,7.80,5.14,6.77,
1994-10-21,8.12,7.81,5.15,6.80,
1994-10-24,8.17,7.86,5.22,6.84,
1994-10-25,8.18,7.88,5.20,6.87,
1994-10-26,8.19,7.88,5.13,6.90,
1994-10-27,8.17,7.88,5.12,6.89,
1994-10-28,8.09,7.82,5.16,6.82,
1994-10-31,8.09,7.81,5.20,6.84,
1994-11-01,8.20,7.91,5.22,6.93,
1994-11-02,8.22,7.96,5.23,6.96,
1994-11-03,8.24,7.96,5.25,6.98,
1994-11-04,8.30,8.04,5.33,7.05,
1994-11-07,8.30,8.05,5.42,7.06,
1994-11-08,8.24,8.01,5.37,7.02,
1994-11-09,8.21,7.94,5.34,7.01,
1994-11-10,8.27,7.98,5.38,7.06,
1994-11-11,,,,,
1994-11-14,8.20,7.94,5.46,7.06,
1994-11-15,8.15,7.92,5.53,7.10,
1994-11-16,8.22,7.97,5.52,7.15,
1994-11-17,8.27,8.03,5.51,7.21,
1994-11-18,8.26,8.01,5.50,7.23,
1994-11-21,8.26,8.03,5.53,7.30,
1994-11-22,8.23,8.00,5.49,7.29,
1994-11-23,8.06,7.81,5.44,7.18,
1994-11-24,,,,,
1994-11-25,8.04,7.80,5.45,7.19,
1994-11-28,8.10,7.88,5.60,7.35,
1994-11-29,8.15,7.95,5.69,7.44,
1994-11-30,8.10,7.91,5.72,7.40,
1994-12-01,8.12,7.92,5.71,7.42,
1994-12-02,8.01,7.81,5.79,7.44,
1994-12-05,8.04,7.83,6.03,7.58,
1994-12-06,7.93,7.73,5.94,7.44,
1994-12-07,8.01,7.81,5.82,7.48,
1994-12-08,7.99,7.79,5.83,7.51,
1994-12-09,7.97,7.79,5.82,7.53,
1994-12-12,8.04,7.85,5.93,7.62,
1994-12-13,7.97,7.83,5.95,7.71,
1994-12-14,8.00,7.80,5.84,7.59,
1994-12-15,7.99,7.79,5.70,7.54,
1994-12-16,7.98,7.81,5.71,7.59,
1994-12-19,7.96,7.81,5.75,7.59,
1994-12-20,7.98,7.81,5.63,7.56,
1994-12-21,7.96,7.80,5.56,7.58,
1994-12-22,7.99,7.84,5.61,7.70,
1994-12-23,7.96,7.85,5.68,7.74,
1994-12-26,,,,,
1994-12-27,7.87,7.76,5.74,7.67,
1994-12-28,7.96,7.80,5.68,7.71,
1994-12-29,7.99,7.82,5.66,7.69,
1994-12-30,8.02,7.84,5.68,7.69,
1995-01-02,,,,,
1995-01-03,8.07,7.88,5.95,7.73,
1995-01-04,7.98,7.82,5.85,7.62,
1995-01-05,8.03,7.88,5.88,7.66,
1995-01-06,8.00,7.87,5.90,7.64,
1995-01-09,8.03,7.89,6.00,7.68,
1995-01-10,8.00,7.84,5.91,7.63,
1995-01-11,7.98,7.79,5.79,7.58,
1995-01-12,8.02,7.80,5.78,7.56,
1995-01-13,7.93,7.69,5.72,7.39,
1995-01-16,,,,,
1995-01-17,7.92,7.70,5.89,7.44,
1995-01-18,7.91,7.71,5.87,7.48,
1995-01-19,7.95,7.74,5.87,7.49,
1995-01-20,8.02,7.82,5.91,7.50,
1995-01-23,8.02,7.83,5.97,7.50,
1995-01-24,8.05,7.86,5.98,7.57,
1995-01-25,7.99,7.80,5.94,7.50,
1995-01-26,7.95,7.76,5.94,7.39,
1995-01-27,7.83,7.66,5.92,7.29,
1995-01-30,7.86,7.65,5.96,7.23,
1995-01-31,7.81,7.60,6.00,7.26,
1995-02-01,7.85,7.66,6.07,7.33,
1995-02-02,7.85,7.68,6.02,7.40,
1995-02-03,7.70,7.49,5.96,7.14,
1995-02-06,7.72,7.53,5.98,7.18,
1995-02-07,7.73,7.52,5.98,7.19,
1995-02-08,7.74,7.53,5.94,7.18,
1995-02-09,7.78,7.58,5.95,7.23,
1995-02-10,7.81,7.62,5.97,7.33,
1995-02-13,7.80,7.61,5.98,7.32,
1995-02-14,7.75,7.51,5.96,7.21,
1995-02-15,7.70,7.45,5.94,7.12,
1995-02-16,7.70,7.40,5.85,7.02,
1995-02-17,7.71,7.43,5.86,7.07,
1995-02-20,,,,,
1995-02-21,7.74,7.44,5.92,7.09,
1995-02-22,7.67,7.34,5.85,6.92,
1995-02-23,7.68,7.34,5.88,6.92,
1995-02-24,7.66,7.33,5.88,6.89,
1995-02-27,7.61,7.24,5.92,6.79,
1995-02-28,7.58,7.22,5.94,6.79,
1995-03-01,7.57,7.23,5.94,6.81,
1995-03-02,7.62,7.30,5.93,6.88,
1995-03-03,7.68,7.36,5.91,6.89,
1995-03-06,7.73,7.41,5.94,6.96,
1995-03-07,7.78,7.44,5.96,7.00,
1995-03-08,7.69,7.36,5.95,6.93,
1995-03-09,7.65,7.30,5.91,6.83,
1995-03-10,7.57,7.23,5.96,6.83,
1995-03-13,7.56,7.19,5.94,6.76,
1995-03-14,7.45,7.09,5.93,6.69,
1995-03-15,7.47,7.09,5.92,6.71,
1995-03-16,7.45,7.05,5.92,6.68,
1995-03-17,7.48,7.12,5.92,6.69,
1995-03-20,7.52,7.12,5.93,6.69,
1995-03-21,7.57,7.16,5.92,6.71,
1995-03-22,7.58,7.21,5.91,6.75,
1995-03-23,7.60,7.21,5.89,6.75,
1995-03-24,7.50,7.09,5.85,6.64,
1995-03-27,7.44,7.05,5.82,6.62,
1995-03-28,7.52,7.16,5.89,6.73,
1995-03-29,7.50,7.16,5.84,6.73,
1995-03-30,7.54,7.18,5.88,6.76,
1995-03-31,7.54,7.20,5.88,6.80,
1995-04-03,7.49,7.14,5.94,6.75,
1995-04-04,7.48,7.12,5.91,6.71,
1995-04-05,7.48,7.12,5.88,6.70,
1995-04-06,7.47,7.09,5.85,6.66,
1995-04-07,7.50,7.11,5.86,6.65,
1995-04-10,7.49,7.12,5.85,6.66,
1995-04-11,7.47,7.09,5.84,6.65,
1995-04-12,7.46,7.06,5.82,6.61,
1995-04-13,7.42,7.03,5.75,6.51,
1995-04-14,,,,,
1995-04-17,7.48,7.04,5.80,6.48,
1995-04-18,7.49,7.04,5.79,6.44,
1995-04-19,7.46,7.06,5.80,6.51,
1995-04-20,7.43,7.02,5.77,6.43,
1995-04-21,7.42,7.01,5.79,6.44,
1995-04-24,7.39,7.01,5.83,6.46,
1995-04-25,7.41,7.01,5.85,6.48,
1995-04-26,7.40,7.01,5.85,6.50,
1995-04-27,7.42,7.04,5.87,6.55,
1995-04-28,7.42,7.07,5.87,6.60,
1995-05-01,7.43,7.09,5.91,6.62,
1995-05-02,7.41,7.04,5.89,6.55,
1995-05-03,7.32,6.96,5.84,6.47,
1995-05-04,7.22,6.85,5.78,6.35,
1995-05-05,7.07,6.69,5.74,6.16,
1995-05-08,7.08,6.70,5.81,6.18,
1995-05-09,6.99,6.61,5.81,6.08,
1995-05-10,7.04,6.66,5.82,6.11,
1995-05-11,7.05,6.68,5.84,6.20,
1995-05-12,7.05,6.67,5.87,6.20,
1995-05-15,7.00,6.62,5.88,6.16,
1995-05-16,6.92,6.57,5.87,6.11,
1995-05-17,6.91,6.53,5.86,6.11,
1995-05-18,6.96,6.61,5.87,6.18,
1995-05-19,6.96,6.61,5.87,6.19,
1995-05-22,6.98,6.63,5.91,6.19,
1995-05-23,6.93,6.57,5.91,6.15,
1995-05-24,6.81,6.44,5.87,6.01,
1995-05-25,6.78,6.39,5.84,5.99,
1995-05-26,6.80,6.40,5.84,5.97,
1995-05-29,,,,,
1995-05-30,6.72,6.30,5.81,5.89,
1995-05-31,6.72,6.30,5.81,5.89,
1995-06-01,6.64,6.20,5.67,5.71,
1995-06-02,6.55,6.10,5.58,5.54,
1995-06-05,6.54,6.08,5.68,5.54,
1995-06-06,6.54,6.08,5.69,5.57,
1995-06-07,6.56,6.20,5.74,5.74,
1995-06-08,6.59,6.22,5.76,5.82,
1995-06-09,6.76,6.40,5.77,6.01,
1995-06-12,6.76,6.37,5.73,5.96,
1995-06-13,6.58,6.14,5.61,5.63,
1995-06-14,6.59,6.15,5.61,5.67,
1995-06-15,6.64,6.18,5.65,5.73,
1995-06-16,6.64,6.21,5.66,5.77,
1995-06-19,6.59,6.13,5.63,5.65,
1995-06-20,6.58,6.16,5.65,5.72,
1995-06-21,6.56,6.13,5.60,5.68,
1995-06-22,6.47,6.04,5.54,5.61,
1995-06-23,6.51,6.06,5.54,5.64,
1995-06-26,6.55,6.11,5.52,5.71,
1995-06-27,6.57,6.15,5.59,5.70,
1995-06-28,6.53,6.10,5.57,5.67,
1995-06-29,6.69,6.28,5.67,5.89,
1995-06-30,6.64,6.21,5.60,5.79,
1995-07-03,6.68,6.21,5.68,5.79,
1995-07-04,,,,,
1995-07-05,6.64,6.19,5.68,5.78,
1995-07-06,6.53,6.05,5.53,5.56,
1995-07-07,6.52,6.04,5.54,5.54,
1995-07-10,6.51,6.04,5.53,5.56,
1995-07-11,6.57,6.09,5.56,5.59,
1995-07-12,6.55,6.10,5.55,5.59,
1995-07-13,6.56,6.09,5.55,5.61,
1995-07-14,6.61,6.15,5.59,5.70,
1995-07-17,6.69,6.22,5.63,5.77,
1995-07-18,6.74,6.25,5.61,5.77,
1995-07-19,6.90,6.43,5.58,5.89,
1995-07-20,6.89,6.43,5.60,5.91,
1995-07-21,6.98,6.53,5.61,5.95,
1995-07-24,6.91,6.46,5.61,5.97,
1995-07-25,6.86,6.43,5.62,5.94,
1995-07-26,6.92,6.48,5.63,5.97,
1995-07-27,6.86,6.43,5.58,5.91,
1995-07-28,6.93,6.49,5.58,5.92,
1995-07-31,6.88,6.45,5.60,5.88,
1995-08-01,6.95,6.50,5.61,5.94,
1995-08-02,6.88,6.44,5.59,5.86,
1995-08-03,6.95,6.53,5.59,5.94,
1995-08-04,6.92,6.50,5.58,5.91,
1995-08-07,6.91,6.48,5.57,5.90,
1995-08-08,6.90,6.47,5.55,5.90,
1995-08-09,6.93,6.47,5.56,5.93,
1995-08-10,6.97,6.51,5.57,5.95,
1995-08-11,7.06,6.59,5.59,6.05,
1995-08-14,7.06,6.59,5.60,6.05,
1995-08-15,7.00,6.57,5.62,6.11,
1995-08-16,6.97,6.54,5.60,6.07,
1995-08-17,6.99,6.57,5.61,6.12,
1995-08-18,7.00,6.57,5.61,6.13,
1995-08-21,6.95,6.54,5.62,6.08,
1995-08-22,6.98,6.57,5.63,6.10,
1995-08-23,7.01,6.60,5.60,6.11,
1995-08-24,6.92,6.50,5.52,6.00,
1995-08-25,6.80,6.38,5.50,5.90,
1995-08-28,6.77,6.34,5.48,5.85,
1995-08-29,6.79,6.36,5.50,5.93,
1995-08-30,6.77,6.33,5.46,5.88,
1995-08-31,6.72,6.28,5.45,5.85,
1995-09-01,6.67,6.22,5.45,5.78,
1995-09-04,,,,,
1995-09-05,6.63,6.18,5.49,5.77,
1995-09-06,6.63,6.17,5.48,5.76,
1995-09-07,6.66,6.21,5.50,5.80,
1995-09-08,6.66,6.24,5.52,5.85,
1995-09-11,6.67,6.24,5.50,5.83,
1995-09-12,6.60,6.16,5.47,5.77,
1995-09-13,6.63,6.18,5.47,5.80,
1995-09-14,6.56,6.08,5.44,5.68,
1995-09-15,6.58,6.11,5.46,5.71,
1995-09-18,6.64,6.17,5.41,5.77,
1995-09-19,6.61,6.14,5.36,5.75,
1995-09-20,6.57,6.10,5.34,5.73,
1995-09-21,6.66,6.21,5.40,5.83,
1995-09-22,6.70,6.25,5.35,5.85,
1995-09-25,6.70,6.26,5.33,5.89,
1995-09-26,6.71,6.28,5.45,5.88,
1995-09-27,6.76,6.30,5.42,5.92,
1995-09-28,6.71,6.28,5.44,5.92,
1995-09-29,6.60,6.17,5.40,5.83,
1995-10-02,6.61,6.15,5.53,5.82,
1995-10-03,6.57,6.13,5.51,5.80,
1995-10-04,6.54,6.12,5.47,5.75,
1995-10-05,6.53,6.06,5.44,5.72,
1995-10-06,6.51,6.06,5.47,5.73,
1995-10-09,,,,,
1995-10-10,6.51,6.07,5.47,5.74,
1995-10-11,6.50,6.09,5.47,5.75,
1995-10-12,6.48,6.07,5.46,5.72,
1995-10-13,6.37,5.97,5.45,5.67,
1995-10-16,6.38,5.97,5.49,5.67,
1995-10-17,6.36,5.97,5.43,5.65,
1995-10-18,6.38,5.99,5.41,5.67,
1995-10-19,6.37,5.98,5.41,5.67,
1995-10-20,6.42,6.04,5.43,5.72,
1995-10-23,6.44,6.07,5.38,5.76,
1995-10-24,6.37,6.02,5.38,5.68,
1995-10-25,6.37,6.00,5.39,5.64,
1995-10-26,6.44,6.06,5.38,5.61,
1995-10-27,6.40,6.05,5.41,5.64,
1995-10-30,6.41,6.04,5.47,5.62,
1995-10-31,6.40,6.03,5.48,5.61,
1995-11-01,6.36,5.98,5.48,5.52,
1995-11-02,6.31,5.92,5.47,5.46,
1995-11-03,6.33,5.94,5.47,5.49,
1995-11-06,6.34,5.96,5.52,5.51,
1995-11-07,6.37,5.99,5.53,5.54,
1995-11-08,6.30,5.92,5.52,5.47,
1995-11-09,6.35,5.97,5.55,5.49,
1995-11-10,6.39,6.00,5.58,5.52,
1995-11-13,6.34,5.98,5.59,5.49,
1995-11-14,6.36,5.97,5.55,5.47,
1995-11-15,6.37,6.00,5.56,5.53,
1995-11-16,6.32,5.93,5.52,5.46,
1995-11-17,6.33,5.92,5.51,5.46,
1995-11-20,6.33,5.93,5.50,5.46,
1995-11-21,6.36,5.92,5.52,5.49,
1995-11-22,6.37,5.93,5.52,5.51,
1995-11-23,,,,,
1995-11-24,6.36,5.91,5.48,5.49,
1995-11-27,6.31,5.88,5.50,5.46,
1995-11-28,6.31,5.88,5.53,5.45,
1995-11-29,6.29,5.85,5.50,5.42,
1995-11-30,6.20,5.76,5.48,5.36,
1995-12-01,6.16,5.71,5.45,5.32,
1995-12-04,6.07,5.63,5.46,5.27,
1995-12-05,6.09,5.65,5.47,5.29,
1995-12-06,6.09,5.67,5.48,5.32,
1995-12-07,6.13,5.72,5.50,5.39,
1995-12-08,6.12,5.73,5.50,5.39,
1995-12-11,6.11,5.71,5.45,5.38,
1995-12-12,6.11,5.72,5.41,5.39,
1995-12-13,6.12,5.74,5.42,5.39,
1995-12-14,6.14,5.74,5.42,5.38,
1995-12-15,6.15,5.75,5.35,5.36,
1995-12-18,6.26,5.85,5.32,5.43,
1995-12-19,6.21,5.81,5.24,5.36,
1995-12-20,6.18,5.76,5.15,5.33,
1995-12-21,6.19,5.77,5.05,5.33,
1995-12-22,6.12,5.71,5.04,5.28,
1995-12-25,,,,,
1995-12-26,6.10,5.69,5.05,5.27,
1995-12-27,6.07,5.66,5.04,5.23,
1995-12-28,6.04,5.63,4.98,5.20,
1995-12-29,6.01,5.58,5.10,5.18,
1996-01-01,,,,,
1996-01-02,6.03,5.60,5.20,5.18,
1996-01-03,6.01,5.58,5.20,5.17,
1996-01-04,6.08,5.65,5.19,5.17,
1996-01-05,6.11,5.69,5.19,5.20,
1996-01-08,6.10,5.68,5.18,5.20,
1996-01-09,6.12,5.70,5.18,5.18,
1996-01-10,6.23,5.80,5.19,5.22,
1996-01-11,6.22,5.78,5.19,5.22,
1996-01-12,6.22,5.75,5.18,5.17,
1996-01-15,,,,,
1996-01-16,6.14,5.66,5.14,5.08,
1996-01-17,6.05,5.58,5.14,5.05,
1996-01-18,6.03,5.53,5.11,5.01,
1996-01-19,6.02,5.54,5.10,5.03,
1996-01-22,6.09,5.61,5.14,5.08,
1996-01-23,6.14,5.66,5.12,5.09,
1996-01-24,6.08,5.62,5.12,5.07,
1996-01-25,6.16,5.70,5.12,5.11,
1996-01-26,6.10,5.65,5.11,5.08,
1996-01-29,6.14,5.69,5.17,5.10,
1996-01-30,6.08,5.63,5.14,5.02,
1996-01-31,6.07,5.60,5.05,4.93,
1996-02-01,6.11,5.63,5.03,4.93,
1996-02-02,6.16,5.66,4.99,4.90,
1996-02-05,6.17,5.70,5.00,4.95,
1996-02-06,6.15,5.68,4.98,4.93,
1996-02-07,6.17,5.66,4.94,4.92,
1996-02-08,6.17,5.66,4.92,4.90,
1996-02-09,6.17,5.66,4.93,4.85,
1996-02-12,6.10,5.61,4.93,4.83,
1996-02-13,6.08,5.58,4.93,4.80,
1996-02-14,6.13,5.62,4.94,4.82,
1996-02-15,6.22,5.70,4.92,4.87,
1996-02-16,6.27,5.76,4.89,4.90,
1996-02-19,,,,,
1996-02-20,6.45,6.01,4.99,5.18,
1996-02-21,6.47,5.98,4.96,5.16,
1996-02-22,6.43,5.92,4.95,5.11,
1996-02-23,6.50,5.97,4.97,5.13,
1996-02-26,6.54,6.01,4.98,5.18,
1996-02-27,6.56,6.06,5.01,5.28,
1996-02-28,6.58,6.11,5.01,5.43,
1996-02-29,6.57,6.13,5.02,5.44,
1996-03-01,6.48,5.99,4.98,5.26,
1996-03-04,6.43,5.92,5.02,5.21,
1996-03-05,6.48,5.96,5.02,5.28,
1996-03-06,6.54,6.05,5.03,5.36,
1996-03-07,6.56,6.07,5.03,5.40,
1996-03-08,6.84,6.41,5.01,5.73,
1996-03-11,6.76,6.33,5.09,5.71,
1996-03-12,6.79,6.36,5.09,5.78,
1996-03-13,6.83,6.35,5.09,5.73,
1996-03-14,6.83,6.36,5.11,5.70,
1996-03-15,6.90,6.46,5.14,5.87,
1996-03-18,6.86,6.43,5.17,5.89,
1996-03-19,6.86,6.41,5.19,5.85,
1996-03-20,6.81,6.34,5.16,5.76,
1996-03-21,6.78,6.28,5.07,5.72,
1996-03-22,6.80,6.32,5.10,5.74,
1996-03-25,6.74,6.26,5.13,5.69,
1996-03-26,6.73,6.25,5.13,5.72,
1996-03-27,6.84,6.34,5.17,5.81,
1996-03-28,6.90,6.41,5.19,5.88,
1996-03-29,6.83,6.34,5.13,5.79,
1996-04-01,6.82,6.31,5.20,5.79,
1996-04-02,6.77,6.25,5.16,5.74,
1996-04-03,6.80,6.27,5.15,5.77,
1996-04-04,6.83,6.33,5.11,5.83,
1996-04-05,7.01,6.57,5.15,6.09,
1996-04-08,7.07,6.63,5.16,6.11,
1996-04-09,7.04,6.56,5.10,6.06,
1996-04-10,7.10,6.63,5.08,6.10,
1996-04-11,7.15,6.68,5.08,6.12,
1996-04-12,7.00,6.52,5.07,5.96,
1996-04-15,6.98,6.47,4.97,5.93,
1996-04-16,6.95,6.48,4.95,5.91,
1996-04-17,6.99,6.52,4.96,5.96,
1996-04-18,7.02,6.58,4.98,6.02,
1996-04-19,7.00,6.53,5.01,5.95,
1996-04-22,6.95,6.48,5.09,5.92,
1996-04-23,6.97,6.52,5.10,5.93,
1996-04-24,7.01,6.57,5.13,5.95,
1996-04-25,7.01,6.56,5.09,5.99,
1996-04-26,6.96,6.54,5.11,5.92,
1996-04-29,7.00,6.59,5.14,5.98,
1996-04-30,7.06,6.66,5.14,6.03,
1996-05-01,7.08,6.68,5.11,6.03,
1996-05-02,7.21,6.85,5.13,6.16,
1996-05-03,7.29,6.90,5.14,6.20,
1996-05-06,7.25,6.86,5.14,6.15,
1996-05-07,7.27,6.87,5.14,6.20,
1996-05-08,7.19,6.78,5.13,6.15,
1996-05-09,7.21,6.84,5.13,6.14,
1996-05-10,7.12,6.75,5.13,6.04,
1996-05-13,7.09,6.72,5.16,6.06,
1996-05-14,7.04,6.66,5.14,6.01,
1996-05-15,7.03,6.65,5.13,6.01,
1996-05-16,7.08,6.70,5.15,6.08,
1996-05-17,7.03,6.65,5.15,6.04,
1996-05-20,7.01,6.62,5.17,6.02,
1996-05-21,7.04,6.65,5.18,6.03,
1996-05-22,6.99,6.63,5.18,6.03,
1996-05-23,7.05,6.68,5.18,6.05,
1996-05-24,7.01,6.65,5.18,6.03,
1996-05-27,,,,,
1996-05-28,7.02,6.67,5.17,6.05,
1996-05-29,7.10,6.77,5.18,6.16,
1996-05-30,7.08,6.78,5.18,6.18,
1996-05-31,7.17,6.85,5.18,6.27,
1996-06-03,7.19,6.87,5.23,6.26,
1996-06-04,7.18,6.86,5.20,6.24,
1996-06-05,7.14,6.82,5.22,6.24,
1996-06-06,7.08,6.76,5.21,6.16,
1996-06-07,7.22,6.93,5.26,6.40,
1996-06-10,7.28,6.97,5.29,6.40,
1996-06-11,7.31,6.99,5.27,6.37,
1996-06-12,7.35,7.03,5.26,6.39,
1996-06-13,7.32,7.01,5.24,6.36,
1996-06-14,7.26,6.95,5.21,6.29,
1996-06-17,7.22,6.90,5.19,6.27,
1996-06-18,7.25,6.93,5.21,6.28,
1996-06-19,7.27,6.96,5.23,6.31,
1996-06-20,7.27,6.98,5.26,6.38,
1996-06-21,7.25,6.96,5.26,6.35,
1996-06-24,7.24,6.94,5.23,6.32,
1996-06-25,7.20,6.91,5.24,6.30,
1996-06-26,7.19,6.91,5.24,6.30,
1996-06-27,7.13,6.83,5.20,6.21,
1996-06-28,7.03,6.73,5.18,6.11,
1996-07-01,7.03,6.74,5.27,6.15,
1996-07-02,7.06,6.80,5.32,6.22,
1996-07-03,7.06,6.78,5.24,6.20,
1996-07-04,,,,,
1996-07-05,7.31,7.06,5.31,6.44,
1996-07-08,7.32,7.05,5.35,6.43,
1996-07-09,7.27,7.00,5.34,6.41,
1996-07-10,7.22,6.95,5.29,6.34,
1996-07-11,7.19,6.90,5.26,6.28,
1996-07-12,7.15,6.85,5.28,6.26,
1996-07-15,7.18,6.89,5.32,6.32,
1996-07-16,7.14,6.84,5.27,6.23,
1996-07-17,7.14,6.83,5.26,6.23,
1996-07-18,7.02,6.72,5.25,6.16,
1996-07-19,7.08,6.78,5.28,6.18,
1996-07-22,7.12,6.84,5.30,6.23,
1996-07-23,7.08,6.80,5.30,6.23,
1996-07-24,7.15,6.87,5.31,6.26,
1996-07-25,7.14,6.87,5.29,6.28,
1996-07-26,7.12,6.85,5.29,6.25,
1996-07-29,7.19,6.93,5.37,6.32,
1996-07-30,7.14,6.89,5.34,6.30,
1996-07-31,7.07,6.80,5.32,6.22,
1996-08-01,6.94,6.65,5.25,6.08,
1996-08-02,6.83,6.51,5.21,5.91,
1996-08-05,6.84,6.53,5.20,5.93,
1996-08-06,6.86,6.54,5.19,5.93,
1996-08-07,6.87,6.55,5.18,5.97,
1996-08-08,6.89,6.56,5.15,5.97,
1996-08-09,6.83,6.50,5.15,5.93,
1996-08-12,6.82,6.49,5.18,5.92,
1996-08-13,6.92,6.57,5.17,5.97,
1996-08-14,6.92,6.58,5.16,5.97,
1996-08-15,6.95,6.62,5.19,6.00,
1996-08-16,6.90,6.56,5.18,5.95,
1996-08-19,6.94,6.59,5.20,5.97,
1996-08-20,6.94,6.59,5.18,5.97,
1996-08-21,6.97,6.61,5.14,5.99,
1996-08-22,6.97,6.62,5.14,6.00,
1996-08-23,7.06,6.72,5.15,6.09,
1996-08-26,7.14,6.80,5.21,6.18,
1996-08-27,7.12,6.78,5.20,6.17,
1996-08-28,7.13,6.79,5.20,6.17,
1996-08-29,7.19,6.86,5.24,6.23,
1996-08-30,7.28,6.96,5.29,6.34,
1996-09-02,,,,,
1996-09-03,7.22,6.92,5.32,6.35,
1996-09-04,7.25,6.94,5.32,6.38,
1996-09-05,7.30,6.98,5.34,6.38,
1996-09-06,7.27,6.94,5.33,6.33,
1996-09-09,7.23,6.90,5.29,6.32,
1996-09-10,7.28,6.94,5.29,6.34,
1996-09-11,7.27,6.94,5.31,6.34,
1996-09-12,7.23,6.88,5.28,6.27,
1996-09-13,7.10,6.74,5.21,6.10,
1996-09-16,7.09,6.73,5.20,6.14,
1996-09-17,7.15,6.81,5.31,6.22,
1996-09-18,7.16,6.83,5.28,6.26,
1996-09-19,7.19,6.87,5.25,6.29,
1996-09-20,7.18,6.85,5.29,6.26,
1996-09-23,7.16,6.83,5.31,6.24,
1996-09-24,7.12,6.77,5.17,6.16,
1996-09-25,7.05,6.71,5.07,6.08,
1996-09-26,7.00,6.66,5.00,6.05,
1996-09-27,7.03,6.68,5.04,6.07,
1996-09-30,7.05,6.72,5.14,6.10,
1996-10-01,6.99,6.65,5.10,6.03,
1996-10-02,6.95,6.61,5.03,5.98,
1996-10-03,6.95,6.61,5.04,6.00,
1996-10-04,6.83,6.48,5.01,5.85,
1996-10-07,6.88,6.53,5.11,5.89,
1996-10-08,6.89,6.53,5.12,5.90,
1996-10-09,6.93,6.55,5.12,5.96,
1996-10-10,6.98,6.61,5.15,6.01,
1996-10-11,6.93,6.55,5.13,5.92,
1996-10-14,,,,,
1996-10-15,6.94,6.56,5.17,5.93,
1996-10-16,6.96,6.57,5.14,5.94,
1996-10-17,6.89,6.51,5.12,5.89,
1996-10-18,6.88,6.50,5.12,5.89,
1996-10-21,6.89,6.52,5.14,5.91,
1996-10-22,6.93,6.56,5.16,5.95,
1996-10-23,6.92,6.56,5.13,5.94,
1996-10-24,6.94,6.57,5.14,5.94,
1996-10-25,6.90,6.54,5.14,5.90,
1996-10-28,6.91,6.56,5.19,5.92,
1996-10-29,6.77,6.40,5.14,5.77,
1996-10-30,6.77,6.40,5.14,5.79,
1996-10-31,6.74,6.37,5.17,5.77,
1996-11-01,6.75,6.38,5.17,5.79,
1996-11-04,6.74,6.36,5.19,5.78,
1996-11-05,6.66,6.28,5.17,5.74,
1996-11-06,6.67,6.30,5.17,5.76,
1996-11-07,6.61,6.26,5.16,5.75,
1996-11-08,6.63,6.29,5.18,5.76,
1996-11-11,,,,,
1996-11-12,6.56,6.19,5.18,5.73,
1996-11-13,6.58,6.20,5.17,5.71,
1996-11-14,6.53,6.15,5.17,5.66,
1996-11-15,6.55,6.19,5.16,5.68,
1996-11-18,6.56,6.20,5.18,5.70,
1996-11-19,6.53,6.17,5.17,5.68,
1996-11-20,6.50,6.14,5.17,5.65,
1996-11-21,6.52,6.15,5.18,5.67,
1996-11-22,6.54,6.15,5.18,5.69,
1996-11-25,6.53,6.13,5.18,5.67,
1996-11-26,6.52,6.13,5.16,5.66,
1996-11-27,6.53,6.14,5.15,5.66,
1996-11-28,,,,,
1996-11-29,6.45,6.06,5.13,5.59,
1996-12-02,6.46,6.08,5.08,5.61,
1996-12-03,6.44,6.06,5.05,5.61,
1996-12-04,6.49,6.11,5.03,5.64,
1996-12-05,6.60,6.22,5.04,5.71,
1996-12-06,6.62,6.26,5.03,5.73,
1996-12-09,6.58,6.21,4.96,5.70,
1996-12-10,6.59,6.23,4.96,5.71,
1996-12-11,6.71,6.38,4.96,5.82,
1996-12-12,6.74,6.40,4.97,5.84,
1996-12-13,6.68,6.33,4.92,5.77,
1996-12-16,6.72,6.39,4.97,5.82,
1996-12-17,6.76,6.42,5.00,5.87,
1996-12-18,6.80,6.46,5.03,5.89,
1996-12-19,6.69,6.36,5.01,5.83,
1996-12-20,6.69,6.35,5.02,5.83,
1996-12-23,6.67,6.34,5.10,5.85,
1996-12-24,6.68,6.36,5.09,5.85,
1996-12-25,,,,,
1996-12-26,6.68,6.35,5.10,5.85,
1996-12-27,6.63,6.30,5.11,5.81,
1996-12-30,6.63,6.31,5.21,5.80,
1996-12-31,6.73,6.43,5.21,5.88,
1997-01-01,,,,,
1997-01-02,6.85,6.54,5.19,5.97,
1997-01-03,6.84,6.52,5.17,5.95,
1997-01-06,6.86,6.54,5.17,5.97,
1997-01-07,6.89,6.57,5.16,5.98,
1997-01-08,6.92,6.60,5.16,6.01,
1997-01-09,6.85,6.52,5.13,5.94,
1997-01-10,6.94,6.63,5.17,6.06,
1997-01-13,6.95,6.63,5.08,6.07,
1997-01-14,6.86,6.53,5.19,5.98,
1997-01-15,6.87,6.53,5.16,5.98,
1997-01-16,6.91,6.57,5.16,6.00,
1997-01-17,6.90,6.56,5.14,6.00,
1997-01-20,,,,,
1997-01-21,6.86,6.52,5.18,5.99,
1997-01-22,6.90,6.56,5.18,6.00,
1997-01-23,6.93,6.60,5.18,6.06,
1997-01-24,6.97,6.64,5.16,6.07,
1997-01-27,7.01,6.69,5.21,6.11,
1997-01-28,6.98,6.64,5.18,6.04,
1997-01-29,6.97,6.63,5.18,6.04,
1997-01-30,6.95,6.61,5.18,6.01,
1997-01-31,6.86,6.53,5.15,5.94,
1997-02-03,6.81,6.47,5.12,5.89,
1997-02-04,6.78,6.45,5.10,5.88,
1997-02-05,6.81,6.47,5.13,5.91,
1997-02-06,6.83,6.49,5.14,5.91,
1997-02-07,6.78,6.43,5.14,5.86,
1997-02-10,6.77,6.43,5.17,5.87,
1997-02-11,6.77,6.43,5.14,5.88,
1997-02-12,6.78,6.39,5.16,5.90,
1997-02-13,6.69,6.32,5.13,5.83,
1997-02-14,6.64,6.28,5.10,5.79,
1997-02-17,,,,,
1997-02-18,6.65,6.28,5.12,5.80,
1997-02-19,6.67,6.30,5.11,5.82,
1997-02-20,6.74,6.38,5.10,5.85,
1997-02-21,6.74,6.36,5.09,5.85,
1997-02-24,6.76,6.39,5.16,5.89,
1997-02-25,6.76,6.40,5.13,5.90,
1997-02-26,6.90,6.56,5.22,6.06,
1997-02-27,6.92,6.58,5.22,6.09,
1997-02-28,6.91,6.56,5.22,6.09,
1997-03-03,6.94,6.58,5.24,6.11,
1997-03-04,6.97,6.60,5.25,6.11,
1997-03-05,6.96,6.60,5.21,6.13,
1997-03-06,6.99,6.62,5.23,6.15,
1997-03-07,6.93,6.57,5.22,6.10,
1997-03-10,6.94,6.56,5.20,6.10,
1997-03-11,6.96,6.57,5.18,6.09,
1997-03-12,6.98,6.60,5.21,6.12,
1997-03-13,7.09,6.72,5.26,6.21,
1997-03-14,7.07,6.71,5.24,6.18,
1997-03-17,7.08,6.72,5.25,6.22,
1997-03-18,7.08,6.72,5.25,6.22,
1997-03-19,7.10,6.74,5.29,6.24,
1997-03-20,7.09,6.75,5.34,6.27,
1997-03-21,7.08,6.74,5.41,6.29,
1997-03-24,7.06,6.72,5.40,6.29,
1997-03-25,7.07,6.75,5.44,6.33,
1997-03-26,7.11,6.80,5.35,6.38,
1997-03-27,7.20,6.90,5.37,6.45,
1997-03-28,,,,,
1997-03-31,7.22,6.92,5.35,6.45,
1997-04-01,7.21,6.90,5.32,6.42,
1997-04-02,7.20,6.88,5.30,6.42,
1997-04-03,7.19,6.86,5.27,6.40,
1997-04-04,7.25,6.92,5.29,6.44,
1997-04-07,7.20,6.87,5.26,6.41,
1997-04-08,7.23,6.91,5.25,6.44,
1997-04-09,7.22,6.91,5.24,6.44,
1997-04-10,7.22,6.91,5.29,6.46,
1997-04-11,7.29,6.98,5.31,6.53,
1997-04-14,7.29,6.98,5.30,6.54,
1997-04-15,7.21,6.88,5.31,6.45,
1997-04-16,7.22,6.90,5.29,6.49,
1997-04-17,7.18,6.86,5.29,6.44,
1997-04-18,7.17,6.84,5.29,6.42,
1997-04-21,7.20,6.87,5.36,6.46,
1997-04-22,7.16,6.84,5.36,6.43,
1997-04-23,7.20,6.89,5.37,6.47,
1997-04-24,7.23,6.93,5.32,6.52,
1997-04-25,7.25,6.94,5.31,6.54,
1997-04-28,7.23,6.92,5.35,6.51,
1997-04-29,7.09,6.77,5.34,6.34,
1997-04-30,7.05,6.72,5.28,6.29,
1997-05-01,7.02,6.69,5.24,6.27,
1997-05-02,6.99,6.68,5.24,6.26,
1997-05-05,6.99,6.67,5.22,6.28,
1997-05-06,6.98,6.67,5.21,6.29,
1997-05-07,7.05,6.76,5.22,6.36,
1997-05-08,7.01,6.72,5.21,6.33,
1997-05-09,6.97,6.67,5.19,6.24,
1997-05-12,6.96,6.65,5.24,6.23,
1997-05-13,7.01,6.71,5.24,6.30,
1997-05-14,6.98,6.68,5.19,6.26,
1997-05-15,6.96,6.67,5.13,6.25,
1997-05-16,7.00,6.70,5.20,6.28,
1997-05-19,7.00,6.71,5.38,6.28,
1997-05-20,7.01,6.70,5.39,6.25,
1997-05-21,7.06,6.74,5.12,6.25,
1997-05-22,7.08,6.76,5.18,6.27,
1997-05-23,7.07,6.74,5.18,6.25,
1997-05-26,,,,,
1997-05-27,7.12,6.79,5.18,6.30,
1997-05-28,7.11,6.80,5.18,6.34,
1997-05-29,7.06,6.75,5.03,6.30,
1997-05-30,6.99,6.67,4.96,6.22,
1997-06-02,6.98,6.66,5.07,6.23,
1997-06-03,6.94,6.63,5.05,6.20,
1997-06-04,6.95,6.62,5.09,6.20,
1997-06-05,6.95,6.62,5.11,6.20,
1997-06-06,6.85,6.51,5.07,6.12,
1997-06-09,6.90,6.55,5.06,6.15,
1997-06-10,6.91,6.57,5.05,6.17,
1997-06-11,6.90,6.56,4.98,6.19,
1997-06-12,6.84,6.48,4.97,6.07,
1997-06-13,6.79,6.43,5.00,6.03,
1997-06-16,6.76,6.40,5.03,6.02,
1997-06-17,6.78,6.43,5.05,6.05,
1997-06-18,6.77,6.40,5.03,6.02,
1997-06-19,6.76,6.40,5.08,6.04,
1997-06-20,6.72,6.37,5.08,6.02,
1997-06-23,6.76,6.40,5.06,6.04,
1997-06-24,6.76,6.42,5.07,6.03,
1997-06-25,6.80,6.45,5.07,6.05,
1997-06-26,6.86,6.50,5.17,6.05,
1997-06-27,6.82,6.46,5.15,6.03,
1997-06-30,6.86,6.51,5.25,6.08,
1997-07-01,6.80,6.45,5.18,6.02,
1997-07-02,6.78,6.42,5.20,6.02,
1997-07-03,6.67,6.31,5.14,5.93,
1997-07-04,,,,,
1997-07-07,6.63,6.27,5.12,5.92,
1997-07-08,6.63,6.27,5.12,5.92,
1997-07-09,6.60,6.25,5.11,5.90,
1997-07-10,6.61,6.26,5.15,5.91,
1997-07-11,6.58,6.23,5.14,5.89,
1997-07-14,6.61,6.26,5.22,5.94,
1997-07-15,6.60,6.26,5.22,5.92,
1997-07-16,6.54,6.20,5.17,5.87,
1997-07-17,6.54,6.19,5.18,5.87,
1997-07-18,6.58,6.24,5.24,5.91,
1997-07-21,6.61,6.27,5.27,5.94,
1997-07-22,6.50,6.15,5.18,5.90,
1997-07-23,6.48,6.14,5.20,5.85,
1997-07-24,6.49,6.16,5.23,5.87,
1997-07-25,6.51,6.18,5.24,5.87,
1997-07-28,6.49,6.16,5.24,5.86,
1997-07-29,6.43,6.11,5.24,5.79,
1997-07-30,6.39,6.05,5.24,5.76,
1997-07-31,6.35,6.02,5.25,5.74,
1997-08-01,6.52,6.20,5.28,5.89,
1997-08-04,6.54,6.23,5.29,5.91,
1997-08-05,6.55,6.23,5.29,5.93,
1997-08-06,6.53,6.21,5.29,5.91,
1997-08-07,6.58,6.24,5.30,5.93,
1997-08-08,6.74,6.38,5.29,6.02,
1997-08-11,6.72,6.36,5.31,5.99,
1997-08-12,6.75,6.39,5.31,6.00,
1997-08-13,6.72,6.36,5.32,5.95,
1997-08-14,6.65,6.27,5.34,5.92,
1997-08-15,6.65,6.27,5.29,5.87,
1997-08-18,6.60,6.21,5.23,5.82,
1997-08-19,6.59,6.21,5.25,5.85,
1997-08-20,6.61,6.24,5.24,5.88,
1997-08-21,6.68,6.30,5.27,5.95,
1997-08-22,6.75,6.38,5.25,5.98,
1997-08-25,6.75,6.39,5.28,6.01,
1997-08-26,6.74,6.38,5.28,5.99,
1997-08-27,6.74,6.38,5.28,6.01,
1997-08-28,6.64,6.30,5.24,5.94,
1997-08-29,6.69,6.34,5.24,5.97,
1997-09-01,,,,,
1997-09-02,6.65,6.31,5.21,5.94,
1997-09-03,6.67,6.33,5.14,5.96,
1997-09-04,6.67,6.33,5.14,5.98,
1997-09-05,6.72,6.37,5.17,5.98,
1997-09-08,6.68,6.33,5.16,5.98,
1997-09-09,6.70,6.34,5.16,5.98,
1997-09-10,6.71,6.37,5.11,6.00,
1997-09-11,6.75,6.39,5.13,6.00,
1997-09-12,6.66,6.29,5.10,5.93,
1997-09-15,6.65,6.28,5.08,5.93,
1997-09-16,6.47,6.11,5.09,5.81,
1997-09-17,6.45,6.10,5.10,5.79,
1997-09-18,6.46,6.11,5.10,5.81,
1997-09-19,6.44,6.09,5.06,5.81,
1997-09-22,6.41,6.06,5.02,5.79,
1997-09-23,6.44,6.10,5.02,5.80,
1997-09-24,6.38,6.04,4.94,5.78,
1997-09-25,6.47,6.13,4.93,5.85,
1997-09-26,6.43,6.08,4.99,5.80,
1997-09-29,6.44,6.10,5.07,5.80,
1997-09-30,6.47,6.12,5.06,5.80,
1997-10-01,6.38,6.04,5.10,5.75,
1997-10-02,6.36,6.01,5.07,5.73,
1997-10-03,6.35,6.01,5.03,5.72,
1997-10-06,6.31,5.96,5.08,5.68,
1997-10-07,6.29,5.94,5.06,5.67,
1997-10-08,6.41,6.08,5.09,5.79,
1997-10-09,6.43,6.09,5.14,5.80,
1997-10-10,6.49,6.15,5.14,5.86,
1997-10-13,,,,,
1997-10-14,6.42,6.07,5.08,5.81,
1997-10-15,6.45,6.10,5.06,5.84,
1997-10-16,6.45,6.09,5.07,5.84,
1997-10-17,6.51,6.17,5.06,5.91,
1997-10-20,6.49,6.15,5.09,5.90,
1997-10-21,6.49,6.14,5.07,5.92,
1997-10-22,6.48,6.12,5.16,5.91,
1997-10-23,6.39,6.04,5.13,5.79,
1997-10-24,6.35,6.01,5.15,5.79,
1997-10-27,6.29,5.91,5.08,5.62,
1997-10-28,6.33,5.98,5.25,5.74,
1997-10-29,6.28,5.91,5.19,5.67,
1997-10-30,6.23,5.84,5.17,5.61,
1997-10-31,6.21,5.84,5.21,5.63,
1997-11-03,6.27,5.91,5.26,5.69,
1997-11-04,6.30,5.95,5.25,5.73,
1997-11-05,6.30,5.95,5.27,5.73,
1997-11-06,6.25,5.90,5.31,5.70,
1997-11-07,6.25,5.90,5.31,5.71,
1997-11-10,6.25,5.91,5.32,5.73,
1997-11-11,,,,,
1997-11-12,6.23,5.89,5.30,5.70,
1997-11-13,6.21,5.87,5.27,5.70,
1997-11-14,6.19,5.86,5.27,5.70,
1997-11-17,6.18,5.85,5.31,5.70,
1997-11-18,6.18,5.85,5.31,5.71,
1997-11-19,6.12,5.82,5.28,5.70,
1997-11-20,6.14,5.84,5.28,5.73,
1997-11-21,6.13,5.82,5.25,5.68,
1997-11-24,6.17,5.86,5.29,5.71,
1997-11-25,6.15,5.85,5.30,5.71,
1997-11-26,6.14,5.86,5.26,5.74,
1997-11-27,,,,,
1997-11-28,6.12,5.86,5.22,5.76,
1997-12-01,6.13,5.86,5.27,5.78,
1997-12-02,6.11,5.86,5.26,5.78,
1997-12-03,6.10,5.83,5.26,5.74,
1997-12-04,6.11,5.84,5.27,5.71,
1997-12-05,6.16,5.92,5.30,5.80,
1997-12-08,6.21,5.96,5.29,5.85,
1997-12-09,6.21,5.95,5.27,5.81,
1997-12-10,6.17,5.90,5.21,5.75,
1997-12-11,6.11,5.82,5.20,5.68,
1997-12-12,6.03,5.74,5.18,5.63,
1997-12-15,6.06,5.78,5.23,5.68,
1997-12-16,6.05,5.77,5.23,5.68,
1997-12-17,6.08,5.81,5.25,5.70,
1997-12-18,6.03,5.76,5.24,5.68,
1997-12-19,6.00,5.72,5.33,5.66,
1997-12-22,5.97,5.72,5.46,5.69,
1997-12-23,5.98,5.73,5.46,5.69,
1997-12-24,6.00,5.76,5.38,5.67,
1997-12-25,,,,,
1997-12-26,5.99,5.75,5.35,5.69,
1997-12-29,6.01,5.76,5.45,5.69,
1997-12-30,6.06,5.80,5.45,5.71,
1997-12-31,6.02,5.75,5.36,5.66,
1998-01-01,,,,,
1998-01-02,5.94,5.67,5.32,5.59,
1998-01-05,5.82,5.52,5.23,5.47,
1998-01-06,5.80,5.49,5.22,5.39,
1998-01-07,5.88,5.55,5.23,5.42,
1998-01-08,5.82,5.49,5.13,5.31,
1998-01-09,5.77,5.40,5.05,5.17,
1998-01-12,5.76,5.39,5.12,5.20,
1998-01-13,5.76,5.41,5.17,5.25,
1998-01-14,5.79,5.45,5.18,5.29,
1998-01-15,5.81,5.48,5.13,5.29,
1998-01-16,5.87,5.54,5.15,5.35,
1998-01-19,,,,,
1998-01-20,5.89,5.57,5.14,5.37,
1998-01-21,5.87,5.54,5.13,5.33,
1998-01-22,5.91,5.56,5.13,5.30,
1998-01-23,6.04,5.70,5.17,5.42,
1998-01-26,5.96,5.63,5.22,5.39,
1998-01-27,6.02,5.70,5.24,5.46,
1998-01-28,6.02,5.69,5.23,5.46,
1998-01-29,5.92,5.58,5.20,5.36,
1998-01-30,5.88,5.53,5.19,5.32,
1998-02-02,5.93,5.57,5.26,5.36,
1998-02-03,5.93,5.56,5.26,5.34,
1998-02-04,5.94,5.57,5.11,5.32,
1998-02-05,6.00,5.62,5.14,5.36,
1998-02-06,5.99,5.62,5.17,5.38,
1998-02-09,6.02,5.65,5.22,5.41,
1998-02-10,6.00,5.64,5.21,5.41,
1998-02-11,5.92,5.53,5.22,5.39,
1998-02-12,5.94,5.52,5.22,5.39,
1998-02-13,5.92,5.49,5.22,5.36,
1998-02-16,,,,,
1998-02-17,5.86,5.44,5.20,5.34,
1998-02-18,5.90,5.49,5.20,5.37,
1998-02-19,5.91,5.51,5.21,5.39,
1998-02-20,5.93,5.54,5.21,5.41,
1998-02-23,5.97,5.58,5.28,5.46,
1998-02-24,6.04,5.69,5.27,5.57,
1998-02-25,5.99,5.63,5.31,5.55,
1998-02-26,6.01,5.65,5.34,5.58,
1998-02-27,5.99,5.62,5.32,5.55,
1998-03-02,6.09,5.72,5.26,5.60,
1998-03-03,6.14,5.77,5.23,5.64,
1998-03-04,6.11,5.76,5.19,5.63,
1998-03-05,6.14,5.78,5.18,5.62,
1998-03-06,6.09,5.73,5.15,5.58,
1998-03-09,6.04,5.67,5.11,5.57,
1998-03-10,6.03,5.67,5.09,5.55,
1998-03-11,6.00,5.63,5.09,5.53,
1998-03-12,5.94,5.56,5.08,5.50,
1998-03-13,5.95,5.58,5.09,5.50,
1998-03-16,5.92,5.54,5.12,5.47,
1998-03-17,5.95,5.56,5.14,5.50,
1998-03-18,5.97,5.58,5.17,5.52,
1998-03-19,5.97,5.58,5.18,5.52,
1998-03-20,5.95,5.57,5.19,5.52,
1998-03-23,5.95,5.57,5.17,5.52,
1998-03-24,5.95,5.58,5.17,5.50,
1998-03-25,6.00,5.64,5.18,5.58,
1998-03-26,6.02,5.68,5.22,5.62,
1998-03-27,6.03,5.68,5.21,5.63,
1998-03-30,6.06,5.72,5.18,5.65,
1998-03-31,6.02,5.67,5.16,5.60,
1998-04-01,5.98,5.62,5.12,5.55,
1998-04-02,5.92,5.56,5.10,5.52,
1998-04-03,5.85,5.47,5.08,5.42,
1998-04-06,5.89,5.51,5.10,5.45,
1998-04-07,5.91,5.53,5.07,5.45,
1998-04-08,5.96,5.58,5.06,5.49,
1998-04-09,5.95,5.59,5.07,5.50,
1998-04-10,,,,,
1998-04-13,6.01,5.66,5.19,5.59,
1998-04-14,5.98,5.63,5.16,5.57,
1998-04-15,5.96,5.60,5.08,5.55,
1998-04-16,5.94,5.59,5.04,5.53,
1998-04-17,5.95,5.59,5.05,5.54,
1998-04-20,6.00,5.65,5.08,5.57,
1998-04-21,6.03,5.68,5.07,5.60,
1998-04-22,6.04,5.68,5.09,5.60,
1998-04-23,6.05,5.69,5.09,5.61,
1998-04-24,6.02,5.67,5.08,5.61,
1998-04-27,6.15,5.80,5.08,5.71,
1998-04-28,6.15,5.80,5.06,5.69,
1998-04-29,6.15,5.81,5.07,5.71,
1998-04-30,6.04,5.68,5.00,5.59,
1998-05-01,6.02,5.67,5.02,5.59,
1998-05-04,6.02,5.67,5.10,5.59,
1998-05-05,6.05,5.70,5.11,5.61,
1998-05-06,6.02,5.67,5.11,5.56,
1998-05-07,6.02,5.67,5.12,5.56,
1998-05-08,6.05,5.71,5.14,5.61,
1998-05-11,6.12,5.79,5.14,5.66,
1998-05-12,6.04,5.70,5.12,5.59,
1998-05-13,6.02,5.64,5.12,5.59,
1998-05-14,6.05,5.67,5.18,5.63,
1998-05-15,6.05,5.68,5.18,5.63,
1998-05-18,5.99,5.64,5.20,5.59,
1998-05-19,6.02,5.65,5.23,5.59,
1998-05-20,5.98,5.61,5.21,5.57,
1998-05-21,6.01,5.65,5.24,5.63,
1998-05-22,5.99,5.64,5.22,5.63,
1998-05-25,,,,,
1998-05-26,5.94,5.59,5.17,5.61,
1998-05-27,5.93,5.56,5.09,5.53,
1998-05-28,5.93,5.58,5.07,5.57,
1998-05-29,5.90,5.56,5.03,5.53,
1998-06-01,5.87,5.53,5.08,5.52,
1998-06-02,5.89,5.56,5.08,5.53,
1998-06-03,5.89,5.57,5.13,5.55,
1998-06-04,5.91,5.59,5.12,5.58,
1998-06-05,5.89,5.58,5.12,5.58,
1998-06-08,5.89,5.58,5.16,5.58,
1998-06-09,5.89,5.59,5.17,5.60,
1998-06-10,5.80,5.51,5.14,5.55,
1998-06-11,5.74,5.44,5.11,5.45,
1998-06-12,5.75,5.43,5.13,5.43,
1998-06-15,5.70,5.38,5.16,5.43,
1998-06-16,5.75,5.45,5.20,5.50,
1998-06-17,5.84,5.54,5.23,5.55,
1998-06-18,5.80,5.50,5.19,5.53,
1998-06-19,5.78,5.47,5.17,5.52,
1998-06-22,5.77,5.46,5.11,5.52,
1998-06-23,5.74,5.45,5.10,5.49,
1998-06-24,5.76,5.46,5.04,5.49,
1998-06-25,5.76,5.46,5.02,5.53,
1998-06-26,5.74,5.46,5.01,5.51,
1998-06-29,5.75,5.47,5.16,5.51,
1998-06-30,5.73,5.44,5.10,5.49,
1998-07-01,5.73,5.44,5.09,5.46,
1998-07-02,5.70,5.42,5.07,5.44,
1998-07-03,,,,,
1998-07-06,5.68,5.39,5.09,5.43,
1998-07-07,5.70,5.42,5.08,5.44,
1998-07-08,5.73,5.43,5.09,5.44,
1998-07-09,5.71,5.41,5.07,5.43,
1998-07-10,5.73,5.42,5.06,5.41,
1998-07-13,5.80,5.46,5.13,5.44,
1998-07-14,5.82,5.49,5.16,5.46,
1998-07-15,5.82,5.48,5.14,5.46,
1998-07-16,5.83,5.50,5.17,5.46,
1998-07-17,5.85,5.51,5.14,5.46,
1998-07-20,5.83,5.48,5.09,5.46,
1998-07-21,5.78,5.45,5.09,5.46,
1998-07-22,5.79,5.46,5.07,5.48,
1998-07-23,5.77,5.45,5.09,5.46,
1998-07-24,5.79,5.45,5.08,5.48,
1998-07-27,5.81,5.47,5.06,5.48,
1998-07-28,5.84,5.50,5.07,5.46,
1998-07-29,5.87,5.52,5.07,5.49,
1998-07-30,5.82,5.50,5.07,5.49,
1998-07-31,5.81,5.50,5.10,5.49,
1998-08-03,5.75,5.46,5.13,5.46,
1998-08-04,5.74,5.43,5.10,5.43,
1998-08-05,5.74,5.43,5.08,5.39,
1998-08-06,5.76,5.44,5.03,5.39,
1998-08-07,5.72,5.40,4.99,5.34,
1998-08-10,5.71,5.41,5.07,5.34,
1998-08-11,5.68,5.37,5.03,5.31,
1998-08-12,5.70,5.40,5.02,5.32,
1998-08-13,5.73,5.44,5.04,5.37,
1998-08-14,5.67,5.40,5.03,5.34,
1998-08-17,5.69,5.40,5.07,5.34,
1998-08-18,5.70,5.41,5.06,5.36,
1998-08-19,5.71,5.42,5.07,5.34,
1998-08-20,5.66,5.38,5.04,5.32,
1998-08-21,5.62,5.32,5.01,5.25,
1998-08-24,5.62,5.30,5.08,5.22,
1998-08-25,5.59,5.25,5.09,5.18,
1998-08-26,5.58,5.26,5.06,5.12,
1998-08-27,5.53,5.12,4.99,4.98,
1998-08-28,5.51,5.09,4.91,4.93,
1998-08-31,5.45,5.05,4.96,4.91,
1998-09-01,5.49,5.05,4.92,4.86,
1998-09-02,5.50,5.10,4.91,4.96,
1998-09-03,5.46,5.03,4.83,4.91,
1998-09-04,5.44,5.02,4.86,4.91,
1998-09-07,,,,,
1998-09-08,5.50,5.04,4.94,4.91,
1998-09-09,5.43,4.95,4.88,4.79,
1998-09-10,5.33,4.76,4.78,4.57,
1998-09-11,5.37,4.85,4.87,4.68,
1998-09-14,5.39,4.87,4.83,4.72,
1998-09-15,5.41,4.90,4.79,4.73,
1998-09-16,5.38,4.88,4.74,4.75,
1998-09-17,5.37,4.80,4.70,4.70,
1998-09-18,5.35,4.70,4.63,4.61,
1998-09-21,5.35,4.69,4.82,4.63,
1998-09-22,5.36,4.73,4.81,4.66,
1998-09-23,5.34,4.69,4.67,4.52,
1998-09-24,5.34,4.64,4.55,4.43,
1998-09-25,5.30,4.60,4.52,4.43,
1998-09-28,5.33,4.61,4.56,4.45,
1998-09-29,5.29,4.59,4.54,4.47,
1998-09-30,5.17,4.44,4.37,4.30,
1998-10-01,5.09,4.33,4.23,4.17,
1998-10-02,5.05,4.31,4.22,4.17,
1998-10-05,4.93,4.16,4.23,4.04,
1998-10-06,5.00,4.24,4.18,4.10,
1998-10-07,5.09,4.34,4.15,4.12,
1998-10-08,5.29,4.56,3.89,4.10,
1998-10-09,5.50,4.77,3.88,4.19,
1998-10-12,,,,,
1998-10-13,5.49,4.73,3.99,4.13,
1998-10-14,5.38,4.58,4.02,4.08,
1998-10-15,5.40,4.58,4.15,4.13,
1998-10-16,5.30,4.44,3.65,3.86,
1998-10-19,5.32,4.47,3.94,3.90,
1998-10-20,5.42,4.57,3.95,3.98,
1998-10-21,5.41,4.59,4.00,4.12,
1998-10-22,5.46,4.62,3.98,4.16,
1998-10-23,5.47,4.70,3.97,4.20,
1998-10-26,5.38,4.73,4.06,4.23,
1998-10-27,5.33,4.63,4.06,4.12,
1998-10-28,5.34,4.60,4.28,4.01,
1998-10-29,5.31,4.54,4.32,4.00,
1998-10-30,5.38,4.64,4.33,4.12,
1998-11-02,5.49,4.77,4.54,4.26,
1998-11-03,5.46,4.78,4.50,4.25,
1998-11-04,5.56,4.83,4.56,4.43,
1998-11-05,5.55,4.82,4.58,4.47,
1998-11-06,5.63,4.93,4.64,4.59,
1998-11-09,5.51,4.88,4.58,4.57,
1998-11-10,5.48,4.81,4.54,4.50,
1998-11-11,,,,,
1998-11-12,5.46,4.77,4.48,4.47,
1998-11-13,5.46,4.82,4.47,4.54,
1998-11-16,5.47,4.85,4.52,4.56,
1998-11-17,5.51,4.87,4.42,4.58,
1998-11-18,5.44,4.85,4.44,4.63,
1998-11-19,5.45,4.85,4.46,4.66,
1998-11-20,5.44,4.82,4.46,4.66,
1998-11-23,5.49,4.84,4.59,4.63,
1998-11-24,5.47,4.85,4.62,4.64,
1998-11-25,5.45,4.83,4.57,4.66,
1998-11-26,,,,,
1998-11-27,5.42,4.81,4.55,4.62,
1998-11-30,5.33,4.74,4.57,4.54,
1998-12-01,5.32,4.67,4.49,4.44,
1998-12-02,5.28,4.59,4.48,4.36,
1998-12-03,5.29,4.58,4.45,4.36,
1998-12-04,5.34,4.62,4.48,4.46,
1998-12-07,5.36,4.69,4.46,4.54,
1998-12-08,5.29,4.60,4.43,4.46,
1998-12-09,5.25,4.56,4.43,4.42,
1998-12-10,5.24,4.53,4.48,4.39,
1998-12-11,5.31,4.61,4.50,4.46,
1998-12-14,5.30,4.58,4.49,4.42,
1998-12-15,5.34,4.62,4.49,4.47,
1998-12-16,5.33,4.58,4.46,4.40,
1998-12-17,5.32,4.58,4.46,4.42,
1998-12-18,5.32,4.58,4.49,4.45,
1998-12-21,5.38,4.64,4.51,4.56,
1998-12-22,5.45,4.70,4.50,4.59,
1998-12-23,5.51,4.81,4.58,4.73,
1998-12-24,5.55,4.86,4.57,4.78,
1998-12-25,,,,,
1998-12-28,5.47,4.78,4.56,4.73,
1998-12-29,5.41,4.71,4.59,4.60,
1998-12-30,5.40,4.65,4.55,4.56,
1998-12-31,5.39,4.65,4.48,4.54,
1999-01-01,,,,,
1999-01-04,5.42,4.69,4.49,4.58,
1999-01-05,5.48,4.74,4.48,4.64,
1999-01-06,5.42,4.73,4.47,4.62,
1999-01-07,5.48,4.77,4.44,4.63,
1999-01-08,5.57,4.86,4.48,4.71,
1999-01-11,5.61,4.90,4.51,4.74,
1999-01-12,5.55,4.82,4.48,4.68,
1999-01-13,5.49,4.74,4.45,4.61,
1999-01-14,5.39,4.63,4.44,4.47,
1999-01-15,5.43,4.66,4.44,4.56,
1999-01-18,,,,,
1999-01-19,5.46,4.71,4.41,4.62,
1999-01-20,5.48,4.76,4.37,4.66,
1999-01-21,5.43,4.70,4.32,4.63,
1999-01-22,5.38,4.64,4.36,4.59,
1999-01-25,5.40,4.67,4.44,4.59,
1999-01-26,5.41,4.69,4.46,4.63,
1999-01-27,5.40,4.68,4.47,4.57,
1999-01-28,5.37,4.67,4.49,4.58,
1999-01-29,5.35,4.66,4.48,4.58,
1999-02-01,5.45,4.75,4.53,4.65,
1999-02-02,5.51,4.79,4.53,4.70,
1999-02-03,5.52,4.83,4.48,4.72,
1999-02-04,5.57,4.89,4.49,4.77,
1999-02-05,5.61,4.94,4.50,4.80,
1999-02-08,5.61,4.94,4.54,4.80,
1999-02-09,5.58,4.91,4.53,4.79,
1999-02-10,5.58,4.90,4.48,4.77,
1999-02-11,5.58,4.93,4.50,4.80,
1999-02-12,5.76,5.06,4.54,4.91,
1999-02-15,,,,,
1999-02-16,5.69,5.03,4.56,4.93,
1999-02-17,5.65,4.98,4.52,4.89,
1999-02-18,5.70,5.04,4.53,4.93,
1999-02-19,5.71,5.07,4.56,4.95,
1999-02-22,5.67,5.03,4.65,4.91,
1999-02-23,5.74,5.10,4.66,5.00,
1999-02-24,5.82,5.18,4.67,5.05,
1999-02-25,5.90,5.32,4.62,5.15,
1999-02-26,5.85,5.29,4.66,5.13,
1999-03-01,5.94,5.40,4.71,5.20,
1999-03-02,5.88,5.35,4.66,5.18,
1999-03-03,5.95,5.39,4.62,5.19,
1999-03-04,5.97,5.41,4.62,5.20,
1999-03-05,5.91,5.34,4.63,5.14,
1999-03-08,5.90,5.29,4.64,5.12,
1999-03-09,5.84,5.18,4.60,5.02,
1999-03-10,5.86,5.20,4.60,5.04,
1999-03-11,5.87,5.21,4.62,5.05,
1999-03-12,5.82,5.16,4.60,5.00,
1999-03-15,5.79,5.15,4.61,4.99,
1999-03-16,5.75,5.11,4.55,4.97,
1999-03-17,5.78,5.14,4.53,5.01,
1999-03-18,5.77,5.11,4.51,4.99,
1999-03-19,5.82,5.17,4.51,5.04,
1999-03-22,5.87,5.21,4.52,5.08,
1999-03-23,5.87,5.20,4.50,5.03,
1999-03-24,5.84,5.17,4.50,4.98,
1999-03-25,5.88,5.21,4.51,5.02,
1999-03-26,5.90,5.21,4.51,4.99,
1999-03-29,5.94,5.28,4.51,5.02,
1999-03-30,5.89,5.21,4.48,4.97,
1999-03-31,5.92,5.25,4.49,4.99,
1999-04-01,5.96,5.27,4.44,5.01,
1999-04-02,5.88,5.20,4.43,4.96,
1999-04-05,5.88,5.20,4.40,4.96,
1999-04-06,5.80,5.13,4.42,4.93,
1999-04-07,5.80,5.14,4.42,4.93,
1999-04-08,5.71,5.03,4.40,4.86,
1999-04-09,5.73,5.05,4.42,4.88,
1999-04-12,5.72,5.06,4.32,4.93,
1999-04-13,5.77,5.12,4.32,4.94,
1999-04-14,5.77,5.13,4.30,4.95,
1999-04-15,5.80,5.18,4.32,4.97,
1999-04-16,5.85,5.23,4.34,5.02,
1999-04-19,5.81,5.18,4.36,4.99,
1999-04-20,5.79,5.16,4.38,4.95,
1999-04-21,5.80,5.17,4.36,4.99,
1999-04-22,5.89,5.25,4.40,5.05,
1999-04-23,5.87,5.26,4.43,5.04,
1999-04-26,5.84,5.23,4.47,5.04,
1999-04-27,5.82,5.22,4.50,5.04,
1999-04-28,5.84,5.27,4.51,5.02,
1999-04-29,5.79,5.22,4.51,4.95,
1999-04-30,5.94,5.36,4.55,5.08,
1999-05-03,5.93,5.38,4.62,5.08,
1999-05-04,6.00,5.42,4.63,5.12,
1999-05-05,5.97,5.40,4.61,5.09,
1999-05-06,6.07,5.52,4.62,5.19,
1999-05-07,6.10,5.54,4.62,5.19,
1999-05-10,6.07,5.54,4.60,5.15,
1999-05-11,6.11,5.59,4.62,5.19,
1999-05-12,6.09,5.51,4.60,5.19,
1999-05-13,6.00,5.41,4.59,5.12,
1999-05-14,6.16,5.62,4.64,5.30,
1999-05-17,6.16,5.66,4.71,5.31,
1999-05-18,6.15,5.68,4.66,5.38,
1999-05-19,6.09,5.60,4.63,5.37,
1999-05-20,6.13,5.60,4.61,5.35,
1999-05-21,6.08,5.52,4.61,5.30,
1999-05-24,6.08,5.50,4.64,5.28,
1999-05-25,6.07,5.49,4.64,5.30,
1999-05-26,6.12,5.55,4.66,5.33,
1999-05-27,6.15,5.62,4.65,5.43,
1999-05-28,6.15,5.64,4.66,5.42,
1999-05-31,,,,,
1999-06-01,6.27,5.78,4.77,5.54,
1999-06-02,6.26,5.80,4.74,5.55,
1999-06-03,6.25,5.80,4.65,5.54,
1999-06-04,6.28,5.82,4.57,5.56,
1999-06-07,6.27,5.81,4.64,5.56,
1999-06-08,6.30,5.83,4.62,5.57,
1999-06-09,6.32,5.87,4.60,5.61,
1999-06-10,6.37,5.92,4.67,5.66,
1999-06-11,6.47,6.02,4.74,5.70,
1999-06-14,6.43,5.98,4.76,5.66,
1999-06-15,6.43,5.98,4.74,5.66,
1999-06-16,6.40,5.94,4.67,5.61,
1999-06-17,6.27,5.79,4.64,5.49,
1999-06-18,6.30,5.84,4.69,5.56,
1999-06-21,6.36,5.90,4.74,5.62,
1999-06-22,6.41,5.94,4.73,5.65,
1999-06-23,6.47,6.00,4.73,5.70,
1999-06-24,6.51,6.05,4.74,5.75,
1999-06-25,6.49,6.02,4.80,5.73,
1999-06-28,6.42,5.96,4.88,5.68,
1999-06-29,6.38,5.93,4.84,5.68,
1999-06-30,6.29,5.81,4.78,5.53,
1999-07-01,6.32,5.85,4.68,5.58,
1999-07-02,6.30,5.82,4.69,5.58,
1999-07-05,,,,,
1999-07-06,6.34,5.88,4.72,5.64,
1999-07-07,6.36,5.92,4.67,5.64,
1999-07-08,6.30,5.85,4.68,5.59,
1999-07-09,6.30,5.84,4.69,5.61,
1999-07-12,6.20,5.74,4.74,5.53,
1999-07-13,6.19,5.71,4.71,5.50,
1999-07-14,6.21,5.74,4.72,5.55,
1999-07-15,6.20,5.72,4.70,5.53,
1999-07-16,6.18,5.68,4.68,5.50,
1999-07-19,6.19,5.66,4.67,5.46,
1999-07-20,6.18,5.65,4.64,5.43,
1999-07-21,6.20,5.66,4.59,5.45,
1999-07-22,6.27,5.78,4.61,5.52,
1999-07-23,6.32,5.84,4.65,5.58,
1999-07-26,6.34,5.86,4.68,5.61,
1999-07-27,6.31,5.82,4.70,5.56,
1999-07-28,6.30,5.81,4.71,5.54,
1999-07-29,6.37,5.88,4.72,5.62,
1999-07-30,6.40,5.92,4.75,5.63,
1999-08-02,6.40,5.92,4.85,5.65,
1999-08-03,6.42,5.95,4.84,5.65,
1999-08-04,6.41,5.96,4.78,5.64,
1999-08-05,6.38,5.88,4.74,5.55,
1999-08-06,6.48,6.02,4.80,5.69,
1999-08-09,6.54,6.13,4.96,5.79,
1999-08-10,6.55,6.16,4.95,5.79,
1999-08-11,6.52,6.05,4.91,5.76,
1999-08-12,6.56,6.08,4.79,5.78,
1999-08-13,6.45,5.98,4.74,5.71,
1999-08-16,6.48,5.98,4.84,5.75,
1999-08-17,6.41,5.89,4.83,5.68,
1999-08-18,6.41,5.88,4.76,5.66,
1999-08-19,6.43,5.90,4.76,5.66,
1999-08-20,6.41,5.88,4.84,5.65,
1999-08-23,6.41,5.89,5.01,5.66,
1999-08-24,6.38,5.85,4.99,5.65,
1999-08-25,6.28,5.73,4.93,5.53,
1999-08-26,6.29,5.75,4.93,5.56,
1999-08-27,6.38,5.85,4.98,5.65,
1999-08-30,6.48,5.95,5.01,5.73,
1999-08-31,6.49,5.98,4.98,5.73,
1999-09-01,6.50,5.99,4.97,5.74,
1999-09-02,6.58,6.03,4.92,5.74,
1999-09-03,6.45,5.89,4.92,5.64,
1999-09-06,,,,,
1999-09-07,6.52,5.95,4.85,5.69,
1999-09-08,6.50,5.93,4.83,5.67,
1999-09-09,6.54,5.97,4.81,5.71,
1999-09-10,6.48,5.89,4.76,5.64,
1999-09-13,6.51,5.92,4.80,5.66,
1999-09-14,6.57,5.96,4.83,5.71,
1999-09-15,6.56,5.94,4.75,5.67,
1999-09-16,6.51,5.90,4.70,5.63,
1999-09-17,6.47,5.87,4.67,5.63,
1999-09-20,6.50,5.91,4.81,5.67,
1999-09-21,6.52,5.94,4.79,5.67,
1999-09-22,6.50,5.92,4.83,5.67,
1999-09-23,6.44,5.87,4.82,5.63,
1999-09-24,6.36,5.75,4.78,5.55,
1999-09-27,6.42,5.83,4.87,5.62,
1999-09-28,6.47,5.89,4.85,5.65,
1999-09-29,6.55,5.97,4.83,5.68,
1999-09-30,6.47,5.90,4.88,5.63,
1999-10-01,6.57,6.00,4.88,5.73,
1999-10-04,6.51,5.95,4.87,5.70,
1999-10-05,6.59,6.02,4.86,5.78,
1999-10-06,6.60,6.04,4.81,5.81,
1999-10-07,6.60,6.05,4.84,5.82,
1999-10-08,6.61,6.04,4.82,5.80,
1999-10-11,,,,,
1999-10-12,6.63,6.07,4.93,5.82,
1999-10-13,6.69,6.12,4.98,5.87,
1999-10-14,6.73,6.17,5.02,5.90,
1999-10-15,6.66,6.09,5.04,5.82,
1999-10-18,6.69,6.12,5.15,5.85,
1999-10-19,6.74,6.18,5.15,5.92,
1999-10-20,6.74,6.19,5.15,5.94,
1999-10-21,6.76,6.20,5.14,5.93,
1999-10-22,6.76,6.21,5.07,5.96,
1999-10-25,6.75,6.22,5.14,5.98,
1999-10-26,6.77,6.24,5.15,6.02,
1999-10-27,6.71,6.19,5.14,5.94,
1999-10-28,6.63,6.12,5.11,5.87,
1999-10-29,6.52,6.02,5.12,5.79,
1999-11-01,6.55,6.06,5.16,5.83,
1999-11-02,6.51,6.04,5.14,5.81,
1999-11-03,6.49,6.01,5.12,5.79,
1999-11-04,6.45,5.95,5.10,5.74,
1999-11-05,6.41,5.92,5.14,5.72,
1999-11-08,6.42,5.95,5.20,5.74,
1999-11-09,6.43,5.97,5.19,5.77,
1999-11-10,6.45,6.00,5.20,5.81,
1999-11-11,,,,,
1999-11-12,6.37,5.93,5.23,5.78,
1999-11-15,6.37,5.94,5.29,5.79,
1999-11-16,6.40,5.97,5.29,5.85,
1999-11-17,6.46,6.04,5.24,5.90,
1999-11-18,6.49,6.06,5.23,5.90,
1999-11-19,6.48,6.07,5.23,5.92,
1999-11-22,6.51,6.09,5.27,5.95,
1999-11-23,6.51,6.08,5.27,5.93,
1999-11-24,6.53,6.09,5.29,5.97,
1999-11-25,,,,,
1999-11-26,6.57,6.12,5.30,5.99,
1999-11-29,6.66,6.21,5.36,6.04,
1999-11-30,6.62,6.18,5.30,6.01,
1999-12-01,6.65,6.21,5.27,6.04,
1999-12-02,6.67,6.24,5.25,6.06,
1999-12-03,6.60,6.17,5.25,5.99,
1999-12-06,6.58,6.16,5.22,5.98,
1999-12-07,6.54,6.11,5.22,5.95,
1999-12-08,6.57,6.15,5.22,5.98,
1999-12-09,6.55,6.14,5.25,5.96,
1999-12-10,6.48,6.08,5.30,5.93,
1999-12-13,6.52,6.11,5.39,5.96,
1999-12-14,6.64,6.22,5.39,6.07,
1999-12-15,6.68,6.25,5.35,6.10,
1999-12-16,6.75,6.31,5.39,6.15,
1999-12-17,6.74,6.30,5.44,6.15,
1999-12-20,6.81,6.36,5.63,6.21,
1999-12-21,6.83,6.38,5.59,6.21,
1999-12-22,6.82,6.39,5.56,6.24,
1999-12-23,6.83,6.41,5.47,6.24,
1999-12-24,,,,,
1999-12-27,6.80,6.40,5.47,6.21,
1999-12-28,6.82,6.43,5.41,6.23,
1999-12-29,6.79,6.40,5.23,6.21,
1999-12-30,6.78,6.39,5.22,6.19,
1999-12-31,6.83,6.45,5.33,6.24,
2000-01-03,6.94,6.58,5.48,6.38,
2000-01-04,6.84,6.49,5.43,6.30,
2000-01-05,6.95,6.62,5.44,6.38,
2000-01-06,6.86,6.57,5.41,6.35,
2000-01-07,6.82,6.52,5.38,6.31,
2000-01-10,6.86,6.57,5.42,6.38,
2000-01-11,6.94,6.67,5.43,6.45,
2000-01-12,6.97,6.72,5.45,6.49,
2000-01-13,6.88,6.63,5.41,6.40,
2000-01-14,6.91,6.69,5.41,6.44,
2000-01-17,,,,,
2000-01-18,6.94,6.75,5.56,6.47,
2000-01-19,6.91,6.73,5.51,6.46,
2000-01-20,6.93,6.79,5.48,6.49,
2000-01-21,6.91,6.79,5.47,6.48,
2000-01-24,6.86,6.69,5.55,6.43,
2000-01-25,6.84,6.70,5.57,6.44,
2000-01-26,6.79,6.69,5.58,6.45,
2000-01-27,6.73,6.68,5.59,6.51,
2000-01-28,6.65,6.66,5.65,6.58,
2000-01-31,6.72,6.68,5.76,6.61,
2000-02-01,6.66,6.62,5.71,6.60,
2000-02-02,6.61,6.60,5.66,6.63,
2000-02-03,6.52,6.49,5.63,6.56,
2000-02-04,6.54,6.53,5.67,6.63,
2000-02-07,6.62,6.64,5.72,6.68,
2000-02-08,6.51,6.59,5.69,6.69,
2000-02-09,6.60,6.56,5.66,6.69,
2000-02-10,6.67,6.67,5.67,6.67,
2000-02-11,6.62,6.63,5.66,6.65,
2000-02-14,6.55,6.56,5.68,6.62,
2000-02-15,6.59,6.56,5.75,6.66,
2000-02-16,6.60,6.56,5.73,6.63,
2000-02-17,6.55,6.58,5.74,6.69,
2000-02-18,6.47,6.49,5.75,6.66,
2000-02-21,,,,,
2000-02-22,6.39,6.36,5.82,6.57,
2000-02-23,6.45,6.44,5.82,6.61,
2000-02-24,6.43,6.36,5.81,6.52,
2000-02-25,6.47,6.36,5.79,6.45,
2000-02-28,6.47,6.37,5.80,6.47,
2000-02-29,6.46,6.42,5.78,6.53,
2000-03-01,6.48,6.39,5.76,6.52,
2000-03-02,6.45,6.40,5.76,6.52,
2000-03-03,6.41,6.39,5.79,6.50,
2000-03-06,6.46,6.42,5.85,6.55,
2000-03-07,6.46,6.39,5.83,6.48,
2000-03-08,6.48,6.38,5.83,6.50,
2000-03-09,6.47,6.35,5.82,6.48,
2000-03-10,6.52,6.39,5.87,6.55,
2000-03-13,6.50,6.36,5.89,6.52,
2000-03-14,6.43,6.31,5.87,6.48,
2000-03-15,6.39,6.29,5.85,6.50,
2000-03-16,6.37,6.26,5.87,6.50,
2000-03-17,6.33,6.20,5.89,6.50,
2000-03-20,6.31,6.18,5.95,6.52,
2000-03-21,6.28,6.13,5.91,6.50,
2000-03-22,6.30,6.13,5.91,6.50,
2000-03-23,6.25,6.08,5.90,6.52,
2000-03-24,6.36,6.20,5.91,6.64,
2000-03-27,6.35,6.21,5.88,6.66,
2000-03-28,6.34,6.17,5.88,6.60,
2000-03-29,6.35,6.18,5.89,6.59,
2000-03-30,6.26,6.06,5.88,6.52,
2000-03-31,6.20,6.03,5.88,6.50,
2000-04-03,6.19,6.00,5.87,6.45,
2000-04-04,6.12,5.90,5.83,6.35,
2000-04-05,6.14,5.90,5.86,6.35,
2000-04-06,6.12,5.93,5.88,6.38,
2000-04-07,6.04,5.86,5.90,6.38,
2000-04-10,6.04,5.80,5.85,6.31,
2000-04-11,6.13,5.89,5.83,6.36,
2000-04-12,6.19,5.97,5.83,6.40,
2000-04-13,6.16,5.94,5.81,6.40,
2000-04-14,6.12,5.85,5.81,6.27,
2000-04-17,6.26,6.01,5.82,6.33,
2000-04-18,6.26,6.05,5.81,6.33,
2000-04-19,6.18,5.99,5.81,6.33,
2000-04-20,6.16,5.99,5.79,6.38,
2000-04-21,,,,,
2000-04-24,6.20,6.00,5.80,6.36,
2000-04-25,6.27,6.14,5.79,6.48,
2000-04-26,6.28,6.14,5.75,6.50,
2000-04-27,6.34,6.23,5.75,6.63,
2000-04-28,6.31,6.23,5.82,6.68,
2000-05-01,6.33,6.29,6.00,6.73,
2000-05-02,6.39,6.32,5.92,6.72,
2000-05-03,6.49,6.40,5.91,6.73,
2000-05-04,6.59,6.46,5.90,6.77,
2000-05-05,6.61,6.51,5.97,6.84,
2000-05-08,6.69,6.57,6.19,6.87,
2000-05-09,6.64,6.53,6.14,6.86,
2000-05-10,6.56,6.47,6.14,6.84,
2000-05-11,6.54,6.43,6.14,6.82,
2000-05-12,6.62,6.51,6.14,6.91,
2000-05-15,6.56,6.47,6.25,6.88,
2000-05-16,6.52,6.43,6.20,6.89,
2000-05-17,6.58,6.48,6.05,6.90,
2000-05-18,6.66,6.56,5.92,6.93,
2000-05-19,6.64,6.51,5.89,6.86,
2000-05-22,6.58,6.44,6.01,6.81,
2000-05-23,6.58,6.45,6.01,6.83,
2000-05-24,6.61,6.47,5.92,6.79,
2000-05-25,6.50,6.39,5.85,6.71,
2000-05-26,6.45,6.33,5.83,6.69,
2000-05-29,,,,,
2000-05-30,6.50,6.38,5.87,6.74,
2000-05-31,6.42,6.29,5.63,6.69,
2000-06-01,6.33,6.20,5.74,6.61,
2000-06-02,6.31,6.15,5.87,6.52,
2000-06-05,6.28,6.12,5.98,6.49,
2000-06-06,6.28,6.14,5.99,6.51,
2000-06-07,6.26,6.13,5.92,6.52,
2000-06-08,6.25,6.13,5.91,6.56,
2000-06-09,6.26,6.13,5.92,6.56,
2000-06-12,6.23,6.09,5.93,6.52,
2000-06-13,6.30,6.11,5.88,6.49,
2000-06-14,6.25,6.06,5.82,6.44,
2000-06-15,6.26,6.05,5.84,6.44,
2000-06-16,6.21,5.99,5.83,6.38,
2000-06-19,6.24,6.00,5.84,6.40,
2000-06-20,6.25,6.03,5.79,6.43,
2000-06-21,6.32,6.11,5.81,6.50,
2000-06-22,6.33,6.12,5.84,6.50,
2000-06-23,6.38,6.19,5.86,6.55,
2000-06-26,6.34,6.11,5.82,6.50,
2000-06-27,6.31,6.10,5.83,6.50,
2000-06-28,6.33,6.11,5.81,6.43,
2000-06-29,6.24,6.04,5.85,6.37,
2000-06-30,6.26,6.03,5.88,6.38,
2000-07-03,6.22,6.00,6.00,6.31,
2000-07-04,,,,,
2000-07-05,6.21,5.99,5.99,6.29,
2000-07-06,6.27,6.05,6.02,6.34,
2000-07-07,6.23,6.01,6.04,6.29,
2000-07-10,6.23,6.04,6.10,6.31,
2000-07-11,6.23,6.06,6.10,6.32,
2000-07-12,6.23,6.09,6.17,6.34,
2000-07-13,6.15,6.01,6.18,6.31,
2000-07-14,6.24,6.10,6.17,6.41,
2000-07-17,6.30,6.17,6.15,6.46,
2000-07-18,6.29,6.16,6.16,6.44,
2000-07-19,6.29,6.16,6.18,6.46,
2000-07-20,6.15,6.01,6.18,6.32,
2000-07-21,6.12,6.01,6.13,6.32,
2000-07-24,6.15,6.04,6.21,6.35,
2000-07-25,6.14,6.04,6.20,6.35,
2000-07-26,6.14,6.04,6.18,6.29,
2000-07-27,6.10,6.02,6.22,6.27,
2000-07-28,6.12,6.04,6.20,6.30,
2000-07-31,6.13,6.04,6.27,6.30,
2000-08-01,6.09,6.00,6.25,6.27,
2000-08-02,6.09,5.98,6.25,6.23,
2000-08-03,6.05,5.95,6.23,6.22,
2000-08-04,6.03,5.91,6.23,6.15,
2000-08-07,6.06,5.97,6.28,6.20,
2000-08-08,6.03,5.93,6.26,6.16,
2000-08-09,6.02,5.81,6.25,6.18,
2000-08-10,6.00,5.76,6.25,6.16,
2000-08-11,6.04,5.79,6.29,6.25,
2000-08-14,6.00,5.78,6.27,6.25,
2000-08-15,6.02,5.81,6.28,6.28,
2000-08-16,6.05,5.83,6.27,6.30,
2000-08-17,6.02,5.81,6.27,6.30,
2000-08-18,6.00,5.78,6.27,6.27,
2000-08-21,6.02,5.79,6.30,6.28,
2000-08-22,6.01,5.78,6.28,6.27,
2000-08-23,5.97,5.73,6.29,6.20,
2000-08-24,5.96,5.73,6.29,6.19,
2000-08-25,5.96,5.73,6.31,6.19,
2000-08-28,6.01,5.78,6.32,6.23,
2000-08-29,6.04,5.81,6.31,6.26,
2000-08-30,6.03,5.81,6.32,6.24,
2000-08-31,5.96,5.73,6.31,6.18,
2000-09-01,5.95,5.68,6.27,6.09,
2000-09-04,,,,,
2000-09-05,5.94,5.69,6.27,6.09,
2000-09-06,5.99,5.72,6.21,6.11,
2000-09-07,6.02,5.76,6.20,6.14,
2000-09-08,5.99,5.73,6.14,6.11,
2000-09-11,6.02,5.77,6.11,6.12,
2000-09-12,6.04,5.78,6.09,6.12,
2000-09-13,6.01,5.74,6.09,6.09,
2000-09-14,6.09,5.79,6.14,6.11,
2000-09-15,6.16,5.84,6.14,6.07,
2000-09-18,6.20,5.88,6.15,6.04,
2000-09-19,6.18,5.86,6.17,6.05,
2000-09-20,6.23,5.91,6.16,6.11,
2000-09-21,6.18,5.88,6.16,6.11,
2000-09-22,6.18,5.85,6.16,6.09,
2000-09-25,6.16,5.84,6.18,6.11,
2000-09-26,6.12,5.81,6.18,6.07,
2000-09-27,6.15,5.83,6.20,6.00,
2000-09-28,6.14,5.82,6.25,6.02,
2000-09-29,6.13,5.80,6.23,5.98,
2000-10-02,6.18,5.83,6.27,5.98,
2000-10-03,6.20,5.87,6.24,6.00,
2000-10-04,6.21,5.90,6.24,6.03,
2000-10-05,6.17,5.87,6.25,6.02,
2000-10-06,6.11,5.82,6.24,5.98,
2000-10-09,,,,,
2000-10-10,6.08,5.80,6.27,5.98,
2000-10-11,6.06,5.77,6.23,5.93,
2000-10-12,6.05,5.73,6.19,5.86,
2000-10-13,6.05,5.73,6.19,5.84,
2000-10-16,6.06,5.74,6.28,5.89,
2000-10-17,6.00,5.68,6.30,5.83,
2000-10-18,6.00,5.66,6.30,5.82,
2000-10-19,5.98,5.66,6.32,5.86,
2000-10-20,5.95,5.64,6.31,5.84,
2000-10-23,5.89,5.59,6.34,5.82,
2000-10-24,5.93,5.63,6.35,5.86,
2000-10-25,5.97,5.67,6.39,5.87,
2000-10-26,5.96,5.69,6.36,5.90,
2000-10-27,5.96,5.72,6.35,5.94,
2000-10-30,5.98,5.74,6.39,5.97,
2000-10-31,6.02,5.77,6.38,5.94,
2000-11-01,6.00,5.74,6.37,5.88,
2000-11-02,6.01,5.74,6.37,5.87,
2000-11-03,6.09,5.83,6.38,5.94,
2000-11-06,6.12,5.87,6.42,5.99,
2000-11-07,6.12,5.87,6.42,5.99,
2000-11-08,6.09,5.87,6.41,5.99,
2000-11-09,6.06,5.82,6.40,5.94,
2000-11-10,6.07,5.82,6.37,5.92,
2000-11-13,6.04,5.77,6.39,5.90,
2000-11-14,6.01,5.76,6.37,5.92,
2000-11-15,5.97,5.72,6.38,5.90,
2000-11-16,5.94,5.68,6.35,5.87,
2000-11-17,5.97,5.71,6.35,5.88,
2000-11-20,5.96,5.68,6.36,5.87,
2000-11-21,5.93,5.67,6.36,5.86,
2000-11-22,5.87,5.62,6.36,5.85,
2000-11-23,,,,,
2000-11-24,5.86,5.63,6.36,5.86,
2000-11-27,5.89,5.64,6.33,5.86,
2000-11-28,5.86,5.59,6.28,5.79,
2000-11-29,5.84,5.55,6.24,5.69,
2000-11-30,5.78,5.48,6.21,5.61,
2000-12-01,5.82,5.52,6.23,5.62,
2000-12-04,5.84,5.53,6.15,5.59,
2000-12-05,5.76,5.43,6.08,5.49,
2000-12-06,5.68,5.32,6.09,5.42,
2000-12-07,5.67,5.32,6.11,5.45,
2000-12-08,5.71,5.35,6.09,5.50,
2000-12-11,5.71,5.37,6.08,5.52,
2000-12-12,5.70,5.36,6.06,5.54,
2000-12-13,5.64,5.29,6.06,5.45,
2000-12-14,5.60,5.23,6.06,5.43,
2000-12-15,5.59,5.20,6.02,5.38,
2000-12-18,5.59,5.17,5.95,5.33,
2000-12-19,5.61,5.19,5.93,5.35,
2000-12-20,5.55,5.08,5.82,5.24,
2000-12-21,5.53,5.03,5.38,5.14,
2000-12-22,5.52,5.02,5.27,5.10,
2000-12-25,,,,,
2000-12-26,5.54,5.04,5.85,5.10,
2000-12-27,5.58,5.11,5.75,5.10,
2000-12-28,5.59,5.13,5.87,5.18,
2000-12-29,5.59,5.12,5.89,5.11,
2001-01-01,,,,,
2001-01-02,5.46,4.92,5.87,4.87,
2001-01-03,5.62,5.14,5.69,4.92,
2001-01-04,5.56,5.03,5.37,4.77,
2001-01-05,5.50,4.93,5.12,4.56,
2001-01-08,5.52,4.94,5.19,4.54,
2001-01-09,5.53,4.98,5.24,4.64,
2001-01-10,5.60,5.10,5.29,4.76,
2001-01-11,5.67,5.14,5.31,4.77,
2001-01-12,5.74,5.25,5.33,4.90,
2001-01-15,,,,,
2001-01-16,5.71,5.24,5.38,4.89,
2001-01-17,5.64,5.19,5.36,4.84,
2001-01-18,5.57,5.12,5.28,4.72,
2001-01-19,5.67,5.19,5.24,4.75,
2001-01-22,5.71,5.25,5.23,4.75,
2001-01-23,5.76,5.30,5.24,4.82,
2001-01-24,5.78,5.33,5.28,4.81,
2001-01-25,5.73,5.29,5.28,4.78,
2001-01-26,5.75,5.29,5.17,4.78,
2001-01-29,5.78,5.32,5.11,4.77,
2001-01-30,5.68,5.24,5.02,4.70,
2001-01-31,5.65,5.19,4.99,4.62,
2001-02-01,5.55,5.10,5.00,4.55,
2001-02-02,5.60,5.17,5.06,4.65,
2001-02-05,5.58,5.18,5.06,4.68,
2001-02-06,5.61,5.22,5.07,4.72,
2001-02-07,5.61,5.10,5.07,4.70,
2001-02-08,5.62,5.10,5.08,4.73,
2001-02-09,5.55,5.03,5.06,4.67,
2001-02-12,5.60,5.05,5.04,4.67,
2001-02-13,5.62,5.07,5.05,4.75,
2001-02-14,5.64,5.13,5.07,4.84,
2001-02-15,5.71,5.19,5.08,4.89,
2001-02-16,5.67,5.11,5.02,4.75,
2001-02-19,,,,,
2001-02-20,5.66,5.11,5.04,4.73,
2001-02-21,5.70,5.14,5.02,4.68,
2001-02-22,5.72,5.15,5.01,4.63,
2001-02-23,5.66,5.10,4.89,4.53,
2001-02-26,5.62,5.05,4.81,4.46,
2001-02-27,5.51,4.96,4.82,4.44,
2001-02-28,5.51,4.92,4.85,4.41,
2001-03-01,5.45,4.87,4.84,4.41,
2001-03-02,5.55,4.95,4.84,4.48,
2001-03-05,5.55,4.98,4.82,4.49,
2001-03-06,5.56,4.99,4.79,4.49,
2001-03-07,5.49,4.92,4.69,4.43,
2001-03-08,5.48,4.89,4.68,4.43,
2001-03-09,5.50,4.95,4.72,4.47,
2001-03-12,5.48,4.92,4.66,4.46,
2001-03-13,5.50,4.95,4.66,4.46,
2001-03-14,5.43,4.84,4.54,4.32,
2001-03-15,5.43,4.81,4.52,4.22,
2001-03-16,5.41,4.78,4.54,4.26,
2001-03-19,5.44,4.82,4.53,4.32,
2001-03-20,5.41,4.78,4.49,4.24,
2001-03-21,5.42,4.77,4.31,4.21,
2001-03-22,5.38,4.73,4.26,4.17,
2001-03-23,5.43,4.80,4.29,4.24,
2001-03-26,5.50,4.85,4.29,4.27,
2001-03-27,5.61,5.00,4.35,4.41,
2001-03-28,5.61,4.97,4.34,4.30,
2001-03-29,5.63,4.98,4.32,4.27,
2001-03-30,5.60,4.93,4.30,4.18,
2001-04-02,5.64,4.98,4.22,4.22,
2001-04-03,5.62,4.94,4.15,4.15,
2001-04-04,5.62,4.94,4.10,4.12,
2001-04-05,5.66,4.98,4.11,4.19,
2001-04-06,5.57,4.89,3.94,4.07,
2001-04-09,5.61,4.93,3.93,4.10,
2001-04-10,5.76,5.09,3.94,4.24,
2001-04-11,5.75,5.12,4.08,4.29,
2001-04-12,5.77,5.17,4.01,4.36,
2001-04-13,,,,,
2001-04-16,5.86,5.28,4.15,4.49,
2001-04-17,5.80,5.21,4.12,4.41,
2001-04-18,5.79,5.14,3.91,4.26,
2001-04-19,5.91,5.27,3.87,4.29,
2001-04-20,5.92,5.29,3.77,4.26,
2001-04-23,5.84,5.20,3.75,4.15,
2001-04-24,5.87,5.22,3.80,4.16,
2001-04-25,5.91,5.28,3.84,4.20,
2001-04-26,5.82,5.20,3.83,4.14,
2001-04-27,5.94,5.34,3.85,4.28,
2001-04-30,5.92,5.35,3.95,4.30,
2001-05-01,5.87,5.30,3.92,4.23,
2001-05-02,5.83,5.31,3.89,4.27,
2001-05-03,5.75,5.22,3.84,4.22,
2001-05-04,5.77,5.21,3.74,4.14,
2001-05-07,5.78,5.21,3.74,4.12,
2001-05-08,5.81,5.24,3.70,4.10,
2001-05-09,5.76,5.20,3.72,4.07,
2001-05-10,5.86,5.31,3.74,4.17,
2001-05-11,6.02,5.51,3.78,4.36,
2001-05-14,5.99,5.46,3.71,4.29,
2001-05-15,6.03,5.50,3.63,4.28,
2001-05-16,6.01,5.48,3.57,4.25,
2001-05-17,5.96,5.46,3.57,4.33,
2001-05-18,5.93,5.41,3.61,4.37,
2001-05-21,5.92,5.41,3.65,4.37,
2001-05-22,5.95,5.42,3.64,4.34,
2001-05-23,5.95,5.41,3.64,4.29,
2001-05-24,6.04,5.52,3.70,4.32,
2001-05-25,6.04,5.52,3.66,4.31,
2001-05-28,,,,,
2001-05-29,6.05,5.54,3.71,4.33,
2001-05-30,6.04,5.54,3.68,4.34,
2001-05-31,5.95,5.43,3.63,4.22,
2001-06-01,5.89,5.39,3.67,4.22,
2001-06-04,5.87,5.35,3.68,4.19,
2001-06-05,5.85,5.29,3.63,4.12,
2001-06-06,5.83,5.27,3.62,4.12,
2001-06-07,5.89,5.33,3.63,4.14,
2001-06-08,5.90,5.38,3.64,4.17,
2001-06-11,5.85,5.32,3.60,4.11,
2001-06-12,5.81,5.27,3.56,4.09,
2001-06-13,5.81,5.28,3.55,4.08,
2001-06-14,5.80,5.26,3.56,4.04,
2001-06-15,5.83,5.27,3.52,4.01,
2001-06-18,5.84,5.27,3.52,3.98,
2001-06-19,5.82,5.26,3.51,3.99,
2001-06-20,5.80,5.24,3.49,3.98,
2001-06-21,5.77,5.22,3.51,3.99,
2001-06-22,5.70,5.14,3.45,3.93,
2001-06-25,5.72,5.16,3.46,3.96,
2001-06-26,5.78,5.24,3.46,4.03,
2001-06-27,5.77,5.26,3.52,4.06,
2001-06-28,5.85,5.35,3.64,4.22,
2001-06-29,5.91,5.42,3.65,4.25,
2001-07-02,5.86,5.37,3.67,4.21,
2001-07-03,5.90,5.41,3.66,4.24,
2001-07-04,,,,,
2001-07-05,5.94,5.44,3.65,4.24,
2001-07-06,5.92,5.41,3.63,4.16,
2001-07-09,5.87,5.37,3.65,4.15,
2001-07-10,5.83,5.32,3.63,4.08,
2001-07-11,5.84,5.31,3.58,4.07,
2001-07-12,5.80,5.27,3.60,4.07,
2001-07-13,5.79,5.27,3.62,4.12,
2001-07-16,5.74,5.21,3.64,4.07,
2001-07-17,5.74,5.22,3.61,4.09,
2001-07-18,5.65,5.12,3.54,3.96,
2001-07-19,5.66,5.13,3.55,3.98,
2001-07-20,5.67,5.15,3.53,3.98,
2001-07-23,5.66,5.13,3.56,3.98,
2001-07-24,5.64,5.13,3.56,3.97,
2001-07-25,5.70,5.20,3.56,3.98,
2001-07-26,5.71,5.19,3.56,3.94,
2001-07-27,5.65,5.13,3.55,3.87,
2001-07-30,5.63,5.11,3.57,3.86,
2001-07-31,5.61,5.07,3.54,3.79,3.67
2001-08-01,5.63,5.11,3.53,3.83,3.65
2001-08-02,5.68,5.17,3.53,3.89,3.65
2001-08-03,5.70,5.20,3.52,3.91,3.63
2001-08-06,5.70,5.19,3.52,3.88,3.62
2001-08-07,5.71,5.20,3.52,3.90,3.63
2001-08-08,5.61,4.99,3.49,3.77,3.61
2001-08-09,5.64,5.04,3.45,3.77,3.61
2001-08-10,5.61,4.99,3.43,3.73,3.58
2001-08-13,5.60,4.97,3.45,3.70,3.57
2001-08-14,5.61,4.97,3.43,3.74,3.54
2001-08-15,5.62,5.00,3.43,3.80,3.52
2001-08-16,5.58,4.95,3.39,3.75,3.48
2001-08-17,5.51,4.84,3.36,3.67,3.46
2001-08-20,5.55,4.91,3.42,3.74,3.48
2001-08-21,5.54,4.87,3.39,3.69,3.46
2001-08-22,5.53,4.91,3.38,3.76,3.46
2001-08-23,5.50,4.89,3.40,3.72,3.49
2001-08-24,5.54,4.93,3.42,3.76,3.49
2001-08-27,5.56,4.94,3.45,3.78,3.52
2001-08-28,5.49,4.85,3.41,3.71,3.53
2001-08-29,5.44,4.78,3.42,3.67,3.48
2001-08-30,5.45,4.79,3.36,3.61,3.41
2001-08-31,5.47,4.85,3.37,3.64,3.40
2001-09-03,,,,,
2001-09-04,5.59,4.99,3.44,3.83,3.43
2001-09-05,5.57,4.97,3.41,3.79,3.49
2001-09-06,5.50,4.86,3.34,3.65,3.44
2001-09-07,5.45,4.80,3.27,3.53,3.40
2001-09-10,5.50,4.84,3.26,3.53,3.40
2001-09-11,,,,,
2001-09-12,,,,,
2001-09-13,5.41,4.64,2.74,2.99,2.73
2001-09-14,5.38,4.57,2.64,2.87,2.54
2001-09-17,5.44,4.63,2.59,2.96,2.47
2001-09-18,5.59,4.72,2.48,2.96,2.34
2001-09-19,5.59,4.69,2.19,2.81,2.00
2001-09-20,5.67,4.75,2.22,2.91,2.04
2001-09-21,5.62,4.70,2.25,2.91,2.12
2001-09-24,5.61,4.73,2.38,2.94,2.38
2001-09-25,5.60,4.72,2.40,2.88,2.58
2001-09-26,5.52,4.65,2.38,2.82,2.51
2001-09-27,5.46,4.58,2.38,2.78,2.34
2001-09-28,5.45,4.60,2.40,2.86,2.28
2001-10-01,5.39,4.55,2.37,2.82,2.26
2001-10-02,5.36,4.53,2.26,2.77,2.27
2001-10-03,5.34,4.50,2.23,2.77,2.21
2001-10-04,5.33,4.53,2.21,2.75,2.22
2001-10-05,5.34,4.52,2.19,2.71,2.21
2001-10-08,,,,,
2001-10-09,5.42,4.62,2.22,2.74,2.24
2001-10-10,5.38,4.61,2.22,2.78,2.30
2001-10-11,5.45,4.69,2.27,2.88,2.30
2001-10-12,5.45,4.68,2.25,2.81,2.31
2001-10-15,5.40,4.62,2.25,2.78,2.33
2001-10-16,5.38,4.59,2.22,2.77,2.32
2001-10-17,5.35,4.59,2.22,2.80,2.34
2001-10-18,5.34,4.58,2.19,2.77,2.28
2001-10-19,5.39,4.63,2.19,2.77,2.29
2001-10-22,5.38,4.63,2.22,2.79,2.29
2001-10-23,5.40,4.66,2.20,2.81,2.32
2001-10-24,5.32,4.61,2.17,2.72,2.30
2001-10-25,5.28,4.56,2.14,2.63,2.27
2001-10-26,5.27,4.53,2.14,2.63,2.26
2001-10-29,5.24,4.50,2.09,2.55,2.24
2001-10-30,5.21,4.44,2.05,2.48,2.17
2001-10-31,5.05,4.30,2.05,2.44,2.15
2001-11-01,5.00,4.24,2.06,2.49,2.18
2001-11-02,5.14,4.37,2.01,2.48,2.09
2001-11-05,5.06,4.31,2.01,2.46,2.06
2001-11-06,5.05,4.30,1.85,2.37,1.98
2001-11-07,4.95,4.22,1.80,2.32,1.93
2001-11-08,5.03,4.32,1.84,2.42,1.93
2001-11-09,5.05,4.34,1.83,2.45,1.92
2001-11-12,,,,,
2001-11-13,5.10,4.41,1.84,2.54,1.94
2001-11-14,5.20,4.54,1.87,2.70,1.99
2001-11-15,5.41,4.79,1.92,2.98,1.99
2001-11-16,5.52,4.91,1.95,3.09,2.02
2001-11-19,5.42,4.80,1.94,2.92,2.02
2001-11-20,5.50,4.88,1.95,2.96,2.02
2001-11-21,5.59,4.98,1.96,3.11,2.00
2001-11-22,,,,,
2001-11-23,5.65,5.04,1.95,3.20,2.00
2001-11-26,5.66,5.05,1.98,3.22,2.00
2001-11-27,5.64,4.98,1.92,3.11,2.01
2001-11-28,5.63,4.98,1.87,3.12,1.96
2001-11-29,5.52,4.79,1.80,2.87,1.90
2001-11-30,5.54,4.78,1.78,2.84,1.87
2001-12-03,5.49,4.75,1.78,2.82,1.85
2001-12-04,5.43,4.70,1.74,2.81,1.81
2001-12-05,5.61,4.92,1.77,3.07,1.77
2001-12-06,5.72,5.04,1.75,3.19,1.73
2001-12-07,5.90,5.20,1.69,3.19,1.69
2001-12-10,5.86,5.17,1.71,3.10,1.68
2001-12-11,5.83,5.13,1.66,3.03,1.66
2001-12-12,5.74,5.02,1.67,2.97,1.69
2001-12-13,5.81,5.13,1.69,3.09,1.69
2001-12-14,5.89,5.24,1.73,3.20,1.70
2001-12-17,5.91,5.26,1.74,3.21,1.72
2001-12-18,5.81,5.16,1.71,3.13,1.72
2001-12-19,5.73,5.08,1.69,3.11,1.69
2001-12-20,5.73,5.08,1.69,3.15,1.67
2001-12-21,5.76,5.12,1.71,3.17,1.67
2001-12-24,5.81,5.18,1.72,3.22,1.66
2001-12-25,,,,,
2001-12-26,5.84,5.22,1.75,3.26,1.77
2001-12-27,5.78,5.13,1.74,3.19,1.75
2001-12-28,5.82,5.15,1.72,3.16,1.73
2001-12-31,5.74,5.07,1.74,3.07,1.68
2002-01-01,,,,,
2002-01-02,5.86,5.20,1.74,3.22,1.73
2002-01-03,5.83,5.16,1.73,3.19,1.73
2002-01-04,5.87,5.18,1.72,3.19,1.72
2002-01-07,5.76,5.09,1.68,3.08,1.70
2002-01-08,5.77,5.10,1.68,3.07,1.70
2002-01-09,5.76,5.10,1.68,3.03,1.68
2002-01-10,5.64,5.00,1.68,2.94,1.66
2002-01-11,5.60,4.92,1.58,2.76,1.62
2002-01-14,5.62,4.91,1.58,2.79,1.62
2002-01-15,5.56,4.88,1.60,2.79,1.64
2002-01-16,5.58,4.88,1.61,2.84,1.62
2002-01-17,5.65,4.98,1.64,2.96,1.60
2002-01-18,5.59,4.94,1.62,2.91,1.59
2002-01-21,,,,,
2002-01-22,5.62,4.96,1.70,2.97,1.67
2002-01-23,5.73,5.05,1.71,3.07,1.70
2002-01-24,5.71,5.07,1.72,3.15,1.69
2002-01-25,5.72,5.10,1.72,3.17,1.69
2002-01-28,5.72,5.12,1.76,3.19,1.71
2002-01-29,5.63,5.02,1.72,3.05,1.72
2002-01-30,5.64,5.02,1.75,3.06,1.70
2002-01-31,5.68,5.07,1.76,3.16,1.69
2002-02-01,5.63,5.02,1.76,3.08,1.69
2002-02-04,5.57,4.94,1.77,2.99,1.70
2002-02-05,5.56,4.92,1.76,2.99,1.74
2002-02-06,5.61,4.92,1.74,2.98,1.73
2002-02-07,5.64,4.93,1.73,2.99,1.71
2002-02-08,5.60,4.90,1.73,2.95,1.69
2002-02-11,5.63,4.91,1.75,2.95,1.73
2002-02-12,5.69,4.97,1.75,3.04,1.76
2002-02-13,5.72,5.01,1.76,3.09,1.75
2002-02-14,5.64,4.95,1.75,3.07,1.75
2002-02-15,5.58,4.86,1.74,2.97,1.72
2002-02-18,,,,,
2002-02-19,5.61,4.88,1.76,2.98,1.73
2002-02-20,5.60,4.88,1.76,3.00,1.75
2002-02-21,5.58,4.88,1.76,3.00,1.76
2002-02-22,5.55,4.84,1.76,2.97,1.75
2002-02-25,5.56,4.86,1.77,3.01,1.76
2002-02-26,5.63,4.93,1.77,3.08,1.78
2002-02-27,5.56,4.84,1.77,3.09,1.77
2002-02-28,5.61,4.88,1.79,3.06,1.76
2002-03-01,5.70,4.98,1.77,3.18,1.78
2002-03-04,5.71,5.02,1.81,3.24,1.77
2002-03-05,5.70,5.02,1.80,3.25,1.78
2002-03-06,5.74,5.06,1.78,3.26,1.77
2002-03-07,5.88,5.22,1.78,3.36,1.77
2002-03-08,5.95,5.33,1.81,3.60,1.77
2002-03-11,5.96,5.33,1.86,3.59,1.80
2002-03-12,5.96,5.32,1.84,3.56,1.82
2002-03-13,5.95,5.28,1.82,3.49,1.80
2002-03-14,6.05,5.40,1.86,3.63,1.79
2002-03-15,5.98,5.35,1.86,3.63,1.79
2002-03-18,5.95,5.32,1.88,3.67,1.77
2002-03-19,5.96,5.33,1.85,3.64,1.81
2002-03-20,6.04,5.40,1.84,3.71,1.79
2002-03-21,6.02,5.39,1.84,3.73,1.78
2002-03-22,6.04,5.40,1.84,3.77,1.78
2002-03-25,6.03,5.41,1.85,3.78,1.78
2002-03-26,5.96,5.35,1.81,3.68,1.82
2002-03-27,5.96,5.35,1.81,3.66,1.77
2002-03-28,6.03,5.42,1.79,3.72,1.76
2002-03-29,,,,,
2002-04-01,6.04,5.44,1.79,3.74,1.79
2002-04-02,5.96,5.36,1.80,3.63,1.79
2002-04-03,5.92,5.30,1.79,3.55,1.77
2002-04-04,5.89,5.28,1.78,3.57,1.77
2002-04-05,5.84,5.22,1.76,3.49,1.76
2002-04-08,5.89,5.25,1.75,3.51,1.76
2002-04-09,5.84,5.22,1.73,3.48,1.73
2002-04-10,5.88,5.24,1.71,3.48,1.72
2002-04-11,5.85,5.22,1.72,3.47,1.72
2002-04-12,5.81,5.18,1.71,3.41,1.71
2002-04-15,5.78,5.15,1.72,3.38,1.71
2002-04-16,5.83,5.20,1.74,3.43,1.71
2002-04-17,5.90,5.24,1.73,3.41,1.71
2002-04-18,5.88,5.23,1.72,3.38,1.70
2002-04-19,5.85,5.21,1.73,3.36,1.69
2002-04-22,5.85,5.19,1.72,3.37,1.67
2002-04-23,5.83,5.18,1.73,3.39,1.68
2002-04-24,5.77,5.11,1.72,3.28,1.67
2002-04-25,5.77,5.10,1.74,3.25,1.68
2002-04-26,5.73,5.08,1.75,3.22,1.68
2002-04-29,5.77,5.13,1.78,3.26,1.73
2002-04-30,5.74,5.11,1.77,3.24,1.77
2002-05-01,5.71,5.08,1.77,3.21,1.76
2002-05-02,5.74,5.13,1.77,3.25,1.74
2002-05-03,5.70,5.08,1.76,3.17,1.73
2002-05-06,5.71,5.10,1.78,3.19,1.74
2002-05-07,5.71,5.09,1.76,3.14,1.77
2002-05-08,5.84,5.24,1.76,3.32,1.76
2002-05-09,5.80,5.20,1.77,3.27,1.74
2002-05-10,5.77,5.15,1.77,3.19,1.73
2002-05-13,5.86,5.23,1.79,3.28,1.77
2002-05-14,5.94,5.32,1.78,3.40,1.78
2002-05-15,5.92,5.28,1.76,3.37,1.76
2002-05-16,5.87,5.20,1.75,3.28,1.74
2002-05-17,5.94,5.27,1.76,3.41,1.73
2002-05-20,5.88,5.21,1.77,3.33,1.73
2002-05-21,5.84,5.18,1.75,3.28,1.73
2002-05-22,5.80,5.13,1.74,3.23,1.72
2002-05-23,5.83,5.16,1.74,3.28,1.73
2002-05-24,5.83,5.16,1.74,3.28,1.71
2002-05-27,,,,,
2002-05-28,5.83,5.16,1.77,3.30,1.73
2002-05-29,5.79,5.11,1.75,3.24,1.73
2002-05-30,5.74,5.06,1.75,3.17,1.73
2002-05-31,5.77,5.08,1.74,3.22,1.72
2002-06-03,5.76,5.06,1.77,3.19,1.72
2002-06-04,5.75,5.04,1.76,3.13,1.73
2002-06-05,5.79,5.08,1.75,3.16,1.75
2002-06-06,5.75,5.04,1.74,3.13,1.74
2002-06-07,5.81,5.10,1.74,3.16,1.74
2002-06-10,5.76,5.07,1.76,3.15,1.75
2002-06-11,5.71,5.02,1.75,3.09,1.75
2002-06-12,5.68,4.98,1.74,3.05,1.74
2002-06-13,5.65,4.94,1.72,3.00,1.71
2002-06-14,5.54,4.83,1.71,2.92,1.71
2002-06-17,5.61,4.89,1.74,2.96,1.70
2002-06-18,5.60,4.88,1.73,2.93,1.70
2002-06-19,5.51,4.76,1.71,2.81,1.69
2002-06-20,5.59,4.85,1.73,2.93,1.68
2002-06-21,5.54,4.79,1.72,2.88,1.68
2002-06-24,5.60,4.87,1.74,2.93,1.66
2002-06-25,5.62,4.88,1.73,2.92,1.74
2002-06-26,5.53,4.75,1.70,2.77,1.72
2002-06-27,5.63,4.84,1.70,2.85,1.70
2002-06-28,5.65,4.86,1.70,2.90,1.69
2002-07-01,5.64,4.85,1.72,2.88,1.71
2002-07-02,5.56,4.77,1.72,2.78,1.72
2002-07-03,5.57,4.78,1.72,2.78,1.71
2002-07-04,,,,,
2002-07-05,5.67,4.90,1.72,2.90,1.71
2002-07-08,5.63,4.84,1.73,2.84,1.73
2002-07-09,5.57,4.78,1.72,2.74,1.72
2002-07-10,5.48,4.66,1.72,2.61,1.73
2002-07-11,5.47,4.66,1.72,2.61,1.72
2002-07-12,5.45,4.63,1.71,2.56,1.71
2002-07-15,5.49,4.66,1.72,2.55,1.71
2002-07-16,5.58,4.75,1.72,2.66,1.74
2002-07-17,5.54,4.71,1.72,2.63,1.72
2002-07-18,5.52,4.66,1.72,2.55,1.72
2002-07-19,5.47,4.61,1.71,2.48,1.71
2002-07-22,5.40,4.51,1.70,2.40,1.71
2002-07-23,5.39,4.47,1.70,2.34,1.73
2002-07-24,5.42,4.49,1.69,2.38,1.70
2002-07-25,5.39,4.43,1.70,2.28,1.71
2002-07-26,5.42,4.43,1.69,2.20,1.71
2002-07-29,5.54,4.62,1.72,2.41,1.73
2002-07-30,5.54,4.65,1.72,2.44,1.73
2002-07-31,5.41,4.51,1.71,2.23,1.73
2002-08-01,5.41,4.47,1.68,2.15,1.70
2002-08-02,5.29,4.33,1.63,1.99,1.66
2002-08-05,5.26,4.29,1.64,1.93,1.68
2002-08-06,5.35,4.42,1.65,2.11,1.71
2002-08-07,5.31,4.35,1.59,1.98,1.66
2002-08-08,5.34,4.40,1.62,2.10,1.67
2002-08-09,5.22,4.27,1.62,2.10,1.66
2002-08-12,5.16,4.22,1.68,2.10,1.68
2002-08-13,5.09,4.12,1.63,2.00,1.68
2002-08-14,5.03,4.06,1.64,2.12,1.68
2002-08-15,5.12,4.17,1.62,2.22,1.66
2002-08-16,5.24,4.32,1.62,2.28,1.66
2002-08-19,5.21,4.29,1.67,2.25,1.67
2002-08-20,5.12,4.17,1.62,2.12,1.69
2002-08-21,5.14,4.20,1.63,2.12,1.68
2002-08-22,5.22,4.30,1.65,2.22,1.66
2002-08-23,5.15,4.25,1.65,2.19,1.66
2002-08-26,5.12,4.22,1.68,2.19,1.68
2002-08-27,5.20,4.29,1.68,2.26,1.69
2002-08-28,5.14,4.22,1.67,2.23,1.71
2002-08-29,5.08,4.16,1.68,2.14,1.71
2002-08-30,5.06,4.14,1.69,2.14,1.70
2002-09-02,,,,,
2002-09-03,4.92,3.98,1.64,2.01,1.69
2002-09-04,4.91,3.96,1.63,2.02,1.69
2002-09-05,4.88,3.91,1.61,1.95,1.66
2002-09-06,5.00,4.05,1.66,2.08,1.68
2002-09-09,4.99,4.05,1.69,2.13,1.70
2002-09-10,4.96,4.00,1.68,2.12,1.72
2002-09-11,5.01,4.07,1.69,2.18,1.71
2002-09-12,4.93,3.98,1.69,2.12,1.70
2002-09-13,4.87,3.92,1.69,2.07,1.68
2002-09-16,4.85,3.90,1.71,2.07,1.69
2002-09-17,4.83,3.87,1.70,2.06,1.70
2002-09-18,4.85,3.86,1.68,2.04,1.70
2002-09-19,4.80,3.79,1.65,1.93,1.64
2002-09-20,4.82,3.79,1.65,1.94,1.64
2002-09-23,4.75,3.70,1.65,1.93,1.65
2002-09-24,4.74,3.69,1.65,1.93,1.68
2002-09-25,4.83,3.77,1.66,2.00,1.67
2002-09-26,4.85,3.79,1.65,1.97,1.66
2002-09-27,4.78,3.69,1.63,1.82,1.63
2002-09-30,4.75,3.63,1.57,1.72,1.60
2002-10-01,4.81,3.72,1.59,1.80,1.63
2002-10-02,4.78,3.71,1.58,1.75,1.61
2002-10-03,4.79,3.70,1.57,1.75,1.58
2002-10-04,4.77,3.69,1.61,1.78,1.60
2002-10-07,4.75,3.64,1.63,1.77,1.61
2002-10-08,4.75,3.65,1.61,1.80,1.62
2002-10-09,4.72,3.61,1.57,1.72,1.60
2002-10-10,4.78,3.68,1.58,1.75,1.59
2002-10-11,4.91,3.83,1.58,1.85,1.59
2002-10-14,,,,,
2002-10-15,5.09,4.07,1.68,2.08,1.66
2002-10-16,5.10,4.06,1.66,2.02,1.66
2002-10-17,5.18,4.16,1.67,2.10,1.66
2002-10-18,5.17,4.14,1.67,2.09,1.66
2002-10-21,5.23,4.24,1.71,2.23,1.69
2002-10-22,5.26,4.27,1.69,2.21,1.71
2002-10-23,5.26,4.26,1.68,2.20,1.68
2002-10-24,5.20,4.16,1.65,2.09,1.64
2002-10-25,5.16,4.12,1.64,1.98,1.63
2002-10-28,5.15,4.10,1.59,1.88,1.59
2002-10-29,5.05,3.97,1.51,1.79,1.58
2002-10-30,5.07,3.99,1.51,1.74,1.56
2002-10-31,5.03,3.93,1.44,1.68,1.48
2002-11-01,5.07,4.01,1.43,1.76,1.44
2002-11-04,5.11,4.07,1.43,1.79,1.44
2002-11-05,5.13,4.10,1.42,1.82,1.44
2002-11-06,5.12,4.09,1.23,1.87,1.24
2002-11-07,4.94,3.88,1.22,1.86,1.20
2002-11-08,4.87,3.85,1.22,1.87,1.19
2002-11-11,,,,,
2002-11-12,4.87,3.84,1.22,1.79,1.20
2002-11-13,4.86,3.84,1.21,1.76,1.22
2002-11-14,5.01,4.03,1.22,1.89,1.22
2002-11-15,5.02,4.05,1.22,1.91,1.23
2002-11-18,4.98,4.02,1.23,1.91,1.24
2002-11-19,4.94,3.99,1.21,1.91,1.23
2002-11-20,5.04,4.08,1.22,1.98,1.22
2002-11-21,5.10,4.14,1.22,2.05,1.23
2002-11-22,5.12,4.18,1.23,2.10,1.23
2002-11-25,5.13,4.19,1.24,2.09,1.24
2002-11-26,5.03,4.08,1.22,1.97,1.27
2002-11-27,5.23,4.26,1.23,2.13,1.28
2002-11-28,,,,,
2002-11-29,5.18,4.22,1.22,2.08,1.25
2002-12-02,5.17,4.22,1.24,2.07,1.26
2002-12-03,5.18,4.24,1.23,2.08,1.23
2002-12-04,5.14,4.18,1.22,2.02,1.23
2002-12-05,5.09,4.13,1.22,1.97,1.23
2002-12-06,5.08,4.09,1.21,1.89,1.23
2002-12-09,5.05,4.06,1.23,1.88,1.24
2002-12-10,5.02,4.06,1.21,1.90,1.23
2002-12-11,4.97,4.01,1.21,1.85,1.23
2002-12-12,4.97,4.01,1.21,1.85,1.20
2002-12-13,5.03,4.07,1.21,1.87,1.20
2002-12-16,5.11,4.15,1.23,1.94,1.20
2002-12-17,5.11,4.13,1.22,1.89,1.22
2002-12-18,5.05,4.06,1.21,1.81,1.20
2002-12-19,4.97,3.96,1.21,1.74,1.19
2002-12-20,4.97,3.97,1.21,1.76,1.18
2002-12-23,4.98,3.98,1.19,1.79,1.15
2002-12-24,4.93,3.95,1.19,1.73,1.17
2002-12-25,,,,,
2002-12-26,4.91,3.93,1.18,1.70,1.14
2002-12-27,4.83,3.83,1.16,1.60,1.07
2002-12-30,4.82,3.82,1.22,1.61,1.15
2002-12-31,4.83,3.83,1.22,1.61,1.20
2003-01-01,,,,,
2003-01-02,5.05,4.07,1.22,1.80,1.18
2003-01-03,5.03,4.05,1.22,1.79,1.18
2003-01-06,5.05,4.09,1.21,1.84,1.17
2003-01-07,5.03,4.04,1.19,1.77,1.17
2003-01-08,5.00,4.00,1.19,1.71,1.17
2003-01-09,5.17,4.19,1.20,1.87,1.18
2003-01-10,5.14,4.16,1.20,1.79,1.17
2003-01-13,5.13,4.15,1.21,1.81,1.17
2003-01-14,5.09,4.10,1.19,1.76,1.18
2003-01-15,5.07,4.10,1.20,1.75,1.17
2003-01-16,5.06,4.10,1.18,1.75,1.17
2003-01-17,5.00,4.05,1.18,1.70,1.17
2003-01-20,,,,,
2003-01-21,4.98,4.01,1.19,1.67,1.17
2003-01-22,4.94,3.95,1.17,1.66,1.17
2003-01-23,4.98,3.98,1.17,1.69,1.16
2003-01-24,4.92,3.94,1.16,1.66,1.14
2003-01-27,4.96,3.98,1.17,1.70,1.15
2003-01-28,4.96,4.00,1.18,1.70,1.19
2003-01-29,5.01,4.06,1.18,1.77,1.18
2003-01-30,4.96,4.00,1.18,1.70,1.17
2003-01-31,4.93,4.00,1.18,1.72,1.17
2003-02-03,4.93,4.01,1.18,1.72,1.16
2003-02-04,4.89,3.96,1.16,1.68,1.18
2003-02-05,4.97,4.02,1.18,1.73,1.18
2003-02-06,4.91,3.97,1.17,1.68,1.17
2003-02-07,4.88,3.96,1.17,1.63,1.17
2003-02-10,4.94,3.99,1.17,1.68,1.17
2003-02-11,4.93,3.98,1.18,1.65,1.19
2003-02-12,4.90,3.93,1.18,1.62,1.18
2003-02-13,4.86,3.89,1.17,1.57,1.18
2003-02-14,4.94,3.95,1.18,1.62,1.19
2003-02-17,,,,,
2003-02-18,4.92,3.94,1.19,1.66,1.19
2003-02-19,4.86,3.88,1.18,1.61,1.19
2003-02-20,4.84,3.85,1.19,1.59,1.19
2003-02-21,4.88,3.90,1.19,1.63,1.20
2003-02-24,4.85,3.86,1.21,1.60,1.21
2003-02-25,4.81,3.81,1.20,1.58,1.25
2003-02-26,4.77,3.78,1.21,1.57,1.26
2003-02-27,4.75,3.76,1.21,1.58,1.24
2003-02-28,4.70,3.71,1.20,1.53,1.21
2003-03-03,4.69,3.68,1.20,1.52,1.20
2003-03-04,4.68,3.65,1.19,1.49,1.23
2003-03-05,4.67,3.63,1.18,1.46,1.21
2003-03-06,4.70,3.67,1.18,1.47,1.20
2003-03-07,4.67,3.63,1.12,1.39,1.16
2003-03-10,4.64,3.59,1.08,1.35,1.13
2003-03-11,4.64,3.60,1.10,1.38,1.15
2003-03-12,4.62,3.60,1.10,1.45,1.15
2003-03-13,4.75,3.74,1.12,1.59,1.15
2003-03-14,4.73,3.72,1.13,1.56,1.14
2003-03-17,4.82,3.82,1.15,1.63,1.16
2003-03-18,4.89,3.91,1.14,1.72,1.19
2003-03-19,4.94,3.98,1.16,1.72,1.19
2003-03-20,4.99,4.01,1.17,1.75,1.19
2003-03-21,5.08,4.11,1.18,1.80,1.18
2003-03-24,4.97,3.98,1.17,1.71,1.18
2003-03-25,4.97,3.97,1.18,1.69,1.21
2003-03-26,4.96,3.96,1.18,1.68,1.19
2003-03-27,4.96,3.95,1.16,1.62,1.18
2003-03-28,4.93,3.92,1.14,1.56,1.15
2003-03-31,4.84,3.83,1.14,1.51,1.16
2003-04-01,4.85,3.84,1.12,1.50,1.17
2003-04-02,4.94,3.94,1.13,1.60,1.17
2003-04-03,4.95,3.93,1.11,1.55,1.17
2003-04-04,4.97,3.96,1.11,1.55,1.17
2003-04-07,5.01,4.03,1.17,1.65,1.19
2003-04-08,4.93,3.95,1.15,1.59,1.19
2003-04-09,4.92,3.93,1.13,1.55,1.17
2003-04-10,4.94,3.95,1.14,1.60,1.18
2003-04-11,4.96,4.00,1.17,1.65,1.18
2003-04-14,4.99,4.04,1.20,1.74,1.19
2003-04-15,4.93,3.98,1.18,1.69,1.17
2003-04-16,4.92,3.96,1.17,1.67,1.15
2003-04-17,4.91,3.98,1.18,1.71,1.14
2003-04-18,,,,,
2003-04-21,4.92,4.00,1.18,1.71,1.14
2003-04-22,4.94,4.01,1.18,1.70,1.14
2003-04-23,4.92,4.02,1.17,1.70,1.14
2003-04-24,4.84,3.93,1.15,1.62,1.13
2003-04-25,4.83,3.91,1.14,1.57,1.13
2003-04-28,4.83,3.92,1.14,1.59,1.13
2003-04-29,4.86,3.96,1.15,1.62,1.14
2003-04-30,4.79,3.89,1.13,1.51,1.13
2003-05-01,4.80,3.88,1.10,1.50,1.09
2003-05-02,4.84,3.94,1.12,1.56,1.07
2003-05-05,4.80,3.92,1.13,1.55,1.08
2003-05-06,4.76,3.84,1.10,1.45,1.09
2003-05-07,4.67,3.72,1.11,1.45,1.08
2003-05-08,4.65,3.70,1.09,1.49,1.06
2003-05-09,4.64,3.69,1.11,1.45,1.07
2003-05-12,4.60,3.64,1.10,1.46,1.07
2003-05-13,4.58,3.63,1.09,1.47,1.02
2003-05-14,4.47,3.53,1.06,1.41,0.95
2003-05-15,4.48,3.53,1.06,1.46,0.98
2003-05-16,4.44,3.46,1.05,1.38,0.98
2003-05-19,4.44,3.46,1.05,1.35,1.01
2003-05-20,4.36,3.38,1.04,1.31,1.02
2003-05-21,4.33,3.39,1.06,1.38,1.14
2003-05-22,4.29,3.34,1.08,1.36,1.13
2003-05-23,4.28,3.34,1.08,1.38,1.14
2003-05-26,,,,,
2003-05-27,4.39,3.41,1.09,1.33,1.15
2003-05-28,4.42,3.44,1.12,1.35,1.21
2003-05-29,4.35,3.34,1.10,1.30,1.18
2003-05-30,4.36,3.37,1.11,1.33,1.16
2003-06-02,4.43,3.43,1.14,1.33,1.17
2003-06-03,4.35,3.34,1.08,1.20,1.17
2003-06-04,4.32,3.30,1.05,1.20,1.15
2003-06-05,4.37,3.34,1.04,1.25,1.12
2003-06-06,4.37,3.37,1.05,1.27,1.14
2003-06-09,4.31,3.29,1.03,1.19,1.14
2003-06-10,4.22,3.20,0.97,1.13,1.10
2003-06-11,4.23,3.21,0.94,1.16,1.07
2003-06-12,4.18,3.18,0.92,1.13,1.02
2003-06-13,4.13,3.13,0.86,1.10,0.92
2003-06-16,4.18,3.18,0.87,1.18,0.93
2003-06-17,4.26,3.27,0.90,1.25,0.93
2003-06-18,4.35,3.37,0.89,1.27,0.90
2003-06-19,4.37,3.35,0.81,1.17,0.83
2003-06-20,4.41,3.40,0.83,1.22,0.81
2003-06-23,4.35,3.32,0.85,1.17,0.83
2003-06-24,4.31,3.29,0.83,1.14,0.82
2003-06-25,4.40,3.38,0.92,1.30,0.92
2003-06-26,4.52,3.55,0.91,1.41,0.86
2003-06-27,4.57,3.58,0.87,1.38,0.80
2003-06-30,4.52,3.54,0.90,1.32,0.81
2003-07-01,4.54,3.56,0.89,1.30,0.89
2003-07-02,4.54,3.56,0.87,1.30,0.87
2003-07-03,4.64,3.67,0.87,1.32,0.87
2003-07-04,,,,,
2003-07-07,4.69,3.74,0.92,1.36,0.90
2003-07-08,4.71,3.75,0.92,1.39,0.92
2003-07-09,4.69,3.73,0.90,1.37,0.90
2003-07-10,4.68,3.70,0.89,1.33,0.89
2003-07-11,4.65,3.66,0.89,1.29,0.89
2003-07-14,4.74,3.74,0.91,1.35,0.88
2003-07-15,4.91,3.94,0.92,1.45,0.88
2003-07-16,4.91,3.97,0.91,1.49,0.85
2003-07-17,4.92,3.98,0.90,1.47,0.84
2003-07-18,4.93,4.00,0.91,1.51,0.84
2003-07-21,5.09,4.19,0.93,1.61,0.86
2003-07-22,5.07,4.17,0.93,1.57,0.89
2003-07-23,5.04,4.12,0.93,1.54,0.90
2003-07-24,5.12,4.20,0.93,1.54,0.91
2003-07-25,5.15,4.22,0.93,1.52,0.92
2003-07-28,5.23,4.31,0.97,1.61,0.97
2003-07-29,5.33,4.42,0.99,1.67,0.99
2003-07-30,5.27,4.34,0.98,1.64,0.94
2003-07-31,5.43,4.49,0.96,1.80,0.91
2003-08-01,5.42,4.44,0.95,1.85,0.91
2003-08-04,5.36,4.35,0.97,1.71,0.91
2003-08-05,5.48,4.47,0.96,1.88,0.93
2003-08-06,5.31,4.32,0.95,1.78,0.92
2003-08-07,5.27,4.30,0.95,1.74,0.91
2003-08-08,5.29,4.27,0.96,1.72,0.91
2003-08-11,5.36,4.38,0.96,1.81,0.92
2003-08-12,5.36,4.37,0.95,1.71,0.93
2003-08-13,5.55,4.58,0.96,1.86,0.95
2003-08-14,5.49,4.55,0.96,1.86,0.96
2003-08-15,5.49,4.55,0.95,1.85,0.92
2003-08-18,5.45,4.49,0.96,1.87,0.97
2003-08-19,5.33,4.38,0.96,1.81,0.96
2003-08-20,5.39,4.45,0.96,1.84,0.94
2003-08-21,5.43,4.53,0.97,1.98,0.95
2003-08-22,5.37,4.48,0.98,1.97,0.96
2003-08-25,5.43,4.53,1.02,2.02,0.97
2003-08-26,5.39,4.50,1.01,1.96,1.01
2003-08-27,5.43,4.54,1.00,2.05,1.00
2003-08-28,5.31,4.42,0.99,1.93,0.99
2003-08-29,5.33,4.45,0.98,1.95,0.98
2003-09-01,,,,,
2003-09-02,5.48,4.61,0.98,2.04,0.98
2003-09-03,5.49,4.60,0.97,2.02,0.98
2003-09-04,5.43,4.52,0.97,1.91,0.96
2003-09-05,5.29,4.35,0.96,1.72,0.95
2003-09-08,5.33,4.41,0.97,1.75,0.95
2003-09-09,5.31,4.37,0.96,1.71,0.95
2003-09-10,5.22,4.28,0.96,1.64,0.94
2003-09-11,5.27,4.35,0.96,1.71,0.93
2003-09-12,5.22,4.27,0.96,1.66,0.91
2003-09-15,5.24,4.28,0.96,1.63,0.91
2003-09-16,5.26,4.29,0.93,1.63,0.91
2003-09-17,5.15,4.20,0.95,1.63,0.90
2003-09-18,5.15,4.19,0.96,1.68,0.89
2003-09-19,5.12,4.17,0.95,1.70,0.88
2003-09-22,5.20,4.26,0.95,1.70,0.88
2003-09-23,5.16,4.24,0.93,1.68,0.89
2003-09-24,5.09,4.16,0.95,1.66,0.89
2003-09-25,5.04,4.12,0.94,1.65,0.88
2003-09-26,4.98,4.04,0.94,1.60,0.87
2003-09-29,5.03,4.09,0.96,1.61,0.87
2003-09-30,4.91,3.96,0.95,1.50,0.87
2003-10-01,4.92,3.96,0.95,1.47,0.88
2003-10-02,4.97,4.03,0.94,1.48,0.86
2003-10-03,5.15,4.21,0.94,1.65,0.87
2003-10-06,5.10,4.17,0.94,1.60,0.87
2003-10-07,5.21,4.27,0.92,1.67,0.85
2003-10-08,5.22,4.27,0.91,1.65,0.88
2003-10-09,5.27,4.32,0.91,1.69,0.90
2003-10-10,5.23,4.29,0.92,1.65,0.89
2003-10-13,,,,,
2003-10-14,5.32,4.37,0.93,1.73,0.89
2003-10-15,5.36,4.43,0.93,1.79,0.90
2003-10-16,5.38,4.47,0.93,1.96,0.90
2003-10-17,5.32,4.41,0.93,1.90,0.90
2003-10-20,5.30,4.41,0.95,1.88,0.90
2003-10-21,5.28,4.38,0.93,1.89,0.92
2003-10-22,5.19,4.29,0.96,1.80,0.92
2003-10-23,5.25,4.34,0.96,1.84,0.92
2003-10-24,5.14,4.24,0.95,1.76,0.92
2003-10-27,5.19,4.30,0.98,1.83,0.95
2003-10-28,5.14,4.23,0.96,1.71,0.98
2003-10-29,5.21,4.31,0.96,1.79,0.98
2003-10-30,5.25,4.36,0.96,1.86,0.97
2003-10-31,5.20,4.33,0.96,1.85,0.96
2003-11-03,5.25,4.40,0.96,1.90,0.97
2003-11-04,5.19,4.33,0.95,1.86,0.97
2003-11-05,5.24,4.38,0.96,1.94,0.96
2003-11-06,5.32,4.45,0.96,2.01,0.95
2003-11-07,5.33,4.48,0.96,2.04,0.95
2003-11-10,5.34,4.49,0.97,2.06,0.92
2003-11-11,,,,,
2003-11-12,5.29,4.44,0.95,2.05,0.92
2003-11-13,5.16,4.30,0.94,1.92,0.91
2003-11-14,5.10,4.22,0.95,1.84,0.92
2003-11-17,5.07,4.18,0.96,1.80,0.93
2003-11-18,5.05,4.17,0.96,1.83,0.95
2003-11-19,5.12,4.24,0.95,1.90,0.94
2003-11-20,5.06,4.16,0.95,1.83,0.93
2003-11-21,5.05,4.15,0.94,1.84,0.93
2003-11-24,5.11,4.23,0.96,1.94,0.94
2003-11-25,5.07,4.19,0.95,1.89,0.97
2003-11-26,5.12,4.25,0.94,1.97,0.97
2003-11-27,,,,,
2003-11-28,5.20,4.34,0.93,2.06,0.96
2003-12-01,5.23,4.40,0.95,2.12,0.96
2003-12-02,5.22,4.38,0.94,2.07,0.96
2003-12-03,5.25,4.41,0.94,2.09,0.96
2003-12-04,5.22,4.38,0.93,2.06,0.94
2003-12-05,5.09,4.23,0.92,1.88,0.93
2003-12-08,5.15,4.29,0.93,1.94,0.94
2003-12-09,5.18,4.32,0.93,1.97,0.93
2003-12-10,5.16,4.30,0.93,1.94,0.92
2003-12-11,5.14,4.27,0.90,1.83,0.87
2003-12-12,5.12,4.26,0.91,1.84,0.88
2003-12-15,5.13,4.28,0.90,1.88,0.87
2003-12-16,5.10,4.24,0.91,1.83,0.88
2003-12-17,5.05,4.19,0.90,1.83,0.85
2003-12-18,4.99,4.16,0.89,1.85,0.86
2003-12-19,4.99,4.15,0.88,1.82,0.87
2003-12-22,5.02,4.18,0.90,1.84,0.88
2003-12-23,5.09,4.28,0.90,1.96,0.89
2003-12-24,5.02,4.20,0.90,1.83,0.87
2003-12-25,,,,,
2003-12-26,4.99,4.17,0.87,1.82,0.76
2003-12-29,5.07,4.24,0.90,1.86,0.79
2003-12-30,5.12,4.29,0.94,1.86,0.88
2003-12-31,5.10,4.27,0.95,1.84,0.90
2004-01-01,,,,,
2004-01-02,5.21,4.38,0.93,1.94,0.88
2004-01-05,5.23,4.41,0.91,1.95,0.88
2004-01-06,5.13,4.29,0.91,1.84,0.88
2004-01-07,5.11,4.27,0.91,1.84,0.88
2004-01-08,5.12,4.27,0.88,1.85,0.87
2004-01-09,4.98,4.11,0.87,1.68,0.87
2004-01-12,4.99,4.11,0.89,1.68,0.88
2004-01-13,4.95,4.05,0.89,1.63,0.86
2004-01-14,4.90,4.01,0.88,1.65,0.85
2004-01-15,4.87,3.99,0.88,1.67,0.82
2004-01-16,4.90,4.04,0.89,1.70,0.80
2004-01-19,,,,,
2004-01-20,4.93,4.08,0.89,1.69,0.80
2004-01-21,4.92,4.05,0.89,1.69,0.82
2004-01-22,4.86,3.99,0.88,1.66,0.74
2004-01-23,4.95,4.09,0.90,1.71,0.79
2004-01-26,5.01,4.16,0.90,1.75,0.82
2004-01-27,4.96,4.11,0.91,1.70,0.89
2004-01-28,5.06,4.22,0.94,1.87,0.89
2004-01-29,5.05,4.22,0.94,1.88,0.87
2004-01-30,5.00,4.16,0.92,1.84,0.85
2004-02-02,5.02,4.18,0.94,1.83,0.87
2004-02-03,4.98,4.13,0.94,1.78,0.93
2004-02-04,5.00,4.15,0.94,1.80,0.91
2004-02-05,5.02,4.20,0.94,1.85,0.89
2004-02-06,4.95,4.12,0.93,1.77,0.89
2004-02-09,4.93,4.09,0.94,1.76,0.89
2004-02-10,4.97,4.13,0.95,1.82,0.91
2004-02-11,4.90,4.05,0.93,1.73,0.89
2004-02-12,4.94,4.10,0.93,1.75,0.90
2004-02-13,4.92,4.05,0.92,1.70,0.90
2004-02-16,,,,,
2004-02-17,4.91,4.05,0.95,1.70,0.90
2004-02-18,4.91,4.05,0.94,1.72,0.93
2004-02-19,4.91,4.05,0.94,1.70,0.93
2004-02-20,4.96,4.10,0.94,1.75,0.93
2004-02-23,4.92,4.05,0.97,1.69,0.95
2004-02-24,4.90,4.04,0.97,1.69,0.97
2004-02-25,4.89,4.02,0.96,1.67,0.96
2004-02-26,4.92,4.05,0.96,1.69,0.97
2004-02-27,4.85,3.99,0.96,1.66,0.95
2004-03-01,4.86,4.00,0.97,1.67,0.97
2004-03-02,4.90,4.05,0.97,1.74,0.98
2004-03-03,4.92,4.07,0.97,1.74,0.97
2004-03-04,4.89,4.04,0.96,1.73,0.97
2004-03-05,4.73,3.85,0.94,1.57,0.95
2004-03-08,4.69,3.78,0.96,1.52,0.95
2004-03-09,4.64,3.73,0.96,1.51,0.98
2004-03-10,4.65,3.74,0.96,1.54,0.97
2004-03-11,4.66,3.74,0.97,1.52,0.96
2004-03-12,4.68,3.78,0.96,1.54,0.96
2004-03-15,4.67,3.78,0.96,1.56,0.94
2004-03-16,4.61,3.70,0.96,1.51,0.97
2004-03-17,4.62,3.71,0.93,1.53,0.94
2004-03-18,4.66,3.76,0.93,1.55,0.93
2004-03-19,4.68,3.80,0.94,1.56,0.93
2004-03-22,4.63,3.74,0.95,1.52,0.94
2004-03-23,4.62,3.73,0.95,1.52,0.96
2004-03-24,4.62,3.73,0.93,1.50,0.95
2004-03-25,4.65,3.75,0.94,1.51,0.95
2004-03-26,4.75,3.85,0.95,1.59,0.94
2004-03-29,4.80,3.91,0.96,1.63,0.95
2004-03-30,4.80,3.91,0.96,1.63,0.97
2004-03-31,4.77,3.86,0.95,1.60,0.96
2004-04-01,4.77,3.91,0.93,1.65,0.95
2004-04-02,4.97,4.15,0.95,1.86,0.93
2004-04-05,5.05,4.24,0.94,1.91,0.94
2004-04-06,5.01,4.19,0.94,1.86,0.94
2004-04-07,5.02,4.19,0.95,1.87,0.94
2004-04-08,5.04,4.21,0.93,1.88,0.93
2004-04-09,,,,,
2004-04-12,5.08,4.25,0.94,1.91,0.92
2004-04-13,5.17,4.35,0.94,2.01,0.91
2004-04-14,5.21,4.40,0.95,2.13,0.92
2004-04-15,5.22,4.42,0.95,2.10,0.92
2004-04-16,5.20,4.37,0.94,2.03,0.91
2004-04-19,5.22,4.39,0.96,2.07,0.92
2004-04-20,5.24,4.43,0.97,2.11,0.93
2004-04-21,5.25,4.45,0.99,2.22,0.93
2004-04-22,5.20,4.40,0.97,2.15,0.81
2004-04-23,5.27,4.48,0.98,2.29,0.87
2004-04-26,5.25,4.46,0.99,2.28,0.88
2004-04-27,5.22,4.43,0.98,2.21,0.91
2004-04-28,5.28,4.50,0.97,2.30,0.87
2004-04-29,5.33,4.55,0.97,2.34,0.85
2004-04-30,5.31,4.53,0.98,2.31,0.83
2004-05-03,5.30,4.53,1.00,2.34,0.83
2004-05-04,5.34,4.56,1.00,2.32,0.93
2004-05-05,5.38,4.61,0.99,2.34,0.90
2004-05-06,5.41,4.63,1.00,2.39,0.89
2004-05-07,5.53,4.79,1.07,2.64,0.90
2004-05-10,5.54,4.81,1.08,2.61,0.89
2004-05-11,5.53,4.79,1.05,2.61,0.91
2004-05-12,5.57,4.83,1.04,2.62,0.90
2004-05-13,5.61,4.85,1.00,2.67,0.88
2004-05-14,5.54,4.79,0.99,2.59,0.87
2004-05-17,5.47,4.70,1.06,2.51,0.90
2004-05-18,5.48,4.74,1.05,2.58,0.91
2004-05-19,5.54,4.79,1.04,2.61,0.91
2004-05-20,5.47,4.72,1.03,2.55,0.90
2004-05-21,5.50,4.76,1.03,2.60,0.91
2004-05-24,5.48,4.75,1.07,2.59,0.92
2004-05-25,5.45,4.73,1.07,2.58,0.95
2004-05-26,5.41,4.67,1.08,2.52,0.94
2004-05-27,5.34,4.60,1.06,2.46,0.94
2004-05-28,5.39,4.66,1.08,2.54,0.94
2004-05-31,,,,,
2004-06-01,5.45,4.71,1.17,2.60,0.97
2004-06-02,5.47,4.74,1.17,2.65,0.97
2004-06-03,5.46,4.71,1.17,2.63,0.96
2004-06-04,5.51,4.78,1.21,2.70,0.96
2004-06-07,5.51,4.78,1.24,2.67,0.97
2004-06-08,5.50,4.78,1.27,2.73,1.03
2004-06-09,5.54,4.82,1.27,2.79,1.03
2004-06-10,5.52,4.81,1.30,2.81,1.02
2004-06-11,,,,,
2004-06-14,5.59,4.89,1.41,2.97,1.07
2004-06-15,5.41,4.69,1.34,2.77,1.09
2004-06-16,5.46,4.74,1.30,2.84,1.05
2004-06-17,5.42,4.71,1.28,2.81,1.02
2004-06-18,5.43,4.72,1.29,2.81,1.03
2004-06-21,5.42,4.70,1.33,2.80,1.04
2004-06-22,5.43,4.72,1.32,2.80,1.08
2004-06-23,5.41,4.71,1.29,2.78,1.08
2004-06-24,5.36,4.66,1.29,2.74,1.10
2004-06-25,5.37,4.66,1.31,2.74,1.10
2004-06-28,5.46,4.76,1.38,2.86,1.12
2004-06-29,5.41,4.70,1.38,2.83,1.19
2004-06-30,5.33,4.62,1.33,2.70,1.17
2004-07-01,5.31,4.57,1.22,2.64,1.01
2004-07-02,5.22,4.48,1.30,2.54,1.07
2004-07-05,,,,,
2004-07-06,5.24,4.49,1.34,2.56,1.11
2004-07-07,5.24,4.50,1.30,2.56,1.16
2004-07-08,5.24,4.49,1.27,2.55,1.14
2004-07-09,5.23,4.49,1.28,2.55,1.14
2004-07-12,5.22,4.46,1.34,2.53,1.16
2004-07-13,5.25,4.50,1.34,2.58,1.19
2004-07-14,5.24,4.50,1.34,2.62,1.17
2004-07-15,5.24,4.50,1.35,2.64,1.15
2004-07-16,5.14,4.38,1.35,2.54,1.15
2004-07-19,5.14,4.38,1.35,2.56,1.16
2004-07-20,5.21,4.47,1.36,2.67,1.22
2004-07-21,5.24,4.50,1.35,2.71,1.21
2004-07-22,5.22,4.48,1.37,2.69,1.21
2004-07-23,5.20,4.45,1.38,2.69,1.23
2004-07-26,5.23,4.49,1.45,2.75,1.29
2004-07-27,5.35,4.62,1.46,2.82,1.35
2004-07-28,5.35,4.61,1.46,2.78,1.32
2004-07-29,5.34,4.60,1.45,2.75,1.29
2004-07-30,5.24,4.50,1.45,2.68,1.27
2004-08-02,5.22,4.48,1.50,2.66,1.28
2004-08-03,5.20,4.45,1.48,2.66,1.37
2004-08-04,5.20,4.45,1.49,2.66,1.34
2004-08-05,5.18,4.43,1.48,2.64,1.34
2004-08-06,5.04,4.24,1.44,2.40,1.36
2004-08-09,5.06,4.28,1.51,2.45,1.40
2004-08-10,5.08,4.32,1.50,2.55,1.42
2004-08-11,5.07,4.30,1.44,2.54,1.40
2004-08-12,5.05,4.27,1.43,2.52,1.31
2004-08-13,5.02,4.22,1.44,2.47,1.32
2004-08-16,5.06,4.26,1.49,2.51,1.36
2004-08-17,5.02,4.21,1.48,2.44,1.38
2004-08-18,5.04,4.23,1.49,2.44,1.37
2004-08-19,5.03,4.22,1.48,2.43,1.35
2004-08-20,5.03,4.24,1.49,2.46,1.34
2004-08-23,5.08,4.28,1.54,2.50,1.33
2004-08-24,5.08,4.28,1.54,2.50,1.39
2004-08-25,5.06,4.26,1.54,2.51,1.38
2004-08-26,5.03,4.22,1.55,2.48,1.40
2004-08-27,5.02,4.23,1.56,2.48,1.43
2004-08-30,4.99,4.19,1.61,2.47,1.45
2004-08-31,4.93,4.13,1.59,2.41,1.45
2004-09-01,4.93,4.13,1.58,2.41,1.43
2004-09-02,4.99,4.20,1.60,2.46,1.46
2004-09-03,5.07,4.30,1.65,2.61,1.49
2004-09-06,,,,,
2004-09-07,5.03,4.26,1.66,2.58,1.53
2004-09-08,4.96,4.18,1.65,2.50,1.57
2004-09-09,4.99,4.22,1.64,2.50,1.57
2004-09-10,4.97,4.19,1.66,2.50,1.60
2004-09-13,4.94,4.16,1.66,2.50,1.59
2004-09-14,4.93,4.15,1.66,2.47,1.57
2004-09-15,4.96,4.18,1.67,2.51,1.56
2004-09-16,4.86,4.08,1.67,2.44,1.55
2004-09-17,4.91,4.14,1.71,2.53,1.58
2004-09-20,4.85,4.07,1.73,2.46,1.60
2004-09-21,4.82,4.05,1.72,2.49,1.62
2004-09-22,4.75,4.00,1.71,2.50,1.53
2004-09-23,4.78,4.02,1.72,2.57,1.53
2004-09-24,4.78,4.04,1.73,2.62,1.53
2004-09-27,4.75,4.01,1.74,2.59,1.59
2004-09-28,4.78,4.02,1.72,2.55,1.62
2004-09-29,4.85,4.10,1.72,2.61,1.52
2004-09-30,4.89,4.14,1.71,2.63,1.47
2004-10-01,4.95,4.21,1.71,2.63,1.52
2004-10-04,4.93,4.19,1.71,2.65,1.54
2004-10-05,4.93,4.18,1.71,2.65,1.57
2004-10-06,4.97,4.23,1.71,2.70,1.56
2004-10-07,5.00,4.26,1.70,2.72,1.56
2004-10-08,4.91,4.15,1.71,2.61,1.56
2004-10-11,,,,,
2004-10-12,4.88,4.12,1.72,2.56,1.59
2004-10-13,4.86,4.09,1.72,2.53,1.59
2004-10-14,4.81,4.03,1.74,2.48,1.60
2004-10-15,4.84,4.07,1.76,2.53,1.59
2004-10-18,4.84,4.07,1.81,2.55,1.61
2004-10-19,4.83,4.07,1.82,2.57,1.63
2004-10-20,4.77,4.01,1.82,2.53,1.62
2004-10-21,4.76,4.01,1.85,2.57,1.64
2004-10-22,4.75,4.00,1.85,2.55,1.65
2004-10-25,4.74,3.99,1.90,2.54,1.73
2004-10-26,4.75,4.01,1.91,2.54,1.82
2004-10-27,4.85,4.11,1.92,2.63,1.78
2004-10-28,4.83,4.09,1.91,2.59,1.71
2004-10-29,4.79,4.05,1.91,2.56,1.73
2004-11-01,4.84,4.11,1.99,2.61,1.79
2004-11-02,4.84,4.10,1.97,2.60,1.86
2004-11-03,4.83,4.09,1.96,2.60,1.83
2004-11-04,4.82,4.10,1.98,2.63,1.85
2004-11-05,4.92,4.21,2.03,2.80,1.86
2004-11-08,4.95,4.22,2.07,2.80,1.88
2004-11-09,4.95,4.22,2.08,2.80,1.89
2004-11-10,4.97,4.25,2.08,2.82,1.88
2004-11-11,,,,,
2004-11-12,4.91,4.20,2.08,2.86,1.91
2004-11-15,4.91,4.20,2.12,2.89,1.92
2004-11-16,4.92,4.21,2.14,2.91,1.93
2004-11-17,4.85,4.14,2.13,2.85,1.90
2004-11-18,4.82,4.12,2.13,2.86,1.91
2004-11-19,4.89,4.20,2.15,2.95,1.98
2004-11-22,4.85,4.18,2.20,2.95,1.98
2004-11-23,4.85,4.19,2.19,2.98,1.99
2004-11-24,4.85,4.20,2.18,3.01,1.98
2004-11-25,,,,,
2004-11-26,4.90,4.24,2.21,3.03,2.01
2004-11-29,4.99,4.34,2.23,3.07,2.02
2004-11-30,5.03,4.36,2.23,3.02,2.07
2004-12-01,5.04,4.38,2.22,3.01,2.06
2004-12-02,5.07,4.40,2.22,3.04,2.06
2004-12-03,4.95,4.27,2.21,2.94,2.06
2004-12-06,4.92,4.24,2.25,2.93,2.09
2004-12-07,4.91,4.23,2.25,2.95,2.08
2004-12-08,4.80,4.14,2.24,2.91,2.08
2004-12-09,4.84,4.19,2.24,2.93,2.07
2004-12-10,4.83,4.16,2.25,2.95,2.07
2004-12-13,4.81,4.16,2.24,2.98,2.04
2004-12-14,4.79,4.14,2.21,2.99,2.01
2004-12-15,4.72,4.09,2.21,2.97,1.98
2004-12-16,4.84,4.19,2.20,3.01,1.93
2004-12-17,4.85,4.21,2.20,3.03,1.95
2004-12-20,4.84,4.21,2.22,3.06,1.97
2004-12-21,4.82,4.18,2.20,3.05,1.92
2004-12-22,4.85,4.21,2.18,3.04,1.84
2004-12-23,4.86,4.23,2.19,3.02,1.83
2004-12-24,,,,,
2004-12-27,4.95,4.30,2.26,3.07,1.90
2004-12-28,4.94,4.31,2.25,3.08,1.88
2004-12-29,4.96,4.33,2.22,3.12,1.76
2004-12-30,4.92,4.27,2.22,3.10,1.68
2004-12-31,4.85,4.24,2.22,3.08,1.89
2005-01-03,4.84,4.23,2.32,3.10,1.99
2005-01-04,4.91,4.29,2.33,3.20,2.05
2005-01-05,4.88,4.29,2.33,3.22,2.04
2005-01-06,4.88,4.29,2.31,3.18,2.04
2005-01-07,4.88,4.29,2.32,3.20,2.03
2005-01-10,4.86,4.29,2.36,3.23,2.07
2005-01-11,4.83,4.26,2.34,3.24,2.03
2005-01-12,4.81,4.25,2.34,3.22,2.01
2005-01-13,4.75,4.20,2.35,3.21,2.06
2005-01-14,4.76,4.23,2.37,3.24,2.06
2005-01-17,,,,,
2005-01-18,4.73,4.21,2.39,3.26,2.05
2005-01-19,4.71,4.20,2.37,3.26,1.95
2005-01-20,4.70,4.17,2.35,3.21,1.89
2005-01-21,4.69,4.16,2.36,3.16,2.02
2005-01-24,4.65,4.14,2.37,3.20,2.05
2005-01-25,4.72,4.20,2.39,3.23,2.13
2005-01-26,4.72,4.21,2.41,3.27,2.16
2005-01-27,4.73,4.22,2.44,3.28,2.16
2005-01-28,4.66,4.16,2.46,3.25,2.12
2005-01-31,4.64,4.14,2.51,3.29,2.06
2005-02-01,4.65,4.15,2.51,3.29,2.23
2005-02-02,4.63,4.15,2.51,3.32,2.22
2005-02-03,4.64,4.18,2.48,3.34,2.18
2005-02-04,4.54,4.09,2.47,3.29,2.20
2005-02-07,4.49,4.07,2.51,3.31,2.27
2005-02-08,4.46,4.05,2.49,3.33,2.34
2005-02-09,4.43,4.00,2.51,3.24,2.34
2005-02-10,4.52,4.07,2.51,3.29,2.35
2005-02-11,4.55,4.10,2.55,3.34,2.36
2005-02-14,4.51,4.08,2.59,3.38,2.37
2005-02-15,4.55,4.10,2.59,3.37,2.40
2005-02-16,4.60,4.16,2.57,3.41,2.39
2005-02-17,4.65,4.19,2.58,3.38,2.40
2005-02-18,4.72,4.27,2.61,3.45,2.39
2005-02-21,,,,,
2005-02-22,4.75,4.29,2.67,3.46,2.43
2005-02-23,4.73,4.27,2.67,3.46,2.47
2005-02-24,4.74,4.29,2.69,3.52,2.48
2005-02-25,4.72,4.27,2.74,3.54,2.50
2005-02-28,4.79,4.36,2.76,3.59,2.51
2005-03-01,4.80,4.38,2.75,3.59,2.55
2005-03-02,4.82,4.38,2.74,3.57,2.54
2005-03-03,4.82,4.39,2.76,3.59,2.55
2005-03-04,4.73,4.32,2.76,3.57,2.56
2005-03-07,4.70,4.31,2.76,3.61,2.59
2005-03-08,4.78,4.38,2.75,3.62,2.61
2005-03-09,4.92,4.52,2.76,3.66,2.60
2005-03-10,4.85,4.48,2.75,3.68,2.60
2005-03-11,4.93,4.56,2.76,3.73,2.60
2005-03-14,4.90,4.52,2.80,3.75,2.62
2005-03-15,4.93,4.54,2.81,3.75,2.70
2005-03-16,4.91,4.52,2.80,3.72,2.68
2005-03-17,4.87,4.47,2.79,3.70,2.68
2005-03-18,4.92,4.51,2.81,3.72,2.70
2005-03-21,4.94,4.53,2.85,3.72,2.72
2005-03-22,5.01,4.63,2.89,3.86,2.77
2005-03-23,4.99,4.61,2.83,3.84,2.72
2005-03-24,4.97,4.60,2.84,3.88,2.70
2005-03-25,,,,,
2005-03-28,5.01,4.64,2.84,3.90,2.69
2005-03-29,4.98,4.60,2.84,3.87,2.70
2005-03-30,4.93,4.56,2.83,3.86,2.71
2005-03-31,4.88,4.50,2.79,3.80,2.63
2005-04-01,4.85,4.46,2.80,3.75,2.66
2005-04-04,4.84,4.47,2.80,3.74,2.64
2005-04-05,4.87,4.48,2.79,3.75,2.63
2005-04-06,4.85,4.44,2.76,3.70,2.60
2005-04-07,4.90,4.49,2.77,3.72,2.61
2005-04-08,4.88,4.50,2.79,3.77,2.61
2005-04-11,4.84,4.45,2.76,3.75,2.60
2005-04-12,4.78,4.38,2.76,3.71,2.62
2005-04-13,4.80,4.38,2.77,3.66,2.62
2005-04-14,4.80,4.37,2.78,3.60,2.62
2005-04-15,4.73,4.27,2.79,3.54,2.63
2005-04-18,4.70,4.27,2.90,3.55,2.67
2005-04-19,4.64,4.21,2.91,3.50,2.73
2005-04-20,4.66,4.22,2.87,3.52,2.65
2005-04-21,4.73,4.32,2.88,3.65,2.59
2005-04-22,4.68,4.26,2.93,3.62,2.64
2005-04-25,4.65,4.26,2.93,3.64,2.67
2005-04-26,4.67,4.28,2.91,3.67,2.70
2005-04-27,4.65,4.25,2.89,3.64,2.65
2005-04-28,4.60,4.19,2.88,3.59,2.60
2005-04-29,4.61,4.21,2.90,3.66,2.70
2005-05-02,4.61,4.21,2.93,3.64,2.68
2005-05-03,4.60,4.21,2.91,3.68,2.65
2005-05-04,4.64,4.20,2.87,3.63,2.59
2005-05-05,4.64,4.19,2.81,3.58,2.60
2005-05-06,4.69,4.28,2.87,3.73,2.64
2005-05-09,4.69,4.29,2.91,3.76,2.66
2005-05-10,4.65,4.23,2.90,3.69,2.60
2005-05-11,4.61,4.21,2.87,3.68,2.60
2005-05-12,4.59,4.18,2.88,3.66,2.58
2005-05-13,4.56,4.12,2.83,3.61,2.47
2005-05-16,4.56,4.13,2.89,3.61,2.48
2005-05-17,4.54,4.12,2.88,3.61,2.60
2005-05-18,4.49,4.07,2.86,3.56,2.60
2005-05-19,4.52,4.11,2.87,3.64,2.63
2005-05-20,4.52,4.13,2.90,3.69,2.66
2005-05-23,4.46,4.07,2.97,3.65,2.69
2005-05-24,4.43,4.04,2.94,3.61,2.82
2005-05-25,4.48,4.08,2.95,3.61,2.79
2005-05-26,4.49,4.08,2.94,3.64,2.77
2005-05-27,4.49,4.08,2.97,3.64,2.77
2005-05-30,,,,,
2005-05-31,4.40,4.00,2.99,3.60,2.80
2005-06-01,4.31,3.91,2.97,3.50,2.79
2005-06-02,4.28,3.89,2.97,3.52,2.80
2005-06-03,4.34,3.98,3.01,3.57,2.82
2005-06-06,4.31,3.96,3.02,3.59,2.83
2005-06-07,4.26,3.92,3.02,3.57,2.82
2005-06-08,4.29,3.95,3.02,3.60,2.83
2005-06-09,4.31,3.98,2.99,3.64,2.81
2005-06-10,4.39,4.05,3.01,3.71,2.82
2005-06-13,4.44,4.09,3.03,3.71,2.82
2005-06-14,4.49,4.13,3.01,3.71,2.78
2005-06-15,4.49,4.12,3.00,3.72,2.78
2005-06-16,4.45,4.09,2.98,3.70,2.76
2005-06-17,4.44,4.09,2.99,3.72,2.79
2005-06-20,4.46,4.11,3.02,3.72,2.81
2005-06-21,4.40,4.06,3.02,3.71,2.85
2005-06-22,4.31,3.95,3.03,3.62,2.84
2005-06-23,4.32,3.96,3.07,3.63,2.79
2005-06-24,4.28,3.92,3.09,3.59,2.78
2005-06-27,4.25,3.90,3.15,3.60,2.85
2005-06-28,4.30,3.97,3.14,3.65,2.99
2005-06-29,4.33,3.99,3.13,3.65,2.95
2005-06-30,4.28,3.94,3.13,3.66,2.99
2005-07-01,4.37,4.06,3.17,3.76,3.02
2005-07-04,,,,,
2005-07-05,4.43,4.11,3.22,3.79,3.03
2005-07-06,4.40,4.08,3.19,3.77,3.04
2005-07-07,4.37,4.05,3.15,3.71,3.00
2005-07-08,4.42,4.11,3.17,3.78,2.99
2005-07-11,4.42,4.11,3.19,3.81,2.98
2005-07-12,4.46,4.15,3.21,3.82,3.02
2005-07-13,4.47,4.17,3.22,3.84,3.03
2005-07-14,4.49,4.19,3.23,3.86,3.04
2005-07-15,4.47,4.18,3.26,3.86,3.04
2005-07-18,4.53,4.22,3.30,3.89,3.06
2005-07-19,4.50,4.20,3.31,3.88,3.13
2005-07-20,4.47,4.17,3.30,3.90,3.11
2005-07-21,4.58,4.28,3.35,3.96,3.13
2005-07-22,4.52,4.23,3.38,3.92,3.16
2005-07-25,4.53,4.25,3.44,3.95,3.20
2005-07-26,4.53,4.24,3.43,3.95,3.25
2005-07-27,4.55,4.27,3.40,3.99,3.23
2005-07-28,4.48,4.20,3.41,3.96,3.25
2005-07-29,4.56,4.28,3.42,4.02,3.25
2005-08-01,4.59,4.32,3.48,4.04,3.30
2005-08-02,4.62,4.34,3.49,4.06,3.35
2005-08-03,4.58,4.30,3.46,4.02,3.34
2005-08-04,4.60,4.32,3.47,4.04,3.34
2005-08-05,4.66,4.40,3.52,4.11,3.35
2005-08-08,4.68,4.42,3.54,4.16,3.38
2005-08-09,4.66,4.41,3.52,4.13,3.37
2005-08-10,4.65,4.40,3.51,4.13,3.38
2005-08-11,4.60,4.32,3.51,4.10,3.31
2005-08-12,4.52,4.24,3.52,4.05,3.32
2005-08-15,4.53,4.27,3.54,4.08,3.28
2005-08-16,4.49,4.23,3.54,4.03,3.32
2005-08-17,4.53,4.28,3.52,4.07,3.31
2005-08-18,4.48,4.21,3.50,4.01,3.30
2005-08-19,4.47,4.21,3.52,4.03,3.33
2005-08-22,4.48,4.22,3.53,4.03,3.34
2005-08-23,4.46,4.20,3.53,4.01,3.34
2005-08-24,4.46,4.19,3.53,3.99,3.34
2005-08-25,4.45,4.18,3.54,4.00,3.34
2005-08-26,4.46,4.20,3.55,4.06,3.36
2005-08-29,4.45,4.20,3.54,4.06,3.42
2005-08-30,4.43,4.16,3.54,3.97,3.40
2005-08-31,4.30,4.02,3.52,3.84,3.41
2005-09-01,4.31,4.02,3.48,3.72,3.35
2005-09-02,4.33,4.03,3.46,3.75,3.38
2005-09-05,,,,,
2005-09-06,4.39,4.09,3.52,3.80,3.39
2005-09-07,4.46,4.15,3.49,3.87,3.36
2005-09-08,4.45,4.15,3.48,3.87,3.31
2005-09-09,4.45,4.14,3.49,3.88,3.32
2005-09-12,4.50,4.18,3.51,3.92,3.33
2005-09-13,4.47,4.14,3.47,3.88,3.30
2005-09-14,4.50,4.17,3.42,3.90,3.25
2005-09-15,4.56,4.22,3.45,3.90,3.23
2005-09-16,4.61,4.26,3.50,3.97,3.23
2005-09-19,4.60,4.25,3.58,3.93,3.23
2005-09-20,4.59,4.26,3.61,4.00,3.29
2005-09-21,4.52,4.19,3.41,3.96,3.02
2005-09-22,4.52,4.19,3.47,3.95,2.99
2005-09-23,4.57,4.25,3.48,4.02,3.06
2005-09-26,4.60,4.30,3.52,4.07,3.19
2005-09-27,4.60,4.30,3.49,4.08,3.15
2005-09-28,4.55,4.26,3.46,4.09,3.12
2005-09-29,4.59,4.29,3.54,4.13,3.09
2005-09-30,4.62,4.34,3.55,4.18,3.15
2005-10-03,4.67,4.39,3.61,4.21,3.22
2005-10-04,4.66,4.38,3.63,4.22,3.35
2005-10-05,4.63,4.36,3.58,4.21,3.34
2005-10-06,4.64,4.37,3.61,4.20,3.34
2005-10-07,4.62,4.35,3.63,4.18,3.35
2005-10-10,,,,,
2005-10-11,4.65,4.39,3.73,4.22,3.41
2005-10-12,4.71,4.45,3.70,4.24,3.49
2005-10-13,4.77,4.48,3.75,4.24,3.50
2005-10-14,4.76,4.48,3.78,4.27,3.49
2005-10-17,4.77,4.50,3.86,4.29,3.53
2005-10-18,4.78,4.49,3.85,4.27,3.57
2005-10-19,4.76,4.47,3.86,4.25,3.57
2005-10-20,4.75,4.46,3.85,4.27,3.46
2005-10-21,4.68,4.39,3.87,4.22,3.48
2005-10-24,4.74,4.45,3.92,4.25,3.51
2005-10-25,4.80,4.54,3.93,4.34,3.71
2005-10-26,4.87,4.60,3.90,4.38,3.70
2005-10-27,4.84,4.57,3.88,4.36,3.72
2005-10-28,4.84,4.58,3.93,4.40,3.75
2005-10-31,4.84,4.57,3.98,4.40,3.77
2005-11-01,4.85,4.58,3.96,4.42,3.78
2005-11-02,4.88,4.61,3.94,4.43,3.77
2005-11-03,4.94,4.65,3.94,4.47,3.81
2005-11-04,4.95,4.66,3.98,4.47,3.80
2005-11-07,4.93,4.65,3.96,4.47,3.81
2005-11-08,4.86,4.57,3.96,4.43,3.88
2005-11-09,4.93,4.64,3.99,4.49,3.91
2005-11-10,4.85,4.55,3.97,4.44,3.89
2005-11-11,,,,,
2005-11-14,4.90,4.61,4.02,4.50,3.93
2005-11-15,4.83,4.56,4.01,4.47,4.01
2005-11-16,4.77,4.49,4.00,4.42,4.00
2005-11-17,4.75,4.46,4.01,4.37,3.98
2005-11-18,4.79,4.50,4.01,4.40,3.95
2005-11-21,4.76,4.46,4.00,4.39,3.93
2005-11-22,4.76,4.43,3.93,4.32,3.94
2005-11-23,4.80,4.47,3.95,4.36,3.94
2005-11-24,,,,,
2005-11-25,4.76,4.43,3.95,4.33,3.91
2005-11-28,4.71,4.41,3.98,4.33,3.94
2005-11-29,4.78,4.48,3.98,4.40,3.99
2005-11-30,4.81,4.49,3.95,4.42,4.00
2005-12-01,4.83,4.52,3.97,4.45,3.99
2005-12-02,4.81,4.52,3.99,4.43,4.00
2005-12-05,4.85,4.57,4.04,4.47,4.01
2005-12-06,4.79,4.49,4.04,4.42,3.84
2005-12-07,4.80,4.52,4.03,4.42,3.84
2005-12-08,4.75,4.47,3.94,4.37,3.67
2005-12-09,4.83,4.54,3.94,4.43,3.62
2005-12-12,4.82,4.56,3.90,4.45,3.59
2005-12-13,4.81,4.54,3.91,4.43,3.61
2005-12-14,4.73,4.45,3.89,4.37,3.61
2005-12-15,4.75,4.47,3.93,4.37,3.60
2005-12-16,4.72,4.45,3.93,4.37,3.56
2005-12-19,4.72,4.45,3.96,4.38,3.56
2005-12-20,4.74,4.47,3.95,4.42,3.55
2005-12-21,4.75,4.49,3.98,4.43,3.56
2005-12-22,4.69,4.44,3.98,4.40,3.55
2005-12-23,4.63,4.38,3.99,4.37,3.48
2005-12-26,,,,,
2005-12-27,4.58,4.34,3.98,4.35,3.51
2005-12-28,4.62,4.38,3.95,4.37,3.57
2005-12-29,4.60,4.37,4.01,4.38,3.67
2005-12-30,4.61,4.39,4.08,4.41,4.01
2006-01-02,,,,,
2006-01-03,4.62,4.37,4.16,4.34,4.05
2006-01-04,4.60,4.36,4.19,4.31,4.03
2006-01-05,4.61,4.36,4.20,4.32,4.05
2006-01-06,4.63,4.38,4.22,4.36,4.06
2006-01-09,4.63,4.38,4.23,4.36,4.09
2006-01-10,4.68,4.43,4.29,4.41,4.15
2006-01-11,4.70,4.46,4.30,4.44,4.16
2006-01-12,4.66,4.42,4.32,4.39,4.16
2006-01-13,4.59,4.36,4.33,4.34,4.13
2006-01-16,,,,,
2006-01-17,4.57,4.34,4.38,4.33,4.11
2006-01-18,4.58,4.34,4.35,4.33,4.04
2006-01-19,4.61,4.38,4.35,4.37,3.98
2006-01-20,4.59,4.37,4.35,4.37,3.95
2006-01-23,4.59,4.36,4.38,4.35,3.98
2006-01-24,4.63,4.40,4.40,4.37,4.24
2006-01-25,4.72,4.49,4.42,4.46,4.22
2006-01-26,4.76,4.53,4.45,4.49,4.17
2006-01-27,4.75,4.52,4.45,4.51,4.19
2006-01-30,4.77,4.54,4.48,4.52,4.18
2006-01-31,4.74,4.53,4.47,4.54,4.37
2006-02-01,4.77,4.57,4.47,4.59,4.33
2006-02-02,4.76,4.57,4.48,4.59,4.32
2006-02-03,4.70,4.54,4.48,4.59,4.31
2006-02-06,4.69,4.55,4.48,4.62,4.32
2006-02-07,4.73,4.57,4.49,4.61,4.33
2006-02-08,4.75,4.56,4.50,4.64,4.34
2006-02-09,4.72,4.54,4.52,4.66,4.32
2006-02-10,4.76,4.59,4.53,4.69,4.36
2006-02-13,4.76,4.58,4.55,4.68,4.38
2006-02-14,4.80,4.62,4.55,4.69,4.42
2006-02-15,4.78,4.61,4.55,4.71,4.39
2006-02-16,4.77,4.59,4.55,4.69,4.38
2006-02-17,4.71,4.54,4.54,4.66,4.39
2006-02-20,,,,,
2006-02-21,4.72,4.57,4.56,4.71,4.42
2006-02-22,4.68,4.53,4.57,4.68,4.44
2006-02-23,4.70,4.56,4.59,4.72,4.44
2006-02-24,4.71,4.58,4.60,4.74,4.45
2006-02-27,4.74,4.59,4.62,4.74,4.48
2006-02-28,4.70,4.55,4.62,4.69,4.47
2006-03-01,4.74,4.59,4.60,4.71,4.45
2006-03-02,4.80,4.64,4.62,4.72,4.45
2006-03-03,4.84,4.68,4.62,4.76,4.45
2006-03-06,4.91,4.74,4.60,4.77,4.44
2006-03-07,4.91,4.74,4.60,4.77,4.47
2006-03-08,4.91,4.73,4.58,4.72,4.45
2006-03-09,4.91,4.74,4.60,4.72,4.44
2006-03-10,4.93,4.76,4.62,4.74,4.46
2006-03-13,4.95,4.77,4.61,4.74,4.45
2006-03-14,4.89,4.71,4.59,4.66,4.49
2006-03-15,4.93,4.73,4.63,4.69,4.50
2006-03-16,4.86,4.65,4.62,4.62,4.49
2006-03-17,4.89,4.68,4.64,4.65,4.50
2006-03-20,4.87,4.66,4.66,4.65,4.56
2006-03-21,4.91,4.71,4.69,4.72,4.67
2006-03-22,4.91,4.70,4.69,4.74,4.67
2006-03-23,4.93,4.73,4.67,4.77,4.66
2006-03-24,4.87,4.67,4.65,4.72,4.66
2006-03-27,4.91,4.70,4.63,4.72,4.66
2006-03-28,4.98,4.79,4.65,4.81,4.71
2006-03-29,5.02,4.81,4.63,4.82,4.69
2006-03-30,5.07,4.86,4.61,4.84,4.67
2006-03-31,5.07,4.86,4.63,4.82,4.65
2006-04-03,5.08,4.88,4.67,4.86,4.66
2006-04-04,5.09,4.87,4.68,4.84,4.64
2006-04-05,5.07,4.84,4.67,4.81,4.62
2006-04-06,5.13,4.90,4.68,4.84,4.65
2006-04-07,5.20,4.97,4.69,4.89,4.64
2006-04-10,5.21,4.97,4.69,4.89,4.64
2006-04-11,5.17,4.93,4.70,4.88,4.63
2006-04-12,5.22,4.98,4.70,4.91,4.62
2006-04-13,5.28,5.05,4.70,4.96,4.54
2006-04-14,,,,,
2006-04-17,5.25,5.01,4.72,4.91,4.55
2006-04-18,5.23,4.99,4.72,4.84,4.54
2006-04-19,5.29,5.04,4.73,4.86,4.54
2006-04-20,5.29,5.04,4.73,4.89,4.55
2006-04-21,5.25,5.01,4.75,4.90,4.58
2006-04-24,5.22,4.99,4.75,4.89,4.58
2006-04-25,5.31,5.07,4.79,4.95,4.63
2006-04-26,5.34,5.12,4.79,4.99,4.65
2006-04-27,5.32,5.09,4.78,4.91,4.64
2006-04-28,5.31,5.07,4.77,4.87,4.60
2006-05-01,5.38,5.14,4.82,4.94,4.61
2006-05-02,5.35,5.12,4.81,4.92,4.66
2006-05-03,5.38,5.15,4.82,4.94,4.65
2006-05-04,5.38,5.16,4.80,4.97,4.61
2006-05-05,5.35,5.12,4.83,4.94,4.61
2006-05-08,5.34,5.12,4.87,4.97,4.64
2006-05-09,5.35,5.13,4.88,4.97,4.72
2006-05-10,5.34,5.13,4.88,5.01,4.69
2006-05-11,5.38,5.14,4.82,4.99,4.64
2006-05-12,5.44,5.19,4.85,5.01,4.64
2006-05-15,5.41,5.15,4.86,4.99,4.68
2006-05-16,5.36,5.10,4.83,4.96,4.76
2006-05-17,5.42,5.16,4.83,4.97,4.75
2006-05-18,5.32,5.08,4.83,4.94,4.75
2006-05-19,5.28,5.05,4.82,4.96,4.75
2006-05-22,5.28,5.04,4.83,4.94,4.74
2006-05-23,5.30,5.07,4.84,4.97,4.75
2006-05-24,5.27,5.03,4.82,4.94,4.74
2006-05-25,5.31,5.07,4.82,4.98,4.74
2006-05-26,5.30,5.06,4.84,4.96,4.75
2006-05-29,,,,,
2006-05-30,5.33,5.09,4.84,4.99,4.76
2006-05-31,5.35,5.12,4.86,5.04,4.75
2006-06-01,5.34,5.11,4.83,5.04,4.75
2006-06-02,5.24,5.00,4.81,4.92,4.75
2006-06-05,5.24,5.02,4.85,4.99,4.77
2006-06-06,5.22,5.01,4.86,4.99,4.80
2006-06-07,5.23,5.02,4.86,5.02,4.80
2006-06-08,5.20,5.00,4.87,5.01,4.78
2006-06-09,5.17,4.98,4.88,5.01,4.78
2006-06-12,5.17,4.99,4.93,5.02,4.78
2006-06-13,5.15,4.97,4.89,5.02,4.72
2006-06-14,5.23,5.05,4.90,5.11,4.68
2006-06-15,5.27,5.10,4.85,5.14,4.60
2006-06-16,5.31,5.13,4.88,5.16,4.63
2006-06-19,5.32,5.14,4.93,5.19,4.67
2006-06-20,5.33,5.15,4.92,5.19,4.70
2006-06-21,5.32,5.16,4.92,5.20,4.66
2006-06-22,5.37,5.20,4.92,5.23,4.55
2006-06-23,5.40,5.23,4.98,5.27,4.61
2006-06-26,5.42,5.25,5.03,5.27,4.73
2006-06-27,5.38,5.21,5.05,5.24,4.86
2006-06-28,5.42,5.25,5.01,5.29,4.79
2006-06-29,5.39,5.22,5.01,5.21,4.68
2006-06-30,5.31,5.15,5.01,5.16,4.54
2006-07-03,5.33,5.15,5.08,5.17,4.69
2006-07-04,,,,,
2006-07-05,5.39,5.23,5.01,5.24,4.81
2006-07-06,5.35,5.19,5.00,5.22,4.80
2006-07-07,5.29,5.14,5.02,5.17,4.83
2006-07-10,5.29,5.13,5.06,5.17,4.86
2006-07-11,5.26,5.10,5.05,5.17,4.90
2006-07-12,5.26,5.10,5.06,5.17,4.92
2006-07-13,5.23,5.08,5.05,5.12,4.88
2006-07-14,5.23,5.07,5.06,5.08,4.87
2006-07-17,5.23,5.07,5.11,5.12,4.91
2006-07-18,5.29,5.13,5.13,5.19,4.94
2006-07-19,5.22,5.06,5.11,5.12,4.91
2006-07-20,5.20,5.03,5.08,5.06,4.87
2006-07-21,5.21,5.05,5.10,5.08,4.88
2006-07-24,5.22,5.05,5.10,5.10,4.91
2006-07-25,5.24,5.07,5.13,5.11,5.01
2006-07-26,5.22,5.04,5.11,5.06,5.00
2006-07-27,5.22,5.07,5.10,5.07,5.02
2006-07-28,5.17,5.00,5.07,4.98,4.98
2006-07-31,5.17,4.99,5.10,4.97,5.02
2006-08-01,5.17,4.99,5.12,4.97,5.20
2006-08-02,5.14,4.96,5.10,4.97,5.20
2006-08-03,5.13,4.96,5.11,4.98,5.18
2006-08-04,5.09,4.91,5.09,4.91,5.15
2006-08-07,5.09,4.93,5.12,4.96,5.18
2006-08-08,5.11,4.93,5.10,4.91,5.19
2006-08-09,5.13,4.92,5.07,4.91,5.14
2006-08-10,5.15,4.93,5.05,4.93,5.12
2006-08-11,5.18,4.97,5.07,4.96,5.12
2006-08-14,5.21,5.00,5.12,5.01,5.15
2006-08-15,5.13,4.93,5.10,4.94,5.18
2006-08-16,5.08,4.87,5.07,4.87,5.16
2006-08-17,5.08,4.87,5.09,4.89,5.15
2006-08-18,5.05,4.84,5.10,4.87,5.13
2006-08-21,5.04,4.82,5.11,4.85,5.15
2006-08-22,5.03,4.82,5.10,4.87,5.17
2006-08-23,5.03,4.82,5.09,4.87,5.17
2006-08-24,5.02,4.81,5.09,4.88,5.16
2006-08-25,5.01,4.79,5.11,4.86,5.17
2006-08-28,5.01,4.80,5.10,4.88,5.17
2006-08-29,5.00,4.79,5.07,4.87,5.19
2006-08-30,4.98,4.76,5.05,4.83,5.16
2006-08-31,4.95,4.74,5.05,4.79,5.12
2006-09-01,4.95,4.73,5.02,4.77,5.07
2006-09-04,,,,,
2006-09-05,5.01,4.78,5.00,4.80,4.96
2006-09-06,5.02,4.80,4.97,4.82,4.89
2006-09-07,5.01,4.80,4.97,4.82,4.89
2006-09-08,4.99,4.78,4.93,4.80,4.83
2006-09-11,5.02,4.80,4.93,4.83,4.85
2006-09-12,4.98,4.78,4.90,4.82,4.75
2006-09-13,4.97,4.77,4.91,4.80,4.78
2006-09-14,4.99,4.79,4.95,4.83,4.81
2006-09-15,5.00,4.80,4.96,4.87,4.77
2006-09-18,5.01,4.81,4.94,4.88,4.76
2006-09-19,4.94,4.74,4.94,4.79,4.72
2006-09-20,4.93,4.73,4.93,4.81,4.73
2006-09-21,4.86,4.65,4.92,4.71,4.72
2006-09-22,4.82,4.60,4.93,4.67,4.73
2006-09-25,4.77,4.56,4.88,4.63,4.72
2006-09-26,4.79,4.59,4.88,4.68,4.64
2006-09-27,4.81,4.60,4.88,4.66,4.60
2006-09-28,4.84,4.63,4.87,4.68,4.53
2006-09-29,4.84,4.64,4.89,4.71,4.60
2006-10-02,4.83,4.62,4.88,4.66,4.67
2006-10-03,4.83,4.62,4.90,4.67,4.71
2006-10-04,4.79,4.57,4.93,4.60,4.78
2006-10-05,4.84,4.61,4.94,4.65,4.81
2006-10-06,4.92,4.70,4.95,4.74,4.76
2006-10-09,,,,,
2006-10-10,4.96,4.75,5.00,4.82,4.81
2006-10-11,4.99,4.78,5.02,4.85,4.90
2006-10-12,4.99,4.79,5.06,4.85,4.93
2006-10-13,5.02,4.81,5.05,4.87,4.93
2006-10-16,5.00,4.79,5.09,4.85,5.01
2006-10-17,4.99,4.78,5.09,4.83,5.06
2006-10-18,4.97,4.77,5.09,4.85,5.05
2006-10-19,4.99,4.79,5.10,4.85,5.02
2006-10-20,4.99,4.79,5.09,4.87,5.00
2006-10-23,5.03,4.83,5.12,4.90,5.05
2006-10-24,5.03,4.83,5.13,4.91,5.15
2006-10-25,4.98,4.78,5.12,4.88,5.14
2006-10-26,4.93,4.73,5.12,4.81,5.16
2006-10-27,4.88,4.68,5.11,4.76,5.14
2006-10-30,4.88,4.68,5.10,4.78,5.15
2006-10-31,4.81,4.61,5.08,4.71,5.18
2006-11-01,4.77,4.57,5.07,4.66,5.19
2006-11-02,4.80,4.60,5.07,4.67,5.18
2006-11-03,4.90,4.72,5.09,4.82,5.18
2006-11-06,4.89,4.71,5.09,4.82,5.17
2006-11-07,4.85,4.66,5.08,4.77,5.20
2006-11-08,4.82,4.64,5.10,4.75,5.20
2006-11-09,4.82,4.62,5.09,4.75,5.19
2006-11-10,4.78,4.59,5.10,4.73,5.20
2006-11-13,4.80,4.61,5.09,4.76,5.17
2006-11-14,4.76,4.57,5.09,4.74,5.24
2006-11-15,4.80,4.61,5.09,4.80,5.24
2006-11-16,4.84,4.66,5.09,4.85,5.22
2006-11-17,4.79,4.61,5.09,4.76,5.19
2006-11-20,4.78,4.60,5.08,4.76,5.19
2006-11-21,4.76,4.58,5.07,4.75,5.26
2006-11-22,4.76,4.57,5.05,4.74,5.25
2006-11-23,,,,,
2006-11-24,4.74,4.55,5.04,4.73,5.21
2006-11-27,4.73,4.54,5.05,4.71,5.22
2006-11-28,4.70,4.51,5.04,4.67,5.27
2006-11-29,4.72,4.52,5.04,4.69,5.26
2006-11-30,4.66,4.46,5.03,4.62,5.22
2006-12-01,4.64,4.43,5.03,4.52,5.21
2006-12-04,4.65,4.43,5.01,4.52,5.13
2006-12-05,4.67,4.45,4.99,4.52,4.88
2006-12-06,4.69,4.48,4.99,4.59,4.91
2006-12-07,4.70,4.49,4.98,4.58,4.92
2006-12-08,4.76,4.56,4.97,4.68,4.89
2006-12-11,4.73,4.52,4.93,4.67,4.85
2006-12-12,4.70,4.49,4.93,4.61,4.87
2006-12-13,4.78,4.58,4.94,4.70,4.86
2006-12-14,4.81,4.60,4.96,4.73,4.87
2006-12-15,4.81,4.60,4.91,4.73,4.78
2006-12-18,4.81,4.60,4.96,4.71,4.80
2006-12-19,4.82,4.60,4.96,4.71,4.84
2006-12-20,4.82,4.60,4.96,4.71,4.87
2006-12-21,4.78,4.55,4.97,4.66,4.84
2006-12-22,4.85,4.63,4.99,4.71,4.82
2006-12-25,,,,,
2006-12-26,4.82,4.61,4.99,4.71,4.81
2006-12-27,4.87,4.66,4.97,4.77,4.75
2006-12-28,4.90,4.70,5.00,4.82,4.74
2006-12-29,4.91,4.71,5.02,4.82,4.75
2007-01-01,,,,,
2007-01-02,4.87,4.68,5.07,4.80,4.79
2007-01-03,4.85,4.67,5.05,4.76,4.84
2007-01-04,4.81,4.62,5.04,4.71,4.80
2007-01-05,4.84,4.65,5.05,4.76,4.81
2007-01-08,4.84,4.66,5.08,4.78,4.87
2007-01-09,4.83,4.66,5.08,4.79,4.90
2007-01-10,4.87,4.69,5.09,4.81,4.94
2007-01-11,4.92,4.74,5.11,4.86,4.99
2007-01-12,4.96,4.77,5.09,4.88,4.98
2007-01-15,,,,,
2007-01-16,4.94,4.75,5.11,4.86,5.00
2007-01-17,4.98,4.79,5.12,4.91,5.01
2007-01-18,4.94,4.75,5.12,4.89,4.97
2007-01-19,4.96,4.78,5.14,4.93,4.96
2007-01-22,4.94,4.76,5.13,4.91,4.98
2007-01-23,5.00,4.81,5.14,4.94,5.02
2007-01-24,5.00,4.81,5.13,4.93,4.99
2007-01-25,5.06,4.87,5.14,4.98,4.97
2007-01-26,5.07,4.88,5.13,4.99,4.94
2007-01-29,5.09,4.90,5.14,4.99,4.95
2007-01-30,5.07,4.88,5.13,4.98,4.99
2007-01-31,5.02,4.83,5.12,4.94,5.00
2007-02-01,5.02,4.84,5.13,4.96,4.99
2007-02-02,5.02,4.83,5.14,4.94,5.01
2007-02-05,5.00,4.81,5.15,4.92,5.06
2007-02-06,4.96,4.77,5.14,4.90,5.14
2007-02-07,4.94,4.74,5.15,4.87,5.15
2007-02-08,4.93,4.73,5.16,4.87,5.15
2007-02-09,4.98,4.79,5.15,4.92,5.15
2007-02-12,5.00,4.80,5.18,4.94,5.16
2007-02-13,5.02,4.82,5.17,4.95,5.24
2007-02-14,4.94,4.74,5.16,4.87,5.23
2007-02-15,4.91,4.70,5.17,4.83,5.23
2007-02-16,4.90,4.69,5.17,4.83,5.23
2007-02-19,,,,,
2007-02-20,4.89,4.68,5.19,4.81,5.23
2007-02-21,4.90,4.69,5.18,4.82,5.27
2007-02-22,4.94,4.73,5.19,4.87,5.26
2007-02-23,4.89,4.68,5.18,4.82,5.25
2007-02-26,4.84,4.63,5.19,4.77,5.23
2007-02-27,4.73,4.50,5.14,4.59,5.22
2007-02-28,4.78,4.56,5.16,4.65,5.24
2007-03-01,4.78,4.56,5.15,4.63,5.25
2007-03-02,4.75,4.52,5.12,4.56,5.23
2007-03-05,4.74,4.51,5.10,4.53,5.22
2007-03-06,4.76,4.53,5.14,4.58,5.24
2007-03-07,4.73,4.50,5.12,4.54,5.24
2007-03-08,4.74,4.51,5.10,4.56,5.24
2007-03-09,4.81,4.59,5.10,4.66,5.22
2007-03-12,4.78,4.56,5.09,4.62,5.22
2007-03-13,4.75,4.50,5.09,4.52,5.23
2007-03-14,4.78,4.53,5.06,4.54,5.24
2007-03-15,4.78,4.54,5.05,4.57,5.21
2007-03-16,4.79,4.55,5.04,4.58,5.18
2007-03-19,4.81,4.58,5.06,4.61,5.17
2007-03-20,4.79,4.56,5.06,4.60,5.22
2007-03-21,4.78,4.53,5.05,4.51,5.24
2007-03-22,4.86,4.60,5.06,4.58,5.23
2007-03-23,4.88,4.62,5.08,4.60,5.24
2007-03-26,4.86,4.60,5.06,4.56,5.22
2007-03-27,4.89,4.62,5.08,4.58,5.20
2007-03-28,4.90,4.62,5.06,4.53,5.18
2007-03-29,4.90,4.64,5.05,4.58,5.05
2007-03-30,4.92,4.65,5.04,4.58,5.07
2007-04-02,4.92,4.65,5.04,4.60,5.12
2007-04-03,4.93,4.67,5.05,4.63,5.15
2007-04-04,4.92,4.66,5.07,4.61,5.16
2007-04-05,4.95,4.68,5.04,4.63,5.10
2007-04-06,5.00,4.76,5.05,4.75,5.10
2007-04-09,5.00,4.75,5.02,4.73,5.08
2007-04-10,4.99,4.73,5.03,4.71,5.00
2007-04-11,5.00,4.74,5.04,4.73,5.01
2007-04-12,4.99,4.74,5.03,4.73,5.00
2007-04-13,5.01,4.76,5.02,4.76,4.98
2007-04-16,4.98,4.74,5.01,4.74,4.97
2007-04-17,4.93,4.69,5.01,4.68,4.94
2007-04-18,4.90,4.66,5.00,4.64,4.94
2007-04-19,4.92,4.68,4.99,4.64,4.93
2007-04-20,4.93,4.68,4.99,4.64,4.93
2007-04-23,4.91,4.66,4.98,4.62,4.93
2007-04-24,4.88,4.63,4.98,4.58,4.92
2007-04-25,4.91,4.66,4.97,4.63,4.94
2007-04-26,4.95,4.69,4.96,4.67,4.91
2007-04-27,4.96,4.71,4.95,4.67,4.85
2007-04-30,4.88,4.63,4.91,4.60,4.80
2007-05-01,4.89,4.64,4.90,4.63,4.69
2007-05-02,4.89,4.65,4.91,4.65,4.72
2007-05-03,4.91,4.68,4.90,4.71,4.74
2007-05-04,4.88,4.65,4.90,4.68,4.74
2007-05-07,4.86,4.64,4.89,4.68,4.76
2007-05-08,4.87,4.63,4.90,4.68,4.76
2007-05-09,4.91,4.67,4.88,4.73,4.75
2007-05-10,4.90,4.65,4.87,4.70,4.77
2007-05-11,4.92,4.67,4.87,4.71,4.75
2007-05-14,4.93,4.69,4.85,4.73,4.72
2007-05-15,4.95,4.71,4.83,4.75,4.79
2007-05-16,4.95,4.71,4.75,4.73,4.73
2007-05-17,4.99,4.76,4.81,4.78,4.80
2007-05-18,5.03,4.81,4.84,4.82,4.78
2007-05-21,5.02,4.79,4.88,4.81,4.85
2007-05-22,5.06,4.83,4.93,4.83,5.01
2007-05-23,5.09,4.86,4.91,4.85,5.00
2007-05-24,5.09,4.86,4.91,4.85,4.99
2007-05-25,5.09,4.86,4.88,4.85,4.97
2007-05-28,,,,,
2007-05-29,5.09,4.88,4.90,4.88,4.95
2007-05-30,5.09,4.88,4.85,4.89,4.94
2007-05-31,5.10,4.90,4.73,4.92,4.78
2007-06-01,5.15,4.95,4.79,4.97,4.80
2007-06-04,5.11,4.93,4.81,4.97,4.78
2007-06-05,5.16,4.98,4.83,4.99,4.75
2007-06-06,5.17,4.97,4.80,4.97,4.78
2007-06-07,5.29,5.11,4.80,5.03,4.80
2007-06-08,5.30,5.12,4.77,5.01,4.76
2007-06-11,5.32,5.14,4.73,5.01,4.70
2007-06-12,5.44,5.26,4.72,5.08,4.65
2007-06-13,5.36,5.20,4.66,5.08,4.62
2007-06-14,5.39,5.23,4.65,5.10,4.51
2007-06-15,5.34,5.16,4.56,5.05,4.46
2007-06-18,5.34,5.15,4.63,5.01,4.47
2007-06-19,5.28,5.09,4.65,4.94,4.44
2007-06-20,5.32,5.14,4.74,4.97,4.42
2007-06-21,5.36,5.16,4.70,4.98,4.17
2007-06-22,5.34,5.14,4.73,4.92,4.29
2007-06-25,5.28,5.09,4.82,4.87,4.43
2007-06-26,5.31,5.10,4.82,4.90,4.53
2007-06-27,5.28,5.09,4.77,4.91,4.24
2007-06-28,5.30,5.12,4.78,4.96,4.08
2007-06-29,5.21,5.03,4.82,4.87,4.28
2007-07-02,5.18,5.00,4.95,4.86,4.55
2007-07-03,5.22,5.05,4.95,4.89,4.77
2007-07-04,,,,,
2007-07-05,5.32,5.16,4.95,4.99,4.76
2007-07-06,5.36,5.19,4.95,4.99,4.71
2007-07-09,5.32,5.16,4.97,4.97,4.68
2007-07-10,5.21,5.03,4.95,4.85,4.74
2007-07-11,5.26,5.09,4.95,4.89,4.73
2007-07-12,5.29,5.13,4.97,4.94,4.73
2007-07-13,5.27,5.11,4.97,4.94,4.72
2007-07-16,5.21,5.05,4.98,4.89,4.75
2007-07-17,5.24,5.08,4.96,4.91,4.77
2007-07-18,5.18,5.02,4.96,4.84,4.77
2007-07-19,5.20,5.04,4.98,4.87,4.78
2007-07-20,5.14,4.96,4.97,4.79,4.76
2007-07-23,5.15,4.97,5.02,4.80,4.88
2007-07-24,5.13,4.94,5.02,4.77,5.05
2007-07-25,5.12,4.92,4.99,4.74,5.04
2007-07-26,5.02,4.79,4.92,4.56,4.98
2007-07-27,5.03,4.80,4.85,4.56,4.89
2007-07-30,5.05,4.82,4.96,4.59,4.95
2007-07-31,5.00,4.78,4.96,4.56,5.13
2007-08-01,4.99,4.76,4.89,4.56,5.05
2007-08-02,5.00,4.77,4.89,4.59,5.02
2007-08-03,4.96,4.71,4.85,4.46,4.94
2007-08-06,4.98,4.72,4.88,4.46,4.92
2007-08-07,5.01,4.77,4.94,4.56,5.05
2007-08-08,5.11,4.84,4.95,4.64,5.04
2007-08-09,5.10,4.79,4.81,4.49,4.70
2007-08-10,5.11,4.81,4.57,4.47,4.38
2007-08-13,5.09,4.78,4.74,4.46,4.61
2007-08-14,5.06,4.73,4.64,4.39,4.62
2007-08-15,5.07,4.69,4.21,4.27,4.18
2007-08-16,4.99,4.60,3.79,4.08,3.13
2007-08-17,5.06,4.68,3.76,4.18,3.03
2007-08-20,5.04,4.64,3.12,4.11,2.47
2007-08-21,5.00,4.60,3.59,4.05,3.17
2007-08-22,5.01,4.63,3.67,4.15,3.12
2007-08-23,4.98,4.62,3.89,4.20,3.79
2007-08-24,4.95,4.63,4.24,4.30,4.24
2007-08-27,4.92,4.60,4.63,4.28,4.74
2007-08-28,4.90,4.53,4.40,4.13,4.60
2007-08-29,4.93,4.57,3.98,4.14,4.02
2007-08-30,4.87,4.51,3.84,4.08,3.69
2007-08-31,4.87,4.54,4.01,4.15,4.02
2007-09-03,,,,,
2007-09-04,4.88,4.56,4.47,4.13,4.55
2007-09-05,4.82,4.48,4.36,4.03,4.41
2007-09-06,4.84,4.51,4.29,4.08,4.28
2007-09-07,4.73,4.38,4.07,3.90,4.03
2007-09-10,4.68,4.34,3.96,3.87,3.93
2007-09-11,4.68,4.37,4.11,3.95,4.13
2007-09-12,4.72,4.41,4.03,3.95,4.00
2007-09-13,4.79,4.49,4.08,4.08,4.04
2007-09-14,4.77,4.47,4.01,4.05,3.85
2007-09-17,4.76,4.48,4.15,4.08,3.82
2007-09-18,4.81,4.50,4.01,4.00,3.87
2007-09-19,4.86,4.53,3.93,4.00,3.62
2007-09-20,4.99,4.69,3.79,4.10,3.46
2007-09-21,4.95,4.64,3.74,4.06,3.24
2007-09-24,4.94,4.63,3.84,4.05,3.35
2007-09-25,4.94,4.63,3.79,4.00,3.34
2007-09-26,4.95,4.63,3.73,3.97,3.25
2007-09-27,4.89,4.58,3.71,3.95,3.30
2007-09-28,4.89,4.59,3.82,3.97,3.43
2007-10-01,4.85,4.56,3.92,4.02,3.52
2007-10-02,4.83,4.54,3.96,3.98,3.63
2007-10-03,4.85,4.55,3.96,4.02,3.67
2007-10-04,4.83,4.54,3.96,4.00,3.63
2007-10-05,4.94,4.65,4.00,4.08,3.58
2007-10-08,,,,,
2007-10-09,4.93,4.67,4.06,4.15,3.72
2007-10-10,4.93,4.65,4.06,4.15,3.81
2007-10-11,4.95,4.66,4.12,4.13,3.98
2007-10-12,4.98,4.70,4.20,4.23,4.12
2007-10-15,4.98,4.69,4.30,4.22,4.25
2007-10-16,4.97,4.66,4.25,4.12,4.14
2007-10-17,4.88,4.57,4.01,4.00,3.74
2007-10-18,4.84,4.52,3.76,3.93,3.21
2007-10-19,4.74,4.41,3.86,3.80,3.45
2007-10-22,4.73,4.42,4.00,3.85,3.69
2007-10-23,4.74,4.41,3.98,3.81,3.98
2007-10-24,4.69,4.36,3.85,3.74,3.83
2007-10-25,4.70,4.37,3.94,3.74,3.92
2007-10-26,4.73,4.41,3.96,3.77,3.97
2007-10-29,4.71,4.39,4.01,3.79,3.96
2007-10-30,4.72,4.40,3.96,3.82,4.03
2007-10-31,4.79,4.48,3.94,3.94,4.01
2007-11-01,4.69,4.36,3.81,3.77,3.90
2007-11-02,4.65,4.31,3.61,3.66,3.73
2007-11-05,4.67,4.35,3.71,3.69,3.86
2007-11-06,4.70,4.38,3.76,3.70,3.99
2007-11-07,4.71,4.34,3.49,3.61,3.77
2007-11-08,4.70,4.28,3.38,3.47,3.56
2007-11-09,4.64,4.23,3.27,3.42,3.42
2007-11-12,,,,,
2007-11-13,4.64,4.26,3.50,3.54,3.73
2007-11-14,4.65,4.28,3.41,3.57,3.86
2007-11-15,4.58,4.17,3.30,3.35,3.74
2007-11-16,4.56,4.15,3.40,3.33,3.78
2007-11-19,4.50,4.07,3.40,3.18,3.74
2007-11-20,4.51,4.06,3.25,3.14,3.65
2007-11-21,4.49,4.00,3.09,2.99,3.54
2007-11-22,,,,,
2007-11-23,4.46,4.01,3.23,3.07,3.64
2007-11-26,4.29,3.83,3.13,2.92,3.53
2007-11-27,4.40,3.95,3.16,3.05,3.68
2007-11-28,4.46,4.03,3.05,3.17,3.52
2007-11-29,4.39,3.94,2.99,3.06,3.38
2007-11-30,4.44,3.97,3.15,3.04,3.63
2007-12-03,4.38,3.89,3.06,2.90,3.55
2007-12-04,4.38,3.89,3.07,2.90,3.16
2007-12-05,4.42,3.92,3.07,2.90,3.15
2007-12-06,4.52,4.02,3.09,3.03,3.09
2007-12-07,4.62,4.12,3.12,3.12,3.04
2007-12-10,4.64,4.15,3.05,3.17,3.05
2007-12-11,4.51,3.98,2.94,2.94,2.89
2007-12-12,4.55,4.05,2.88,3.07,2.89
2007-12-13,4.66,4.18,2.87,3.21,2.70
2007-12-14,4.71,4.24,2.88,3.31,2.61
2007-12-17,4.67,4.20,3.07,3.24,2.78
2007-12-18,4.60,4.14,3.04,3.19,2.76
2007-12-19,4.52,4.06,2.91,3.12,2.66
2007-12-20,4.50,4.04,2.92,3.09,2.42
2007-12-21,4.62,4.18,3.00,3.19,2.44
2007-12-24,4.67,4.23,3.33,3.24,2.75
2007-12-25,,,,,
2007-12-26,4.73,4.30,3.32,3.31,3.04
2007-12-27,4.66,4.21,3.17,3.24,2.85
2007-12-28,4.56,4.11,3.18,3.12,2.57
2007-12-31,4.50,4.04,3.36,3.05,2.76
2008-01-01,,,,,
2008-01-02,4.39,3.91,3.26,2.88,3.09
2008-01-03,4.41,3.91,3.24,2.83,3.19
2008-01-04,4.40,3.88,3.20,2.74,3.22
2008-01-07,4.37,3.86,3.27,2.76,3.27
2008-01-08,4.39,3.86,3.25,2.76,3.31
2008-01-09,4.35,3.82,3.22,2.69,3.34
2008-01-10,4.47,3.91,3.24,2.71,3.37
2008-01-11,4.40,3.82,3.09,2.59,3.23
2008-01-14,4.39,3.81,3.19,2.58,3.20
2008-01-15,4.30,3.72,3.17,2.53,3.15
2008-01-16,4.34,3.74,3.14,2.51,3.14
2008-01-17,4.27,3.66,3.07,2.44,3.07
2008-01-18,4.30,3.66,2.86,2.36,2.63
2008-01-21,,,,,
2008-01-22,4.23,3.52,2.35,2.08,2.15
2008-01-23,4.23,3.51,2.21,2.09,2.07
2008-01-24,4.37,3.68,2.37,2.25,2.19
2008-01-25,4.30,3.61,2.30,2.23,2.07
2008-01-28,4.30,3.61,2.34,2.20,2.12
2008-01-29,4.35,3.69,2.28,2.29,2.13
2008-01-30,4.45,3.78,2.21,2.30,1.93
2008-01-31,4.35,3.67,1.96,2.17,1.64
2008-02-01,4.31,3.62,2.10,2.09,1.75
2008-02-04,4.37,3.68,2.27,2.08,2.15
2008-02-05,4.32,3.61,2.19,1.93,2.22
2008-02-06,4.36,3.61,2.10,1.96,2.12
2008-02-07,4.50,3.74,2.17,1.99,2.19
2008-02-08,4.41,3.64,2.23,1.93,2.24
2008-02-11,4.38,3.62,2.31,1.93,2.35
2008-02-12,4.43,3.66,2.31,1.94,2.55
2008-02-13,4.48,3.70,2.28,1.91,2.50
2008-02-14,4.63,3.85,2.31,1.93,2.50
2008-02-15,4.55,3.76,2.21,1.91,2.40
2008-02-18,,,,,
2008-02-19,4.63,3.89,2.28,2.06,2.37
2008-02-20,4.63,3.93,2.25,2.14,2.40
2008-02-21,4.52,3.77,2.20,1.98,2.35
2008-02-22,4.55,3.79,2.20,1.98,2.33
2008-02-25,4.65,3.91,2.20,2.13,2.34
2008-02-26,4.64,3.88,2.14,2.04,2.34
2008-02-27,4.62,3.85,1.98,2.01,2.21
2008-02-28,4.51,3.71,1.90,1.87,2.08
2008-02-29,4.37,3.53,1.85,1.65,2.07
2008-03-03,4.37,3.54,1.70,1.61,1.99
2008-03-04,4.46,3.63,1.66,1.65,2.01
2008-03-05,4.55,3.70,1.53,1.66,1.91
2008-03-06,4.52,3.62,1.39,1.53,1.73
2008-03-07,4.49,3.56,1.45,1.53,1.65
2008-03-10,4.39,3.46,1.35,1.47,1.63
2008-03-11,4.48,3.60,1.48,1.74,1.82
2008-03-12,4.35,3.49,1.48,1.63,1.68
2008-03-13,4.42,3.56,1.35,1.63,1.56
2008-03-14,4.30,3.44,1.18,1.47,1.20
2008-03-17,4.24,3.34,1.11,1.35,1.16
2008-03-18,4.30,3.48,0.92,1.58,0.71
2008-03-19,4.20,3.38,0.61,1.54,0.26
2008-03-20,4.15,3.34,0.63,1.59,0.37
2008-03-21,,,,,
2008-03-24,4.31,3.56,1.24,1.84,0.67
2008-03-25,4.29,3.51,1.29,1.79,1.47
2008-03-26,4.31,3.51,1.29,1.71,1.36
2008-03-27,4.37,3.56,1.30,1.73,1.32
2008-03-28,4.32,3.47,1.33,1.67,1.29
2008-03-31,4.30,3.45,1.38,1.62,1.22
2008-04-01,4.40,3.57,1.40,1.80,1.55
2008-04-02,4.40,3.60,1.41,1.88,1.55
2008-04-03,4.41,3.61,1.40,1.91,1.56
2008-04-04,4.32,3.50,1.35,1.83,1.50
2008-04-07,4.37,3.57,1.45,1.95,1.42
2008-04-08,4.37,3.58,1.41,1.87,1.34
2008-04-09,4.30,3.49,1.31,1.77,1.06
2008-04-10,4.33,3.55,1.27,1.84,0.98
2008-04-11,4.28,3.49,1.19,1.76,0.90
2008-04-14,4.32,3.53,1.08,1.78,0.85
2008-04-15,4.38,3.60,1.10,1.84,0.84
2008-04-16,4.49,3.72,1.12,1.98,0.86
2008-04-17,4.50,3.75,1.23,2.13,0.87
2008-04-18,4.52,3.77,1.35,2.19,0.90
2008-04-21,4.48,3.75,1.34,2.20,0.90
2008-04-22,4.47,3.74,1.27,2.24,0.72
2008-04-23,4.49,3.77,1.26,2.22,0.78
2008-04-24,4.56,3.87,1.26,2.41,0.81
2008-04-25,4.61,3.91,1.34,2.44,0.80
2008-04-28,4.57,3.86,1.43,2.36,0.94
2008-04-29,4.56,3.85,1.46,2.35,1.28
2008-04-30,4.49,3.77,1.43,2.29,1.17
2008-05-01,4.49,3.78,1.45,2.37,1.23
2008-05-02,4.57,3.89,1.50,2.47,1.25
2008-05-05,4.58,3.88,1.53,2.42,1.34
2008-05-06,4.64,3.93,1.63,2.38,1.53
2008-05-07,4.61,3.87,1.67,2.31,1.57
2008-05-08,4.55,3.79,1.66,2.25,1.55
2008-05-09,4.52,3.77,1.69,2.25,1.60
2008-05-12,4.52,3.78,1.77,2.30,1.73
2008-05-13,4.61,3.90,1.83,2.47,1.86
2008-05-14,4.63,3.92,1.82,2.53,1.86
2008-05-15,4.55,3.83,1.83,2.45,1.84
2008-05-16,4.57,3.85,1.84,2.47,1.85
2008-05-19,4.55,3.83,1.82,2.42,1.93
2008-05-20,4.52,3.78,1.86,2.34,1.97
2008-05-21,4.53,3.81,1.86,2.41,1.95
2008-05-22,4.62,3.92,1.86,2.56,1.97
2008-05-23,4.56,3.85,1.86,2.46,1.92
2008-05-26,,,,,
2008-05-27,4.65,3.93,1.89,2.55,1.91
2008-05-28,4.72,4.03,1.89,2.62,2.07
2008-05-29,4.77,4.08,1.90,2.67,2.02
2008-05-30,4.74,4.06,1.89,2.66,1.98
2008-06-02,4.69,3.98,1.85,2.51,1.94
2008-06-03,4.64,3.92,1.85,2.45,1.96
2008-06-04,4.72,3.98,1.84,2.47,1.85
2008-06-05,4.77,4.06,1.85,2.52,1.79
2008-06-06,4.67,3.94,1.85,2.40,1.75
2008-06-09,4.68,4.02,1.89,2.73,1.80
2008-06-10,4.76,4.11,2.02,2.91,2.00
2008-06-11,4.76,4.10,1.96,2.83,1.91
2008-06-12,4.83,4.23,2.00,3.03,1.92
2008-06-13,4.86,4.27,1.99,3.05,1.86
2008-06-16,4.84,4.25,2.07,3.02,1.89
2008-06-17,4.85,4.23,1.99,2.94,1.82
2008-06-18,4.77,4.16,1.93,2.89,1.70
2008-06-19,4.82,4.22,1.91,2.99,1.59
2008-06-20,4.76,4.16,1.87,2.88,1.49
2008-06-23,4.77,4.19,1.87,2.98,1.55
2008-06-24,4.70,4.10,1.83,2.87,1.58
2008-06-25,4.72,4.12,1.81,2.82,1.49
2008-06-26,4.67,4.07,1.74,2.68,1.42
2008-06-27,4.58,3.99,1.68,2.65,1.29
2008-06-30,4.59,3.99,1.90,2.63,1.60
2008-07-01,4.60,4.01,1.87,2.63,1.92
2008-07-02,4.57,3.99,1.82,2.60,1.87
2008-07-03,4.58,3.99,1.84,2.54,1.86
2008-07-04,,,,,
2008-07-07,4.55,3.95,1.87,2.47,1.80
2008-07-08,4.51,3.91,1.86,2.47,1.86
2008-07-09,4.47,3.85,1.82,2.41,1.82
2008-07-10,4.47,3.83,1.67,2.44,1.48
2008-07-11,4.57,3.96,1.62,2.59,1.38
2008-07-14,4.52,3.90,1.52,2.47,1.41
2008-07-15,4.52,3.87,1.39,2.39,1.49
2008-07-16,4.64,3.97,1.37,2.44,1.36
2008-07-17,4.70,4.07,1.43,2.58,1.31
2008-07-18,4.71,4.11,1.48,2.66,1.28
2008-07-21,4.69,4.09,1.48,2.66,1.32
2008-07-22,4.73,4.14,1.55,2.74,1.50
2008-07-23,4.76,4.16,1.59,2.81,1.59
2008-07-24,4.66,4.03,1.65,2.61,1.69
2008-07-25,4.75,4.13,1.75,2.70,1.72
2008-07-28,4.69,4.06,1.73,2.59,1.68
2008-07-29,4.70,4.09,1.72,2.65,1.73
2008-07-30,4.69,4.07,1.70,2.64,1.66
2008-07-31,4.63,3.99,1.68,2.52,1.55
2008-08-01,4.61,3.97,1.66,2.51,1.52
2008-08-04,4.62,3.98,1.75,2.53,1.61
2008-08-05,4.67,4.04,1.75,2.54,1.73
2008-08-06,4.71,4.06,1.64,2.56,1.53
2008-08-07,4.58,3.92,1.66,2.43,1.53
2008-08-08,4.58,3.94,1.70,2.51,1.63
2008-08-11,4.64,3.99,1.87,2.56,1.77
2008-08-12,4.58,3.91,1.86,2.45,1.73
2008-08-13,4.61,3.94,1.85,2.50,1.80
2008-08-14,4.55,3.89,1.89,2.45,1.76
2008-08-15,4.50,3.84,1.85,2.40,1.73
2008-08-18,4.47,3.82,1.82,2.35,1.77
2008-08-19,4.50,3.83,1.80,2.32,1.83
2008-08-20,4.46,3.79,1.71,2.25,1.74
2008-08-21,4.49,3.84,1.72,2.33,1.73
2008-08-22,4.50,3.87,1.70,2.42,1.67
2008-08-25,4.42,3.79,1.74,2.33,1.66
2008-08-26,4.43,3.79,1.71,2.35,1.67
2008-08-27,4.41,3.77,1.67,2.31,1.58
2008-08-28,4.41,3.79,1.74,2.37,1.63
2008-08-29,4.47,3.83,1.72,2.36,1.63
2008-09-01,,,,,
2008-09-02,4.39,3.74,1.72,2.26,1.64
2008-09-03,4.36,3.71,1.70,2.26,1.57
2008-09-04,4.31,3.64,1.69,2.20,1.56
2008-09-05,4.31,3.66,1.68,2.23,1.53
2008-09-08,4.30,3.66,1.71,2.30,1.59
2008-09-09,4.24,3.62,1.66,2.23,1.59
2008-09-10,4.27,3.65,1.65,2.22,1.58
2008-09-11,4.25,3.64,1.61,2.18,1.53
2008-09-12,4.36,3.74,1.49,2.23,1.37
2008-09-15,4.14,3.47,1.02,1.78,0.36
2008-09-16,4.12,3.48,0.84,1.89,0.23
2008-09-17,4.12,3.41,0.03,1.64,0.07
2008-09-18,4.19,3.54,0.23,1.78,0.26
2008-09-19,4.42,3.78,0.99,2.16,0.75
2008-09-22,4.48,3.83,1.28,2.13,0.76
2008-09-23,4.50,3.85,0.80,2.11,0.30
2008-09-24,4.48,3.80,0.49,2.03,0.13
2008-09-25,4.48,3.88,0.76,2.16,0.39
2008-09-26,4.44,3.85,0.87,2.11,0.21
2008-09-29,4.21,3.61,0.94,1.70,0.16
2008-09-30,4.43,3.85,0.92,2.00,1.02
2008-10-01,4.33,3.77,0.85,1.82,0.66
2008-10-02,4.28,3.66,0.63,1.62,0.21
2008-10-03,4.26,3.63,0.51,1.60,0.15
2008-10-06,4.12,3.48,0.54,1.43,0.19
2008-10-07,4.15,3.50,0.82,1.47,0.39
2008-10-08,4.31,3.72,0.68,1.65,0.23
2008-10-09,4.41,3.84,0.60,1.65,0.19
2008-10-10,4.41,3.89,0.25,1.62,0.07
2008-10-13,,,,,
2008-10-14,4.57,4.08,0.34,1.82,0.07
2008-10-15,4.57,4.04,0.22,1.64,0.05
2008-10-16,4.59,3.99,0.46,1.61,0.12
2008-10-17,4.66,3.98,0.83,1.64,0.13
2008-10-20,4.60,3.91,1.24,1.71,0.53
2008-10-21,4.52,3.76,1.10,1.58,0.71
2008-10-22,4.42,3.65,1.05,1.53,0.60
2008-10-23,4.34,3.63,0.98,1.54,0.39
2008-10-24,4.44,3.76,0.89,1.57,0.33
2008-10-27,4.43,3.79,0.84,1.59,0.31
2008-10-28,4.51,3.89,0.77,1.65,0.42
2008-10-29,4.59,3.93,0.62,1.58,0.41
2008-10-30,4.67,4.00,0.41,1.59,0.14
2008-10-31,4.74,4.01,0.46,1.56,0.12
2008-11-03,4.73,3.96,0.49,1.45,0.20
2008-11-04,4.58,3.81,0.48,1.39,0.29
2008-11-05,4.49,3.73,0.40,1.36,0.16
2008-11-06,4.52,3.75,0.32,1.28,0.13
2008-11-07,4.57,3.83,0.31,1.33,0.13
2008-11-10,4.50,3.82,0.29,1.27,0.11
2008-11-11,,,,,
2008-11-12,4.44,3.75,0.18,1.19,0.10
2008-11-13,4.57,3.84,0.22,1.24,0.08
2008-11-14,4.43,3.72,0.15,1.22,0.06
2008-11-17,4.42,3.68,0.12,1.22,0.06
2008-11-18,4.32,3.53,0.12,1.15,0.10
2008-11-19,4.17,3.38,0.07,1.09,0.09
2008-11-20,3.87,3.10,0.03,1.00,0.05
2008-11-21,3.93,3.20,0.02,1.09,0.03
2008-11-24,4.01,3.35,0.13,1.31,0.01
2008-11-25,3.85,3.11,0.10,1.15,0.04
2008-11-26,3.77,2.99,0.05,1.09,0.02
2008-11-27,,,,,
2008-11-28,3.71,2.93,0.01,1.00,0.02
2008-12-01,3.51,2.72,0.07,0.90,0.09
2008-12-02,3.47,2.68,0.06,0.90,0.04
2008-12-03,3.45,2.67,0.02,0.87,0.02
2008-12-04,3.35,2.55,0.02,0.82,0.01
2008-12-05,3.41,2.67,0.02,0.93,0.02
2008-12-08,3.45,2.77,0.03,0.97,0.01
2008-12-09,3.35,2.67,0.03,0.84,0.04
2008-12-10,3.39,2.69,0.00,0.86,0.00
2008-12-11,3.35,2.64,0.01,0.79,0.00
2008-12-12,3.36,2.60,0.02,0.78,0.03
2008-12-15,3.29,2.53,0.03,0.75,0.00
2008-12-16,3.16,2.37,0.04,0.65,0.05
2008-12-17,3.01,2.20,0.05,0.73,0.03
2008-12-18,2.86,2.08,0.00,0.68,0.03
2008-12-19,2.89,2.13,0.02,0.74,0.00
2008-12-22,2.92,2.16,0.01,0.87,0.01
2008-12-23,2.93,2.18,0.02,0.90,0.01
2008-12-24,2.94,2.20,0.00,0.90,0.00
2008-12-25,,,,,
2008-12-26,2.91,2.16,0.03,0.89,0.01
2008-12-29,2.94,2.13,0.06,0.78,0.04
2008-12-30,2.88,2.11,0.10,0.75,0.11
2008-12-31,3.05,2.25,0.11,0.76,0.11
2009-01-01,,,,,
2009-01-02,3.22,2.46,0.08,0.88,0.04
2009-01-05,3.37,2.49,0.14,0.78,0.05
2009-01-06,3.41,2.51,0.14,0.80,0.05
2009-01-07,3.41,2.52,0.11,0.82,0.03
2009-01-08,3.40,2.47,0.09,0.83,0.04
2009-01-09,3.39,2.43,0.07,0.75,0.03
2009-01-12,3.30,2.34,0.12,0.74,0.04
2009-01-13,3.30,2.33,0.11,0.76,0.02
2009-01-14,3.17,2.24,0.12,0.73,0.07
2009-01-15,3.16,2.23,0.11,0.73,0.03
2009-01-16,3.22,2.36,0.12,0.73,0.04
2009-01-19,,,,,
2009-01-20,3.30,2.40,0.13,0.73,0.04
2009-01-21,3.51,2.56,0.11,0.78,0.03
2009-01-22,3.61,2.62,0.10,0.75,0.03
2009-01-23,3.65,2.65,0.11,0.83,0.03
2009-01-26,3.71,2.70,0.14,0.85,0.02
2009-01-27,3.57,2.59,0.13,0.87,0.05
2009-01-28,3.73,2.71,0.19,0.89,0.08
2009-01-29,3.85,2.87,0.23,0.95,0.14
2009-01-30,3.86,2.87,0.24,0.94,0.15
2009-02-02,3.75,2.76,0.27,0.89,0.19
2009-02-03,3.88,2.89,0.32,0.96,0.28
2009-02-04,3.88,2.95,0.30,0.98,0.26
2009-02-05,3.86,2.95,0.29,0.98,0.21
2009-02-06,3.94,3.05,0.28,0.99,0.21
2009-02-09,3.91,3.07,0.32,1.05,0.22
2009-02-10,3.77,2.90,0.31,0.92,0.24
2009-02-11,3.69,2.78,0.30,0.93,0.22
2009-02-12,3.71,2.75,0.29,0.89,0.25
2009-02-13,3.91,2.89,0.29,0.97,0.23
2009-02-16,,,,,
2009-02-17,3.70,2.64,0.32,0.87,0.26
2009-02-18,3.77,2.74,0.31,0.97,0.23
2009-02-19,3.92,2.85,0.30,1.01,0.22
2009-02-20,3.82,2.78,0.27,0.96,0.19
2009-02-23,3.79,2.78,0.29,0.96,0.19
2009-02-24,3.77,2.80,0.32,1.03,0.22
2009-02-25,3.88,2.95,0.30,1.09,0.21
2009-02-26,3.93,2.98,0.27,1.08,0.18
2009-02-27,3.98,3.02,0.26,1.00,0.16
2009-03-02,3.89,2.91,0.28,0.89,0.17
2009-03-03,3.92,2.93,0.27,0.91,0.14
2009-03-04,3.96,3.01,0.26,0.97,0.15
2009-03-05,3.76,2.83,0.20,0.90,0.11
2009-03-06,3.74,2.83,0.21,0.91,0.09
2009-03-09,3.83,2.89,0.23,0.96,0.12
2009-03-10,3.94,2.99,0.24,1.01,0.14
2009-03-11,3.88,2.95,0.23,1.03,0.14
2009-03-12,3.82,2.89,0.22,1.03,0.11
2009-03-13,3.84,2.89,0.20,0.98,0.09
2009-03-16,3.93,2.97,0.24,1.00,0.11
2009-03-17,3.99,3.02,0.24,1.05,0.14
2009-03-18,3.65,2.51,0.21,0.82,0.15
2009-03-19,3.64,2.61,0.20,0.87,0.10
2009-03-20,3.67,2.65,0.22,0.89,0.09
2009-03-23,3.70,2.68,0.22,0.93,0.10
2009-03-24,3.64,2.68,0.21,0.93,0.05
2009-03-25,3.76,2.81,0.19,0.96,0.03
2009-03-26,3.69,2.76,0.15,0.90,0.02
2009-03-27,3.66,2.78,0.14,0.90,0.03
2009-03-30,3.64,2.73,0.18,0.84,0.05
2009-03-31,3.61,2.71,0.21,0.81,0.17
2009-04-01,3.54,2.68,0.22,0.83,0.18
2009-04-02,3.63,2.77,0.22,0.88,0.17
2009-04-03,3.77,2.91,0.21,0.96,0.16
2009-04-06,3.82,2.95,0.20,0.94,0.16
2009-04-07,3.79,2.93,0.20,0.91,0.17
2009-04-08,3.74,2.86,0.18,0.93,0.15
2009-04-09,3.85,2.96,0.18,0.96,0.13
2009-04-10,,,,,
2009-04-13,3.78,2.88,0.18,0.89,0.12
2009-04-14,3.73,2.80,0.17,0.86,0.09
2009-04-15,3.75,2.82,0.15,0.86,0.07
2009-04-16,3.81,2.86,0.13,0.91,0.02
2009-04-17,3.91,2.98,0.14,0.99,0.04
2009-04-20,3.80,2.88,0.14,0.93,0.04
2009-04-21,3.86,2.94,0.15,0.96,0.07
2009-04-22,3.93,2.98,0.14,1.00,0.08
2009-04-23,3.90,2.96,0.10,0.97,0.08
2009-04-24,3.99,3.03,0.10,0.99,0.07
2009-04-27,3.92,2.95,0.13,0.90,0.07
2009-04-28,4.03,3.05,0.13,0.95,0.05
2009-04-29,4.07,3.12,0.11,0.94,0.04
2009-04-30,4.10,3.16,0.14,0.91,0.04
2009-05-01,4.14,3.21,0.16,0.92,0.06
2009-05-04,4.11,3.19,0.19,0.94,0.14
2009-05-05,4.11,3.20,0.19,0.98,0.14
2009-05-06,4.12,3.18,0.19,0.96,0.14
2009-05-07,4.26,3.29,0.18,1.00,0.15
2009-05-08,4.25,3.29,0.19,1.00,0.15
2009-05-11,4.15,3.17,0.19,0.92,0.16
2009-05-12,4.13,3.17,0.19,0.90,0.16
2009-05-13,4.06,3.11,0.17,0.89,0.15
2009-05-14,4.04,3.10,0.16,0.87,0.10
2009-05-15,4.07,3.14,0.17,0.88,0.11
2009-05-18,4.16,3.22,0.19,0.93,0.12
2009-05-19,4.19,3.25,0.18,0.91,0.14
2009-05-20,4.11,3.19,0.18,0.87,0.18
2009-05-21,4.27,3.35,0.19,0.89,0.13
2009-05-22,4.36,3.45,0.18,0.92,0.13
2009-05-25,,,,,
2009-05-26,4.42,3.50,0.18,0.96,0.13
2009-05-27,4.58,3.71,0.17,0.96,0.18
2009-05-28,4.52,3.67,0.15,0.97,0.14
2009-05-29,4.34,3.47,0.14,0.92,0.14
2009-06-01,4.56,3.71,0.13,0.97,0.13
2009-06-02,4.51,3.65,0.14,0.96,0.06
2009-06-03,4.44,3.56,0.14,0.91,0.08
2009-06-04,4.58,3.72,0.14,0.96,0.08
2009-06-05,4.64,3.84,0.20,1.32,0.08
2009-06-08,4.66,3.91,0.19,1.42,0.08
2009-06-09,4.65,3.86,0.19,1.33,0.09
2009-06-10,4.75,3.98,0.18,1.38,0.11
2009-06-11,4.67,3.88,0.19,1.35,0.09
2009-06-12,4.63,3.81,0.19,1.30,0.08
2009-06-15,4.58,3.76,0.17,1.26,0.08
2009-06-16,4.47,3.67,0.17,1.23,0.09
2009-06-17,4.47,3.68,0.17,1.19,0.11
2009-06-18,4.62,3.86,0.18,1.28,0.12
2009-06-19,4.54,3.79,0.19,1.25,0.10
2009-06-22,4.45,3.72,0.20,1.17,0.12
2009-06-23,4.36,3.65,0.20,1.14,0.15
2009-06-24,4.43,3.72,0.19,1.19,0.10
2009-06-25,4.31,3.55,0.18,1.12,0.07
2009-06-26,4.28,3.52,0.20,1.10,0.07
2009-06-29,4.29,3.51,0.20,1.11,0.11
2009-06-30,4.30,3.53,0.19,1.11,0.17
2009-07-01,4.32,3.55,0.17,1.05,0.13
2009-07-02,4.28,3.51,0.17,0.98,0.15
2009-07-03,,,,,
2009-07-06,4.29,3.52,0.19,0.96,0.15
2009-07-07,4.25,3.47,0.19,0.98,0.16
2009-07-08,4.13,3.33,0.18,0.91,0.15
2009-07-09,4.26,3.44,0.19,0.94,0.16
2009-07-10,4.16,3.32,0.18,0.91,0.15
2009-07-13,4.21,3.38,0.18,0.92,0.15
2009-07-14,4.35,3.50,0.18,0.97,0.15
2009-07-15,4.46,3.63,0.18,1.03,0.11
2009-07-16,4.43,3.59,0.19,1.00,0.15
2009-07-17,4.51,3.67,0.17,1.02,0.15
2009-07-20,4.45,3.61,0.19,0.99,0.15
2009-07-21,4.35,3.50,0.19,0.96,0.16
2009-07-22,4.42,3.58,0.19,0.98,0.15
2009-07-23,4.55,3.72,0.19,1.08,0.15
2009-07-24,4.53,3.70,0.18,1.05,0.15
2009-07-27,4.60,3.75,0.19,1.08,0.15
2009-07-28,4.54,3.72,0.19,1.12,0.14
2009-07-29,4.49,3.69,0.19,1.17,0.14
2009-07-30,4.44,3.67,0.18,1.19,0.14
2009-07-31,4.29,3.52,0.18,1.13,0.14
2009-08-03,4.40,3.66,0.19,1.18,0.15
2009-08-04,4.44,3.70,0.18,1.20,0.15
2009-08-05,4.54,3.80,0.18,1.23,0.15
2009-08-06,4.51,3.79,0.17,1.22,0.15
2009-08-07,4.59,3.89,0.19,1.32,0.14
2009-08-10,4.49,3.80,0.19,1.24,0.15
2009-08-11,4.40,3.71,0.18,1.21,0.14
2009-08-12,4.49,3.72,0.17,1.18,0.14
2009-08-13,4.37,3.59,0.17,1.12,0.10
2009-08-14,4.33,3.55,0.18,1.07,0.10
2009-08-17,4.26,3.48,0.18,1.04,0.11
2009-08-18,4.29,3.51,0.18,1.06,0.14
2009-08-19,4.23,3.45,0.17,1.01,0.10
2009-08-20,4.18,3.42,0.17,1.03,0.11
2009-08-21,4.32,3.56,0.17,1.13,0.11
2009-08-24,4.22,3.48,0.17,1.05,0.11
2009-08-25,4.17,3.45,0.17,1.05,0.12
2009-08-26,4.15,3.44,0.15,1.06,0.11
2009-08-27,4.19,3.47,0.15,1.04,0.11
2009-08-28,4.17,3.46,0.15,1.01,0.11
2009-08-31,4.14,3.40,0.15,0.97,0.11
2009-09-01,4.14,3.38,0.14,0.92,0.08
2009-09-02,4.04,3.29,0.14,0.89,0.09
2009-09-03,4.09,3.33,0.15,0.91,0.09
2009-09-04,4.21,3.45,0.14,0.94,0.09
2009-09-07,,,,,
2009-09-08,4.24,3.47,0.14,0.93,0.10
2009-09-09,4.26,3.48,0.14,0.93,0.09
2009-09-10,4.11,3.36,0.14,0.90,0.08
2009-09-11,4.10,3.34,0.14,0.90,0.08
2009-09-14,4.16,3.42,0.14,0.94,0.08
2009-09-15,4.21,3.47,0.13,0.96,0.05
2009-09-16,4.22,3.48,0.10,1.01,0.03
2009-09-17,4.14,3.42,0.10,0.98,0.03
2009-09-18,4.20,3.49,0.08,1.03,0.03
2009-09-21,4.20,3.49,0.11,1.02,0.05
2009-09-22,4.18,3.46,0.11,1.02,0.05
2009-09-23,4.18,3.44,0.11,0.96,0.05
2009-09-24,4.14,3.40,0.10,0.93,0.03
2009-09-25,4.07,3.34,0.10,0.98,0.03
2009-09-28,4.02,3.31,0.11,0.98,0.03
2009-09-29,4.02,3.31,0.13,1.00,0.07
2009-09-30,4.02,3.31,0.14,0.95,0.06
2009-10-01,3.95,3.21,0.10,0.87,0.03
2009-10-02,3.98,3.24,0.10,0.88,0.04
2009-10-05,3.98,3.24,0.08,0.88,0.04
2009-10-06,4.03,3.27,0.08,0.91,0.05
2009-10-07,3.96,3.21,0.09,0.87,0.06
2009-10-08,4.05,3.27,0.06,0.90,0.03
2009-10-09,4.20,3.40,0.07,0.98,0.04
2009-10-12,,,,,
2009-10-13,4.14,3.34,0.07,0.91,0.04
2009-10-14,4.26,3.45,0.07,0.96,0.05
2009-10-15,4.29,3.49,0.07,0.97,0.06
2009-10-16,4.22,3.43,0.07,0.97,0.06
2009-10-19,4.19,3.41,0.08,0.99,0.06
2009-10-20,4.14,3.35,0.08,0.95,0.05
2009-10-21,4.20,3.42,0.07,1.00,0.05
2009-10-22,4.22,3.44,0.06,0.97,0.02
2009-10-23,4.27,3.51,0.07,1.04,0.02
2009-10-26,4.35,3.59,0.08,1.06,0.04
2009-10-27,4.26,3.49,0.08,0.99,0.05
2009-10-28,4.22,3.44,0.07,0.95,0.04
2009-10-29,4.31,3.53,0.06,0.98,0.02
2009-10-30,4.19,3.41,0.05,0.90,0.01
2009-11-02,4.22,3.45,0.06,0.92,0.03
2009-11-03,4.29,3.50,0.06,0.92,0.04
2009-11-04,4.36,3.57,0.05,0.91,0.05
2009-11-05,4.36,3.57,0.04,0.90,0.06
2009-11-06,4.35,3.54,0.06,0.86,0.06
2009-11-09,4.34,3.52,0.07,0.87,0.06
2009-11-10,4.36,3.50,0.07,0.85,0.06
2009-11-11,,,,,
2009-11-12,4.33,3.45,0.07,0.82,0.06
2009-11-13,4.29,3.43,0.06,0.82,0.05
2009-11-16,4.18,3.33,0.07,0.78,0.05
2009-11-17,4.17,3.33,0.06,0.78,0.05
2009-11-18,4.21,3.36,0.04,0.77,0.04
2009-11-19,4.19,3.35,0.02,0.73,0.03
2009-11-20,4.20,3.36,0.02,0.75,0.04
2009-11-23,4.20,3.37,0.05,0.77,0.05
2009-11-24,4.16,3.32,0.05,0.73,0.06
2009-11-25,4.12,3.28,0.05,0.73,0.07
2009-11-26,,,,,
2009-11-27,4.07,3.21,0.03,0.68,0.06
2009-11-30,4.07,3.21,0.06,0.67,0.08
2009-12-01,4.14,3.28,0.06,0.67,0.09
2009-12-02,4.14,3.32,0.05,0.72,0.08
2009-12-03,4.23,3.39,0.06,0.74,0.09
2009-12-04,4.31,3.48,0.06,0.84,0.08
2009-12-07,4.29,3.44,0.04,0.78,0.07
2009-12-08,4.28,3.40,0.03,0.73,0.02
2009-12-09,4.31,3.45,0.03,0.76,0.01
2009-12-10,4.37,3.49,0.02,0.78,0.01
2009-12-11,4.39,3.55,0.03,0.83,0.01
2009-12-14,4.39,3.56,0.04,0.87,0.02
2009-12-15,4.42,3.60,0.05,0.88,0.02
2009-12-16,4.42,3.61,0.04,0.85,0.02
2009-12-17,4.31,3.50,0.04,0.77,0.01
2009-12-18,4.36,3.55,0.05,0.82,0.01
2009-12-21,4.47,3.69,0.08,0.89,0.01
2009-12-22,4.52,3.76,0.08,0.95,0.01
2009-12-23,4.54,3.77,0.07,0.96,0.01
2009-12-24,4.60,3.82,0.05,1.00,0.02
2009-12-25,,,,,
2009-12-28,4.61,3.85,0.11,1.09,0.03
2009-12-29,4.57,3.82,0.10,1.09,0.02
2009-12-30,4.54,3.80,0.05,1.08,0.02
2009-12-31,4.58,3.85,0.06,1.14,0.04
2010-01-01,,,,,
2010-01-04,4.60,3.85,0.08,1.09,0.05
2010-01-05,4.54,3.77,0.07,1.01,0.03
2010-01-06,4.63,3.85,0.06,1.01,0.03
2010-01-07,4.62,3.85,0.05,1.03,0.02
2010-01-08,4.61,3.83,0.05,0.96,0.02
2010-01-11,4.64,3.85,0.04,0.95,0.01
2010-01-12,4.52,3.74,0.05,0.92,0.02
2010-01-13,4.60,3.80,0.06,0.97,0.02
2010-01-14,4.52,3.76,0.05,0.94,0.02
2010-01-15,4.48,3.70,0.06,0.89,0.03
2010-01-18,,,,,
2010-01-19,4.49,3.73,0.06,0.93,0.03
2010-01-20,4.43,3.68,0.05,0.92,0.03
2010-01-21,4.38,3.62,0.06,0.87,0.02
2010-01-22,4.38,3.62,0.06,0.84,0.02
2010-01-25,4.42,3.66,0.06,0.86,0.02
2010-01-26,4.43,3.65,0.07,0.87,0.02
2010-01-27,4.42,3.66,0.08,0.90,0.01
2010-01-28,4.44,3.68,0.08,0.87,0.01
2010-01-29,4.38,3.63,0.08,0.82,0.02
2010-02-01,4.43,3.68,0.10,0.86,0.05
2010-02-02,4.42,3.67,0.10,0.86,0.04
2010-02-03,4.49,3.73,0.10,0.88,0.05
2010-02-04,4.39,3.62,0.09,0.80,0.04
2010-02-05,4.36,3.59,0.10,0.77,0.03
2010-02-08,4.38,3.62,0.12,0.79,0.04
2010-02-09,4.44,3.67,0.12,0.84,0.05
2010-02-10,4.51,3.72,0.11,0.91,0.06
2010-02-11,4.54,3.73,0.11,0.91,0.05
2010-02-12,4.52,3.69,0.10,0.84,0.04
2010-02-15,,,,,
2010-02-16,4.49,3.66,0.10,0.82,0.04
2010-02-17,4.56,3.74,0.10,0.87,0.07
2010-02-18,4.61,3.79,0.10,0.90,0.07
2010-02-19,4.58,3.78,0.11,0.95,0.06
2010-02-22,4.60,3.80,0.11,0.91,0.06
2010-02-23,4.49,3.69,0.12,0.87,0.08
2010-02-24,4.49,3.70,0.12,0.87,0.08
2010-02-25,4.44,3.64,0.13,0.82,0.09
2010-02-26,4.40,3.61,0.13,0.81,0.09
2010-03-01,4.41,3.61,0.13,0.80,0.09
2010-03-02,4.42,3.62,0.14,0.80,0.09
2010-03-03,4.43,3.63,0.14,0.82,0.09
2010-03-04,4.40,3.61,0.14,0.86,0.09
2010-03-05,4.49,3.69,0.15,0.91,0.11
2010-03-08,4.52,3.72,0.16,0.90,0.11
2010-03-09,4.53,3.71,0.16,0.89,0.12
2010-03-10,4.53,3.73,0.15,0.92,0.12
2010-03-11,4.51,3.73,0.16,0.97,0.12
2010-03-12,4.47,3.71,0.15,0.97,0.10
2010-03-15,4.48,3.71,0.17,0.96,0.12
2010-03-16,4.43,3.66,0.16,0.93,0.14
2010-03-17,4.41,3.65,0.15,0.95,0.13
2010-03-18,4.43,3.68,0.16,0.98,0.14
2010-03-19,4.41,3.70,0.16,1.02,0.13
2010-03-22,4.41,3.67,0.15,1.01,0.13
2010-03-23,4.43,3.69,0.14,1.02,0.11
2010-03-24,4.56,3.84,0.14,1.08,0.12
2010-03-25,4.63,3.91,0.14,1.10,0.12
2010-03-26,4.60,3.86,0.14,1.04,0.11
2010-03-29,4.61,3.88,0.15,1.04,0.11
2010-03-30,4.59,3.88,0.16,1.06,0.13
2010-03-31,4.55,3.84,0.16,1.02,0.15
2010-04-01,4.58,3.89,0.16,1.05,0.16
2010-04-02,4.65,3.96,0.16,1.11,0.15
2010-04-05,4.69,4.01,0.18,1.18,0.16
2010-04-06,4.68,3.98,0.17,1.14,0.17
2010-04-07,4.58,3.89,0.17,1.06,0.16
2010-04-08,4.60,3.91,0.17,1.09,0.16
2010-04-09,4.58,3.90,0.16,1.08,0.16
2010-04-12,4.54,3.87,0.16,1.07,0.15
2010-04-13,4.52,3.84,0.16,1.07,0.15
2010-04-14,4.57,3.88,0.16,1.07,0.15
2010-04-15,4.56,3.86,0.16,1.04,0.16
2010-04-16,4.50,3.79,0.16,0.98,0.15
2010-04-19,4.54,3.83,0.16,1.01,0.15
2010-04-20,4.51,3.82,0.16,1.05,0.14
2010-04-21,4.45,3.77,0.15,1.03,0.14
2010-04-22,4.48,3.80,0.16,1.07,0.15
2010-04-23,4.51,3.84,0.16,1.10,0.14
2010-04-26,4.50,3.83,0.16,1.09,0.14
2010-04-27,4.40,3.71,0.16,1.03,0.14
2010-04-28,4.47,3.80,0.16,1.03,0.14
2010-04-29,4.42,3.76,0.17,1.01,0.15
2010-04-30,4.36,3.69,0.16,0.97,0.14
2010-05-03,4.37,3.72,0.17,1.00,0.14
2010-05-04,4.27,3.63,0.16,0.96,0.15
2010-05-05,4.23,3.58,0.15,0.88,0.14
2010-05-06,4.03,3.41,0.11,0.75,0.06
2010-05-07,4.11,3.45,0.13,0.83,0.08
2010-05-10,4.23,3.57,0.16,0.87,0.13
2010-05-11,4.24,3.56,0.16,0.85,0.15
2010-05-12,4.29,3.56,0.16,0.89,0.16
2010-05-13,4.26,3.55,0.16,0.87,0.15
2010-05-14,4.13,3.44,0.16,0.79,0.15
2010-05-17,4.17,3.47,0.16,0.81,0.16
2010-05-18,4.08,3.38,0.17,0.76,0.17
2010-05-19,4.07,3.36,0.17,0.80,0.17
2010-05-20,3.96,3.25,0.17,0.76,0.17
2010-05-21,3.91,3.20,0.17,0.76,0.17
2010-05-24,3.96,3.23,0.17,0.77,0.16
2010-05-25,3.91,3.18,0.17,0.81,0.16
2010-05-26,3.94,3.21,0.17,0.82,0.16
2010-05-27,4.08,3.34,0.17,0.87,0.16
2010-05-28,4.05,3.31,0.16,0.76,0.15
2010-05-31,,,,,
2010-06-01,4.03,3.29,0.16,0.78,0.14
2010-06-02,4.08,3.35,0.16,0.82,0.13
2010-06-03,4.12,3.39,0.14,0.82,0.13
2010-06-04,3.95,3.20,0.14,0.72,0.12
2010-06-07,3.93,3.17,0.12,0.74,0.10
2010-06-08,3.92,3.18,0.12,0.74,0.10
2010-06-09,3.94,3.20,0.10,0.74,0.08
2010-06-10,4.06,3.33,0.10,0.79,0.06
2010-06-11,3.97,3.24,0.08,0.75,0.04
2010-06-14,4.02,3.28,0.07,0.77,0.02
2010-06-15,4.06,3.32,0.09,0.79,0.03
2010-06-16,4.00,3.27,0.10,0.75,0.06
2010-06-17,3.95,3.21,0.09,0.72,0.05
2010-06-18,3.97,3.24,0.11,0.74,0.04
2010-06-21,3.99,3.26,0.12,0.74,0.05
2010-06-22,3.92,3.18,0.13,0.71,0.08
2010-06-23,3.87,3.13,0.13,0.66,0.07
2010-06-24,3.91,3.14,0.13,0.67,0.07
2010-06-25,3.89,3.12,0.13,0.65,0.05
2010-06-28,3.82,3.05,0.17,0.62,0.07
2010-06-29,3.76,2.97,0.15,0.61,0.09
2010-06-30,3.74,2.97,0.18,0.61,0.17
2010-07-01,3.71,2.96,0.17,0.63,0.16
2010-07-02,3.77,3.00,0.17,0.63,0.16
2010-07-05,,,,,
2010-07-06,3.71,2.95,0.17,0.62,0.17
2010-07-07,3.78,3.00,0.16,0.63,0.17
2010-07-08,3.81,3.04,0.15,0.63,0.17
2010-07-09,3.85,3.07,0.16,0.63,0.16
2010-07-12,3.86,3.08,0.16,0.65,0.16
2010-07-13,3.92,3.15,0.15,0.67,0.16
2010-07-14,3.84,3.07,0.15,0.62,0.16
2010-07-15,3.77,3.00,0.15,0.61,0.16
2010-07-16,3.74,2.96,0.15,0.61,0.14
2010-07-19,3.78,2.99,0.17,0.61,0.15
2010-07-20,3.78,2.98,0.16,0.61,0.16
2010-07-21,3.68,2.90,0.16,0.58,0.16
2010-07-22,3.75,2.96,0.16,0.60,0.15
2010-07-23,3.81,3.02,0.16,0.60,0.15
2010-07-26,3.82,3.03,0.16,0.62,0.15
2010-07-27,3.88,3.08,0.15,0.65,0.16
2010-07-28,3.86,3.03,0.15,0.61,0.15
2010-07-29,3.86,3.03,0.15,0.59,0.15
2010-07-30,3.74,2.94,0.15,0.55,0.14
2010-08-02,3.82,2.99,0.16,0.56,0.14
2010-08-03,3.78,2.94,0.16,0.53,0.15
2010-08-04,3.81,2.98,0.16,0.56,0.15
2010-08-05,3.78,2.94,0.15,0.53,0.15
2010-08-06,3.71,2.86,0.15,0.50,0.14
2010-08-09,3.73,2.86,0.15,0.54,0.14
2010-08-10,3.70,2.79,0.15,0.52,0.15
2010-08-11,3.62,2.72,0.15,0.54,0.15
2010-08-12,3.63,2.74,0.16,0.55,0.15
2010-08-13,3.56,2.68,0.15,0.54,0.14
2010-08-16,3.42,2.58,0.16,0.51,0.15
2010-08-17,3.47,2.64,0.17,0.52,0.16
2010-08-18,3.44,2.64,0.16,0.51,0.16
2010-08-19,3.37,2.58,0.16,0.49,0.16
2010-08-20,3.38,2.62,0.15,0.49,0.15
2010-08-23,3.37,2.60,0.16,0.49,0.15
2010-08-24,3.28,2.50,0.16,0.50,0.17
2010-08-25,3.31,2.54,0.16,0.53,0.17
2010-08-26,3.25,2.50,0.16,0.51,0.17
2010-08-27,3.41,2.66,0.15,0.56,0.17
2010-08-30,3.30,2.54,0.14,0.50,0.16
2010-08-31,3.23,2.47,0.14,0.47,0.16
2010-09-01,3.35,2.58,0.13,0.50,0.16
2010-09-02,3.41,2.63,0.14,0.50,0.15
2010-09-03,3.49,2.72,0.14,0.52,0.15
2010-09-06,,,,,
2010-09-07,3.37,2.61,0.14,0.49,0.13
2010-09-08,3.42,2.66,0.14,0.52,0.10
2010-09-09,3.54,2.77,0.14,0.57,0.10
2010-09-10,3.58,2.81,0.14,0.58,0.10
2010-09-13,3.52,2.74,0.15,0.53,0.10
2010-09-14,3.48,2.68,0.15,0.50,0.11
2010-09-15,3.55,2.74,0.15,0.50,0.11
2010-09-16,3.61,2.77,0.16,0.48,0.12
2010-09-17,3.60,2.75,0.16,0.48,0.12
2010-09-20,3.57,2.72,0.17,0.47,0.12
2010-09-21,3.49,2.61,0.17,0.43,0.12
2010-09-22,3.43,2.56,0.16,0.44,0.12
2010-09-23,3.43,2.56,0.16,0.45,0.13
2010-09-24,3.50,2.62,0.15,0.45,0.09
2010-09-27,3.40,2.54,0.16,0.44,0.08
2010-09-28,3.35,2.48,0.16,0.37,0.08
2010-09-29,3.38,2.52,0.16,0.44,0.12
2010-09-30,3.38,2.53,0.16,0.42,0.14
2010-10-01,3.40,2.54,0.16,0.42,0.15
2010-10-04,3.39,2.50,0.13,0.41,0.15
2010-10-05,3.41,2.50,0.12,0.41,0.14
2010-10-06,3.34,2.41,0.13,0.38,0.14
2010-10-07,3.38,2.41,0.13,0.36,0.15
2010-10-08,3.39,2.41,0.12,0.35,0.14
2010-10-11,,,,,
2010-10-12,3.44,2.44,0.13,0.37,0.14
2010-10-13,3.48,2.46,0.13,0.37,0.14
2010-10-14,3.54,2.52,0.14,0.38,0.15
2010-10-15,3.62,2.59,0.14,0.37,0.14
2010-10-18,3.57,2.52,0.15,0.38,0.14
2010-10-19,3.53,2.50,0.14,0.37,0.14
2010-10-20,3.53,2.51,0.14,0.35,0.14
2010-10-21,3.59,2.57,0.13,0.37,0.13
2010-10-22,3.59,2.59,0.13,0.35,0.13
2010-10-25,3.56,2.59,0.14,0.37,0.13
2010-10-26,3.66,2.67,0.14,0.40,0.14
2010-10-27,3.72,2.75,0.14,0.40,0.14
2010-10-28,3.70,2.69,0.13,0.37,0.14
2010-10-29,3.64,2.63,0.12,0.34,0.14
2010-11-01,3.66,2.66,0.13,0.34,0.14
2010-11-02,3.58,2.63,0.13,0.34,0.13
2010-11-03,3.71,2.67,0.13,0.34,0.13
2010-11-04,3.62,2.53,0.13,0.33,0.13
2010-11-05,3.69,2.58,0.13,0.38,0.13
2010-11-08,3.70,2.60,0.13,0.41,0.12
2010-11-09,3.83,2.72,0.13,0.46,0.11
2010-11-10,3.83,2.65,0.13,0.44,0.12
2010-11-11,,,,,
2010-11-12,3.88,2.76,0.13,0.51,0.11
2010-11-15,4.01,2.92,0.14,0.53,0.12
2010-11-16,3.90,2.85,0.15,0.51,0.13
2010-11-17,3.95,2.89,0.14,0.50,0.13
2010-11-18,3.95,2.90,0.15,0.52,0.13
2010-11-19,3.91,2.88,0.14,0.52,0.12
2010-11-22,3.85,2.80,0.15,0.49,0.12
2010-11-23,3.82,2.77,0.15,0.45,0.15
2010-11-24,3.96,2.93,0.16,0.53,0.16
2010-11-25,,,,,
2010-11-26,3.88,2.87,0.16,0.51,0.16
2010-11-29,3.83,2.84,0.18,0.52,0.16
2010-11-30,3.80,2.81,0.17,0.45,0.18
2010-12-01,3.95,2.97,0.16,0.53,0.17
2010-12-02,3.97,3.01,0.16,0.55,0.16
2010-12-03,4.01,3.03,0.14,0.49,0.14
2010-12-06,3.94,2.95,0.15,0.42,0.14
2010-12-07,4.11,3.15,0.14,0.54,0.08
2010-12-08,4.18,3.26,0.15,0.63,0.08
2010-12-09,4.15,3.23,0.14,0.64,0.09
2010-12-10,4.19,3.32,0.13,0.64,0.09
2010-12-13,4.15,3.29,0.15,0.61,0.10
2010-12-14,4.32,3.49,0.15,0.66,0.09
2010-12-15,4.37,3.53,0.14,0.68,0.08
2010-12-16,4.32,3.47,0.13,0.66,0.08
2010-12-17,4.19,3.33,0.11,0.61,0.05
2010-12-20,4.21,3.36,0.14,0.62,0.04
2010-12-21,4.21,3.35,0.14,0.63,0.09
2010-12-22,4.23,3.36,0.14,0.65,0.07
2010-12-23,4.26,3.41,0.14,0.67,0.07
2010-12-24,,,,,
2010-12-27,4.20,3.36,0.17,0.71,0.06
2010-12-28,4.33,3.50,0.15,0.75,0.08
2010-12-29,4.19,3.35,0.13,0.64,0.05
2010-12-30,4.21,3.38,0.12,0.66,0.05
2010-12-31,4.13,3.30,0.12,0.61,0.07
2011-01-03,4.18,3.36,0.15,0.61,0.11
2011-01-04,4.21,3.36,0.14,0.63,0.12
2011-01-05,4.34,3.50,0.14,0.71,0.13
2011-01-06,4.31,3.44,0.15,0.68,0.13
2011-01-07,4.25,3.34,0.14,0.60,0.13
2011-01-10,4.23,3.32,0.15,0.59,0.14
2011-01-11,4.26,3.37,0.15,0.60,0.15
2011-01-12,4.28,3.40,0.15,0.61,0.15
2011-01-13,4.24,3.34,0.15,0.59,0.15
2011-01-14,4.27,3.35,0.15,0.59,0.14
2011-01-17,,,,,
2011-01-18,4.31,3.39,0.16,0.60,0.15
2011-01-19,4.27,3.37,0.16,0.60,0.16
2011-01-20,4.36,3.47,0.16,0.65,0.15
2011-01-21,4.33,3.44,0.16,0.63,0.15
2011-01-24,4.31,3.43,0.16,0.65,0.15
2011-01-25,4.23,3.35,0.16,0.62,0.15
2011-01-26,4.34,3.45,0.16,0.62,0.15
2011-01-27,4.31,3.42,0.15,0.59,0.13
2011-01-28,4.26,3.36,0.15,0.54,0.13
2011-01-31,4.33,3.42,0.15,0.58,0.15
2011-02-01,4.37,3.48,0.15,0.61,0.16
2011-02-02,4.39,3.52,0.16,0.67,0.15
2011-02-03,4.43,3.58,0.14,0.71,0.14
2011-02-04,4.51,3.68,0.15,0.77,0.13
2011-02-07,4.50,3.68,0.16,0.78,0.13
2011-02-08,4.56,3.75,0.15,0.86,0.14
2011-02-09,4.49,3.65,0.14,0.81,0.11
2011-02-10,4.55,3.70,0.12,0.85,0.08
2011-02-11,4.49,3.64,0.12,0.85,0.08
2011-02-14,4.46,3.62,0.13,0.87,0.09
2011-02-15,4.45,3.61,0.13,0.84,0.11
2011-02-16,4.46,3.62,0.12,0.86,0.10
2011-02-17,4.44,3.58,0.09,0.80,0.08
2011-02-18,4.46,3.59,0.10,0.78,0.08
2011-02-21,,,,,
2011-02-22,4.35,3.46,0.12,0.74,0.10
2011-02-23,4.34,3.49,0.12,0.74,0.12
2011-02-24,4.29,3.46,0.13,0.73,0.13
2011-02-25,4.26,3.42,0.13,0.72,0.12
2011-02-28,4.25,3.42,0.15,0.69,0.13
2011-03-01,4.24,3.41,0.14,0.66,0.07
2011-03-02,4.30,3.46,0.13,0.69,0.12
2011-03-03,4.40,3.58,0.13,0.79,0.12
2011-03-04,4.34,3.49,0.12,0.68,0.11
2011-03-07,4.36,3.51,0.11,0.70,0.10
2011-03-08,4.41,3.56,0.11,0.73,0.07
2011-03-09,4.35,3.48,0.10,0.70,0.07
2011-03-10,4.25,3.37,0.08,0.65,0.04
2011-03-11,4.29,3.40,0.08,0.64,0.04
2011-03-14,4.25,3.36,0.09,0.61,0.05
2011-03-15,4.21,3.33,0.10,0.63,0.07
2011-03-16,4.11,3.22,0.10,0.58,0.06
2011-03-17,4.15,3.25,0.08,0.60,0.06
2011-03-18,4.17,3.28,0.07,0.61,0.06
2011-03-21,4.20,3.34,0.10,0.67,0.06
2011-03-22,4.19,3.34,0.10,0.68,0.07
2011-03-23,4.20,3.36,0.09,0.69,0.06
2011-03-24,4.25,3.42,0.09,0.72,0.04
2011-03-25,4.28,3.46,0.09,0.79,0.04
2011-03-28,4.28,3.47,0.11,0.81,0.04
2011-03-29,4.31,3.50,0.10,0.81,0.06
2011-03-30,4.29,3.47,0.10,0.80,0.03
2011-03-31,4.29,3.47,0.09,0.80,0.05
2011-04-01,4.27,3.46,0.07,0.80,0.03
2011-04-04,4.27,3.45,0.06,0.77,0.02
2011-04-05,4.30,3.50,0.07,0.84,0.05
2011-04-06,4.37,3.56,0.06,0.85,0.03
2011-04-07,4.41,3.58,0.04,0.81,0.03
2011-04-08,4.41,3.59,0.04,0.83,0.02
2011-04-11,4.42,3.59,0.05,0.85,0.02
2011-04-12,4.35,3.52,0.05,0.77,0.02
2011-04-13,4.33,3.49,0.06,0.75,0.03
2011-04-14,4.32,3.51,0.07,0.77,0.04
2011-04-15,4.25,3.43,0.07,0.71,0.04
2011-04-18,4.22,3.40,0.07,0.69,0.03
2011-04-19,4.20,3.39,0.06,0.68,0.04
2011-04-20,4.24,3.43,0.06,0.69,0.04
2011-04-21,4.24,3.42,0.06,0.68,0.03
2011-04-22,,,,,
2011-04-25,4.22,3.39,0.07,0.67,0.03
2011-04-26,4.16,3.34,0.07,0.65,0.02
2011-04-27,4.21,3.39,0.06,0.65,0.03
2011-04-28,4.18,3.34,0.04,0.62,0.02
2011-04-29,4.15,3.32,0.04,0.61,0.02
2011-05-02,4.14,3.31,0.05,0.61,0.02
2011-05-03,4.11,3.28,0.03,0.61,0.02
2011-05-04,4.08,3.25,0.03,0.60,0.02
2011-05-05,4.00,3.18,0.02,0.58,0.01
2011-05-06,4.03,3.19,0.02,0.57,0.02
2011-05-09,4.03,3.17,0.03,0.57,0.01
2011-05-10,4.07,3.23,0.03,0.59,0.02
2011-05-11,4.04,3.19,0.03,0.56,0.01
2011-05-12,4.07,3.22,0.02,0.57,0.01
2011-05-13,4.03,3.18,0.03,0.57,0.01
2011-05-16,3.99,3.15,0.04,0.54,0.02
2011-05-17,3.94,3.12,0.04,0.55,0.03
2011-05-18,4.00,3.18,0.05,0.58,0.03
2011-05-19,4.01,3.17,0.05,0.55,0.02
2011-05-20,4.00,3.15,0.05,0.55,0.03
2011-05-23,3.97,3.13,0.06,0.55,0.03
2011-05-24,3.96,3.12,0.06,0.56,0.04
2011-05-25,3.99,3.13,0.06,0.54,0.04
2011-05-26,3.93,3.07,0.05,0.48,0.04
2011-05-27,3.94,3.07,0.05,0.48,0.04
2011-05-30,,,,,
2011-05-31,3.91,3.05,0.06,0.45,0.04
2011-06-01,3.83,2.96,0.05,0.44,0.04
2011-06-02,3.92,3.04,0.04,0.45,0.04
2011-06-03,3.90,2.99,0.04,0.42,0.04
2011-06-06,3.92,3.01,0.05,0.43,0.03
2011-06-07,3.94,3.01,0.05,0.39,0.01
2011-06-08,3.88,2.98,0.04,0.39,0.01
2011-06-09,3.91,3.01,0.05,0.43,0.02
2011-06-10,3.87,2.99,0.05,0.41,0.02
2011-06-13,3.89,3.00,0.05,0.40,0.02
2011-06-14,4.00,3.11,0.05,0.45,0.03
2011-06-15,3.89,2.98,0.05,0.38,0.02
2011-06-16,3.84,2.93,0.05,0.38,0.02
2011-06-17,3.86,2.94,0.04,0.38,0.02
2011-06-20,3.87,2.97,0.03,0.38,0.02
2011-06-21,3.90,2.99,0.03,0.40,0.01
2011-06-22,3.91,3.01,0.02,0.39,0.01
2011-06-23,3.84,2.93,0.01,0.35,0.01
2011-06-24,3.83,2.88,0.02,0.35,0.01
2011-06-27,3.94,2.95,0.02,0.41,0.01
2011-06-28,4.01,3.05,0.03,0.48,0.01
2011-06-29,4.08,3.14,0.02,0.47,0.01
2011-06-30,4.09,3.18,0.03,0.45,0.01
2011-07-01,4.12,3.22,0.02,0.50,0.01
2011-07-04,,,,,
2011-07-05,4.09,3.16,0.02,0.44,0.01
2011-07-06,4.05,3.12,0.01,0.43,0.01
2011-07-07,4.08,3.17,0.03,0.49,0.03
2011-07-08,3.97,3.03,0.03,0.40,0.03
2011-07-11,3.88,2.94,0.03,0.37,0.02
2011-07-12,3.86,2.92,0.03,0.37,0.01
2011-07-13,3.85,2.92,0.01,0.37,0.01
2011-07-14,3.92,2.98,0.01,0.38,0.01
2011-07-15,3.92,2.94,0.02,0.37,0.02
2011-07-18,3.95,2.94,0.02,0.37,0.01
2011-07-19,3.86,2.91,0.03,0.39,0.02
2011-07-20,3.92,2.96,0.02,0.40,0.01
2011-07-21,3.98,3.03,0.05,0.40,0.04
2011-07-22,3.93,2.99,0.05,0.40,0.05
2011-07-25,3.98,3.03,0.05,0.42,0.05
2011-07-26,3.94,2.99,0.07,0.41,0.07
2011-07-27,3.95,3.01,0.08,0.44,0.08
2011-07-28,3.93,2.98,0.07,0.42,0.10
2011-07-29,3.77,2.82,0.10,0.36,0.16
2011-08-01,3.72,2.77,0.10,0.38,0.13
2011-08-02,3.59,2.66,0.06,0.33,0.05
2011-08-03,3.55,2.64,0.02,0.33,0.01
2011-08-04,3.37,2.47,0.02,0.27,0.01
2011-08-05,3.49,2.58,0.01,0.28,0.01
2011-08-08,3.31,2.40,0.05,0.27,0.02
2011-08-09,3.17,2.20,0.03,0.19,0.02
2011-08-10,3.08,2.17,0.02,0.19,0.02
2011-08-11,3.34,2.34,0.03,0.19,0.01
2011-08-12,3.24,2.24,0.02,0.20,0.01
2011-08-15,3.29,2.29,0.02,0.19,0.00
2011-08-16,3.23,2.23,0.03,0.20,0.02
2011-08-17,3.14,2.17,0.01,0.19,0.01
2011-08-18,3.02,2.08,0.01,0.20,0.01
2011-08-19,2.97,2.07,0.02,0.20,0.00
2011-08-22,3.00,2.10,0.01,0.22,0.01
2011-08-23,3.06,2.15,0.01,0.22,0.01
2011-08-24,3.23,2.29,0.02,0.23,0.02
2011-08-25,3.17,2.23,0.01,0.22,0.01
2011-08-26,3.13,2.19,0.01,0.20,0.00
2011-08-29,3.22,2.28,0.02,0.20,0.00
2011-08-30,3.12,2.19,0.01,0.20,0.01
2011-08-31,3.19,2.23,0.02,0.20,0.01
2011-09-01,3.10,2.15,0.02,0.19,0.02
2011-09-02,2.92,2.02,0.02,0.20,0.02
2011-09-05,,,,,
2011-09-06,2.86,1.98,0.02,0.21,0.02
2011-09-07,2.96,2.05,0.02,0.21,0.00
2011-09-08,2.92,2.00,0.02,0.19,0.01
2011-09-09,2.86,1.93,0.01,0.17,0.00
2011-09-12,2.84,1.94,0.01,0.21,0.01
2011-09-13,2.92,2.00,0.01,0.21,0.00
2011-09-14,2.92,2.03,0.01,0.19,0.00
2011-09-15,2.97,2.09,0.01,0.21,0.00
2011-09-16,2.96,2.08,0.01,0.18,0.01
2011-09-19,2.84,1.97,0.01,0.16,0.00
2011-09-20,2.82,1.95,0.01,0.18,0.00
2011-09-21,2.69,1.88,0.01,0.21,0.01
2011-09-22,2.48,1.72,0.00,0.20,0.00
2011-09-23,2.59,1.84,0.01,0.23,0.00
2011-09-26,2.69,1.91,0.02,0.25,0.00
2011-09-27,2.79,2.00,0.01,0.25,0.00
2011-09-28,2.82,2.03,0.02,0.27,0.00
2011-09-29,2.76,1.99,0.02,0.27,0.00
2011-09-30,2.66,1.92,0.02,0.25,0.02
2011-10-03,2.51,1.80,0.02,0.24,0.01
2011-10-04,2.53,1.81,0.01,0.25,0.01
2011-10-05,2.62,1.92,0.00,0.25,0.00
2011-10-06,2.71,2.01,0.01,0.29,0.01
2011-10-07,2.78,2.10,0.01,0.30,0.01
2011-10-10,,,,,
2011-10-11,2.87,2.18,0.02,0.32,0.01
2011-10-12,2.94,2.24,0.02,0.29,0.01
2011-10-13,2.90,2.19,0.02,0.29,0.02
2011-10-14,2.97,2.26,0.02,0.28,0.02
2011-10-17,2.88,2.18,0.04,0.28,0.02
2011-10-18,2.91,2.19,0.04,0.28,0.02
2011-10-19,2.90,2.18,0.03,0.28,0.01
2011-10-20,2.92,2.20,0.03,0.28,0.02
2011-10-21,2.98,2.23,0.02,0.30,0.01
2011-10-24,3.00,2.25,0.02,0.30,0.01
2011-10-25,2.86,2.14,0.01,0.26,0.01
2011-10-26,2.95,2.23,0.02,0.28,0.01
2011-10-27,3.18,2.42,0.02,0.31,0.02
2011-10-28,3.09,2.34,0.01,0.28,0.02
2011-10-31,2.89,2.17,0.01,0.25,0.02
2011-11-01,2.73,2.01,0.01,0.23,0.01
2011-11-02,2.75,2.03,0.01,0.23,0.01
2011-11-03,2.83,2.09,0.01,0.24,0.01
2011-11-04,2.81,2.06,0.01,0.22,0.01
2011-11-07,2.77,2.04,0.01,0.25,0.01
2011-11-08,2.84,2.10,0.01,0.25,0.01
2011-11-09,2.73,2.00,0.01,0.24,0.01
2011-11-10,2.80,2.04,0.01,0.24,0.01
2011-11-11,,,,,
2011-11-14,2.77,2.04,0.01,0.24,0.01
2011-11-15,2.79,2.06,0.01,0.26,0.01
2011-11-16,2.73,2.01,0.01,0.26,0.01
2011-11-17,2.66,1.96,0.02,0.27,0.01
2011-11-18,2.69,2.01,0.01,0.29,0.02
2011-11-21,2.65,1.97,0.02,0.27,0.02
2011-11-22,2.60,1.94,0.02,0.26,0.02
2011-11-23,2.53,1.89,0.02,0.26,0.02
2011-11-24,,,,,
2011-11-25,2.62,1.97,0.02,0.28,0.02
2011-11-28,2.63,1.97,0.03,0.26,0.02
2011-11-29,2.66,2.00,0.02,0.27,0.02
2011-11-30,2.77,2.08,0.01,0.25,0.02
2011-12-01,2.82,2.11,0.01,0.27,0.02
2011-12-02,2.74,2.05,0.02,0.25,0.02
2011-12-05,2.73,2.04,0.01,0.27,0.01
2011-12-06,2.74,2.08,0.01,0.25,0.00
2011-12-07,2.74,2.02,0.02,0.24,0.00
2011-12-08,2.70,1.99,0.01,0.22,0.00
2011-12-09,2.79,2.07,0.01,0.22,0.00
2011-12-12,2.75,2.03,0.01,0.24,0.00
2011-12-13,2.66,1.96,0.01,0.24,0.00
2011-12-14,2.59,1.92,0.01,0.25,0.00
2011-12-15,2.60,1.92,0.00,0.26,0.00
2011-12-16,2.54,1.86,0.00,0.24,0.00
2011-12-19,2.48,1.82,0.01,0.24,0.00
2011-12-20,2.61,1.94,0.01,0.26,0.00
2011-12-21,2.67,1.98,0.01,0.28,0.00
2011-12-22,2.67,1.97,0.01,0.28,0.00
2011-12-23,2.73,2.03,0.01,0.28,0.00
2011-12-26,,,,,
2011-12-27,2.72,2.02,0.02,0.30,0.01
2011-12-28,2.59,1.93,0.01,0.28,0.00
2011-12-29,2.58,1.91,0.02,0.28,0.00
2011-12-30,2.57,1.89,0.02,0.25,0.01
2012-01-02,,,,,
2012-01-03,2.67,1.97,0.02,0.27,0.01
2012-01-04,2.71,2.00,0.02,0.25,0.01
2012-01-05,2.74,2.02,0.02,0.27,0.01
2012-01-06,2.70,1.98,0.02,0.25,0.02
2012-01-09,2.70,1.98,0.01,0.26,0.01
2012-01-10,2.71,2.00,0.02,0.24,0.01
2012-01-11,2.63,1.93,0.02,0.24,0.01
2012-01-12,2.65,1.94,0.03,0.22,0.02
2012-01-13,2.59,1.89,0.03,0.24,0.02
2012-01-16,,,,,
2012-01-17,2.57,1.87,0.03,0.21,0.02
2012-01-18,2.63,1.92,0.03,0.24,0.02
2012-01-19,2.72,2.01,0.05,0.26,0.04
2012-01-20,2.78,2.05,0.05,0.26,0.03
2012-01-23,2.82,2.09,0.04,0.26,0.03
2012-01-24,2.82,2.08,0.04,0.24,0.02
2012-01-25,2.78,2.01,0.04,0.22,0.03
2012-01-26,2.74,1.96,0.05,0.22,0.04
2012-01-27,2.71,1.93,0.06,0.22,0.05
2012-01-30,2.64,1.87,0.05,0.22,0.05
2012-01-31,2.59,1.83,0.06,0.22,0.04
2012-02-01,2.65,1.87,0.06,0.23,0.05
2012-02-02,2.64,1.86,0.08,0.23,0.07
2012-02-03,2.76,1.97,0.08,0.23,0.06
2012-02-06,2.71,1.93,0.08,0.24,0.04
2012-02-07,2.78,2.00,0.08,0.25,0.06
2012-02-08,2.78,2.01,0.09,0.27,0.06
2012-02-09,2.83,2.04,0.09,0.27,0.06
2012-02-10,2.75,1.96,0.09,0.27,0.05
2012-02-13,2.78,1.99,0.11,0.29,0.06
2012-02-14,2.70,1.92,0.12,0.29,0.09
2012-02-15,2.72,1.93,0.11,0.29,0.09
2012-02-16,2.78,1.99,0.10,0.29,0.04
2012-02-17,2.80,2.01,0.09,0.29,0.03
2012-02-20,,,,,
2012-02-21,2.84,2.05,0.08,0.31,0.03
2012-02-22,2.79,2.01,0.09,0.29,0.07
2012-02-23,2.77,1.99,0.09,0.31,0.07
2012-02-24,2.75,1.98,0.10,0.31,0.08
2012-02-27,2.69,1.92,0.12,0.30,0.08
2012-02-28,2.71,1.94,0.10,0.30,0.10
2012-02-29,2.73,1.98,0.08,0.30,0.08
2012-03-01,2.80,2.03,0.08,0.30,0.07
2012-03-02,2.77,1.99,0.07,0.28,0.06
2012-03-05,2.78,2.00,0.08,0.31,0.07
2012-03-06,2.73,1.96,0.08,0.30,0.06
2012-03-07,2.76,1.98,0.08,0.30,0.06
2012-03-08,2.82,2.03,0.08,0.32,0.07
2012-03-09,2.83,2.04,0.09,0.33,0.06
2012-03-12,2.82,2.04,0.09,0.33,0.05
2012-03-13,2.92,2.14,0.08,0.35,0.06
2012-03-14,3.08,2.29,0.09,0.40,0.08
2012-03-15,3.08,2.29,0.08,0.37,0.08
2012-03-16,3.08,2.31,0.09,0.37,0.07
2012-03-19,3.14,2.39,0.10,0.39,0.07
2012-03-20,3.13,2.38,0.10,0.41,0.08
2012-03-21,3.06,2.31,0.09,0.39,0.09
2012-03-22,3.04,2.29,0.08,0.37,0.06
2012-03-23,2.99,2.25,0.08,0.37,0.06
2012-03-26,3.00,2.26,0.09,0.36,0.06
2012-03-27,2.96,2.20,0.09,0.33,0.07
2012-03-28,2.97,2.21,0.09,0.34,0.05
2012-03-29,2.93,2.18,0.07,0.33,0.02
2012-03-30,3.00,2.23,0.07,0.33,0.05
2012-04-02,3.00,2.22,0.08,0.33,0.05
2012-04-03,3.07,2.30,0.08,0.36,0.07
2012-04-04,3.02,2.25,0.08,0.35,0.08
2012-04-05,2.97,2.19,0.08,0.35,0.07
2012-04-06,2.85,2.07,0.07,0.32,0.06
2012-04-09,2.82,2.06,0.09,0.32,0.07
2012-04-10,2.77,2.01,0.09,0.28,0.08
2012-04-11,2.82,2.05,0.09,0.30,0.08
2012-04-12,2.85,2.08,0.09,0.29,0.08
2012-04-13,2.77,2.02,0.09,0.27,0.07
2012-04-16,2.75,2.00,0.08,0.27,0.07
2012-04-17,2.79,2.03,0.08,0.27,0.07
2012-04-18,2.76,2.00,0.07,0.27,0.05
2012-04-19,2.74,1.98,0.07,0.27,0.04
2012-04-20,2.75,1.99,0.08,0.29,0.04
2012-04-23,2.71,1.96,0.08,0.27,0.04
2012-04-24,2.75,2.00,0.09,0.27,0.07
2012-04-25,2.76,2.01,0.09,0.26,0.08
2012-04-26,2.74,1.98,0.09,0.26,0.09
2012-04-27,2.73,1.96,0.09,0.26,0.07
2012-04-30,2.73,1.95,0.10,0.27,0.07
2012-05-01,2.76,1.98,0.09,0.27,0.07
2012-05-02,2.72,1.96,0.08,0.27,0.06
2012-05-03,2.72,1.96,0.09,0.28,0.05
2012-05-04,2.67,1.91,0.07,0.27,0.05
2012-05-07,2.67,1.92,0.10,0.27,0.06
2012-05-08,2.63,1.88,0.09,0.27,0.08
2012-05-09,2.63,1.87,0.09,0.27,0.07
2012-05-10,2.64,1.89,0.10,0.27,0.08
2012-05-11,2.59,1.84,0.10,0.27,0.07
2012-05-14,2.53,1.78,0.10,0.29,0.07
2012-05-15,2.50,1.76,0.09,0.29,0.08
2012-05-16,2.48,1.76,0.10,0.30,0.08
2012-05-17,2.39,1.70,0.10,0.32,0.08
2012-05-18,2.40,1.71,0.08,0.32,0.06
2012-05-21,2.42,1.75,0.09,0.30,0.06
2012-05-22,2.48,1.79,0.09,0.30,0.07
2012-05-23,2.41,1.73,0.09,0.28,0.07
2012-05-24,2.46,1.77,0.10,0.29,0.08
2012-05-25,2.44,1.75,0.09,0.30,0.07
2012-05-28,,,,,
2012-05-29,2.44,1.74,0.09,0.30,0.06
2012-05-30,2.32,1.63,0.07,0.27,0.05
2012-05-31,2.27,1.59,0.07,0.27,0.03
2012-06-01,2.13,1.47,0.07,0.25,0.03
2012-06-04,2.17,1.53,0.08,0.25,0.04
2012-06-05,2.23,1.57,0.08,0.25,0.05
2012-06-06,2.34,1.66,0.09,0.26,0.05
2012-06-07,2.35,1.66,0.09,0.27,0.04
2012-06-08,2.36,1.65,0.09,0.28,0.04
2012-06-11,2.30,1.60,0.09,0.27,0.05
2012-06-12,2.37,1.67,0.10,0.30,0.06
2012-06-13,2.30,1.61,0.10,0.30,0.07
2012-06-14,2.33,1.64,0.11,0.30,0.08
2012-06-15,2.30,1.60,0.09,0.29,0.05
2012-06-18,2.28,1.59,0.10,0.29,0.06
2012-06-19,2.33,1.64,0.09,0.30,0.06
2012-06-20,2.34,1.65,0.09,0.32,0.06
2012-06-21,2.30,1.63,0.09,0.32,0.05
2012-06-22,2.37,1.69,0.09,0.31,0.05
2012-06-25,2.31,1.63,0.10,0.31,0.06
2012-06-26,2.34,1.66,0.10,0.31,0.07
2012-06-27,2.32,1.65,0.09,0.31,0.06
2012-06-28,2.28,1.60,0.09,0.31,0.02
2012-06-29,2.38,1.67,0.09,0.33,0.04
2012-07-02,2.30,1.61,0.10,0.30,0.06
2012-07-03,2.36,1.65,0.09,0.30,0.08
2012-07-04,,,,,
2012-07-05,2.34,1.62,0.08,0.28,0.07
2012-07-06,2.28,1.57,0.08,0.27,0.06
2012-07-09,2.24,1.53,0.09,0.27,0.06
2012-07-10,2.22,1.53,0.09,0.27,0.07
2012-07-11,2.22,1.54,0.10,0.27,0.07
2012-07-12,2.18,1.50,0.10,0.25,0.08
2012-07-13,2.20,1.52,0.10,0.25,0.08
2012-07-16,2.18,1.50,0.10,0.24,0.04
2012-07-17,2.22,1.53,0.10,0.25,0.08
2012-07-18,2.21,1.52,0.09,0.22,0.07
2012-07-19,2.24,1.54,0.09,0.22,0.06
2012-07-20,2.17,1.49,0.09,0.22,0.07
2012-07-23,2.15,1.47,0.10,0.22,0.07
2012-07-24,2.11,1.44,0.10,0.22,0.08
2012-07-25,2.11,1.43,0.10,0.22,0.08
2012-07-26,2.13,1.45,0.11,0.23,0.08
2012-07-27,2.27,1.58,0.11,0.25,0.07
2012-07-30,2.22,1.53,0.11,0.23,0.06
2012-07-31,2.21,1.51,0.11,0.23,0.07
2012-08-01,2.25,1.56,0.10,0.24,0.07
2012-08-02,2.20,1.51,0.09,0.24,0.04
2012-08-03,2.30,1.60,0.09,0.24,0.03
2012-08-06,2.29,1.59,0.10,0.24,0.05
2012-08-07,2.37,1.66,0.11,0.27,0.09
2012-08-08,2.39,1.68,0.11,0.29,0.09
2012-08-09,2.40,1.69,0.11,0.29,0.10
2012-08-10,2.37,1.65,0.10,0.27,0.10
2012-08-13,2.37,1.65,0.11,0.27,0.10
2012-08-14,2.45,1.73,0.11,0.27,0.11
2012-08-15,2.53,1.80,0.09,0.27,0.11
2012-08-16,2.57,1.83,0.09,0.29,0.10
2012-08-17,2.55,1.81,0.09,0.29,0.09
2012-08-20,2.55,1.82,0.11,0.29,0.09
2012-08-21,2.53,1.80,0.11,0.31,0.10
2012-08-22,2.44,1.71,0.11,0.26,0.10
2012-08-23,2.41,1.68,0.11,0.26,0.10
2012-08-24,2.41,1.68,0.10,0.28,0.10
2012-08-27,2.38,1.65,0.11,0.28,0.10
2012-08-28,2.36,1.64,0.10,0.27,0.12
2012-08-29,2.38,1.66,0.12,0.27,0.12
2012-08-30,2.36,1.63,0.10,0.27,0.12
2012-08-31,2.29,1.57,0.09,0.22,0.09
2012-09-03,,,,,
2012-09-04,2.30,1.59,0.10,0.23,0.10
2012-09-05,2.32,1.60,0.11,0.25,0.11
2012-09-06,2.41,1.68,0.11,0.27,0.10
2012-09-07,2.42,1.67,0.11,0.25,0.09
2012-09-10,2.43,1.68,0.10,0.25,0.09
2012-09-11,2.44,1.70,0.10,0.25,0.09
2012-09-12,2.52,1.77,0.10,0.25,0.09
2012-09-13,2.53,1.75,0.10,0.24,0.10
2012-09-14,2.68,1.88,0.11,0.27,0.08
2012-09-17,2.64,1.85,0.11,0.25,0.06
2012-09-18,2.61,1.82,0.10,0.25,0.08
2012-09-19,2.58,1.79,0.11,0.27,0.08
2012-09-20,2.58,1.80,0.11,0.27,0.06
2012-09-21,2.57,1.77,0.11,0.27,0.05
2012-09-24,2.53,1.74,0.11,0.27,0.03
2012-09-25,2.47,1.70,0.11,0.27,0.06
2012-09-26,2.40,1.64,0.11,0.26,0.05
2012-09-27,2.43,1.66,0.09,0.25,0.05
2012-09-28,2.42,1.65,0.10,0.23,0.06
2012-10-01,2.41,1.64,0.09,0.25,0.05
2012-10-02,2.41,1.64,0.09,0.23,0.09
2012-10-03,2.42,1.64,0.09,0.23,0.09
2012-10-04,2.48,1.70,0.10,0.23,0.10
2012-10-05,2.55,1.75,0.11,0.27,0.10
2012-10-08,,,,,
2012-10-09,2.52,1.74,0.10,0.25,0.11
2012-10-10,2.48,1.72,0.10,0.27,0.12
2012-10-11,2.45,1.70,0.10,0.28,0.12
2012-10-12,2.44,1.69,0.11,0.27,0.12
2012-10-15,2.45,1.70,0.11,0.27,0.10
2012-10-16,2.51,1.75,0.09,0.27,0.13
2012-10-17,2.60,1.83,0.11,0.30,0.13
2012-10-18,2.63,1.86,0.10,0.29,0.12
2012-10-19,2.55,1.79,0.10,0.30,0.11
2012-10-22,2.57,1.83,0.10,0.32,0.10
2012-10-23,2.53,1.79,0.11,0.29,0.11
2012-10-24,2.55,1.80,0.11,0.29,0.13
2012-10-25,2.60,1.86,0.11,0.31,0.13
2012-10-26,2.53,1.78,0.12,0.30,0.12
2012-10-29,2.48,1.74,0.14,0.30,0.13
2012-10-30,,,,,
2012-10-31,2.46,1.72,0.11,0.30,0.09
2012-11-01,2.50,1.75,0.09,0.30,0.06
2012-11-02,2.51,1.75,0.09,0.28,0.08
2012-11-05,2.47,1.72,0.11,0.28,0.09
2012-11-06,2.52,1.78,0.10,0.30,0.12
2012-11-07,2.42,1.68,0.10,0.27,0.12
2012-11-08,2.35,1.62,0.10,0.27,0.13
2012-11-09,2.34,1.61,0.09,0.27,0.13
2012-11-12,,,,,
2012-11-13,2.31,1.59,0.11,0.27,0.12
2012-11-14,2.31,1.59,0.10,0.25,0.15
2012-11-15,2.30,1.58,0.08,0.24,0.13
2012-11-16,2.31,1.58,0.06,0.24,0.07
2012-11-19,2.34,1.61,0.09,0.25,0.06
2012-11-20,2.40,1.66,0.08,0.27,0.15
2012-11-21,2.42,1.69,0.10,0.27,0.17
2012-11-22,,,,,
2012-11-23,2.42,1.70,0.10,0.29,0.16
2012-11-26,2.39,1.66,0.10,0.27,0.14
2012-11-27,2.38,1.64,0.10,0.27,0.17
2012-11-28,2.36,1.63,0.10,0.27,0.17
2012-11-29,2.37,1.62,0.09,0.25,0.16
2012-11-30,2.37,1.62,0.08,0.25,0.11
2012-12-03,2.37,1.63,0.10,0.25,0.13
2012-12-04,2.36,1.62,0.10,0.25,0.07
2012-12-05,2.35,1.60,0.10,0.25,0.07
2012-12-06,2.33,1.59,0.10,0.25,0.07
2012-12-07,2.39,1.64,0.09,0.25,0.06
2012-12-10,2.38,1.63,0.09,0.24,0.05
2012-12-11,2.41,1.66,0.08,0.24,0.04
2012-12-12,2.48,1.72,0.07,0.25,0.04
2012-12-13,2.49,1.74,0.06,0.27,0.02
2012-12-14,2.46,1.72,0.04,0.24,0.01
2012-12-17,2.53,1.78,0.05,0.25,0.01
2012-12-18,2.59,1.84,0.06,0.28,0.04
2012-12-19,2.58,1.82,0.05,0.28,0.03
2012-12-20,2.57,1.81,0.06,0.28,0.02
2012-12-21,2.52,1.77,0.06,0.26,0.02
2012-12-24,2.53,1.79,0.06,0.26,0.03
2012-12-25,,,,,
2012-12-26,2.52,1.77,0.09,0.26,0.05
2012-12-27,2.48,1.74,0.08,0.26,0.01
2012-12-28,2.47,1.73,0.01,0.27,0.00
2012-12-31,2.54,1.78,0.05,0.25,0.02
2013-01-01,,,,,
2013-01-02,2.63,1.86,0.08,0.27,0.07
2013-01-03,2.70,1.92,0.08,0.27,0.06
2013-01-04,2.70,1.93,0.07,0.27,0.06
2013-01-07,2.70,1.92,0.07,0.27,0.05
2013-01-08,2.66,1.89,0.07,0.25,0.06
2013-01-09,2.65,1.88,0.06,0.24,0.04
2013-01-10,2.68,1.91,0.06,0.26,0.05
2013-01-11,2.65,1.89,0.07,0.26,0.04
2013-01-14,2.65,1.89,0.08,0.26,0.05
2013-01-15,2.62,1.86,0.09,0.26,0.09
2013-01-16,2.61,1.84,0.08,0.26,0.07
2013-01-17,2.66,1.89,0.07,0.28,0.05
2013-01-18,2.63,1.87,0.08,0.26,0.04
2013-01-21,,,,,
2013-01-22,2.62,1.86,0.08,0.26,0.04
2013-01-23,2.62,1.86,0.08,0.26,0.06
2013-01-24,2.64,1.88,0.08,0.23,0.06
2013-01-25,2.75,1.98,0.08,0.28,0.06
2013-01-28,2.76,2.00,0.07,0.29,0.03
2013-01-29,2.79,2.03,0.07,0.30,0.03
2013-01-30,2.80,2.03,0.07,0.27,0.04
2013-01-31,2.79,2.02,0.07,0.27,0.04
2013-02-01,2.83,2.04,0.06,0.27,0.02
2013-02-04,2.79,2.00,0.07,0.25,0.03
2013-02-05,2.83,2.04,0.07,0.27,0.06
2013-02-06,2.79,2.00,0.07,0.27,0.06
2013-02-07,2.78,1.99,0.07,0.25,0.03
2013-02-08,2.79,1.99,0.07,0.25,0.03
2013-02-11,2.78,1.99,0.09,0.27,0.05
2013-02-12,2.81,2.02,0.09,0.29,0.08
2013-02-13,2.86,2.05,0.10,0.29,0.09
2013-02-14,2.79,2.00,0.11,0.27,0.10
2013-02-15,2.80,2.01,0.10,0.29,0.09
2013-02-18,,,,,
2013-02-19,2.83,2.03,0.12,0.29,0.09
2013-02-20,2.82,2.02,0.12,0.27,0.12
2013-02-21,2.79,1.99,0.13,0.26,0.12
2013-02-22,2.77,1.97,0.13,0.27,0.11
2013-02-25,2.69,1.88,0.12,0.25,0.09
2013-02-26,2.69,1.88,0.14,0.25,0.11
2013-02-27,2.72,1.91,0.11,0.27,0.11
2013-02-28,2.71,1.89,0.11,0.25,0.07
2013-03-01,2.68,1.86,0.11,0.25,0.07
2013-03-04,2.70,1.88,0.11,0.24,0.07
2013-03-05,2.72,1.90,0.08,0.25,0.09
2013-03-06,2.77,1.95,0.10,0.25,0.09
2013-03-07,2.82,2.00,0.10,0.25,0.10
2013-03-08,2.89,2.06,0.10,0.27,0.09
2013-03-11,2.89,2.07,0.10,0.27,0.09
2013-03-12,2.85,2.03,0.10,0.27,0.10
2013-03-13,2.85,2.04,0.09,0.27,0.09
2013-03-14,2.87,2.04,0.10,0.27,0.08
2013-03-15,2.85,2.01,0.09,0.25,0.07
2013-03-18,2.79,1.96,0.07,0.26,0.07
2013-03-19,2.75,1.92,0.07,0.24,0.08
2013-03-20,2.80,1.96,0.07,0.26,0.08
2013-03-21,2.77,1.95,0.07,0.27,0.08
2013-03-22,2.75,1.93,0.07,0.26,0.07
2013-03-25,2.76,1.93,0.08,0.24,0.06
2013-03-26,2.75,1.92,0.07,0.25,0.08
2013-03-27,2.71,1.87,0.09,0.25,0.06
2013-03-28,2.71,1.87,0.07,0.25,0.04
2013-03-29,,,,,
2013-04-01,2.70,1.86,0.08,0.23,0.06
2013-04-02,2.72,1.88,0.07,0.25,0.06
2013-04-03,2.66,1.83,0.06,0.24,0.06
2013-04-04,2.60,1.78,0.07,0.22,0.07
2013-04-05,2.50,1.72,0.07,0.24,0.05
2013-04-08,2.54,1.76,0.07,0.24,0.05
2013-04-09,2.57,1.78,0.06,0.24,0.06
2013-04-10,2.63,1.84,0.07,0.24,0.07
2013-04-11,2.62,1.82,0.07,0.24,0.06
2013-04-12,2.54,1.75,0.06,0.22,0.05
2013-04-15,2.50,1.72,0.06,0.22,0.04
2013-04-16,2.53,1.75,0.06,0.24,0.06
2013-04-17,2.51,1.73,0.06,0.24,0.05
2013-04-18,2.49,1.72,0.05,0.24,0.03
2013-04-19,2.50,1.73,0.05,0.24,0.04
2013-04-22,2.50,1.72,0.05,0.24,0.04
2013-04-23,2.52,1.74,0.05,0.23,0.04
2013-04-24,2.50,1.73,0.06,0.23,0.05
2013-04-25,2.52,1.74,0.05,0.23,0.04
2013-04-26,2.47,1.70,0.05,0.22,0.04
2013-04-29,2.49,1.70,0.05,0.20,0.03
2013-04-30,2.49,1.70,0.05,0.22,0.03
2013-05-01,2.44,1.66,0.06,0.20,0.03
2013-05-02,2.44,1.66,0.05,0.20,0.02
2013-05-03,2.58,1.78,0.05,0.22,0.02
2013-05-06,2.60,1.80,0.04,0.22,0.01
2013-05-07,2.62,1.82,0.04,0.22,0.01
2013-05-08,2.61,1.81,0.04,0.22,0.01
2013-05-09,2.60,1.81,0.04,0.22,0.02
2013-05-10,2.70,1.90,0.04,0.26,0.02
2013-05-13,2.73,1.92,0.05,0.24,0.02
2013-05-14,2.77,1.96,0.05,0.26,0.01
2013-05-15,2.76,1.94,0.04,0.26,0.01
2013-05-16,2.69,1.87,0.03,0.23,0.00
2013-05-17,2.77,1.95,0.04,0.26,0.01
2013-05-20,2.79,1.97,0.05,0.26,0.01
2013-05-21,2.75,1.94,0.04,0.26,0.04
2013-05-22,2.83,2.03,0.04,0.26,0.04
2013-05-23,2.82,2.02,0.05,0.26,0.03
2013-05-24,2.80,2.01,0.04,0.26,0.03
2013-05-27,,,,,
2013-05-28,2.95,2.15,0.05,0.29,0.02
2013-05-29,2.91,2.13,0.05,0.30,0.04
2013-05-30,2.92,2.13,0.04,0.31,0.02
2013-05-31,2.95,2.16,0.04,0.30,0.03
2013-06-03,2.92,2.13,0.05,0.30,0.03
2013-06-04,2.95,2.14,0.04,0.32,0.05
2013-06-05,2.90,2.10,0.05,0.30,0.04
2013-06-06,2.89,2.08,0.05,0.30,0.04
2013-06-07,2.98,2.17,0.04,0.32,0.04
2013-06-10,3.03,2.22,0.05,0.32,0.04
2013-06-11,3.00,2.20,0.05,0.34,0.05
2013-06-12,3.04,2.25,0.05,0.34,0.04
2013-06-13,2.99,2.19,0.05,0.32,0.04
2013-06-14,2.95,2.14,0.05,0.29,0.04
2013-06-17,3.01,2.19,0.05,0.27,0.05
2013-06-18,3.00,2.20,0.05,0.27,0.04
2013-06-19,3.09,2.33,0.05,0.31,0.04
2013-06-20,3.18,2.41,0.05,0.33,0.03
2013-06-21,3.26,2.52,0.05,0.38,0.02
2013-06-24,3.27,2.57,0.06,0.42,0.01
2013-06-25,3.31,2.60,0.06,0.43,0.03
2013-06-26,3.27,2.55,0.06,0.39,0.02
2013-06-27,3.22,2.49,0.06,0.36,0.02
2013-06-28,3.22,2.52,0.04,0.36,0.02
2013-07-01,3.19,2.50,0.04,0.34,0.01
2013-07-02,3.18,2.48,0.03,0.34,0.02
2013-07-03,3.22,2.52,0.05,0.36,0.03
2013-07-04,,,,,
2013-07-05,3.41,2.73,0.04,0.40,0.03
2013-07-08,3.35,2.65,0.05,0.37,0.02
2013-07-09,3.36,2.65,0.04,0.37,0.04
2013-07-10,3.40,2.70,0.04,0.38,0.03
2013-07-11,3.33,2.60,0.04,0.34,0.02
2013-07-12,3.34,2.61,0.04,0.37,0.02
2013-07-15,3.30,2.57,0.04,0.34,0.02
2013-07-16,3.28,2.55,0.03,0.34,0.02
2013-07-17,3.27,2.52,0.03,0.32,0.02
2013-07-18,3.32,2.56,0.03,0.32,0.01
2013-07-19,3.25,2.50,0.03,0.32,0.01
2013-07-22,3.25,2.50,0.04,0.32,0.01
2013-07-23,3.27,2.53,0.02,0.33,0.02
2013-07-24,3.34,2.61,0.03,0.34,0.02
2013-07-25,3.34,2.61,0.02,0.32,0.02
2013-07-26,3.31,2.58,0.03,0.31,0.02
2013-07-29,3.35,2.61,0.03,0.33,0.01
2013-07-30,3.36,2.63,0.04,0.33,0.03
2013-07-31,3.34,2.60,0.04,0.31,0.03
2013-08-01,3.48,2.74,0.04,0.35,0.02
2013-08-02,3.39,2.63,0.04,0.30,0.02
2013-08-05,3.42,2.67,0.05,0.32,0.03
2013-08-06,3.42,2.67,0.04,0.32,0.05
2013-08-07,3.37,2.61,0.05,0.32,0.05
2013-08-08,3.37,2.58,0.05,0.30,0.05
2013-08-09,3.36,2.57,0.05,0.32,0.05
2013-08-12,3.39,2.61,0.06,0.32,0.05
2013-08-13,3.48,2.71,0.06,0.34,0.06
2013-08-14,3.48,2.71,0.05,0.34,0.06
2013-08-15,3.54,2.77,0.05,0.36,0.05
2013-08-16,3.61,2.84,0.05,0.36,0.05
2013-08-19,3.64,2.88,0.06,0.36,0.03
2013-08-20,3.59,2.82,0.04,0.36,0.03
2013-08-21,3.64,2.87,0.04,0.38,0.02
2013-08-22,3.63,2.90,0.03,0.42,0.01
2013-08-23,3.55,2.82,0.03,0.40,0.02
2013-08-26,3.52,2.79,0.04,0.41,0.03
2013-08-27,3.45,2.72,0.05,0.38,0.04
2013-08-28,3.50,2.78,0.03,0.40,0.04
2013-08-29,3.45,2.75,0.02,0.39,0.03
2013-08-30,3.46,2.78,0.03,0.39,0.02
2013-09-02,,,,,
2013-09-03,3.54,2.86,0.02,0.43,0.03
2013-09-04,3.56,2.90,0.02,0.46,0.02
2013-09-05,3.64,2.98,0.02,0.52,0.03
2013-09-06,3.62,2.94,0.02,0.46,0.02
2013-09-09,3.60,2.90,0.02,0.45,0.02
2013-09-10,3.65,2.96,0.02,0.50,0.01
2013-09-11,3.61,2.93,0.02,0.47,0.01
2013-09-12,3.60,2.92,0.01,0.45,0.01
2013-09-13,3.59,2.90,0.01,0.45,0.01
2013-09-16,3.61,2.88,0.02,0.41,0.01
2013-09-17,3.57,2.86,0.01,0.39,0.01
2013-09-18,3.46,2.69,0.01,0.34,0.01
2013-09-19,3.52,2.76,0.01,0.34,0.00
2013-09-20,3.50,2.75,0.01,0.34,0.01
2013-09-23,3.46,2.72,0.02,0.35,0.01
2013-09-24,3.40,2.67,0.02,0.35,0.02
2013-09-25,3.37,2.63,0.02,0.36,0.02
2013-09-26,3.41,2.66,0.00,0.34,0.04
2013-09-27,3.40,2.64,0.02,0.34,0.03
2013-09-30,3.41,2.64,0.02,0.33,0.03
2013-10-01,3.43,2.66,0.02,0.33,0.10
2013-10-02,3.41,2.63,0.02,0.31,0.08
2013-10-03,3.40,2.62,0.03,0.33,0.12
2013-10-04,3.43,2.66,0.03,0.33,0.11
2013-10-07,3.41,2.65,0.03,0.37,0.13
2013-10-08,3.41,2.66,0.05,0.40,0.27
2013-10-09,3.43,2.68,0.05,0.37,0.26
2013-10-10,3.46,2.71,0.05,0.35,0.25
2013-10-11,3.45,2.70,0.08,0.35,0.25
2013-10-14,,,,,
2013-10-15,3.50,2.75,0.14,0.37,0.32
2013-10-16,3.43,2.69,0.10,0.34,0.14
2013-10-17,3.36,2.61,0.05,0.33,0.01
2013-10-18,3.36,2.60,0.04,0.33,0.01
2013-10-21,3.39,2.63,0.04,0.33,0.02
2013-10-22,3.31,2.54,0.04,0.31,0.04
2013-10-23,3.29,2.51,0.04,0.31,0.02
2013-10-24,3.30,2.53,0.03,0.33,0.02
2013-10-25,3.30,2.53,0.04,0.32,0.02
2013-10-28,3.31,2.54,0.04,0.32,0.02
2013-10-29,3.31,2.53,0.04,0.31,0.06
2013-10-30,3.33,2.55,0.04,0.33,0.05
2013-10-31,3.33,2.57,0.04,0.31,0.03
2013-11-01,3.40,2.65,0.04,0.33,0.03
2013-11-04,3.40,2.63,0.05,0.32,0.02
2013-11-05,3.46,2.69,0.05,0.32,0.06
2013-11-06,3.46,2.67,0.05,0.30,0.05
2013-11-07,3.41,2.63,0.05,0.29,0.04
2013-11-08,3.55,2.77,0.06,0.32,0.04
2013-11-11,,,,,
2013-11-12,3.57,2.80,0.08,0.34,0.05
2013-11-13,3.54,2.75,0.08,0.32,0.06
2013-11-14,3.49,2.69,0.08,0.29,0.06
2013-11-15,3.50,2.71,0.08,0.31,0.06
2013-11-18,3.46,2.67,0.09,0.31,0.05
2013-11-19,3.50,2.71,0.08,0.29,0.05
2013-11-20,3.61,2.80,0.08,0.28,0.06
2013-11-21,3.59,2.79,0.07,0.29,0.02
2013-11-22,3.54,2.75,0.07,0.31,0.02
2013-11-25,3.53,2.74,0.08,0.30,0.04
2013-11-26,3.50,2.71,0.07,0.29,0.07
2013-11-27,3.52,2.74,0.07,0.28,0.06
2013-11-28,,,,,
2013-11-29,3.54,2.75,0.06,0.28,0.05
2013-12-02,3.58,2.81,0.05,0.30,0.02
2013-12-03,3.56,2.79,0.06,0.28,0.04
2013-12-04,3.63,2.84,0.06,0.30,0.04
2013-12-05,3.65,2.88,0.06,0.30,0.02
2013-12-06,3.63,2.88,0.06,0.30,0.03
2013-12-09,3.61,2.86,0.07,0.30,0.04
2013-12-10,3.56,2.81,0.07,0.30,0.03
2013-12-11,3.61,2.86,0.07,0.31,0.02
2013-12-12,3.63,2.89,0.07,0.34,0.01
2013-12-13,3.61,2.88,0.07,0.34,0.02
2013-12-16,3.63,2.89,0.07,0.34,0.02
2013-12-17,3.60,2.85,0.07,0.34,0.02
2013-12-18,3.63,2.89,0.07,0.32,0.01
2013-12-19,3.64,2.94,0.06,0.35,0.01
2013-12-20,3.57,2.89,0.07,0.37,0.02
2013-12-23,3.60,2.94,0.07,0.38,0.01
2013-12-24,3.66,2.99,0.07,0.38,0.01
2013-12-25,,,,,
2013-12-26,3.68,3.00,0.07,0.42,0.00
2013-12-27,3.70,3.02,0.07,0.40,0.01
2013-12-30,3.66,2.99,0.07,0.39,0.01
2013-12-31,3.72,3.04,0.07,0.38,0.01
2014-01-01,,,,,
2014-01-02,3.68,3.00,0.07,0.39,0.01
2014-01-03,3.69,3.01,0.07,0.41,0.02
2014-01-06,3.66,2.98,0.05,0.40,0.01
2014-01-07,3.64,2.96,0.04,0.40,0.01
2014-01-08,3.67,3.01,0.05,0.43,0.00
2014-01-09,3.62,2.97,0.04,0.44,0.01
2014-01-10,3.54,2.88,0.05,0.39,0.01
2014-01-13,3.52,2.84,0.03,0.39,0.00
2014-01-14,3.54,2.88,0.04,0.39,0.00
2014-01-15,3.55,2.90,0.04,0.41,0.01
2014-01-16,3.52,2.86,0.04,0.41,0.01
2014-01-17,3.50,2.84,0.05,0.40,0.01
2014-01-20,,,,,
2014-01-21,3.50,2.85,0.04,0.40,0.01
2014-01-22,3.52,2.87,0.04,0.44,0.00
2014-01-23,3.44,2.79,0.04,0.39,0.01
2014-01-24,3.40,2.75,0.04,0.37,0.04
2014-01-27,3.43,2.78,0.05,0.37,0.04
2014-01-28,3.43,2.77,0.05,0.38,0.05
2014-01-29,3.36,2.69,0.04,0.36,0.04
2014-01-30,3.40,2.72,0.02,0.36,0.04
2014-01-31,3.35,2.67,0.02,0.34,0.03
2014-02-03,3.29,2.61,0.05,0.30,0.04
2014-02-04,3.33,2.64,0.06,0.31,0.12
2014-02-05,3.40,2.70,0.07,0.32,0.13
2014-02-06,3.42,2.73,0.07,0.33,0.07
2014-02-07,3.39,2.71,0.08,0.30,0.10
2014-02-10,3.38,2.70,0.07,0.32,0.07
2014-02-11,3.42,2.75,0.05,0.35,0.05
2014-02-12,3.45,2.80,0.05,0.35,0.01
2014-02-13,3.40,2.73,0.03,0.32,0.01
2014-02-14,3.41,2.75,0.02,0.32,0.01
2014-02-17,,,,,
2014-02-18,3.40,2.71,0.05,0.31,0.02
2014-02-19,3.42,2.73,0.06,0.33,0.04
2014-02-20,3.44,2.76,0.05,0.34,0.02
2014-02-21,3.41,2.73,0.05,0.33,0.02
2014-02-24,3.42,2.75,0.05,0.35,0.02
2014-02-25,3.37,2.70,0.05,0.34,0.04
2014-02-26,3.34,2.67,0.05,0.33,0.04
2014-02-27,3.31,2.65,0.04,0.33,0.04
2014-02-28,3.31,2.66,0.05,0.33,0.04
2014-03-03,3.27,2.60,0.05,0.32,0.04
2014-03-04,3.36,2.70,0.05,0.33,0.06
2014-03-05,3.36,2.70,0.06,0.33,0.06
2014-03-06,3.40,2.74,0.05,0.37,0.06
2014-03-07,3.45,2.80,0.06,0.38,0.06
2014-03-10,3.45,2.79,0.05,0.37,0.05
2014-03-11,3.43,2.77,0.05,0.37,0.06
2014-03-12,3.38,2.73,0.05,0.37,0.05
2014-03-13,3.31,2.66,0.05,0.34,0.06
2014-03-14,3.30,2.65,0.05,0.36,0.05
2014-03-17,3.34,2.70,0.06,0.38,0.05
2014-03-18,3.33,2.68,0.05,0.36,0.07
2014-03-19,3.39,2.78,0.06,0.47,0.07
2014-03-20,3.40,2.79,0.06,0.45,0.06
2014-03-21,3.34,2.75,0.06,0.45,0.05
2014-03-24,3.31,2.74,0.06,0.47,0.05
2014-03-25,3.32,2.75,0.05,0.47,0.05
2014-03-26,3.29,2.71,0.05,0.45,0.05
2014-03-27,3.25,2.69,0.04,0.45,0.02
2014-03-28,3.29,2.73,0.04,0.45,0.03
2014-03-31,3.31,2.73,0.05,0.44,0.03
2014-04-01,3.35,2.77,0.04,0.44,0.02
2014-04-02,3.40,2.82,0.02,0.47,0.02
2014-04-03,3.38,2.80,0.02,0.46,0.03
2014-04-04,3.33,2.74,0.03,0.43,0.03
2014-04-07,3.30,2.71,0.03,0.41,0.03
2014-04-08,3.28,2.69,0.03,0.40,0.04
2014-04-09,3.31,2.71,0.04,0.37,0.03
2014-04-10,3.24,2.65,0.04,0.37,0.03
2014-04-11,3.22,2.63,0.04,0.37,0.04
2014-04-14,3.23,2.65,0.04,0.37,0.03
2014-04-15,3.20,2.64,0.04,0.39,0.03
2014-04-16,3.20,2.65,0.04,0.39,0.03
2014-04-17,3.27,2.73,0.03,0.43,0.02
2014-04-18,,,,,
2014-04-21,3.27,2.73,0.04,0.42,0.02
2014-04-22,3.25,2.73,0.03,0.45,0.02
2014-04-23,3.22,2.70,0.02,0.43,0.02
2014-04-24,3.22,2.70,0.01,0.43,0.00
2014-04-25,3.20,2.68,0.03,0.43,0.01
2014-04-28,3.23,2.70,0.03,0.44,0.00
2014-04-29,3.25,2.71,0.02,0.44,0.02
2014-04-30,3.22,2.67,0.03,0.42,0.02
2014-05-01,3.16,2.63,0.03,0.41,0.02
2014-05-02,3.12,2.60,0.02,0.42,0.01
2014-05-05,3.16,2.63,0.03,0.43,0.01
2014-05-06,3.13,2.61,0.03,0.43,0.03
2014-05-07,3.12,2.62,0.03,0.41,0.03
2014-05-08,3.17,2.61,0.03,0.40,0.02
2014-05-09,3.18,2.62,0.03,0.40,0.02
2014-05-12,3.21,2.66,0.03,0.41,0.02
2014-05-13,3.17,2.61,0.03,0.39,0.03
2014-05-14,3.09,2.54,0.03,0.39,0.02
2014-05-15,3.05,2.50,0.03,0.38,0.01
2014-05-16,3.07,2.52,0.03,0.38,0.01
2014-05-19,3.11,2.54,0.03,0.36,0.01
2014-05-20,3.10,2.52,0.03,0.35,0.04
2014-05-21,3.13,2.54,0.04,0.37,0.04
2014-05-22,3.15,2.56,0.03,0.37,0.03
2014-05-23,3.12,2.54,0.04,0.37,0.04
2014-05-26,,,,,
2014-05-27,3.09,2.52,0.04,0.39,0.03
2014-05-28,3.01,2.44,0.04,0.37,0.04
2014-05-29,3.03,2.45,0.04,0.37,0.05
2014-05-30,3.05,2.48,0.04,0.37,0.05
2014-06-02,3.10,2.54,0.04,0.39,0.04
2014-06-03,3.17,2.60,0.04,0.41,0.04
2014-06-04,3.18,2.61,0.04,0.41,0.04
2014-06-05,3.17,2.59,0.04,0.40,0.03
2014-06-06,3.17,2.60,0.04,0.41,0.02
2014-06-09,3.18,2.62,0.04,0.43,0.03
2014-06-10,3.20,2.64,0.04,0.45,0.04
2014-06-11,3.20,2.65,0.04,0.44,0.03
2014-06-12,3.14,2.58,0.04,0.42,0.02
2014-06-13,3.14,2.60,0.04,0.45,0.02
2014-06-16,3.14,2.61,0.04,0.49,0.03
2014-06-17,3.19,2.66,0.04,0.51,0.03
2014-06-18,3.16,2.61,0.03,0.48,0.03
2014-06-19,3.20,2.64,0.02,0.48,0.01
2014-06-20,3.18,2.63,0.02,0.50,0.01
2014-06-23,3.18,2.63,0.03,0.48,0.02
2014-06-24,3.14,2.59,0.03,0.49,0.01
2014-06-25,3.12,2.57,0.03,0.48,0.01
2014-06-26,3.08,2.53,0.04,0.46,0.01
2014-06-27,3.10,2.54,0.03,0.45,0.02
2014-06-30,3.08,2.53,0.04,0.47,0.02
2014-07-01,3.13,2.58,0.02,0.47,0.03
2014-07-02,3.20,2.64,0.02,0.49,0.02
2014-07-03,3.21,2.65,0.01,0.52,0.01
2014-07-04,,,,,
2014-07-07,3.17,2.63,0.04,0.52,0.02
2014-07-08,3.12,2.58,0.03,0.51,0.02
2014-07-09,3.10,2.57,0.03,0.51,0.03
2014-07-10,3.10,2.55,0.02,0.46,0.02
2014-07-11,3.07,2.53,0.02,0.48,0.02
2014-07-14,3.10,2.55,0.03,0.48,0.02
2014-07-15,3.10,2.56,0.02,0.49,0.02
2014-07-16,3.08,2.55,0.02,0.50,0.02
2014-07-17,3.01,2.47,0.02,0.47,0.02
2014-07-18,3.03,2.50,0.02,0.51,0.03
2014-07-21,3.01,2.49,0.03,0.51,0.02
2014-07-22,3.00,2.48,0.03,0.49,0.03
2014-07-23,3.00,2.48,0.03,0.50,0.03
2014-07-24,3.04,2.52,0.03,0.53,0.04
2014-07-25,2.99,2.48,0.03,0.53,0.03
2014-07-28,3.01,2.50,0.04,0.54,0.03
2014-07-29,2.97,2.47,0.02,0.54,0.03
2014-07-30,3.06,2.57,0.04,0.56,0.03
2014-07-31,3.07,2.58,0.03,0.53,0.01
2014-08-01,3.03,2.52,0.03,0.47,0.01
2014-08-04,3.04,2.51,0.04,0.47,0.02
2014-08-05,3.02,2.49,0.03,0.47,0.03
2014-08-06,3.01,2.49,0.03,0.48,0.03
2014-08-07,2.97,2.43,0.03,0.44,0.03
2014-08-08,2.97,2.44,0.03,0.45,0.03
2014-08-11,2.97,2.44,0.04,0.47,0.03
2014-08-12,3.00,2.46,0.03,0.45,0.05
2014-08-13,2.97,2.43,0.04,0.43,0.04
2014-08-14,2.93,2.40,0.04,0.42,0.04
2014-08-15,2.86,2.34,0.03,0.42,0.03
2014-08-18,2.92,2.39,0.03,0.44,0.02
2014-08-19,2.94,2.40,0.03,0.46,0.04
2014-08-20,2.95,2.43,0.04,0.49,0.04
2014-08-21,2.92,2.41,0.02,0.49,0.03
2014-08-22,2.90,2.40,0.03,0.53,0.04
2014-08-25,2.88,2.39,0.04,0.53,0.02
2014-08-26,2.89,2.39,0.03,0.52,0.04
2014-08-27,2.85,2.37,0.04,0.51,0.02
2014-08-28,2.82,2.34,0.03,0.50,0.02
2014-08-29,2.83,2.35,0.03,0.48,0.02
2014-09-01,,,,,
2014-09-02,2.91,2.42,0.03,0.53,0.02
2014-09-03,2.90,2.41,0.03,0.52,0.02
2014-09-04,2.95,2.45,0.03,0.54,0.02
2014-09-05,2.97,2.46,0.03,0.52,0.02
2014-09-08,2.97,2.48,0.02,0.54,0.01
2014-09-09,2.97,2.50,0.02,0.56,0.01
2014-09-10,3.01,2.54,0.02,0.58,0.01
2014-09-11,3.02,2.54,0.02,0.58,0.01
2014-09-12,3.10,2.62,0.02,0.58,0.01
2014-09-15,3.09,2.60,0.02,0.58,0.01
2014-09-16,3.11,2.60,0.02,0.55,0.01
2014-09-17,3.12,2.62,0.02,0.59,0.01
2014-09-18,3.12,2.63,0.02,0.59,0.01
2014-09-19,3.05,2.59,0.02,0.59,0.01
2014-09-22,3.04,2.57,0.01,0.58,0.00
2014-09-23,3.01,2.54,0.01,0.57,0.01
2014-09-24,3.04,2.57,0.02,0.59,0.01
2014-09-25,2.98,2.52,0.01,0.56,0.00
2014-09-26,2.99,2.54,0.01,0.59,0.01
2014-09-29,2.95,2.50,0.02,0.58,0.01
2014-09-30,2.98,2.52,0.02,0.58,0.02
2014-10-01,2.87,2.42,0.02,0.53,0.01
2014-10-02,2.90,2.44,0.01,0.53,0.01
2014-10-03,2.89,2.45,0.01,0.57,0.01
2014-10-06,2.88,2.43,0.02,0.54,0.01
2014-10-07,2.81,2.36,0.02,0.52,0.02
2014-10-08,2.82,2.35,0.01,0.46,0.01
2014-10-09,2.81,2.34,0.01,0.46,0.02
2014-10-10,2.77,2.31,0.01,0.45,0.02
2014-10-13,,,,,
2014-10-14,2.68,2.21,0.02,0.39,0.03
2014-10-15,2.64,2.15,0.02,0.34,0.02
2014-10-16,2.66,2.17,0.03,0.35,0.04
2014-10-17,2.70,2.22,0.02,0.39,0.03
2014-10-20,2.68,2.20,0.02,0.37,0.03
2014-10-21,2.72,2.23,0.02,0.38,0.04
2014-10-22,2.73,2.25,0.02,0.41,0.04
2014-10-23,2.77,2.29,0.01,0.41,0.02
2014-10-24,2.77,2.29,0.01,0.41,0.02
2014-10-27,2.75,2.27,0.02,0.41,0.03
2014-10-28,2.79,2.30,0.02,0.42,0.02
2014-10-29,2.79,2.34,0.03,0.48,0.01
2014-10-30,2.77,2.32,0.01,0.48,0.01
2014-10-31,2.81,2.35,0.01,0.50,0.01
2014-11-03,2.80,2.36,0.02,0.52,0.03
2014-11-04,2.78,2.35,0.03,0.52,0.04
2014-11-05,2.79,2.36,0.03,0.52,0.04
2014-11-06,2.83,2.39,0.03,0.54,0.04
2014-11-07,2.76,2.32,0.03,0.51,0.04
2014-11-10,2.81,2.38,0.02,0.55,0.04
2014-11-11,,,,,
2014-11-12,2.81,2.37,0.02,0.55,0.05
2014-11-13,2.80,2.35,0.02,0.53,0.05
2014-11-14,2.77,2.32,0.02,0.54,0.04
2014-11-17,2.79,2.34,0.03,0.54,0.02
2014-11-18,2.77,2.32,0.02,0.53,0.04
2014-11-19,2.80,2.36,0.01,0.54,0.04
2014-11-20,2.78,2.34,0.02,0.53,0.04
2014-11-21,2.75,2.31,0.01,0.53,0.04
2014-11-24,2.74,2.30,0.02,0.53,0.04
2014-11-25,2.69,2.27,0.02,0.51,0.06
2014-11-26,2.67,2.24,0.02,0.53,0.06
2014-11-27,,,,,
2014-11-28,2.62,2.18,0.02,0.47,0.04
2014-12-01,2.66,2.22,0.03,0.49,0.01
2014-12-02,2.72,2.28,0.03,0.55,0.04
2014-12-03,2.71,2.29,0.01,0.57,0.03
2014-12-04,2.66,2.25,0.02,0.55,0.03
2014-12-05,2.69,2.31,0.02,0.65,0.02
2014-12-08,2.62,2.26,0.03,0.64,0.03
2014-12-09,2.58,2.22,0.04,0.64,0.05
2014-12-10,2.54,2.18,0.03,0.59,0.05
2014-12-11,2.54,2.19,0.03,0.62,0.02
2014-12-12,2.45,2.10,0.02,0.56,0.02
2014-12-15,2.45,2.12,0.04,0.60,0.02
2014-12-16,2.40,2.07,0.03,0.58,0.03
2014-12-17,2.46,2.14,0.03,0.62,0.03
2014-12-18,2.54,2.22,0.04,0.67,0.04
2014-12-19,2.48,2.17,0.04,0.67,0.01
2014-12-22,2.47,2.17,0.05,0.71,0.01
2014-12-23,2.57,2.26,0.03,0.73,0.02
2014-12-24,2.56,2.27,0.01,0.73,0.01
2014-12-25,,,,,
2014-12-26,2.54,2.25,0.01,0.73,0.01
2014-12-29,2.51,2.22,0.03,0.72,0.01
2014-12-30,2.49,2.20,0.03,0.69,0.03
2014-12-31,2.47,2.17,0.04,0.67,0.03
2015-01-01,,,,,
2015-01-02,2.41,2.12,0.02,0.66,0.02
2015-01-05,2.32,2.04,0.03,0.68,0.02
2015-01-06,2.25,1.97,0.03,0.65,0.02
2015-01-07,2.25,1.96,0.03,0.62,0.02
2015-01-08,2.33,2.03,0.03,0.62,0.01
2015-01-09,2.29,1.98,0.02,0.59,0.02
2015-01-12,2.23,1.92,0.03,0.56,0.02
2015-01-13,2.24,1.91,0.03,0.54,0.02
2015-01-14,2.20,1.86,0.04,0.51,0.02
2015-01-15,2.12,1.77,0.03,0.44,0.03
2015-01-16,2.17,1.83,0.03,0.49,0.02
2015-01-19,,,,,
2015-01-20,2.15,1.82,0.03,0.53,0.01
2015-01-21,2.20,1.87,0.03,0.53,0.01
2015-01-22,2.21,1.90,0.03,0.53,0.02
2015-01-23,2.12,1.81,0.02,0.52,0.02
2015-01-26,2.14,1.83,0.03,0.54,0.02
2015-01-27,2.15,1.83,0.02,0.54,0.02
2015-01-28,2.05,1.73,0.02,0.50,0.02
2015-01-29,2.11,1.77,0.03,0.51,0.01
2015-01-30,2.04,1.68,0.02,0.47,0.01
2015-02-02,2.07,1.68,0.02,0.49,0.01
2015-02-03,2.16,1.79,0.02,0.52,0.02
2015-02-04,2.17,1.81,0.01,0.52,0.01
2015-02-05,2.20,1.83,0.02,0.52,0.02
2015-02-06,2.28,1.95,0.02,0.65,0.01
2015-02-09,2.28,1.96,0.01,0.65,0.02
2015-02-10,2.33,2.01,0.01,0.67,0.02
2015-02-11,2.33,2.00,0.01,0.67,0.02
2015-02-12,2.33,1.99,0.02,0.61,0.02
2015-02-13,2.39,2.02,0.01,0.66,0.02
2015-02-16,,,,,
2015-02-17,2.49,2.14,0.02,0.70,0.02
2015-02-18,2.46,2.07,0.02,0.62,0.02
2015-02-19,2.50,2.11,0.02,0.67,0.02
2015-02-20,2.50,2.13,0.02,0.67,0.02
2015-02-23,2.44,2.06,0.02,0.64,0.01
2015-02-24,2.38,1.99,0.02,0.60,0.02
2015-02-25,2.35,1.96,0.02,0.61,0.02
2015-02-26,2.39,2.03,0.03,0.66,0.02
2015-02-27,2.38,2.00,0.02,0.63,0.02
2015-03-02,2.46,2.08,0.02,0.66,0.02
2015-03-03,2.49,2.12,0.02,0.68,0.01
2015-03-04,2.49,2.12,0.01,0.66,0.01
2015-03-05,2.49,2.11,0.02,0.65,0.02
2015-03-06,2.63,2.24,0.01,0.73,0.02
2015-03-09,2.58,2.20,0.02,0.70,0.01
2015-03-10,2.51,2.14,0.02,0.70,0.03
2015-03-11,2.47,2.11,0.03,0.70,0.03
2015-03-12,2.47,2.10,0.03,0.67,0.03
2015-03-13,2.48,2.13,0.03,0.68,0.03
2015-03-16,2.45,2.10,0.05,0.66,0.02
2015-03-17,2.40,2.06,0.05,0.70,0.05
2015-03-18,2.31,1.93,0.03,0.57,0.02
2015-03-19,2.33,1.98,0.03,0.63,0.02
2015-03-20,2.29,1.93,0.01,0.60,0.00
2015-03-23,2.29,1.92,0.03,0.60,0.02
2015-03-24,2.24,1.88,0.02,0.58,0.03
2015-03-25,2.28,1.93,0.04,0.59,0.02
2015-03-26,2.37,2.01,0.03,0.61,0.02
2015-03-27,2.29,1.95,0.04,0.58,0.02
2015-03-30,2.32,1.96,0.04,0.58,0.02
2015-03-31,2.31,1.94,0.03,0.56,0.05
2015-04-01,2.23,1.87,0.03,0.55,0.02
2015-04-02,2.29,1.92,0.02,0.55,0.02
2015-04-03,2.24,1.85,0.02,0.49,0.04
2015-04-06,2.31,1.92,0.03,0.51,0.02
2015-04-07,2.27,1.89,0.02,0.52,0.02
2015-04-08,2.28,1.92,0.03,0.54,0.02
2015-04-09,2.35,1.97,0.03,0.56,0.02
2015-04-10,2.33,1.96,0.02,0.57,0.01
2015-04-13,2.33,1.94,0.03,0.54,0.02
2015-04-14,2.29,1.90,0.02,0.53,0.02
2015-04-15,2.30,1.91,0.02,0.51,0.02
2015-04-16,2.31,1.90,0.02,0.50,0.03
2015-04-17,2.26,1.87,0.01,0.51,0.03
2015-04-20,2.31,1.90,0.03,0.55,0.03
2015-04-21,2.33,1.92,0.03,0.55,0.02
2015-04-22,2.42,1.99,0.03,0.57,0.01
2015-04-23,2.38,1.96,0.03,0.55,0.01
2015-04-24,2.36,1.93,0.03,0.54,0.03
2015-04-27,2.36,1.94,0.02,0.54,0.01
2015-04-28,2.42,2.00,0.02,0.56,0.00
2015-04-29,2.49,2.06,0.01,0.56,0.00
2015-04-30,2.49,2.05,0.01,0.58,0.00
2015-05-01,2.57,2.12,0.01,0.60,0.00
2015-05-04,2.62,2.16,0.02,0.60,0.01
2015-05-05,2.64,2.19,0.01,0.62,0.01
2015-05-06,2.72,2.25,0.02,0.65,0.02
2015-05-07,2.63,2.18,0.01,0.63,0.01
2015-05-08,2.63,2.16,0.01,0.59,0.01
2015-05-11,2.76,2.28,0.02,0.62,0.02
2015-05-12,2.75,2.28,0.03,0.61,0.01
2015-05-13,2.79,2.27,0.02,0.59,0.02
2015-05-14,2.76,2.23,0.01,0.56,0.00
2015-05-15,2.66,2.14,0.02,0.55,0.02
2015-05-18,2.75,2.23,0.02,0.58,0.01
2015-05-19,2.79,2.27,0.02,0.63,0.02
2015-05-20,2.79,2.26,0.02,0.60,0.02
2015-05-21,2.71,2.19,0.02,0.60,0.02
2015-05-22,2.73,2.21,0.02,0.64,0.01
2015-05-25,,,,,
2015-05-26,2.64,2.14,0.02,0.64,0.01
2015-05-27,2.63,2.14,0.01,0.64,0.02
2015-05-28,2.64,2.13,0.01,0.62,0.01
2015-05-29,2.63,2.12,0.01,0.61,0.01
2015-06-01,2.69,2.19,0.02,0.64,0.02
2015-06-02,2.77,2.27,0.01,0.64,0.02
2015-06-03,2.87,2.38,0.02,0.69,0.02
2015-06-04,2.78,2.31,0.02,0.66,0.02
2015-06-05,2.87,2.41,0.03,0.73,0.02
2015-06-08,2.86,2.39,0.02,0.70,0.01
2015-06-09,2.89,2.42,0.02,0.72,0.01
2015-06-10,2.96,2.50,0.02,0.75,0.01
2015-06-11,2.84,2.39,0.01,0.73,0.01
2015-06-12,2.84,2.39,0.02,0.74,0.01
2015-06-15,2.83,2.36,0.02,0.72,0.00
2015-06-16,2.79,2.32,0.01,0.71,0.00
2015-06-17,2.82,2.32,0.01,0.67,0.00
2015-06-18,2.86,2.35,0.01,0.66,0.00
2015-06-19,2.76,2.26,0.01,0.65,0.00
2015-06-22,2.87,2.37,0.01,0.68,0.00
2015-06-23,2.92,2.42,0.01,0.70,0.00
2015-06-24,2.87,2.38,0.01,0.68,0.00
2015-06-25,2.88,2.40,0.01,0.68,0.00
2015-06-26,2.98,2.49,0.01,0.72,0.00
2015-06-29,2.82,2.33,0.02,0.64,0.00
2015-06-30,2.83,2.35,0.01,0.64,0.02
2015-07-01,2.92,2.43,0.01,0.69,0.01
2015-07-02,2.90,2.40,0.01,0.64,0.01
2015-07-03,,,,,
2015-07-06,2.78,2.30,0.02,0.60,0.01
2015-07-07,2.74,2.27,0.02,0.58,0.02
2015-07-08,2.69,2.22,0.02,0.55,0.02
2015-07-09,2.80,2.32,0.03,0.60,0.02
2015-07-10,2.91,2.42,0.01,0.65,0.01
2015-07-13,2.92,2.44,0.02,0.69,0.02
2015-07-14,2.90,2.41,0.01,0.66,0.03
2015-07-15,2.83,2.36,0.02,0.64,0.03
2015-07-16,2.81,2.36,0.02,0.67,0.03
2015-07-17,2.77,2.34,0.03,0.68,0.03
2015-07-20,2.79,2.38,0.04,0.71,0.03
2015-07-21,2.77,2.35,0.03,0.71,0.04
2015-07-22,2.73,2.33,0.04,0.75,0.04
2015-07-23,2.67,2.28,0.03,0.71,0.04
2015-07-24,2.67,2.27,0.04,0.70,0.04
2015-07-27,2.64,2.23,0.05,0.68,0.04
2015-07-28,2.66,2.26,0.05,0.69,0.05
2015-07-29,2.69,2.29,0.06,0.70,0.05
2015-07-30,2.66,2.28,0.07,0.72,0.05
2015-07-31,2.61,2.20,0.08,0.67,0.04
2015-08-03,2.55,2.16,0.08,0.68,0.03
2015-08-04,2.59,2.23,0.08,0.74,0.05
2015-08-05,2.64,2.28,0.08,0.73,0.05
2015-08-06,2.59,2.23,0.04,0.71,0.04
2015-08-07,2.52,2.18,0.06,0.73,0.03
2015-08-10,2.58,2.24,0.12,0.73,0.03
2015-08-11,2.50,2.15,0.10,0.68,0.06
2015-08-12,2.52,2.14,0.10,0.67,0.06
2015-08-13,2.54,2.19,0.10,0.72,0.06
2015-08-14,2.54,2.20,0.09,0.73,0.04
2015-08-17,2.51,2.16,0.10,0.72,0.03
2015-08-18,2.56,2.20,0.07,0.74,0.05
2015-08-19,2.49,2.12,0.05,0.67,0.05
2015-08-20,2.45,2.09,0.02,0.69,0.01
2015-08-21,2.44,2.05,0.03,0.64,0.02
2015-08-24,2.42,2.01,0.06,0.59,0.02
2015-08-25,2.54,2.12,0.07,0.67,0.04
2015-08-26,2.64,2.18,0.06,0.67,0.03
2015-08-27,2.61,2.18,0.06,0.68,0.02
2015-08-28,2.61,2.19,0.06,0.72,0.02
2015-08-31,2.64,2.21,0.08,0.74,0.00
2015-09-01,2.62,2.17,0.03,0.70,0.01
2015-09-02,2.66,2.20,0.03,0.72,0.01
2015-09-03,2.64,2.18,0.02,0.71,0.02
2015-09-04,2.58,2.13,0.02,0.71,0.02
2015-09-07,,,,,
2015-09-08,2.66,2.20,0.06,0.74,0.02
2015-09-09,2.64,2.21,0.03,0.75,0.02
2015-09-10,2.66,2.23,0.02,0.75,0.02
2015-09-11,2.63,2.20,0.04,0.71,0.04
2015-09-14,2.62,2.18,0.07,0.73,0.02
2015-09-15,2.73,2.28,0.07,0.82,0.00
2015-09-16,2.75,2.30,0.06,0.82,0.00
2015-09-17,2.69,2.21,0.01,0.70,0.00
2015-09-18,2.58,2.13,0.00,0.69,0.00
2015-09-21,2.67,2.20,0.01,0.72,0.00
2015-09-22,2.60,2.14,0.00,0.69,0.00
2015-09-23,2.60,2.16,0.01,0.70,0.00
2015-09-24,2.55,2.13,0.01,0.67,0.00
2015-09-25,2.60,2.17,0.00,0.70,0.00
2015-09-28,2.51,2.10,0.01,0.67,0.00
2015-09-29,2.48,2.05,0.01,0.64,0.00
2015-09-30,2.51,2.06,0.00,0.64,0.00
2015-10-01,2.49,2.05,0.00,0.64,0.00
2015-10-02,2.44,1.99,0.00,0.58,0.00
2015-10-05,2.52,2.07,0.01,0.61,0.00
2015-10-06,2.50,2.05,0.00,0.61,0.00
2015-10-07,2.51,2.08,0.00,0.65,0.00
2015-10-08,2.56,2.12,0.00,0.65,0.00
2015-10-09,2.55,2.12,0.01,0.65,0.01
2015-10-12,,,,,
2015-10-13,2.49,2.06,0.01,0.64,0.00
2015-10-14,2.42,1.99,0.00,0.57,0.00
2015-10-15,2.46,2.04,0.01,0.61,0.00
2015-10-16,2.46,2.04,0.01,0.61,0.03
2015-10-19,2.48,2.04,0.02,0.61,0.06
2015-10-20,2.53,2.08,0.02,0.66,0.08
2015-10-21,2.48,2.04,0.01,0.64,0.01
2015-10-22,2.48,2.04,0.00,0.61,0.02
2015-10-23,2.54,2.09,0.01,0.66,0.01
2015-10-26,2.50,2.07,0.02,0.66,0.01
2015-10-27,2.48,2.05,0.03,0.65,0.01
2015-10-28,2.50,2.10,0.04,0.73,0.03
2015-10-29,2.60,2.19,0.07,0.75,0.02
2015-10-30,2.57,2.16,0.08,0.75,0.01
2015-11-02,2.60,2.20,0.08,0.77,0.01
2015-11-03,2.65,2.23,0.06,0.80,0.07
2015-11-04,2.66,2.25,0.05,0.84,0.07
2015-11-05,2.68,2.26,0.05,0.85,0.04
2015-11-06,2.76,2.34,0.08,0.90,0.04
2015-11-09,2.79,2.36,0.14,0.89,0.06
2015-11-10,2.76,2.32,0.13,0.87,0.08
2015-11-11,,,,,
2015-11-12,2.75,2.32,0.14,0.89,0.08
2015-11-13,2.72,2.28,0.14,0.86,0.03
2015-11-16,2.72,2.27,0.15,0.88,0.05
2015-11-17,2.69,2.25,0.14,0.86,0.07
2015-11-18,2.70,2.27,0.12,0.90,0.07
2015-11-19,2.66,2.24,0.11,0.91,0.06
2015-11-20,2.68,2.26,0.12,0.93,0.05
2015-11-23,2.66,2.25,0.14,0.94,0.06
2015-11-24,2.65,2.24,0.16,0.93,0.13
2015-11-25,2.64,2.23,0.19,0.93,0.14
2015-11-26,,,,,
2015-11-27,2.64,2.22,0.18,0.92,0.13
2015-11-30,2.63,2.21,0.22,0.94,0.11
2015-12-01,2.55,2.15,0.21,0.91,0.19
2015-12-02,2.55,2.18,0.21,0.94,0.19
2015-12-03,2.72,2.33,0.21,0.96,0.18
2015-12-04,2.65,2.28,0.23,0.96,0.17
2015-12-07,2.59,2.23,0.29,0.94,0.21
2015-12-08,2.61,2.24,0.27,0.94,0.23
2015-12-09,2.59,2.22,0.26,0.93,0.19
2015-12-10,2.60,2.24,0.24,0.95,0.19
2015-12-11,2.49,2.13,0.23,0.88,0.15
2015-12-14,2.59,2.23,0.26,0.97,0.13
2015-12-15,2.62,2.28,0.25,0.98,0.21
2015-12-16,2.65,2.30,0.27,1.02,0.20
2015-12-17,2.57,2.24,0.23,1.00,0.18
2015-12-18,2.54,2.19,0.19,0.97,0.16
2015-12-21,2.55,2.20,0.24,0.96,0.14
2015-12-22,2.60,2.24,0.21,0.99,0.19
2015-12-23,2.64,2.27,0.20,1.01,0.19
2015-12-24,2.61,2.25,0.20,1.03,0.15
2015-12-25,,,,,
2015-12-28,2.59,2.24,0.23,1.05,0.13
2015-12-29,2.69,2.32,0.23,1.09,0.18
2015-12-30,2.69,2.31,0.21,1.08,0.08
2015-12-31,2.67,2.27,0.16,1.06,0.14
2016-01-01,,,,,
2016-01-04,2.64,2.24,0.22,1.02,0.17
2016-01-05,2.67,2.25,0.20,1.04,0.20
2016-01-06,2.59,2.18,0.21,0.99,0.21
2016-01-07,2.56,2.16,0.20,0.96,0.20
2016-01-08,2.55,2.13,0.20,0.94,0.20
2016-01-11,2.59,2.17,0.21,0.94,0.19
2016-01-12,2.51,2.12,0.21,0.93,0.22
2016-01-13,2.47,2.08,0.22,0.91,0.22
2016-01-14,2.51,2.10,0.25,0.90,0.22
2016-01-15,2.44,2.03,0.24,0.85,0.19
2016-01-18,,,,,
2016-01-19,2.45,2.06,0.26,0.88,0.21
2016-01-20,2.41,2.01,0.26,0.85,0.26
2016-01-21,2.42,2.02,0.28,0.84,0.27
2016-01-22,2.46,2.07,0.31,0.88,0.26
2016-01-25,2.42,2.03,0.31,0.88,0.25
2016-01-26,2.41,2.01,0.31,0.85,0.29
2016-01-27,2.42,2.02,0.32,0.84,0.28
2016-01-28,2.41,2.00,0.35,0.83,0.26
2016-01-29,2.36,1.94,0.33,0.76,0.22
2016-02-01,2.38,1.97,0.35,0.81,0.19
2016-02-02,2.27,1.87,0.34,0.75,0.26
2016-02-03,2.30,1.88,0.33,0.72,0.27
2016-02-04,2.29,1.87,0.29,0.70,0.24
2016-02-05,2.27,1.86,0.30,0.74,0.23
2016-02-08,2.17,1.75,0.32,0.66,0.21
2016-02-09,2.16,1.74,0.30,0.69,0.27
2016-02-10,2.13,1.71,0.31,0.71,0.27
2016-02-11,2.06,1.63,0.28,0.64,0.27
2016-02-12,2.15,1.74,0.30,0.71,0.26
2016-02-15,,,,,
2016-02-16,2.19,1.78,0.30,0.74,0.23
2016-02-17,2.24,1.81,0.30,0.74,0.28
2016-02-18,2.17,1.75,0.30,0.71,0.28
2016-02-19,2.17,1.76,0.31,0.76,0.26
2016-02-22,2.18,1.77,0.33,0.78,0.28
2016-02-23,2.16,1.74,0.32,0.76,0.28
2016-02-24,2.16,1.75,0.33,0.75,0.28
2016-02-25,2.14,1.71,0.32,0.72,0.27
2016-02-26,2.20,1.76,0.33,0.80,0.26
2016-02-29,2.19,1.74,0.33,0.78,0.23
2016-03-01,2.28,1.83,0.33,0.85,0.29
2016-03-02,2.27,1.84,0.36,0.85,0.28
2016-03-03,2.23,1.83,0.28,0.85,0.25
2016-03-04,2.29,1.88,0.29,0.88,0.25
2016-03-07,2.30,1.91,0.32,0.91,0.27
2016-03-08,2.22,1.83,0.29,0.88,0.27
2016-03-09,2.27,1.90,0.30,0.90,0.27
2016-03-10,2.29,1.93,0.32,0.93,0.27
2016-03-11,2.34,1.98,0.33,0.97,0.27
2016-03-14,2.33,1.97,0.34,0.97,0.28
2016-03-15,2.33,1.97,0.34,0.98,0.29
2016-03-16,2.32,1.94,0.31,0.87,0.28
2016-03-17,2.28,1.91,0.29,0.87,0.29
2016-03-18,2.26,1.88,0.30,0.84,0.27
2016-03-21,2.31,1.92,0.31,0.87,0.26
2016-03-22,2.32,1.94,0.30,0.91,0.28
2016-03-23,2.25,1.88,0.30,0.87,0.27
2016-03-24,2.28,1.91,0.30,0.89,0.24
2016-03-25,,,,,
2016-03-28,2.26,1.89,0.29,0.89,0.19
2016-03-29,2.20,1.81,0.23,0.78,0.18
2016-03-30,2.24,1.83,0.20,0.76,0.14
2016-03-31,2.20,1.78,0.21,0.73,0.18
2016-04-01,2.20,1.79,0.23,0.76,0.20
2016-04-04,2.19,1.78,0.23,0.75,0.18
2016-04-05,2.13,1.73,0.23,0.72,0.19
2016-04-06,2.17,1.76,0.23,0.73,0.19
2016-04-07,2.10,1.70,0.23,0.70,0.20
2016-04-08,2.13,1.72,0.23,0.70,0.20
2016-04-11,2.14,1.73,0.23,0.70,0.19
2016-04-12,2.18,1.79,0.22,0.74,0.21
2016-04-13,2.16,1.77,0.23,0.75,0.21
2016-04-14,2.18,1.80,0.22,0.77,0.21
2016-04-15,2.14,1.76,0.22,0.74,0.19
2016-04-18,2.17,1.78,0.22,0.75,0.16
2016-04-19,2.19,1.79,0.21,0.77,0.18
2016-04-20,2.25,1.85,0.23,0.80,0.18
2016-04-21,2.29,1.88,0.23,0.82,0.19
2016-04-22,2.30,1.89,0.23,0.84,0.19
2016-04-25,2.32,1.91,0.25,0.85,0.17
2016-04-26,2.35,1.94,0.24,0.86,0.19
2016-04-27,2.30,1.87,0.24,0.83,0.18
2016-04-28,2.27,1.84,0.22,0.78,0.17
2016-04-29,2.26,1.83,0.22,0.77,0.16
2016-05-02,2.31,1.88,0.22,0.80,0.11
2016-05-03,2.24,1.81,0.21,0.75,0.18
2016-05-04,2.22,1.79,0.19,0.75,0.18
2016-05-05,2.17,1.76,0.20,0.72,0.20
2016-05-06,2.20,1.79,0.19,0.74,0.20
2016-05-09,2.18,1.77,0.24,0.72,0.21
2016-05-10,2.18,1.77,0.24,0.72,0.25
2016-05-11,2.15,1.73,0.26,0.74,0.25
2016-05-12,2.18,1.75,0.27,0.76,0.25
2016-05-13,2.14,1.71,0.29,0.76,0.25
2016-05-16,2.18,1.75,0.28,0.79,0.21
2016-05-17,2.18,1.76,0.28,0.82,0.25
2016-05-18,2.27,1.87,0.30,0.90,0.25
2016-05-19,2.24,1.85,0.31,0.89,0.25
2016-05-20,2.24,1.85,0.33,0.89,0.26
2016-05-23,2.23,1.84,0.35,0.91,0.26
2016-05-24,2.25,1.86,0.35,0.92,0.28
2016-05-25,2.27,1.87,0.33,0.92,0.24
2016-05-26,2.24,1.83,0.31,0.87,0.17
2016-05-27,2.25,1.85,0.32,0.90,0.23
2016-05-30,,,,,
2016-05-31,2.23,1.84,0.34,0.87,0.27
2016-06-01,2.22,1.85,0.30,0.91,0.27
2016-06-02,2.17,1.81,0.29,0.89,0.19
2016-06-03,2.09,1.71,0.30,0.78,0.19
2016-06-06,2.12,1.73,0.28,0.80,0.19
2016-06-07,2.10,1.72,0.28,0.78,0.20
2016-06-08,2.08,1.71,0.24,0.78,0.20
2016-06-09,2.05,1.68,0.26,0.77,0.21
2016-06-10,2.02,1.64,0.26,0.73,0.18
2016-06-13,2.01,1.62,0.27,0.73,0.23
2016-06-14,2.00,1.62,0.27,0.74,0.24
2016-06-15,1.99,1.60,0.26,0.69,0.23
2016-06-16,1.96,1.57,0.27,0.70,0.23
2016-06-17,1.99,1.62,0.27,0.70,0.22
2016-06-20,2.03,1.67,0.28,0.74,0.23
2016-06-21,2.07,1.71,0.27,0.76,0.25
2016-06-22,2.06,1.69,0.27,0.75,0.25
2016-06-23,2.12,1.74,0.31,0.78,0.27
2016-06-24,1.96,1.57,0.27,0.64,0.24
2016-06-27,1.83,1.46,0.27,0.61,0.22
2016-06-28,1.83,1.46,0.26,0.61,0.25
2016-06-29,1.86,1.50,0.26,0.62,0.18
2016-06-30,1.86,1.49,0.26,0.58,0.20
2016-07-01,1.81,1.46,0.28,0.59,0.24
2016-07-04,,,,,
2016-07-05,1.72,1.37,0.28,0.56,0.27
2016-07-06,1.72,1.38,0.27,0.58,0.26
2016-07-07,1.72,1.40,0.29,0.58,0.27
2016-07-08,1.69,1.37,0.28,0.61,0.26
2016-07-11,1.73,1.43,0.31,0.66,0.28
2016-07-12,1.82,1.53,0.29,0.69,0.29
2016-07-13,1.77,1.48,0.31,0.68,0.29
2016-07-14,1.84,1.53,0.32,0.68,0.29
2016-07-15,1.90,1.60,0.32,0.71,0.27
2016-07-18,1.90,1.59,0.32,0.68,0.26
2016-07-19,1.88,1.56,0.31,0.70,0.29
2016-07-20,1.91,1.59,0.32,0.73,0.28
2016-07-21,1.90,1.57,0.32,0.70,0.28
2016-07-22,1.90,1.57,0.33,0.71,0.29
2016-07-25,1.90,1.58,0.32,0.72,0.28
2016-07-26,1.89,1.57,0.31,0.75,0.24
2016-07-27,1.84,1.52,0.31,0.73,0.25
2016-07-28,1.83,1.52,0.25,0.72,0.19
2016-07-29,1.78,1.46,0.28,0.67,0.19
2016-08-01,1.84,1.51,0.29,0.67,0.20
2016-08-02,1.88,1.55,0.29,0.67,0.28
2016-08-03,1.88,1.55,0.28,0.67,0.26
2016-08-04,1.84,1.51,0.26,0.64,0.24
2016-08-05,1.91,1.59,0.28,0.72,0.23
2016-08-08,1.91,1.59,0.31,0.74,0.27
2016-08-09,1.86,1.55,0.29,0.71,0.27
2016-08-10,1.83,1.50,0.28,0.69,0.27
2016-08-11,1.89,1.57,0.28,0.76,0.27
2016-08-12,1.85,1.51,0.29,0.71,0.27
2016-08-15,1.90,1.55,0.31,0.72,0.26
2016-08-16,1.92,1.57,0.27,0.76,0.27
2016-08-17,1.90,1.56,0.30,0.74,0.27
2016-08-18,1.89,1.53,0.30,0.71,0.27
2016-08-19,1.93,1.58,0.30,0.76,0.27
2016-08-22,1.88,1.55,0.29,0.76,0.24
2016-08-23,1.88,1.55,0.30,0.74,0.28
2016-08-24,1.89,1.56,0.31,0.76,0.28
2016-08-25,1.91,1.58,0.33,0.78,0.28
2016-08-26,1.96,1.62,0.34,0.84,0.28
2016-08-29,1.90,1.57,0.33,0.81,0.25
2016-08-30,1.91,1.57,0.33,0.80,0.23
2016-08-31,1.90,1.58,0.33,0.80,0.26
2016-09-01,1.90,1.57,0.33,0.78,0.27
2016-09-02,1.95,1.60,0.33,0.80,0.25
2016-09-05,,,,,
2016-09-06,1.90,1.55,0.32,0.74,0.24
2016-09-07,1.89,1.54,0.34,0.74,0.25
2016-09-08,1.98,1.61,0.35,0.78,0.26
2016-09-09,2.05,1.67,0.35,0.79,0.24
2016-09-12,2.05,1.68,0.37,0.79,0.24
2016-09-13,2.12,1.73,0.36,0.80,0.25
2016-09-14,2.10,1.70,0.33,0.77,0.24
2016-09-15,2.13,1.71,0.29,0.74,0.20
2016-09-16,2.10,1.70,0.30,0.77,0.20
2016-09-19,2.10,1.70,0.30,0.79,0.16
2016-09-20,2.09,1.69,0.30,0.79,0.17
2016-09-21,2.06,1.66,0.22,0.79,0.12
2016-09-22,2.02,1.63,0.18,0.79,0.10
2016-09-23,2.02,1.62,0.18,0.77,0.09
2016-09-26,2.00,1.59,0.25,0.76,0.12
2016-09-27,1.96,1.56,0.26,0.75,0.16
2016-09-28,1.96,1.57,0.27,0.75,0.14
2016-09-29,1.95,1.56,0.26,0.73,0.12
2016-09-30,1.99,1.60,0.29,0.77,0.20
2016-10-03,2.01,1.63,0.32,0.80,0.25
2016-10-04,2.08,1.69,0.33,0.82,0.28
2016-10-05,2.11,1.72,0.32,0.85,0.26
2016-10-06,2.14,1.75,0.33,0.86,0.26
2016-10-07,2.14,1.73,0.33,0.83,0.26
2016-10-10,,,,,
2016-10-11,2.17,1.77,0.35,0.87,0.27
2016-10-12,2.19,1.79,0.37,0.87,0.26
2016-10-13,2.15,1.75,0.30,0.85,0.26
2016-10-14,2.22,1.80,0.32,0.84,0.26
2016-10-17,2.19,1.77,0.34,0.81,0.24
2016-10-18,2.18,1.75,0.34,0.82,0.26
2016-10-19,2.18,1.76,0.35,0.81,0.25
2016-10-20,2.17,1.76,0.35,0.84,0.25
2016-10-21,2.15,1.74,0.34,0.84,0.25
2016-10-24,2.18,1.77,0.33,0.84,0.23
2016-10-25,2.17,1.77,0.34,0.86,0.22
2016-10-26,2.20,1.79,0.33,0.86,0.25
2016-10-27,2.26,1.85,0.30,0.87,0.19
2016-10-28,2.27,1.86,0.30,0.86,0.18
2016-10-31,2.25,1.84,0.34,0.86,0.20
2016-11-01,2.24,1.83,0.35,0.83,0.24
2016-11-02,2.22,1.81,0.37,0.81,0.24
2016-11-03,2.25,1.82,0.38,0.81,0.24
2016-11-04,2.22,1.79,0.38,0.80,0.25
2016-11-07,2.26,1.83,0.41,0.82,0.28
2016-11-08,2.29,1.88,0.43,0.87,0.28
2016-11-09,2.52,2.07,0.45,0.90,0.30
2016-11-10,2.58,2.15,0.48,0.92,0.30
2016-11-11,,,,,
2016-11-14,2.65,2.23,0.55,1.00,0.32
2016-11-15,2.64,2.23,0.51,1.02,0.30
2016-11-16,2.61,2.22,0.47,1.00,0.32
2016-11-17,2.69,2.29,0.44,1.04,0.30
2016-11-18,2.70,2.34,0.44,1.07,0.28
2016-11-21,2.69,2.33,0.46,1.08,0.28
2016-11-22,2.69,2.31,0.49,1.07,0.34
2016-11-23,2.71,2.36,0.51,1.12,0.35
2016-11-24,,,,,
2016-11-25,2.71,2.36,0.49,1.12,0.34
2016-11-28,2.68,2.32,0.48,1.11,0.32
2016-11-29,2.66,2.30,0.48,1.09,0.34
2016-11-30,2.73,2.37,0.48,1.11,0.38
2016-12-01,2.82,2.45,0.48,1.14,0.32
2016-12-02,2.78,2.40,0.49,1.11,0.34
2016-12-05,2.76,2.39,0.49,1.13,0.34
2016-12-06,2.77,2.39,0.49,1.12,0.35
2016-12-07,2.73,2.34,0.52,1.10,0.38
2016-12-08,2.81,2.40,0.51,1.12,0.39
2016-12-09,2.87,2.47,0.54,1.15,0.41
2016-12-12,2.86,2.49,0.51,1.15,0.42
2016-12-13,2.85,2.48,0.54,1.17,0.47
2016-12-14,2.86,2.54,0.55,1.27,0.49
2016-12-15,2.89,2.60,0.51,1.29,0.48
2016-12-16,2.91,2.60,0.51,1.28,0.46
2016-12-19,2.85,2.54,0.52,1.24,0.45
2016-12-20,2.88,2.57,0.52,1.25,0.48
2016-12-21,2.86,2.55,0.52,1.21,0.46
2016-12-22,2.86,2.55,0.51,1.22,0.42
2016-12-23,2.86,2.55,0.52,1.22,0.42
2016-12-26,,,,,
2016-12-27,2.88,2.57,0.51,1.28,0.50
2016-12-28,2.83,2.51,0.53,1.26,0.48
2016-12-29,2.82,2.49,0.47,1.22,0.39
2016-12-30,2.79,2.45,0.51,1.20,0.44
2017-01-02,,,,,
2017-01-03,2.78,2.45,0.53,1.22,0.52
2017-01-04,2.78,2.46,0.53,1.24,0.49
2017-01-05,2.69,2.37,0.52,1.17,0.51
2017-01-06,2.73,2.42,0.53,1.22,0.50
2017-01-09,2.69,2.38,0.50,1.21,0.50
2017-01-10,2.69,2.38,0.52,1.19,0.51
2017-01-11,2.68,2.38,0.52,1.20,0.51
2017-01-12,2.68,2.36,0.52,1.18,0.52
2017-01-13,2.71,2.40,0.53,1.21,0.52
2017-01-16,,,,,
2017-01-17,2.66,2.33,0.55,1.17,0.52
2017-01-18,2.74,2.42,0.53,1.23,0.48
2017-01-19,2.77,2.47,0.52,1.25,0.47
2017-01-20,2.79,2.48,0.50,1.20,0.46
2017-01-23,2.72,2.41,0.51,1.16,0.46
2017-01-24,2.78,2.47,0.51,1.21,0.50
2017-01-25,2.84,2.53,0.50,1.23,0.48
2017-01-26,2.82,2.51,0.51,1.21,0.49
2017-01-27,2.80,2.49,0.52,1.22,0.49
2017-01-30,2.82,2.49,0.51,1.22,0.49
2017-01-31,2.78,2.45,0.52,1.19,0.50
2017-02-01,2.80,2.48,0.51,1.22,0.50
2017-02-02,2.80,2.48,0.52,1.21,0.50
2017-02-03,2.82,2.49,0.51,1.21,0.49
2017-02-06,2.76,2.42,0.53,1.16,0.48
2017-02-07,2.74,2.40,0.53,1.16,0.51
2017-02-08,2.68,2.34,0.54,1.15,0.52
2017-02-09,2.74,2.40,0.54,1.20,0.51
2017-02-10,2.75,2.41,0.55,1.20,0.51
2017-02-13,2.77,2.43,0.52,1.20,0.50
2017-02-14,2.81,2.47,0.54,1.25,0.51
2017-02-15,2.84,2.51,0.54,1.27,0.53
2017-02-16,2.80,2.45,0.53,1.22,0.51
2017-02-17,2.78,2.42,0.53,1.21,0.50
2017-02-20,,,,,
2017-02-21,2.78,2.43,0.53,1.22,0.49
2017-02-22,2.78,2.42,0.52,1.22,0.47
2017-02-23,2.75,2.38,0.51,1.18,0.39
2017-02-24,2.69,2.31,0.52,1.12,0.40
2017-02-27,2.72,2.36,0.50,1.20,0.44
2017-02-28,2.70,2.36,0.53,1.22,0.40
2017-03-01,2.81,2.46,0.63,1.29,0.46
2017-03-02,2.84,2.49,0.67,1.32,0.52
2017-03-03,2.83,2.49,0.71,1.32,0.56
2017-03-06,2.84,2.49,0.74,1.31,0.56
2017-03-07,2.85,2.52,0.76,1.32,0.55
2017-03-08,2.89,2.57,0.73,1.36,0.54
2017-03-09,2.94,2.60,0.73,1.37,0.50
2017-03-10,2.94,2.58,0.75,1.36,0.60
2017-03-13,2.97,2.62,0.79,1.40,0.69
2017-03-14,2.94,2.60,0.78,1.40,0.77
2017-03-15,2.87,2.51,0.73,1.33,0.71
2017-03-16,2.89,2.53,0.73,1.35,0.68
2017-03-17,2.86,2.50,0.73,1.33,0.71
2017-03-20,2.83,2.47,0.76,1.30,0.70
2017-03-21,2.79,2.43,0.77,1.27,0.76
2017-03-22,2.76,2.40,0.77,1.27,0.74
2017-03-23,2.76,2.41,0.76,1.26,0.73
2017-03-24,2.74,2.40,0.78,1.26,0.73
2017-03-27,2.73,2.38,0.78,1.27,0.73
2017-03-28,2.77,2.42,0.78,1.30,0.75
2017-03-29,2.74,2.39,0.78,1.26,0.76
2017-03-30,2.78,2.42,0.78,1.28,0.75
2017-03-31,2.76,2.40,0.76,1.27,0.74
2017-04-03,2.71,2.35,0.79,1.24,0.73
2017-04-04,2.72,2.36,0.79,1.25,0.77
2017-04-05,2.71,2.34,0.80,1.24,0.77
2017-04-06,2.72,2.34,0.79,1.24,0.78
2017-04-07,2.74,2.38,0.82,1.29,0.77
2017-04-10,2.72,2.37,0.82,1.29,0.77
2017-04-11,2.67,2.32,0.82,1.24,0.74
2017-04-12,2.65,2.28,0.81,1.24,0.77
2017-04-13,2.62,2.24,0.81,1.21,0.76
2017-04-14,,,,,
2017-04-17,2.65,2.26,0.83,1.21,0.76
2017-04-18,2.56,2.18,0.82,1.18,0.76
2017-04-19,2.59,2.21,0.81,1.19,0.75
2017-04-20,2.61,2.24,0.79,1.21,0.73
2017-04-21,2.61,2.24,0.79,1.20,0.72
2017-04-24,2.65,2.28,0.81,1.25,0.74
2017-04-25,2.71,2.35,0.82,1.29,0.73
2017-04-26,2.69,2.32,0.83,1.28,0.74
2017-04-27,2.68,2.30,0.81,1.25,0.70
2017-04-28,2.67,2.29,0.80,1.28,0.68
2017-05-01,2.71,2.33,0.83,1.28,0.67
2017-05-02,2.68,2.29,0.82,1.27,0.72
2017-05-03,2.70,2.33,0.85,1.30,0.73
2017-05-04,2.73,2.36,0.86,1.32,0.71
2017-05-05,2.73,2.36,0.90,1.32,0.71
2017-05-08,2.76,2.39,0.91,1.33,0.73
2017-05-09,2.79,2.42,0.91,1.37,0.74
2017-05-10,2.79,2.41,0.90,1.35,0.71
2017-05-11,2.78,2.39,0.89,1.35,0.68
2017-05-12,2.74,2.33,0.88,1.29,0.69
2017-05-15,2.76,2.34,0.90,1.31,0.73
2017-05-16,2.74,2.33,0.90,1.29,0.72
2017-05-17,2.65,2.22,0.90,1.26,0.72
2017-05-18,2.64,2.23,0.93,1.27,0.73
2017-05-19,2.63,2.23,0.92,1.28,0.71
2017-05-22,2.64,2.25,0.93,1.29,0.70
2017-05-23,2.68,2.29,0.92,1.31,0.76
2017-05-24,2.65,2.26,0.93,1.29,0.76
2017-05-25,2.65,2.25,0.94,1.30,0.72
2017-05-26,2.65,2.25,0.94,1.30,0.75
2017-05-29,,,,,
2017-05-30,2.61,2.21,0.93,1.28,0.77
2017-05-31,2.60,2.21,0.98,1.28,0.86
2017-06-01,2.60,2.21,0.98,1.28,0.82
2017-06-02,2.53,2.15,0.98,1.28,0.82
2017-06-05,2.56,2.18,0.96,1.32,0.83
2017-06-06,2.53,2.14,0.97,1.30,0.83
2017-06-07,2.56,2.18,1.00,1.32,0.84
2017-06-08,2.57,2.19,1.01,1.33,0.80
2017-06-09,2.59,2.21,1.01,1.35,0.80
2017-06-12,2.59,2.21,0.98,1.35,0.82
2017-06-13,2.60,2.21,1.00,1.38,0.89
2017-06-14,2.53,2.15,1.01,1.35,0.90
2017-06-15,2.52,2.16,1.02,1.35,0.86
2017-06-16,2.52,2.16,1.03,1.32,0.85
2017-06-19,2.53,2.19,1.02,1.36,0.85
2017-06-20,2.49,2.16,1.01,1.36,0.88
2017-06-21,2.48,2.16,0.99,1.36,0.85
2017-06-22,2.47,2.15,0.96,1.34,0.80
2017-06-23,2.48,2.15,0.97,1.34,0.76
2017-06-26,2.46,2.14,0.99,1.36,0.81
2017-06-27,2.52,2.21,1.00,1.38,0.89
2017-06-28,2.55,2.22,1.02,1.34,0.89
2017-06-29,2.59,2.27,1.04,1.38,0.88
2017-06-30,2.61,2.31,1.03,1.38,0.84
2017-07-03,2.65,2.35,1.06,1.41,0.96
2017-07-04,,,,,
2017-07-05,2.63,2.33,1.05,1.41,0.97
2017-07-06,2.68,2.37,1.04,1.40,0.95
2017-07-07,2.71,2.39,1.05,1.40,0.94
2017-07-10,2.70,2.38,1.04,1.40,0.95
2017-07-11,2.69,2.37,1.05,1.37,0.97
2017-07-12,2.65,2.33,1.05,1.35,0.94
2017-07-13,2.69,2.35,1.05,1.37,0.95
2017-07-14,2.67,2.33,1.04,1.35,0.93
2017-07-17,2.65,2.31,1.07,1.36,0.95
2017-07-18,2.61,2.27,1.07,1.36,0.95
2017-07-19,2.61,2.27,1.11,1.37,0.99
2017-07-20,2.60,2.27,1.15,1.37,1.00
2017-07-21,2.57,2.24,1.16,1.36,1.00
2017-07-24,2.59,2.26,1.17,1.37,1.00
2017-07-25,2.67,2.33,1.18,1.40,0.96
2017-07-26,2.65,2.29,1.13,1.36,1.02
2017-07-27,2.68,2.32,1.11,1.36,1.01
2017-07-28,2.65,2.30,1.08,1.34,1.00
2017-07-31,2.66,2.30,1.07,1.34,1.00
2017-08-01,2.61,2.26,1.08,1.34,1.00
2017-08-02,2.60,2.27,1.08,1.36,1.02
2017-08-03,2.56,2.24,1.08,1.34,1.00
2017-08-04,2.61,2.27,1.08,1.36,1.00
2017-08-07,2.60,2.26,1.02,1.36,0.99
2017-08-08,2.63,2.29,1.06,1.36,1.00
2017-08-09,2.59,2.24,1.06,1.33,1.01
2017-08-10,2.55,2.20,1.05,1.33,1.02
2017-08-11,2.55,2.19,1.03,1.30,0.99
2017-08-14,2.57,2.22,1.02,1.33,0.95
2017-08-15,2.60,2.27,1.04,1.35,0.97
2017-08-16,2.58,2.23,1.02,1.33,0.97
2017-08-17,2.54,2.19,1.00,1.32,0.95
2017-08-18,2.54,2.19,1.02,1.33,0.97
2017-08-21,2.52,2.18,1.00,1.32,0.95
2017-08-22,2.55,2.22,1.00,1.33,0.93
2017-08-23,2.51,2.17,1.00,1.32,0.98
2017-08-24,2.53,2.19,1.02,1.33,0.98
2017-08-25,2.51,2.17,1.03,1.35,0.99
2017-08-28,2.51,2.16,0.98,1.33,0.99
2017-08-29,2.48,2.13,1.03,1.33,0.96
2017-08-30,2.49,2.15,1.03,1.33,0.96
2017-08-31,2.47,2.12,1.01,1.33,0.95
2017-09-01,2.51,2.16,1.02,1.35,0.96
2017-09-04,,,,,
2017-09-05,2.43,2.07,1.03,1.30,1.30
2017-09-06,2.46,2.10,1.07,1.30,1.04
2017-09-07,2.40,2.05,1.05,1.27,0.98
2017-09-08,2.41,2.06,1.04,1.27,0.96
2017-09-11,2.49,2.14,1.05,1.32,0.97
2017-09-12,2.52,2.17,1.03,1.33,0.99
2017-09-13,2.53,2.20,1.04,1.35,0.99
2017-09-14,2.52,2.20,1.05,1.37,0.99
2017-09-15,2.52,2.20,1.05,1.39,0.98
2017-09-18,2.56,2.23,1.05,1.40,0.96
2017-09-19,2.57,2.24,1.04,1.40,0.97
2017-09-20,2.59,2.28,1.04,1.45,0.98
2017-09-21,2.57,2.27,1.04,1.45,0.99
2017-09-22,2.57,2.26,1.03,1.46,0.97
2017-09-25,2.53,2.22,1.05,1.44,0.97
2017-09-26,2.54,2.24,1.06,1.45,0.96
2017-09-27,2.62,2.31,1.07,1.47,0.99
2017-09-28,2.63,2.31,1.06,1.45,0.97
2017-09-29,2.63,2.33,1.06,1.47,0.96
2017-10-02,2.64,2.34,1.01,1.49,0.95
2017-10-03,2.63,2.33,1.07,1.47,1.01
2017-10-04,2.64,2.33,1.08,1.47,1.00
2017-10-05,2.65,2.35,1.07,1.49,1.02
2017-10-06,2.68,2.37,1.07,1.54,1.03
2017-10-09,,,,,
2017-10-10,2.65,2.35,1.08,1.51,1.03
2017-10-11,2.64,2.35,1.10,1.51,1.04
2017-10-12,2.62,2.33,1.09,1.51,0.99
2017-10-13,2.58,2.28,1.09,1.51,0.97
2017-10-16,2.58,2.30,1.10,1.54,0.97
2017-10-17,2.58,2.30,1.09,1.54,0.99
2017-10-18,2.62,2.34,1.09,1.59,0.99
2017-10-19,2.60,2.33,1.10,1.58,0.99
2017-10-20,2.67,2.39,1.11,1.60,0.99
2017-10-23,2.66,2.38,1.09,1.58,1.00
2017-10-24,2.70,2.42,1.12,1.60,1.00
2017-10-25,2.72,2.44,1.12,1.61,1.01
2017-10-26,2.74,2.46,1.11,1.63,0.99
2017-10-27,2.71,2.42,1.10,1.59,0.98
2017-10-30,2.66,2.37,1.12,1.58,0.97
2017-10-31,2.66,2.38,1.15,1.60,0.99
2017-11-01,2.63,2.37,1.18,1.61,1.06
2017-11-02,2.61,2.35,1.17,1.61,1.02
2017-11-03,2.59,2.34,1.18,1.63,1.02
2017-11-06,2.58,2.32,1.19,1.61,1.03
2017-11-07,2.56,2.32,1.22,1.63,1.05
2017-11-08,2.57,2.32,1.23,1.65,1.05
2017-11-09,2.59,2.33,1.24,1.63,1.07
2017-11-10,2.67,2.40,1.23,1.67,1.06
2017-11-13,2.67,2.40,1.24,1.70,1.07
2017-11-14,2.64,2.38,1.26,1.68,1.06
2017-11-15,2.58,2.33,1.25,1.68,1.08
2017-11-16,2.62,2.37,1.27,1.72,1.08
2017-11-17,2.59,2.35,1.29,1.73,1.08
2017-11-20,2.60,2.37,1.30,1.77,1.09
2017-11-21,2.58,2.36,1.30,1.77,1.15
2017-11-22,2.57,2.32,1.29,1.74,1.16
2017-11-23,,,,,
2017-11-24,2.58,2.34,1.29,1.75,1.14
2017-11-27,2.57,2.32,1.27,1.74,1.15
2017-11-28,2.58,2.34,1.30,1.75,1.16
2017-11-29,2.62,2.37,1.29,1.78,1.17
2017-11-30,2.65,2.42,1.27,1.78,1.14
2017-12-01,2.58,2.37,1.27,1.78,1.14
2017-12-04,2.58,2.37,1.29,1.80,1.16
2017-12-05,2.55,2.36,1.30,1.83,1.21
2017-12-06,2.53,2.33,1.30,1.78,1.18
2017-12-07,2.58,2.37,1.29,1.80,1.16
2017-12-08,2.59,2.38,1.28,1.80,1.14
2017-12-11,2.59,2.39,1.33,1.82,1.18
2017-12-12,2.60,2.40,1.34,1.83,1.26
2017-12-13,2.56,2.36,1.30,1.79,1.22
2017-12-14,2.53,2.35,1.32,1.82,1.21
2017-12-15,2.52,2.35,1.31,1.84,1.24
2017-12-18,2.57,2.39,1.38,1.84,1.26
2017-12-19,2.66,2.46,1.37,1.87,1.25
2017-12-20,2.71,2.49,1.38,1.87,1.22
2017-12-21,2.68,2.48,1.35,1.89,1.21
2017-12-22,2.68,2.48,1.33,1.91,1.15
2017-12-25,,,,,
2017-12-26,2.66,2.47,1.47,1.92,1.24
2017-12-27,2.59,2.42,1.44,1.89,1.18
2017-12-28,2.60,2.43,1.39,1.91,1.19
2017-12-29,2.58,2.40,1.39,1.89,1.28
2018-01-01,,,,,
2018-01-02,2.64,2.46,1.44,1.92,1.29
2018-01-03,2.62,2.44,1.41,1.94,1.29
2018-01-04,2.62,2.46,1.41,1.96,1.28
2018-01-05,2.64,2.47,1.39,1.96,1.27
2018-01-08,2.65,2.49,1.45,1.96,1.30
2018-01-09,2.72,2.55,1.44,1.98,1.27
2018-01-10,2.73,2.55,1.42,1.98,1.31
2018-01-11,2.72,2.54,1.43,1.98,1.32
2018-01-12,2.71,2.55,1.43,1.99,1.31
2018-01-15,,,,,
2018-01-16,2.69,2.54,1.45,2.03,1.33
2018-01-17,2.71,2.57,1.44,2.05,1.31
2018-01-18,2.77,2.62,1.45,2.05,1.29
2018-01-19,2.78,2.64,1.44,2.06,1.28
2018-01-22,2.79,2.66,1.44,2.08,1.27
2018-01-23,2.77,2.63,1.44,2.06,1.26
2018-01-24,2.80,2.65,1.43,2.08,1.25
2018-01-25,2.76,2.63,1.42,2.08,1.23
2018-01-26,2.79,2.66,1.41,2.13,1.24
2018-01-29,2.82,2.70,1.44,2.11,1.28
2018-01-30,2.86,2.73,1.44,2.13,1.49
2018-01-31,2.83,2.72,1.46,2.14,1.43
2018-02-01,2.90,2.78,1.48,2.16,1.41
2018-02-02,2.97,2.84,1.48,2.15,1.40
2018-02-05,2.92,2.77,1.51,2.08,1.40
2018-02-06,2.94,2.79,1.52,2.10,1.48
2018-02-07,3.01,2.84,1.55,2.15,1.36
2018-02-08,3.03,2.85,1.55,2.13,1.32
2018-02-09,3.02,2.83,1.55,2.05,1.31
2018-02-12,3.02,2.86,1.62,2.09,1.35
2018-02-13,2.99,2.83,1.59,2.10,1.34
2018-02-14,3.07,2.91,1.58,2.17,1.32
2018-02-15,3.04,2.90,1.58,2.19,1.30
2018-02-16,3.02,2.87,1.62,2.21,1.35
2018-02-19,,,,,
2018-02-20,3.04,2.88,1.66,2.25,1.39
2018-02-21,3.11,2.94,1.64,2.26,1.40
2018-02-22,3.09,2.92,1.63,2.25,1.34
2018-02-23,3.04,2.88,1.64,2.25,1.38
2018-02-26,3.03,2.86,1.66,2.22,1.39
2018-02-27,3.06,2.90,1.66,2.27,1.49
2018-02-28,3.02,2.87,1.65,2.25,1.50
2018-03-01,2.97,2.81,1.63,2.22,1.50
2018-03-02,3.02,2.86,1.65,2.25,1.50
2018-03-05,3.04,2.88,1.70,2.24,1.53
2018-03-06,3.03,2.88,1.68,2.25,1.56
2018-03-07,3.04,2.89,1.68,2.25,1.57
2018-03-08,3.01,2.86,1.67,2.25,1.57
2018-03-09,3.04,2.90,1.67,2.27,1.57
2018-03-12,3.00,2.87,1.71,2.27,1.60
2018-03-13,2.98,2.84,1.73,2.26,1.64
2018-03-14,2.94,2.81,1.76,2.26,1.71
2018-03-15,2.94,2.82,1.77,2.29,1.70
2018-03-16,2.96,2.85,1.78,2.31,1.71
2018-03-19,2.97,2.85,1.80,2.31,1.70
2018-03-20,3.01,2.89,1.81,2.34,1.76
2018-03-21,3.01,2.89,1.74,2.31,1.71
2018-03-22,2.94,2.83,1.72,2.29,1.67
2018-03-23,2.94,2.82,1.74,2.28,1.69
2018-03-26,2.96,2.85,1.79,2.33,1.71
2018-03-27,2.90,2.78,1.77,2.26,1.69
2018-03-28,2.89,2.77,1.73,2.28,1.65
2018-03-29,2.85,2.74,1.73,2.27,1.63
2018-03-30,,,,,
2018-04-02,2.85,2.73,1.77,2.25,1.68
2018-04-03,2.90,2.79,1.75,2.28,1.70
2018-04-04,2.91,2.79,1.71,2.28,1.67
2018-04-05,2.95,2.83,1.72,2.30,1.67
2018-04-06,2.89,2.77,1.73,2.27,1.68
2018-04-09,2.89,2.78,1.76,2.29,1.67
2018-04-10,2.89,2.80,1.74,2.32,1.63
2018-04-11,2.87,2.79,1.73,2.32,1.64
2018-04-12,2.92,2.83,1.75,2.34,1.65
2018-04-13,2.91,2.82,1.76,2.37,1.64
2018-04-16,2.91,2.83,1.79,2.39,1.64
2018-04-17,2.89,2.82,1.80,2.41,1.68
2018-04-18,2.95,2.87,1.81,2.42,1.67
2018-04-19,3.01,2.92,1.82,2.44,1.67
2018-04-20,3.04,2.96,1.81,2.46,1.65
2018-04-23,3.05,2.98,1.87,2.49,1.69
2018-04-24,3.08,3.00,1.87,2.48,1.70
2018-04-25,3.12,3.03,1.85,2.49,1.65
2018-04-26,3.08,3.00,1.82,2.49,1.62
2018-04-27,3.03,2.96,1.82,2.49,1.62
2018-04-30,3.01,2.95,1.87,2.49,1.65
2018-05-01,3.03,2.97,1.85,2.50,1.68
2018-05-02,3.04,2.97,1.84,2.49,1.69
2018-05-03,3.02,2.94,1.84,2.49,1.68
2018-05-04,3.02,2.95,1.84,2.51,1.67
2018-05-07,3.02,2.95,1.86,2.49,1.69
2018-05-08,3.04,2.97,1.87,2.51,1.69
2018-05-09,3.07,3.00,1.88,2.54,1.68
2018-05-10,3.04,2.97,1.90,2.54,1.69
2018-05-11,3.03,2.97,1.92,2.54,1.68
2018-05-14,3.06,3.00,1.93,2.55,1.70
2018-05-15,3.14,3.08,1.92,2.58,1.69
2018-05-16,3.16,3.09,1.92,2.58,1.69
2018-05-17,3.19,3.11,1.92,2.57,1.70
2018-05-18,3.14,3.06,1.91,2.55,1.68
2018-05-21,3.13,3.06,1.93,2.58,1.71
2018-05-22,3.14,3.06,1.93,2.59,1.73
2018-05-23,3.09,3.01,1.92,2.53,1.76
2018-05-24,3.06,2.98,1.91,2.50,1.74
2018-05-25,3.01,2.93,1.90,2.48,1.70
2018-05-28,,,,,
2018-05-29,2.87,2.77,1.93,2.32,1.77
2018-05-30,2.93,2.84,1.94,2.42,1.77
2018-05-31,2.91,2.83,1.93,2.40,1.76
2018-06-01,2.96,2.89,1.92,2.47,1.74
2018-06-04,3.00,2.94,1.94,2.52,1.77
2018-06-05,2.99,2.92,1.94,2.49,1.82
2018-06-06,3.05,2.97,1.95,2.52,1.81
2018-06-07,3.00,2.93,1.94,2.50,1.78
2018-06-08,3.00,2.93,1.93,2.50,1.78
2018-06-11,3.02,2.96,1.94,2.52,1.82
2018-06-12,3.02,2.96,1.92,2.54,1.81
2018-06-13,3.04,2.98,1.94,2.59,1.82
2018-06-14,2.99,2.94,1.94,2.59,1.81
2018-06-15,2.98,2.93,1.94,2.55,1.82
2018-06-18,2.98,2.92,1.94,2.56,1.84
2018-06-19,2.95,2.89,1.94,2.54,1.85
2018-06-20,2.99,2.93,1.94,2.56,1.85
2018-06-21,2.97,2.90,1.94,2.56,1.85
2018-06-22,2.97,2.90,1.93,2.56,1.83
2018-06-25,2.95,2.87,1.93,2.54,1.80
2018-06-26,2.95,2.88,1.93,2.53,1.79
2018-06-27,2.90,2.83,1.93,2.52,1.79
2018-06-28,2.91,2.84,1.93,2.52,1.76
2018-06-29,2.91,2.85,1.93,2.52,1.77
2018-07-02,2.92,2.87,1.98,2.57,1.90
2018-07-03,2.89,2.83,1.98,2.53,1.91
2018-07-04,,,,,
2018-07-05,2.88,2.84,1.96,2.55,1.87
2018-07-06,2.87,2.82,1.97,2.53,1.86
2018-07-09,2.90,2.86,1.98,2.57,1.87
2018-07-10,2.91,2.87,1.99,2.59,1.88
2018-07-11,2.89,2.85,1.97,2.58,1.89
2018-07-12,2.89,2.85,1.98,2.60,1.89
2018-07-13,2.87,2.83,1.98,2.59,1.87
2018-07-16,2.90,2.85,2.01,2.59,1.90
2018-07-17,2.91,2.86,2.02,2.62,1.93
2018-07-18,2.93,2.88,2.00,2.60,1.90
2018-07-19,2.90,2.84,2.00,2.60,1.89
2018-07-20,2.96,2.89,1.99,2.60,1.86
2018-07-23,3.04,2.96,1.99,2.64,1.88
2018-07-24,3.02,2.95,2.02,2.63,1.92
2018-07-25,3.00,2.94,2.01,2.66,1.90
2018-07-26,3.05,2.98,1.99,2.69,1.89
2018-07-27,3.03,2.96,2.00,2.67,1.90
2018-07-30,3.05,2.98,2.04,2.66,1.91
2018-07-31,3.03,2.96,2.03,2.67,1.94
2018-08-01,3.07,3.00,2.03,2.67,1.93
2018-08-02,3.06,2.98,2.02,2.66,1.89
2018-08-03,3.03,2.95,2.01,2.63,1.90
2018-08-06,3.02,2.94,2.05,2.64,1.92
2018-08-07,3.06,2.98,2.06,2.68,1.96
2018-08-08,3.05,2.96,2.06,2.68,1.93
2018-08-09,3.01,2.93,2.06,2.64,1.91
2018-08-10,2.96,2.87,2.05,2.61,1.92
2018-08-13,2.97,2.88,2.06,2.61,1.93
2018-08-14,2.98,2.89,2.08,2.63,1.96
2018-08-15,2.95,2.86,2.07,2.61,1.96
2018-08-16,2.95,2.87,2.07,2.63,1.96
2018-08-17,2.95,2.87,2.05,2.61,1.95
2018-08-20,2.91,2.82,2.06,2.60,1.93
2018-08-21,2.93,2.85,2.08,2.61,1.94
2018-08-22,2.91,2.82,2.09,2.60,1.95
2018-08-23,2.90,2.82,2.08,2.61,1.94
2018-08-24,2.89,2.82,2.09,2.63,1.95
2018-08-27,2.92,2.85,2.12,2.67,1.96
2018-08-28,2.96,2.88,2.13,2.67,1.96
2018-08-29,2.96,2.89,2.13,2.67,1.97
2018-08-30,2.93,2.86,2.11,2.64,1.97
2018-08-31,2.95,2.86,2.11,2.62,1.95
2018-09-03,,,,,
2018-09-04,2.99,2.90,2.13,2.66,2.00
2018-09-05,3.00,2.90,2.14,2.66,2.00
2018-09-06,2.98,2.88,2.13,2.64,1.98
2018-09-07,3.03,2.94,2.14,2.71,1.98
2018-09-10,3.02,2.94,2.14,2.73,1.98
2018-09-11,3.06,2.98,2.15,2.76,2.02
2018-09-12,3.04,2.97,2.16,2.74,2.01
2018-09-13,3.04,2.97,2.15,2.76,2.01
2018-09-14,3.07,2.99,2.16,2.78,2.02
2018-09-17,3.07,2.99,2.16,2.78,2.02
2018-09-18,3.14,3.05,2.17,2.81,2.05
2018-09-19,3.16,3.08,2.16,2.81,2.03
2018-09-20,3.15,3.07,2.17,2.81,2.03
2018-09-21,3.14,3.07,2.18,2.81,2.05
2018-09-24,3.15,3.08,2.22,2.83,2.07
2018-09-25,3.17,3.10,2.21,2.83,2.12
2018-09-26,3.14,3.06,2.20,2.83,2.11
2018-09-27,3.13,3.06,2.18,2.83,2.10
2018-09-28,3.13,3.05,2.19,2.81,2.12
2018-10-01,3.18,3.09,2.23,2.82,2.13
2018-10-02,3.14,3.05,2.23,2.82,2.14
2018-10-03,3.24,3.15,2.23,2.85,2.15
2018-10-04,3.29,3.19,2.22,2.87,2.16
2018-10-05,3.34,3.23,2.23,2.88,2.15
2018-10-08,,,,,
2018-10-09,3.30,3.21,2.25,2.88,2.17
2018-10-10,3.33,3.22,2.27,2.88,2.18
2018-10-11,3.25,3.14,2.27,2.85,2.14
2018-10-12,3.25,3.15,2.28,2.85,2.14
2018-10-15,3.27,3.16,2.31,2.85,2.17
2018-10-16,3.26,3.16,2.30,2.87,2.19
2018-10-17,3.29,3.19,2.31,2.89,2.20
2018-10-18,3.28,3.17,2.32,2.87,2.19
2018-10-19,3.31,3.20,2.31,2.92,2.19
2018-10-22,3.31,3.20,2.34,2.92,2.18
2018-10-23,3.29,3.17,2.33,2.89,2.21
2018-10-24,3.24,3.10,2.34,2.84,2.20
2018-10-25,3.27,3.14,2.34,2.86,2.19
2018-10-26,3.23,3.08,2.33,2.81,2.16
2018-10-29,3.23,3.08,2.34,2.81,2.17
2018-10-30,3.26,3.12,2.33,2.84,2.21
2018-10-31,3.30,3.15,2.34,2.87,2.20
2018-11-01,3.29,3.14,2.32,2.84,2.21
2018-11-02,3.37,3.22,2.33,2.91,2.19
2018-11-05,3.34,3.20,2.36,2.91,2.20
2018-11-06,3.35,3.22,2.35,2.93,2.23
2018-11-07,3.35,3.22,2.37,2.96,2.23
2018-11-08,3.36,3.24,2.35,2.98,2.21
2018-11-09,3.32,3.19,2.36,2.94,2.21
2018-11-12,,,,,
2018-11-13,3.28,3.14,2.38,2.89,2.24
2018-11-14,3.26,3.12,2.38,2.86,2.24
2018-11-15,3.27,3.11,2.37,2.86,2.20
2018-11-16,3.23,3.08,2.36,2.81,2.21
2018-11-19,3.22,3.06,2.38,2.79,2.23
2018-11-20,3.22,3.06,2.39,2.79,2.23
2018-11-21,3.22,3.06,2.41,2.81,2.25
2018-11-22,,,,,
2018-11-23,3.21,3.05,2.41,2.81,2.25
2018-11-26,3.22,3.07,2.41,2.84,2.24
2018-11-27,3.22,3.06,2.41,2.83,2.31
2018-11-28,3.23,3.06,2.40,2.81,2.31
2018-11-29,3.21,3.03,2.37,2.81,2.31
2018-11-30,3.19,3.01,2.37,2.80,2.31
2018-12-03,3.15,2.98,2.38,2.83,2.30
2018-12-04,3.05,2.91,2.42,2.80,2.37
2018-12-05,,,,,
2018-12-06,3.01,2.87,2.41,2.75,2.36
2018-12-07,3.01,2.85,2.40,2.72,2.32
2018-12-10,3.00,2.85,2.41,2.72,2.32
2018-12-11,3.02,2.89,2.41,2.78,2.28
2018-12-12,3.04,2.91,2.43,2.77,2.30
2018-12-13,3.05,2.91,2.43,2.75,2.36
2018-12-14,3.03,2.89,2.42,2.73,2.36
2018-12-17,3.00,2.86,2.40,2.70,2.36
2018-12-18,2.96,2.82,2.39,2.65,2.35
2018-12-19,2.89,2.77,2.40,2.63,2.35
2018-12-20,2.92,2.79,2.39,2.67,2.42
2018-12-21,2.92,2.79,2.39,2.63,2.41
2018-12-24,2.88,2.74,2.45,2.55,2.42
2018-12-25,,,,,
2018-12-26,2.94,2.81,2.44,2.61,2.41
2018-12-27,2.92,2.77,2.41,2.56,2.43
2018-12-28,2.89,2.72,2.40,2.52,2.39
2018-12-31,2.87,2.69,2.45,2.48,2.44
2019-01-01,,,,,
2019-01-02,2.83,2.66,2.42,2.50,2.40
2019-01-03,2.75,2.56,2.41,2.39,2.42
2019-01-04,2.83,2.67,2.42,2.50,2.40
2019-01-07,2.86,2.70,2.45,2.53,2.42
2019-01-08,2.88,2.73,2.46,2.58,2.40
2019-01-09,2.90,2.74,2.45,2.56,2.40
2019-01-10,2.92,2.74,2.43,2.56,2.42
2019-01-11,2.90,2.71,2.43,2.55,2.41
2019-01-14,2.91,2.71,2.45,2.53,2.42
2019-01-15,2.92,2.72,2.45,2.53,2.41
2019-01-16,2.92,2.73,2.43,2.55,2.41
2019-01-17,2.93,2.75,2.42,2.56,2.41
2019-01-18,2.95,2.79,2.41,2.62,2.40
2019-01-21,,,,,
2019-01-22,2.91,2.74,2.43,2.58,2.38
2019-01-23,2.93,2.76,2.41,2.58,2.37
2019-01-24,2.89,2.72,2.37,2.56,2.38
2019-01-25,2.92,2.76,2.39,2.60,2.36
2019-01-28,2.92,2.75,2.42,2.60,2.39
2019-01-29,2.90,2.72,2.42,2.56,2.39
2019-01-30,2.90,2.70,2.42,2.52,2.40
2019-01-31,2.83,2.63,2.41,2.45,2.42
2019-02-01,2.88,2.70,2.40,2.52,2.41
2019-02-04,2.92,2.73,2.42,2.53,2.41
2019-02-05,2.89,2.71,2.42,2.53,2.39
2019-02-06,2.88,2.70,2.42,2.52,2.40
2019-02-07,2.85,2.65,2.42,2.48,2.43
2019-02-08,2.82,2.63,2.43,2.45,2.43
2019-02-11,2.85,2.65,2.45,2.48,2.44
2019-02-12,2.87,2.68,2.43,2.50,2.42
2019-02-13,2.89,2.71,2.44,2.53,2.42
2019-02-14,2.85,2.66,2.43,2.50,2.45
2019-02-15,2.84,2.66,2.43,2.52,2.43
2019-02-18,,,,,
2019-02-19,2.84,2.65,2.45,2.50,2.44
2019-02-20,2.84,2.65,2.45,2.50,2.41
2019-02-21,2.89,2.69,2.45,2.53,2.43
2019-02-22,2.86,2.65,2.46,2.48,2.43
2019-02-25,2.87,2.67,2.47,2.51,2.44
2019-02-26,2.84,2.64,2.45,2.48,2.43
2019-02-27,2.91,2.69,2.45,2.50,2.43
2019-02-28,2.94,2.73,2.45,2.52,2.44
2019-03-01,2.97,2.76,2.44,2.55,2.44
2019-03-04,2.93,2.72,2.46,2.55,2.45
2019-03-05,2.93,2.72,2.46,2.55,2.44
2019-03-06,2.90,2.69,2.47,2.52,2.43
2019-03-07,2.86,2.64,2.45,2.47,2.45
2019-03-08,2.83,2.62,2.46,2.45,2.45
2019-03-11,2.86,2.64,2.46,2.47,2.44
2019-03-12,2.82,2.61,2.46,2.45,2.44
2019-03-13,2.82,2.61,2.45,2.45,2.43
2019-03-14,2.86,2.63,2.45,2.46,2.48
2019-03-15,2.83,2.59,2.45,2.43,2.46
2019-03-18,2.83,2.60,2.44,2.45,2.47
2019-03-19,2.84,2.61,2.46,2.46,2.46
2019-03-20,2.79,2.54,2.48,2.40,2.45
2019-03-21,2.78,2.54,2.49,2.41,2.51
2019-03-22,2.69,2.44,2.46,2.31,2.49
2019-03-25,2.68,2.43,2.46,2.26,2.47
2019-03-26,2.67,2.41,2.46,2.24,2.46
2019-03-27,2.63,2.39,2.44,2.22,2.45
2019-03-28,2.62,2.39,2.43,2.23,2.44
2019-03-29,2.63,2.41,2.40,2.27,2.43
2019-04-01,2.71,2.49,2.43,2.33,2.42
2019-04-02,2.70,2.48,2.42,2.30,2.43
2019-04-03,2.75,2.52,2.44,2.33,2.42
2019-04-04,2.74,2.51,2.44,2.33,2.43
2019-04-05,2.72,2.50,2.44,2.35,2.42
2019-04-08,2.74,2.52,2.43,2.36,2.43
2019-04-09,2.73,2.51,2.42,2.35,2.42
2019-04-10,2.71,2.48,2.43,2.31,2.40
2019-04-11,2.74,2.51,2.43,2.35,2.42
2019-04-12,2.78,2.56,2.44,2.40,2.41
2019-04-15,2.77,2.55,2.43,2.40,2.42
2019-04-16,2.81,2.60,2.43,2.41,2.43
2019-04-17,2.81,2.59,2.44,2.40,2.43
2019-04-18,2.78,2.57,2.42,2.38,2.44
2019-04-19,,,,,
2019-04-22,2.82,2.59,2.44,2.38,2.44
2019-04-23,2.81,2.57,2.45,2.36,2.43
2019-04-24,2.76,2.53,2.44,2.32,2.42
2019-04-25,2.76,2.54,2.43,2.33,2.43
2019-04-26,2.74,2.51,2.42,2.28,2.42
2019-04-29,2.78,2.54,2.44,2.30,2.45
2019-04-30,2.75,2.51,2.43,2.27,2.43
2019-05-01,2.74,2.52,2.43,2.31,2.42
2019-05-02,2.77,2.55,2.47,2.35,2.44
2019-05-03,2.75,2.54,2.43,2.33,2.42
2019-05-06,2.73,2.51,2.44,2.31,2.43
2019-05-07,2.68,2.45,2.43,2.28,2.44
2019-05-08,2.71,2.49,2.43,2.30,2.42
2019-05-09,2.69,2.45,2.43,2.26,2.43
2019-05-10,2.70,2.47,2.43,2.26,2.42
2019-05-13,2.65,2.40,2.41,2.18,2.41
2019-05-14,2.67,2.42,2.41,2.20,2.41
2019-05-15,2.63,2.37,2.42,2.16,2.40
2019-05-16,2.65,2.40,2.40,2.20,2.40
2019-05-17,2.63,2.39,2.39,2.20,2.39
2019-05-20,2.65,2.41,2.39,2.21,2.39
2019-05-21,2.67,2.43,2.39,2.26,2.37
2019-05-22,2.64,2.39,2.38,2.23,2.36
2019-05-23,2.56,2.31,2.37,2.12,2.38
2019-05-24,2.57,2.32,2.35,2.16,2.37
2019-05-27,,,,,
2019-05-28,2.52,2.26,2.37,2.12,2.35
2019-05-29,2.50,2.25,2.37,2.09,2.35
2019-05-30,2.46,2.22,2.38,2.06,2.37
2019-05-31,2.39,2.14,2.35,1.95,2.35
2019-06-03,2.34,2.07,2.35,1.82,2.36
2019-06-04,2.41,2.12,2.35,1.88,2.34
2019-06-05,2.42,2.12,2.35,1.83,2.31
2019-06-06,2.42,2.12,2.33,1.88,2.32
2019-06-07,2.36,2.09,2.28,1.85,2.30
2019-06-10,2.42,2.15,2.29,1.90,2.30
2019-06-11,2.42,2.15,2.27,1.93,2.27
2019-06-12,2.41,2.13,2.24,1.88,2.19
2019-06-13,2.39,2.10,2.19,1.83,2.24
2019-06-14,2.38,2.09,2.20,1.84,2.23
2019-06-17,2.37,2.09,2.23,1.86,2.22
2019-06-18,2.34,2.06,2.22,1.86,2.18
2019-06-19,2.32,2.03,2.18,1.74,2.14
2019-06-20,2.31,2.01,2.14,1.72,2.17
2019-06-21,2.37,2.07,2.11,1.77,2.16
2019-06-24,2.33,2.02,2.13,1.72,2.12
2019-06-25,2.31,2.00,2.12,1.71,2.11
2019-06-26,2.35,2.05,2.15,1.77,2.11
2019-06-27,2.31,2.01,2.14,1.74,2.19
2019-06-28,2.31,2.00,2.12,1.75,2.18
2019-07-01,2.34,2.03,2.21,1.78,2.17
2019-07-02,2.29,1.98,2.20,1.77,2.21
2019-07-03,2.25,1.96,2.21,1.77,2.25
2019-07-04,,,,,
2019-07-05,2.34,2.04,2.23,1.87,2.26
2019-07-08,2.32,2.05,2.26,1.88,2.23
2019-07-09,2.34,2.07,2.26,1.92,2.22
2019-07-10,2.36,2.07,2.20,1.82,2.18
2019-07-11,2.42,2.13,2.17,1.85,2.17
2019-07-12,2.42,2.12,2.14,1.84,2.16
2019-07-15,2.39,2.09,2.16,1.83,2.17
2019-07-16,2.42,2.13,2.15,1.87,2.16
2019-07-17,2.35,2.06,2.14,1.83,2.13
2019-07-18,2.34,2.04,2.05,1.77,2.11
2019-07-19,2.35,2.05,2.06,1.80,2.11
2019-07-22,2.36,2.05,2.09,1.80,2.13
2019-07-23,2.38,2.08,2.06,1.83,2.12
2019-07-24,2.36,2.05,2.10,1.83,2.10
2019-07-25,2.38,2.08,2.10,1.86,2.16
2019-07-26,2.38,2.08,2.12,1.86,2.13
2019-07-29,2.37,2.06,2.12,1.85,2.12
2019-07-30,2.36,2.06,2.08,1.85,2.07
2019-07-31,2.31,2.02,2.08,1.89,2.01
2019-08-01,2.21,1.90,2.07,1.73,2.11
2019-08-02,2.16,1.86,2.06,1.72,2.11
2019-08-05,2.07,1.75,2.05,1.59,2.07
2019-08-06,2.03,1.73,2.05,1.60,2.05
2019-08-07,2.01,1.71,2.02,1.59,2.02
2019-08-08,2.02,1.72,2.02,1.62,2.09
2019-08-09,2.03,1.74,2.00,1.63,2.05
2019-08-12,1.92,1.65,2.00,1.58,2.09
2019-08-13,1.94,1.68,2.00,1.66,2.05
2019-08-14,1.84,1.59,1.96,1.58,1.98
2019-08-15,1.80,1.52,1.91,1.48,2.08
2019-08-16,1.82,1.55,1.87,1.48,2.05
2019-08-19,1.88,1.60,1.94,1.53,2.06
2019-08-20,1.84,1.55,1.94,1.50,2.05
2019-08-21,1.87,1.59,1.97,1.56,2.03
2019-08-22,1.90,1.62,2.00,1.61,2.10
2019-08-23,1.82,1.52,1.97,1.51,2.07
2019-08-26,1.84,1.54,2.01,1.54,2.09
2019-08-27,1.77,1.49,1.98,1.53,2.07
2019-08-28,1.76,1.47,1.99,1.50,2.07
2019-08-29,1.78,1.50,1.99,1.53,2.10
2019-08-30,1.78,1.50,1.99,1.50,2.10
2019-09-02,,,,,
2019-09-03,1.77,1.47,1.98,1.47,2.06
2019-09-04,1.77,1.47,1.97,1.43,2.05
2019-09-05,1.86,1.57,1.97,1.55,2.05
2019-09-06,1.83,1.55,1.96,1.53,2.05
2019-09-09,1.91,1.63,1.96,1.58,2.04
2019-09-10,2.00,1.72,1.95,1.67,2.04
2019-09-11,2.02,1.75,1.96,1.68,2.01
2019-09-12,2.06,1.79,1.95,1.72,1.99
2019-09-13,2.17,1.90,1.96,1.79,1.99
2019-09-16,2.11,1.84,1.99,1.74,2.08
2019-09-17,2.08,1.81,1.99,1.72,2.10
2019-09-18,2.06,1.80,1.95,1.77,1.94
2019-09-19,2.04,1.79,1.93,1.74,2.01
2019-09-20,1.99,1.74,1.91,1.69,1.95
2019-09-23,1.98,1.72,1.94,1.68,1.94
2019-09-24,1.91,1.64,1.92,1.60,1.90
2019-09-25,1.99,1.73,1.89,1.68,1.80
2019-09-26,1.96,1.70,1.83,1.66,1.91
2019-09-27,1.95,1.69,1.80,1.63,1.90
2019-09-30,1.94,1.68,1.88,1.63,1.91
2019-10-01,1.93,1.65,1.82,1.56,1.79
2019-10-02,1.90,1.60,1.79,1.48,1.75
2019-10-03,1.85,1.54,1.70,1.39,1.78
2019-10-04,1.81,1.52,1.71,1.40,1.73
2019-10-07,1.85,1.56,1.75,1.46,1.76
2019-10-08,1.84,1.54,1.72,1.42,1.69
2019-10-09,1.88,1.59,1.69,1.47,1.69
2019-10-10,1.96,1.67,1.68,1.53,1.74
2019-10-11,2.04,1.76,1.68,1.63,1.76
2019-10-14,,,,,
2019-10-15,2.06,1.77,1.67,1.61,1.74
2019-10-16,2.05,1.75,1.66,1.58,1.71
2019-10-17,2.05,1.76,1.66,1.60,1.74
2019-10-18,2.06,1.76,1.66,1.58,1.75
2019-10-21,2.10,1.80,1.67,1.62,1.76
2019-10-22,2.07,1.78,1.65,1.60,1.75
2019-10-23,2.06,1.77,1.65,1.58,1.74
2019-10-24,2.08,1.77,1.67,1.58,1.75
2019-10-25,2.10,1.80,1.66,1.63,1.73
2019-10-28,2.16,1.85,1.65,1.64,1.74
2019-10-29,2.15,1.84,1.63,1.64,1.66
2019-10-30,2.08,1.78,1.62,1.61,1.61
2019-10-31,2.00,1.69,1.54,1.52,1.59
2019-11-01,2.03,1.73,1.52,1.56,1.58
2019-11-04,2.10,1.79,1.53,1.60,1.58
2019-11-05,2.17,1.86,1.56,1.63,1.56
2019-11-06,2.13,1.81,1.56,1.61,1.55
2019-11-07,2.24,1.92,1.56,1.68,1.57
2019-11-08,2.27,1.94,1.55,1.68,1.56
2019-11-11,,,,,
2019-11-12,2.24,1.92,1.59,1.66,1.56
2019-11-13,2.20,1.88,1.57,1.63,1.56
2019-11-14,2.15,1.82,1.57,1.58,1.59
2019-11-15,2.16,1.84,1.57,1.61,1.59
2019-11-18,2.14,1.81,1.57,1.60,1.59
2019-11-19,2.11,1.79,1.57,1.60,1.58
2019-11-20,2.05,1.73,1.57,1.56,1.57
2019-11-21,2.09,1.77,1.58,1.60,1.57
2019-11-22,2.08,1.77,1.58,1.61,1.58
2019-11-25,2.07,1.76,1.61,1.61,1.60
2019-11-26,2.04,1.74,1.60,1.58,1.63
2019-11-27,2.06,1.77,1.62,1.63,1.65
2019-11-28,,,,,
2019-11-29,2.07,1.78,1.59,1.61,1.62
2019-12-02,2.15,1.83,1.60,1.61,1.60
2019-12-03,2.03,1.72,1.57,1.53,1.56
2019-12-04,2.08,1.77,1.55,1.58,1.59
2019-12-05,2.11,1.80,1.54,1.58,1.52
2019-12-06,2.14,1.84,1.53,1.61,1.52
2019-12-09,2.13,1.83,1.54,1.63,1.54
2019-12-10,2.12,1.85,1.56,1.65,1.53
2019-12-11,2.08,1.79,1.57,1.61,1.54
2019-12-12,2.18,1.90,1.56,1.66,1.57
2019-12-13,2.11,1.82,1.57,1.61,1.55
2019-12-16,2.17,1.89,1.57,1.65,1.57
2019-12-17,2.18,1.89,1.56,1.63,1.56
2019-12-18,2.22,1.92,1.56,1.63,1.56
2019-12-19,2.21,1.92,1.57,1.62,1.54
2019-12-20,2.21,1.92,1.58,1.63,1.57
2019-12-23,2.22,1.93,1.59,1.64,1.57
2019-12-24,2.20,1.90,1.58,1.62,1.55
2019-12-25,,,,,
2019-12-26,2.19,1.90,1.58,1.64,1.59
2019-12-27,2.18,1.88,1.57,1.59,1.56
2019-12-30,2.21,1.90,1.57,1.58,1.51
2019-12-31,2.25,1.92,1.55,1.58,1.48
2020-01-01,,,,,
2020-01-02,2.19,1.88,1.54,1.58,1.53
2020-01-03,2.11,1.80,1.52,1.53,1.52
2020-01-06,2.13,1.81,1.56,1.54,1.54
2020-01-07,2.16,1.83,1.54,1.54,1.52
2020-01-08,2.21,1.87,1.54,1.58,1.50
2020-01-09,2.17,1.85,1.54,1.58,1.53
2020-01-10,2.14,1.83,1.54,1.56,1.52
2020-01-13,2.16,1.85,1.57,1.58,1.54
2020-01-14,2.12,1.82,1.57,1.58,1.53
2020-01-15,2.09,1.79,1.57,1.56,1.53
2020-01-16,2.11,1.81,1.55,1.58,1.54
2020-01-17,2.16,1.84,1.56,1.58,1.54
2020-01-20,,,,,
2020-01-21,2.10,1.78,1.56,1.53,1.52
2020-01-22,2.07,1.77,1.55,1.53,1.52
2020-01-23,2.03,1.74,1.55,1.51,1.55
2020-01-24,2.00,1.70,1.54,1.49,1.54
2020-01-27,1.91,1.61,1.55,1.44,1.53
2020-01-28,1.95,1.65,1.57,1.45,1.53
2020-01-29,1.89,1.60,1.56,1.42,1.52
2020-01-30,1.88,1.57,1.57,1.41,1.59
2020-01-31,1.83,1.51,1.55,1.33,1.56
2020-02-03,1.84,1.54,1.57,1.36,1.56
2020-02-04,1.91,1.61,1.57,1.41,1.55
2020-02-05,1.97,1.66,1.57,1.44,1.55
2020-02-06,1.94,1.65,1.57,1.44,1.59
2020-02-07,1.89,1.59,1.56,1.41,1.57
2020-02-10,1.87,1.56,1.58,1.37,1.58
2020-02-11,1.89,1.59,1.57,1.41,1.57
2020-02-12,1.93,1.62,1.58,1.44,1.57
2020-02-13,1.91,1.61,1.59,1.44,1.59
2020-02-14,1.89,1.59,1.58,1.42,1.60
2020-02-17,,,,,
2020-02-18,1.85,1.55,1.58,1.41,1.61
2020-02-19,1.86,1.56,1.58,1.42,1.61
2020-02-20,1.81,1.52,1.58,1.39,1.61
2020-02-21,1.75,1.46,1.56,1.34,1.60
2020-02-24,1.68,1.38,1.53,1.26,1.60
2020-02-25,1.63,1.33,1.53,1.20,1.59
2020-02-26,1.64,1.33,1.53,1.16,1.59
2020-02-27,1.61,1.30,1.45,1.11,1.56
2020-02-28,1.46,1.13,1.27,0.86,1.45
2020-03-02,1.46,1.10,1.13,0.84,1.41
2020-03-03,1.44,1.02,0.95,0.71,1.11
2020-03-04,1.45,1.02,0.72,0.67,1.00
2020-03-05,1.34,0.92,0.62,0.59,0.92
2020-03-06,1.09,0.74,0.45,0.49,0.79
2020-03-09,0.87,0.54,0.33,0.38,0.57
2020-03-10,1.16,0.76,0.44,0.50,0.57
2020-03-11,1.13,0.82,0.42,0.50,0.42
2020-03-12,1.27,0.88,0.33,0.50,0.41
2020-03-13,1.31,0.94,0.28,0.49,0.33
2020-03-16,1.10,0.73,0.24,0.36,0.25
2020-03-17,1.45,1.02,0.19,0.47,0.12
2020-03-18,1.60,1.18,0.02,0.54,0.04
2020-03-19,1.56,1.12,0.04,0.44,0.04
2020-03-20,1.35,0.92,0.05,0.37,0.04
2020-03-23,1.12,0.76,0.02,0.28,0.01
2020-03-24,1.19,0.84,0.01,0.38,0.01
2020-03-25,1.23,0.88,0.00,0.34,0.00
2020-03-26,1.20,0.83,0.00,0.30,0.01
2020-03-27,1.09,0.72,0.03,0.25,0.01
2020-03-30,1.10,0.70,0.12,0.23,0.04
2020-03-31,1.15,0.70,0.11,0.23,0.05
2020-04-01,1.04,0.62,0.09,0.23,0.03
2020-04-02,1.04,0.63,0.09,0.23,0.09
2020-04-03,1.05,0.62,0.10,0.23,0.09
2020-04-06,1.08,0.67,0.15,0.27,0.09
2020-04-07,1.13,0.75,0.14,0.28,0.10
2020-04-08,1.18,0.77,0.22,0.27,0.14
2020-04-09,1.15,0.73,0.25,0.23,0.20
2020-04-10,,,,,
2020-04-13,1.19,0.76,0.26,0.25,0.17
2020-04-14,1.19,0.76,0.20,0.23,0.17
2020-04-15,1.06,0.63,0.14,0.20,0.14
2020-04-16,1.01,0.61,0.14,0.20,0.14
2020-04-17,1.08,0.65,0.12,0.20,0.12
2020-04-20,1.04,0.63,0.12,0.20,0.10
2020-04-21,0.98,0.58,0.11,0.20,0.08
2020-04-22,1.03,0.63,0.12,0.22,0.09
2020-04-23,0.99,0.61,0.11,0.22,0.09
2020-04-24,0.98,0.60,0.12,0.22,0.10
2020-04-27,1.06,0.67,0.12,0.24,0.09
2020-04-28,1.00,0.62,0.11,0.20,0.08
2020-04-29,1.02,0.63,0.10,0.20,0.10
2020-04-30,1.05,0.64,0.09,0.20,0.10
2020-05-01,1.04,0.64,0.12,0.20,0.10
2020-05-04,1.05,0.64,0.13,0.19,0.10
2020-05-05,1.07,0.66,0.13,0.19,0.09
2020-05-06,1.16,0.72,0.12,0.17,0.08
2020-05-07,1.05,0.63,0.11,0.13,0.10
2020-05-08,1.12,0.69,0.12,0.16,0.10
2020-05-11,1.16,0.73,0.12,0.17,0.09
2020-05-12,1.11,0.69,0.13,0.17,0.10
2020-05-13,1.07,0.64,0.13,0.16,0.10
2020-05-14,1.03,0.63,0.12,0.16,0.09
2020-05-15,1.05,0.64,0.12,0.16,0.09
2020-05-18,1.17,0.73,0.13,0.18,0.10
2020-05-19,1.15,0.70,0.13,0.17,0.09
2020-05-20,1.19,0.68,0.12,0.16,0.08
2020-05-21,1.16,0.68,0.12,0.17,0.09
2020-05-22,1.12,0.66,0.12,0.17,0.09
2020-05-25,,,,,
2020-05-26,1.19,0.69,0.14,0.18,0.10
2020-05-27,1.19,0.68,0.15,0.19,0.11
2020-05-28,1.23,0.70,0.15,0.17,0.14
2020-05-29,1.18,0.65,0.14,0.16,0.13
2020-06-01,1.22,0.66,0.14,0.14,0.12
2020-06-02,1.24,0.68,0.15,0.17,0.12
2020-06-03,1.32,0.77,0.16,0.19,0.12
2020-06-04,1.38,0.82,0.15,0.19,0.13
2020-06-05,1.46,0.91,0.15,0.22,0.13
2020-06-08,1.43,0.88,0.17,0.22,0.15
2020-06-09,1.37,0.84,0.19,0.20,0.14
2020-06-10,1.31,0.75,0.17,0.17,0.13
2020-06-11,1.19,0.66,0.17,0.19,0.14
2020-06-12,1.24,0.71,0.16,0.19,0.14
2020-06-15,1.24,0.71,0.18,0.19,0.15
2020-06-16,1.31,0.75,0.17,0.21,0.14
2020-06-17,1.30,0.74,0.17,0.19,0.13
2020-06-18,1.24,0.71,0.16,0.19,0.13
2020-06-19,1.23,0.70,0.15,0.19,0.13
2020-06-22,1.23,0.71,0.16,0.19,0.14
2020-06-23,1.25,0.72,0.16,0.18,0.12
2020-06-24,1.21,0.69,0.15,0.19,0.11
2020-06-25,1.20,0.68,0.16,0.17,0.13
2020-06-26,1.15,0.64,0.14,0.17,0.12
2020-06-29,1.16,0.64,0.14,0.16,0.11
2020-06-30,1.18,0.66,0.16,0.16,0.13
2020-07-01,1.20,0.69,0.14,0.17,0.12
2020-07-02,1.20,0.68,0.14,0.16,0.13
2020-07-03,,,,,
2020-07-06,1.21,0.69,0.15,0.16,0.12
2020-07-07,1.15,0.65,0.15,0.16,0.12
2020-07-08,1.16,0.67,0.15,0.16,0.11
2020-07-09,1.09,0.62,0.13,0.16,0.11
2020-07-10,1.12,0.65,0.13,0.16,0.10
2020-07-13,1.11,0.64,0.14,0.16,0.11
2020-07-14,1.09,0.63,0.15,0.14,0.11
2020-07-15,1.11,0.64,0.16,0.16,0.12
2020-07-16,1.09,0.62,0.11,0.16,0.12
2020-07-17,1.11,0.64,0.11,0.14,0.11
2020-07-20,1.10,0.62,0.13,0.16,0.11
2020-07-21,1.09,0.61,0.13,0.14,0.09
2020-07-22,1.08,0.60,0.13,0.14,0.09
2020-07-23,1.03,0.59,0.12,0.16,0.09
2020-07-24,1.03,0.59,0.11,0.14,0.10
2020-07-27,1.05,0.62,0.11,0.15,0.10
2020-07-28,1.01,0.59,0.11,0.14,0.09
2020-07-29,1.03,0.58,0.11,0.12,0.09
2020-07-30,0.98,0.55,0.09,0.11,0.10
2020-07-31,0.98,0.55,0.09,0.11,0.09
2020-08-03,1.01,0.56,0.10,0.11,0.09
2020-08-04,0.96,0.52,0.09,0.11,0.09
2020-08-05,1.00,0.55,0.10,0.11,0.08
2020-08-06,0.98,0.55,0.10,0.11,0.07
2020-08-07,1.01,0.57,0.10,0.13,0.08
2020-08-10,1.04,0.59,0.11,0.14,0.09
2020-08-11,1.10,0.64,0.11,0.16,0.08
2020-08-12,1.15,0.69,0.11,0.16,0.08
2020-08-13,1.20,0.71,0.10,0.16,0.08
2020-08-14,1.21,0.71,0.10,0.14,0.09
2020-08-17,1.19,0.69,0.10,0.14,0.09
2020-08-18,1.16,0.67,0.09,0.14,0.08
2020-08-19,1.20,0.68,0.11,0.14,0.07
2020-08-20,1.15,0.65,0.11,0.13,0.08
2020-08-21,1.13,0.64,0.10,0.16,0.07
2020-08-24,1.14,0.65,0.12,0.14,0.09
2020-08-25,1.18,0.69,0.11,0.15,0.08
2020-08-26,1.20,0.69,0.11,0.16,0.08
2020-08-27,1.28,0.74,0.11,0.16,0.09
2020-08-28,1.29,0.74,0.10,0.14,0.09
2020-08-31,1.26,0.72,0.11,0.14,0.08
2020-09-01,1.20,0.68,0.12,0.13,0.09
2020-09-02,1.16,0.66,0.12,0.14,0.10
2020-09-03,1.13,0.63,0.11,0.13,0.10
2020-09-04,1.25,0.72,0.11,0.14,0.09
2020-09-07,,,,,
2020-09-08,1.22,0.69,0.13,0.14,0.10
2020-09-09,1.25,0.71,0.12,0.14,0.10
2020-09-10,1.22,0.68,0.12,0.14,0.10
2020-09-11,1.21,0.67,0.11,0.13,0.10
2020-09-14,1.21,0.68,0.11,0.14,0.10
2020-09-15,1.21,0.68,0.11,0.14,0.09
2020-09-16,1.23,0.69,0.12,0.14,0.08
2020-09-17,1.22,0.69,0.09,0.13,0.09
2020-09-18,1.24,0.70,0.10,0.14,0.09
2020-09-21,1.22,0.68,0.10,0.14,0.09
2020-09-22,1.21,0.68,0.10,0.13,0.08
2020-09-23,1.21,0.68,0.11,0.14,0.08
2020-09-24,1.19,0.67,0.10,0.14,0.08
2020-09-25,1.19,0.66,0.10,0.12,0.08
2020-09-28,1.20,0.67,0.11,0.14,0.09
2020-09-29,1.19,0.66,0.09,0.11,0.07
2020-09-30,1.23,0.69,0.10,0.13,0.08
2020-10-01,1.23,0.68,0.09,0.14,0.09
2020-10-02,1.25,0.70,0.09,0.13,0.10
2020-10-05,1.34,0.78,0.10,0.14,0.09
2020-10-06,1.33,0.76,0.10,0.14,0.08
2020-10-07,1.37,0.81,0.10,0.16,0.08
2020-10-08,1.34,0.78,0.09,0.13,0.09
2020-10-09,1.34,0.79,0.10,0.16,0.10
2020-10-12,,,,,
2020-10-13,1.29,0.74,0.11,0.16,0.09
2020-10-14,1.28,0.73,0.12,0.14,0.10
2020-10-15,1.29,0.74,0.11,0.14,0.10
2020-10-16,1.30,0.76,0.11,0.14,0.09
2020-10-19,1.32,0.78,0.11,0.16,0.09
2020-10-20,1.37,0.81,0.10,0.14,0.08
2020-10-21,1.40,0.83,0.10,0.14,0.08
2020-10-22,1.43,0.87,0.09,0.16,0.09
2020-10-23,1.41,0.85,0.10,0.18,0.08
2020-10-26,1.37,0.81,0.11,0.16,0.08
2020-10-27,1.34,0.79,0.10,0.16,0.08
2020-10-28,1.34,0.79,0.10,0.16,0.07
2020-10-29,1.39,0.85,0.09,0.16,0.08
2020-10-30,1.43,0.88,0.09,0.14,0.08
2020-11-02,1.41,0.87,0.09,0.16,0.09
2020-11-03,1.44,0.90,0.10,0.17,0.09
2020-11-04,1.33,0.78,0.10,0.14,0.08
2020-11-05,1.32,0.79,0.10,0.14,0.09
2020-11-06,1.37,0.83,0.10,0.16,0.10
2020-11-09,1.51,0.96,0.11,0.17,0.10
2020-11-10,1.53,0.98,0.10,0.19,0.09
2020-11-11,,,,,
2020-11-12,1.42,0.88,0.10,0.17,0.10
2020-11-13,1.43,0.89,0.09,0.17,0.10
2020-11-16,1.44,0.91,0.09,0.19,0.09
2020-11-17,1.40,0.87,0.09,0.18,0.08
2020-11-18,1.42,0.88,0.09,0.16,0.07
2020-11-19,1.38,0.86,0.07,0.18,0.08
2020-11-20,1.33,0.83,0.07,0.16,0.09
2020-11-23,1.36,0.86,0.08,0.16,0.08
2020-11-24,1.40,0.88,0.09,0.16,0.08
2020-11-25,1.41,0.88,0.09,0.17,0.07
2020-11-26,,,,,
2020-11-27,1.36,0.84,0.09,0.16,0.09
2020-11-30,1.37,0.84,0.08,0.16,0.08
2020-12-01,1.46,0.92,0.09,0.17,0.07
2020-12-02,1.50,0.95,0.09,0.16,0.07
2020-12-03,1.46,0.92,0.08,0.16,0.08
2020-12-04,1.53,0.97,0.09,0.16,0.07
2020-12-07,1.49,0.94,0.08,0.14,0.09
2020-12-08,1.46,0.92,0.09,0.14,0.08
2020-12-09,1.48,0.95,0.08,0.16,0.07
2020-12-10,1.44,0.92,0.08,0.14,0.07
2020-12-11,1.42,0.90,0.08,0.11,0.08
2020-12-14,1.43,0.90,0.09,0.13,0.07
2020-12-15,1.45,0.92,0.08,0.11,0.07
2020-12-16,1.46,0.92,0.09,0.13,0.08
2020-12-17,1.47,0.94,0.08,0.13,0.08
2020-12-18,1.49,0.95,0.08,0.13,0.08
2020-12-21,1.48,0.95,0.09,0.13,0.08
2020-12-22,1.45,0.93,0.09,0.13,0.07
2020-12-23,1.49,0.96,0.09,0.13,0.07
2020-12-24,1.46,0.94,0.09,0.13,0.09
2020-12-25,,,,,
2020-12-28,1.46,0.94,0.11,0.13,0.09
2020-12-29,1.47,0.94,0.10,0.12,0.08
2020-12-30,1.46,0.93,0.08,0.12,0.06
2020-12-31,1.45,0.93,0.09,0.13,0.08
2021-01-01,,,,,
2021-01-04,1.46,0.93,0.09,0.11,0.09
2021-01-05,1.49,0.96,0.09,0.13,0.08
2021-01-06,1.60,1.04,0.09,0.14,0.09
2021-01-07,1.64,1.08,0.09,0.14,0.09
2021-01-08,1.67,1.13,0.08,0.14,0.08
2021-01-11,1.68,1.15,0.08,0.14,0.09
2021-01-12,1.68,1.15,0.09,0.14,0.09
2021-01-13,1.63,1.10,0.09,0.14,0.09
2021-01-14,1.69,1.15,0.09,0.16,0.09
2021-01-15,1.66,1.11,0.09,0.13,0.08
2021-01-18,,,,,
2021-01-19,1.65,1.10,0.09,0.14,0.07
2021-01-20,1.65,1.10,0.08,0.13,0.08
2021-01-21,1.68,1.12,0.09,0.13,0.07
2021-01-22,1.66,1.10,0.08,0.13,0.07
2021-01-25,1.61,1.05,0.09,0.13,0.07
2021-01-26,1.61,1.05,0.07,0.11,0.05
2021-01-27,1.60,1.04,0.08,0.12,0.05
2021-01-28,1.63,1.07,0.07,0.12,0.05
2021-01-29,1.68,1.11,0.06,0.11,0.07
2021-02-01,1.66,1.09,0.07,0.11,0.06
2021-02-02,1.69,1.12,0.07,0.11,0.04
2021-02-03,1.73,1.15,0.04,0.11,0.03
2021-02-04,1.75,1.15,0.04,0.11,0.03
2021-02-05,1.79,1.19,0.03,0.09,0.02
2021-02-08,1.78,1.19,0.05,0.11,0.04
2021-02-09,1.78,1.18,0.04,0.11,0.04
2021-02-10,1.75,1.15,0.05,0.11,0.05
2021-02-11,1.77,1.16,0.05,0.11,0.05
2021-02-12,1.83,1.20,0.04,0.11,0.03
2021-02-15,,,,,
2021-02-16,1.92,1.30,0.04,0.13,0.03
2021-02-17,1.92,1.29,0.04,0.11,0.03
2021-02-18,1.91,1.29,0.03,0.11,0.03
2021-02-19,1.98,1.34,0.04,0.11,0.03
2021-02-22,2.02,1.37,0.03,0.11,0.03
2021-02-23,2.03,1.37,0.04,0.11,0.03
2021-02-24,2.07,1.38,0.03,0.12,0.03
2021-02-25,2.25,1.54,0.04,0.17,0.04
2021-02-26,2.08,1.44,0.04,0.14,0.04
2021-03-01,2.11,1.45,0.05,0.13,0.03
2021-03-02,2.09,1.42,0.04,0.13,0.04
2021-03-03,2.12,1.47,0.05,0.14,0.04
2021-03-04,2.18,1.54,0.04,0.14,0.03
2021-03-05,2.18,1.56,0.04,0.14,0.04
2021-03-08,2.20,1.59,0.05,0.17,0.04
2021-03-09,2.16,1.55,0.05,0.17,0.04
2021-03-10,2.15,1.53,0.04,0.16,0.03
2021-03-11,2.18,1.54,0.04,0.14,0.04
2021-03-12,2.31,1.64,0.04,0.14,0.03
2021-03-15,2.27,1.62,0.04,0.14,0.02
2021-03-16,2.30,1.62,0.02,0.15,0.01
2021-03-17,2.32,1.63,0.02,0.13,0.01
2021-03-18,2.36,1.71,0.01,0.16,0.01
2021-03-19,2.36,1.74,0.01,0.16,0.01
2021-03-22,2.29,1.69,0.03,0.15,0.02
2021-03-23,2.24,1.63,0.01,0.15,0.02
2021-03-24,2.21,1.62,0.02,0.14,0.02
2021-03-25,2.24,1.63,0.02,0.14,0.02
2021-03-26,2.27,1.67,0.02,0.14,0.02
2021-03-29,2.32,1.73,0.03,0.14,0.02
2021-03-30,2.29,1.73,0.02,0.16,0.01
2021-03-31,2.31,1.74,0.03,0.16,0.01
2021-04-01,2.24,1.69,0.02,0.17,0.02
2021-04-02,2.27,1.72,0.02,0.19,0.02
2021-04-05,2.28,1.73,0.03,0.17,0.03
2021-04-06,2.24,1.67,0.02,0.16,0.02
2021-04-07,2.26,1.68,0.02,0.16,0.01
2021-04-08,2.22,1.64,0.01,0.14,0.02
2021-04-09,2.23,1.67,0.02,0.16,0.02
2021-04-12,2.24,1.69,0.02,0.18,0.02
2021-04-13,2.21,1.64,0.03,0.16,0.03
2021-04-14,2.22,1.64,0.02,0.16,0.02
2021-04-15,2.13,1.56,0.02,0.16,0.02
2021-04-16,2.15,1.59,0.02,0.16,0.02
2021-04-19,2.18,1.61,0.02,0.16,0.01
2021-04-20,2.16,1.58,0.03,0.15,0.01
2021-04-21,2.16,1.57,0.03,0.15,0.00
2021-04-22,2.13,1.57,0.03,0.16,0.02
2021-04-23,2.14,1.58,0.03,0.16,0.01
2021-04-26,2.13,1.58,0.03,0.18,0.02
2021-04-27,2.18,1.63,0.01,0.17,0.01
2021-04-28,2.19,1.63,0.01,0.17,0.01
2021-04-29,2.20,1.65,0.01,0.16,0.01
2021-04-30,2.19,1.65,0.01,0.16,0.01
2021-05-03,2.18,1.63,0.04,0.16,0.02
2021-05-04,2.16,1.61,0.02,0.16,0.01
2021-05-05,2.14,1.59,0.02,0.16,0.01
2021-05-06,2.14,1.58,0.02,0.16,0.01
2021-05-07,2.17,1.60,0.02,0.14,0.01
2021-05-10,2.20,1.63,0.02,0.16,0.02
2021-05-11,2.23,1.64,0.01,0.16,0.01
2021-05-12,2.29,1.69,0.02,0.16,0.01
2021-05-13,2.28,1.66,0.02,0.16,0.00
2021-05-14,2.25,1.63,0.01,0.16,0.01
2021-05-17,2.27,1.64,0.02,0.16,0.00
2021-05-18,2.27,1.64,0.02,0.16,0.00
2021-05-19,2.30,1.68,0.01,0.16,0.00
2021-05-20,2.25,1.63,0.01,0.15,0.01
2021-05-21,2.24,1.63,0.01,0.17,0.00
2021-05-24,2.22,1.61,0.02,0.15,0.01
2021-05-25,2.16,1.56,0.02,0.15,0.01
2021-05-26,2.17,1.58,0.02,0.14,0.00
2021-05-27,2.20,1.61,0.02,0.14,0.00
2021-05-28,2.18,1.58,0.01,0.14,0.01
2021-05-31,,,,,
2021-06-01,2.22,1.62,0.02,0.16,0.01
2021-06-02,2.21,1.59,0.02,0.13,0.01
2021-06-03,2.22,1.63,0.02,0.16,0.00
2021-06-04,2.16,1.56,0.02,0.14,0.01
2021-06-07,2.17,1.57,0.02,0.16,0.01
2021-06-08,2.13,1.53,0.02,0.14,0.01
2021-06-09,2.10,1.50,0.03,0.16,0.01
2021-06-10,2.07,1.45,0.03,0.14,0.01
2021-06-11,2.08,1.47,0.03,0.16,0.01
2021-06-14,2.12,1.51,0.03,0.16,0.01
2021-06-15,2.12,1.51,0.03,0.16,0.02
2021-06-16,2.13,1.57,0.04,0.21,0.04
2021-06-17,2.05,1.52,0.04,0.23,0.05
2021-06-18,1.97,1.45,0.05,0.26,0.05
2021-06-21,2.05,1.50,0.05,0.27,0.04
2021-06-22,2.03,1.48,0.04,0.25,0.04
2021-06-23,2.04,1.50,0.05,0.26,0.04
2021-06-24,2.03,1.49,0.05,0.26,0.05
2021-06-25,2.09,1.54,0.06,0.28,0.05
2021-06-28,2.04,1.49,0.05,0.25,0.04
2021-06-29,2.03,1.49,0.04,0.27,0.04
2021-06-30,2.00,1.45,0.05,0.25,0.05
2021-07-01,2.01,1.48,0.05,0.25,0.05
2021-07-02,1.98,1.44,0.05,0.24,0.05
2021-07-05,,,,,
2021-07-06,1.92,1.37,0.05,0.22,0.05
2021-07-07,1.87,1.33,0.05,0.22,0.05
2021-07-08,1.84,1.30,0.06,0.19,0.06
2021-07-09,1.91,1.37,0.06,0.23,0.06
2021-07-12,1.93,1.38,0.05,0.23,0.05
2021-07-13,1.96,1.42,0.05,0.26,0.05
2021-07-14,1.91,1.37,0.06,0.23,0.06
2021-07-15,1.85,1.31,0.05,0.23,0.05
2021-07-16,1.86,1.31,0.05,0.25,0.05
2021-07-19,1.74,1.19,0.05,0.21,0.05
2021-07-20,1.79,1.23,0.05,0.20,0.05
2021-07-21,1.87,1.30,0.05,0.22,0.04
2021-07-22,1.82,1.27,0.05,0.20,0.04
2021-07-23,1.85,1.30,0.05,0.22,0.05
2021-07-26,1.85,1.29,0.05,0.22,0.05
2021-07-27,1.81,1.25,0.05,0.20,0.04
2021-07-28,1.83,1.26,0.05,0.20,0.04
2021-07-29,1.84,1.28,0.06,0.20,0.05
2021-07-30,1.81,1.24,0.06,0.19,0.05
2021-08-02,1.77,1.20,0.05,0.17,0.05
2021-08-03,1.76,1.19,0.05,0.17,0.05
2021-08-04,1.74,1.19,0.05,0.17,0.05
2021-08-05,1.77,1.23,0.05,0.21,0.05
2021-08-06,1.85,1.31,0.06,0.21,0.04
2021-08-09,1.87,1.33,0.06,0.23,0.04
2021-08-10,1.90,1.36,0.05,0.24,0.05
2021-08-11,1.90,1.35,0.05,0.23,0.05
2021-08-12,1.92,1.36,0.06,0.23,0.05
2021-08-13,1.85,1.29,0.06,0.23,0.04
2021-08-16,1.82,1.26,0.06,0.21,0.04
2021-08-17,1.82,1.26,0.07,0.23,0.03
2021-08-18,1.84,1.27,0.07,0.23,0.03
2021-08-19,1.80,1.24,0.06,0.22,0.04
2021-08-20,1.79,1.26,0.05,0.23,0.04
2021-08-23,1.79,1.25,0.05,0.23,0.04
2021-08-24,1.83,1.29,0.05,0.24,0.03
2021-08-25,1.88,1.35,0.06,0.23,0.04
2021-08-26,1.87,1.34,0.05,0.25,0.04
2021-08-27,1.84,1.31,0.05,0.22,0.04
2021-08-30,1.82,1.29,0.05,0.20,0.04
2021-08-31,1.85,1.30,0.04,0.20,0.03
2021-09-01,1.84,1.31,0.05,0.20,0.04
2021-09-02,1.83,1.29,0.05,0.20,0.05
2021-09-03,1.87,1.33,0.05,0.21,0.04
2021-09-06,,,,,
2021-09-07,1.91,1.38,0.05,0.22,0.04
2021-09-08,1.88,1.35,0.05,0.22,0.05
2021-09-09,1.83,1.30,0.04,0.23,0.07
2021-09-10,1.86,1.35,0.05,0.23,0.06
2021-09-13,1.83,1.33,0.06,0.21,0.06
2021-09-14,1.78,1.28,0.04,0.21,0.05
2021-09-15,1.80,1.31,0.04,0.21,0.04
2021-09-16,1.83,1.34,0.04,0.23,0.06
2021-09-17,1.85,1.37,0.04,0.23,0.06
2021-09-20,1.79,1.31,0.04,0.23,0.06
2021-09-21,1.81,1.33,0.03,0.22,0.05
2021-09-22,1.78,1.32,0.03,0.25,0.04
2021-09-23,1.87,1.41,0.03,0.27,0.05
2021-09-24,1.94,1.47,0.03,0.29,0.06
2021-09-27,1.95,1.48,0.04,0.31,0.06
2021-09-28,2.02,1.54,0.04,0.31,0.07
2021-09-29,2.04,1.55,0.04,0.30,0.05
2021-09-30,2.02,1.52,0.04,0.28,0.07
2021-10-01,1.99,1.48,0.04,0.27,0.08
2021-10-04,1.99,1.49,0.04,0.27,0.09
2021-10-05,2.04,1.54,0.04,0.28,0.10
2021-10-06,2.02,1.53,0.04,0.30,0.06
2021-10-07,2.08,1.58,0.05,0.32,0.03
2021-10-08,2.11,1.61,0.05,0.32,0.02
2021-10-11,,,,,
2021-10-12,2.05,1.59,0.06,0.35,0.03
2021-10-13,2.00,1.56,0.05,0.37,0.03
2021-10-14,1.97,1.52,0.05,0.36,0.05
2021-10-15,2.02,1.59,0.05,0.41,0.04
2021-10-18,1.99,1.59,0.06,0.44,0.05
2021-10-19,2.07,1.65,0.05,0.41,0.06
2021-10-20,2.09,1.65,0.05,0.40,0.06
2021-10-21,2.10,1.68,0.06,0.45,0.06
2021-10-22,2.06,1.66,0.06,0.48,0.05
2021-10-25,2.07,1.64,0.06,0.47,0.07
2021-10-26,2.03,1.63,0.06,0.47,0.06
2021-10-27,1.93,1.54,0.06,0.50,0.06
2021-10-28,1.98,1.57,0.06,0.50,0.06
2021-10-29,1.98,1.55,0.05,0.48,0.06
2021-11-01,2.01,1.58,0.05,0.50,0.05
2021-11-02,1.97,1.56,0.05,0.46,0.05
2021-11-03,2.01,1.60,0.05,0.47,0.05
2021-11-04,1.96,1.53,0.04,0.41,0.05
2021-11-05,1.88,1.45,0.05,0.39,0.05
2021-11-08,1.91,1.51,0.06,0.45,0.04
2021-11-09,1.86,1.46,0.04,0.41,0.04
2021-11-10,1.96,1.56,0.05,0.51,0.06
2021-11-11,,,,,
2021-11-12,1.99,1.58,0.05,0.53,0.05
2021-11-15,2.05,1.63,0.05,0.53,0.06
2021-11-16,2.06,1.63,0.05,0.54,0.06
2021-11-17,2.04,1.60,0.05,0.52,0.06
2021-11-18,2.01,1.59,0.05,0.52,0.12
2021-11-19,1.95,1.54,0.05,0.52,0.11
2021-11-22,2.03,1.63,0.05,0.63,0.07
2021-11-23,2.08,1.67,0.06,0.60,0.06
2021-11-24,2.03,1.64,0.06,0.64,0.14
2021-11-25,,,,,
2021-11-26,1.89,1.48,0.06,0.50,0.11
2021-11-29,1.93,1.52,0.06,0.51,0.07
2021-11-30,1.85,1.43,0.05,0.52,0.11
2021-12-01,1.84,1.43,0.06,0.56,0.09
2021-12-02,1.87,1.44,0.05,0.63,0.05
2021-12-03,1.77,1.35,0.06,0.60,0.04
2021-12-06,1.84,1.43,0.05,0.65,0.05
2021-12-07,1.88,1.48,0.06,0.70,0.05
2021-12-08,1.93,1.52,0.07,0.68,0.04
2021-12-09,1.91,1.49,0.06,0.70,0.03
2021-12-10,1.91,1.48,0.06,0.67,0.03
2021-12-13,1.86,1.42,0.05,0.66,0.01
2021-12-14,1.87,1.44,0.05,0.67,0.02
2021-12-15,1.91,1.47,0.05,0.69,0.03
2021-12-16,1.91,1.44,0.05,0.64,0.04
2021-12-17,1.87,1.41,0.05,0.66,0.03
2021-12-20,1.90,1.43,0.07,0.65,0.03
2021-12-21,1.92,1.48,0.07,0.70,0.03
2021-12-22,1.89,1.46,0.08,0.68,0.03
2021-12-23,1.94,1.50,0.07,0.71,0.04
2021-12-24,,,,,
2021-12-27,1.92,1.48,0.06,0.76,0.04
2021-12-28,1.94,1.49,0.06,0.74,0.03
2021-12-29,2.00,1.55,0.05,0.75,0.01
2021-12-30,1.97,1.52,0.05,0.73,0.06
2021-12-31,1.94,1.52,0.06,0.73,0.06
2022-01-03,2.05,1.63,0.08,0.78,0.05
2022-01-04,2.10,1.66,0.08,0.77,0.06
2022-01-05,2.12,1.71,0.09,0.83,0.05
2022-01-06,2.12,1.73,0.10,0.88,0.04
2022-01-07,2.15,1.76,0.10,0.87,0.05
2022-01-10,2.15,1.78,0.13,0.92,0.05
2022-01-11,2.13,1.75,0.11,0.90,0.04
2022-01-12,2.13,1.74,0.12,0.92,0.04
2022-01-13,2.10,1.70,0.12,0.91,0.05
2022-01-14,2.18,1.78,0.13,0.99,0.05
2022-01-17,,,,,
2022-01-18,2.24,1.87,0.16,1.06,0.05
2022-01-19,2.20,1.83,0.17,1.04,0.05
2022-01-20,2.19,1.83,0.17,1.08,0.05
2022-01-21,2.13,1.75,0.17,1.01,0.05
2022-01-24,2.15,1.75,0.19,0.99,0.05
2022-01-25,2.18,1.78,0.19,1.02,0.05
2022-01-26,2.22,1.85,0.19,1.13,0.06
2022-01-27,2.17,1.81,0.20,1.18,0.04
2022-01-28,2.14,1.78,0.19,1.15,0.04
2022-01-31,2.17,1.79,0.22,1.18,0.03
2022-02-01,2.19,1.81,0.19,1.18,0.04
2022-02-02,2.17,1.78,0.19,1.16,0.04
2022-02-03,2.20,1.82,0.20,1.19,0.03
2022-02-04,2.29,1.93,0.23,1.31,0.05
2022-02-07,2.28,1.92,0.27,1.30,0.03
2022-02-08,2.31,1.96,0.25,1.35,0.03
2022-02-09,2.31,1.94,0.26,1.36,0.04
2022-02-10,2.37,2.03,0.40,1.61,0.05
2022-02-11,2.30,1.92,0.36,1.50,0.03
2022-02-14,2.35,1.98,0.43,1.58,0.03
2022-02-15,2.42,2.05,0.40,1.58,0.02
2022-02-16,2.39,2.03,0.38,1.52,0.03
2022-02-17,2.35,1.97,0.36,1.49,0.06
2022-02-18,2.30,1.92,0.35,1.47,0.03
2022-02-21,,,,,
2022-02-22,2.31,1.94,0.37,1.56,0.03
2022-02-23,2.36,1.99,0.34,1.58,0.02
2022-02-24,2.36,1.96,0.32,1.54,0.05
2022-02-25,2.37,1.97,0.33,1.55,0.03
2022-02-28,2.25,1.83,0.35,1.44,0.06
2022-03-01,2.19,1.72,0.32,1.31,0.11
2022-03-02,2.32,1.86,0.34,1.50,0.13
2022-03-03,2.32,1.86,0.38,1.53,0.19
2022-03-04,2.23,1.74,0.34,1.50,0.15
2022-03-07,2.29,1.78,0.38,1.55,0.17
2022-03-08,2.34,1.86,0.36,1.63,0.16
2022-03-09,2.38,1.94,0.38,1.68,0.18
2022-03-10,2.45,1.98,0.39,1.72,0.19
2022-03-11,2.45,2.00,0.40,1.75,0.17
2022-03-14,2.56,2.14,0.45,1.87,0.23
2022-03-15,2.57,2.15,0.46,1.85,0.22
2022-03-16,2.56,2.19,0.44,1.95,0.24
2022-03-17,2.60,2.20,0.40,1.94,0.20
2022-03-18,2.53,2.14,0.42,1.97,0.19
2022-03-21,2.67,2.32,0.54,2.14,0.22
2022-03-22,2.71,2.38,0.51,2.18,0.20
2022-03-23,2.65,2.32,0.50,2.13,0.15
2022-03-24,2.63,2.34,0.52,2.13,0.16
2022-03-25,2.74,2.48,0.55,2.30,0.17
2022-03-28,2.72,2.46,0.59,2.35,0.19
2022-03-29,2.68,2.41,0.55,2.35,0.18
2022-03-30,2.63,2.35,0.55,2.31,0.16
2022-03-31,2.59,2.32,0.52,2.28,0.17
2022-04-01,2.60,2.39,0.53,2.44,0.15
2022-04-04,2.64,2.42,0.66,2.43,0.18
2022-04-05,2.74,2.54,0.65,2.51,0.18
2022-04-06,2.81,2.61,0.67,2.50,0.21
2022-04-07,2.87,2.66,0.68,2.47,0.21
2022-04-08,2.94,2.72,0.70,2.53,0.20
2022-04-11,3.02,2.79,0.77,2.50,0.22
2022-04-12,2.99,2.72,0.74,2.39,0.21
2022-04-13,2.97,2.70,0.75,2.37,0.26
2022-04-14,3.09,2.83,0.79,2.47,0.37
2022-04-15,,,,,
2022-04-18,3.12,2.85,0.81,2.46,0.38
2022-04-19,3.19,2.93,0.81,2.61,0.37
2022-04-20,3.08,2.85,0.82,2.60,0.35
2022-04-21,3.12,2.90,0.83,2.68,0.50
2022-04-22,3.14,2.90,0.83,2.72,0.46
2022-04-25,3.06,2.81,0.91,2.63,0.40
2022-04-26,3.03,2.77,0.83,2.54,0.38
2022-04-27,3.08,2.82,0.82,2.58,0.37
2022-04-28,3.10,2.85,0.82,2.63,0.37
2022-04-29,3.14,2.89,0.85,2.70,0.37
2022-05-02,3.26,2.99,0.90,2.73,0.41
2022-05-03,3.21,2.97,0.91,2.78,0.48
2022-05-04,3.21,2.93,0.89,2.66,0.49
2022-05-05,3.35,3.05,0.85,2.71,0.49
2022-05-06,3.43,3.12,0.85,2.72,0.48
2022-05-09,3.38,3.05,0.92,2.61,0.51
2022-05-10,3.31,2.99,0.89,2.62,0.57
2022-05-11,3.25,2.91,0.91,2.66,0.59
2022-05-12,3.22,2.84,0.96,2.56,0.61
2022-05-13,3.32,2.93,1.03,2.61,0.67
2022-05-16,3.30,2.88,1.07,2.58,0.64
2022-05-17,3.36,2.98,1.06,2.71,0.61
2022-05-18,3.24,2.89,1.03,2.68,0.56
2022-05-19,3.24,2.84,1.05,2.63,0.65
2022-05-20,3.17,2.78,1.03,2.60,0.63
2022-05-23,3.26,2.86,1.07,2.65,0.55
2022-05-24,3.16,2.76,1.06,2.50,0.55
2022-05-25,3.14,2.75,1.06,2.48,0.58
2022-05-26,3.18,2.75,1.07,2.46,0.71
2022-05-27,3.16,2.74,1.08,2.47,0.69
2022-05-30,,,,,
2022-05-31,3.28,2.85,1.16,2.53,0.73
2022-06-01,3.31,2.94,1.15,2.66,0.77
2022-06-02,3.30,2.92,1.17,2.65,0.85
2022-06-03,3.33,2.96,1.21,2.66,0.87
2022-06-06,3.41,3.04,1.26,2.73,0.88
2022-06-07,3.35,2.98,1.26,2.75,0.87
2022-06-08,3.40,3.03,1.28,2.78,0.89
2022-06-09,3.40,3.04,1.30,2.83,1.05
2022-06-10,3.45,3.15,1.39,3.06,1.10
2022-06-13,3.68,3.43,1.73,3.40,1.13
2022-06-14,3.72,3.49,1.83,3.45,1.19
2022-06-15,3.64,3.33,1.74,3.20,1.21
2022-06-16,3.59,3.28,1.59,3.14,1.19
2022-06-17,3.55,3.25,1.63,3.17,1.15
2022-06-20,,,,,
2022-06-21,3.63,3.31,1.70,3.21,1.08
2022-06-22,3.49,3.16,1.61,3.06,0.98
2022-06-23,3.45,3.09,1.65,3.01,1.12
2022-06-24,3.51,3.13,1.73,3.04,1.19
2022-06-27,3.56,3.20,1.79,3.08,1.16
2022-06-28,3.55,3.20,1.79,3.10,1.12
2022-06-29,3.46,3.10,1.78,3.06,1.12
2022-06-30,3.38,2.98,1.72,2.92,1.28
2022-07-01,3.35,2.88,1.73,2.84,1.27
2022-07-04,,,,,
2022-07-05,3.31,2.82,1.90,2.82,1.33
2022-07-06,3.42,2.93,1.90,2.97,1.36
2022-07-07,3.45,3.01,1.95,3.03,1.55
2022-07-08,3.53,3.09,1.98,3.12,1.57
2022-07-11,3.43,2.99,2.18,3.07,1.58
2022-07-12,3.37,2.96,2.22,3.03,1.63
2022-07-13,3.35,2.91,2.39,3.13,1.78
2022-07-14,3.36,2.96,2.40,3.15,1.99
2022-07-15,3.34,2.93,2.37,3.13,1.98
2022-07-18,3.39,2.96,2.50,3.15,1.96
2022-07-19,3.42,3.01,2.52,3.23,1.93
2022-07-20,3.43,3.04,2.51,3.25,1.92
2022-07-21,3.33,2.91,2.48,3.10,2.15
2022-07-22,3.23,2.77,2.49,2.98,2.15
2022-07-25,3.28,2.81,2.62,3.00,2.14
2022-07-26,3.27,2.81,2.55,3.02,2.17
2022-07-27,3.26,2.78,2.44,2.96,2.14
2022-07-28,3.23,2.68,2.42,2.85,2.20
2022-07-29,3.20,2.67,2.41,2.89,2.22
2022-08-01,3.12,2.60,2.56,2.90,2.22
2022-08-02,3.22,2.75,2.56,3.06,2.22
2022-08-03,3.17,2.73,2.52,3.10,2.20
2022-08-04,3.15,2.68,2.50,3.03,2.19
2022-08-05,3.27,2.83,2.58,3.24,2.21
2022-08-08,3.22,2.77,2.65,3.21,2.23
2022-08-09,3.24,2.80,2.67,3.28,2.23
2022-08-10,3.27,2.78,2.65,3.23,2.24
2022-08-11,3.38,2.87,2.62,3.23,2.24
2022-08-12,3.34,2.84,2.63,3.25,2.23
2022-08-15,3.31,2.79,2.72,3.20,2.27
2022-08-16,3.31,2.82,2.70,3.25,2.26
2022-08-17,3.37,2.89,2.68,3.28,2.22
2022-08-18,3.35,2.88,2.71,3.22,2.23
2022-08-19,3.44,2.98,2.74,3.25,2.23
2022-08-22,3.48,3.03,2.82,3.32,2.27
2022-08-23,3.49,3.05,2.80,3.29,2.28
2022-08-24,3.55,3.11,2.82,3.36,2.29
2022-08-25,3.47,3.03,2.88,3.35,2.42
2022-08-26,3.44,3.04,2.89,3.37,2.39
2022-08-29,3.50,3.12,2.97,3.42,2.45
2022-08-30,3.49,3.11,2.97,3.46,2.43
2022-08-31,3.53,3.15,2.96,3.45,2.40
2022-09-01,3.64,3.26,2.97,3.51,2.53
2022-09-02,3.61,3.20,2.94,3.40,2.49
2022-09-05,,,,,
2022-09-06,3.74,3.33,3.04,3.50,2.44
2022-09-07,3.67,3.27,3.07,3.45,2.30
2022-09-08,3.69,3.29,3.06,3.48,2.57
2022-09-09,3.71,3.33,3.08,3.56,2.57
2022-09-12,3.76,3.37,3.17,3.58,2.62
2022-09-13,3.75,3.42,3.28,3.75,2.55
2022-09-14,3.73,3.41,3.24,3.78,2.54
2022-09-15,3.75,3.45,3.22,3.87,2.76
2022-09-16,3.79,3.45,3.20,3.85,2.68
2022-09-19,3.77,3.49,3.37,3.95,2.62
2022-09-20,3.83,3.57,3.35,3.96,2.57
2022-09-21,3.73,3.51,3.31,4.02,2.59
2022-09-22,3.90,3.70,3.29,4.11,2.73
2022-09-23,3.87,3.69,3.24,4.20,2.67
2022-09-26,4.01,3.88,3.39,4.27,2.73
2022-09-27,4.15,3.97,3.35,4.30,2.71
2022-09-28,3.98,3.72,3.40,4.07,2.63
2022-09-29,4.00,3.76,3.36,4.16,2.78
2022-09-30,4.08,3.83,3.33,4.22,2.79
2022-10-03,4.00,3.67,3.46,4.12,2.87
2022-10-04,3.95,3.62,3.45,4.10,2.91
2022-10-05,4.05,3.76,3.46,4.15,2.89
2022-10-06,4.08,3.83,3.46,4.23,3.05
2022-10-07,4.13,3.89,3.45,4.30,3.03
2022-10-10,,,,,
2022-10-11,4.19,3.93,3.67,4.30,3.07
2022-10-12,4.18,3.91,3.70,4.28,3.07
2022-10-13,4.25,3.97,3.79,4.47,3.35
2022-10-14,4.26,4.00,3.81,4.48,3.30
2022-10-17,4.29,4.02,3.97,4.45,3.30
2022-10-18,4.27,4.01,4.04,4.43,3.25
2022-10-19,4.38,4.14,4.07,4.55,3.31
2022-10-20,4.47,4.24,4.09,4.62,3.58
2022-10-21,4.54,4.21,4.09,4.49,3.55
2022-10-24,4.59,4.25,4.16,4.50,3.57
2022-10-25,4.45,4.10,4.14,4.42,3.56
2022-10-26,4.38,4.04,4.11,4.39,3.54
2022-10-27,4.32,3.96,4.13,4.30,3.76
2022-10-28,4.38,4.02,4.18,4.41,3.75
2022-10-31,4.44,4.10,4.22,4.51,3.73
2022-11-01,4.37,4.07,4.23,4.54,3.72
2022-11-02,4.41,4.10,4.22,4.61,3.70
2022-11-03,4.42,4.14,4.25,4.71,3.75
2022-11-04,4.49,4.17,4.21,4.66,3.73
2022-11-07,4.55,4.22,4.29,4.72,3.78
2022-11-08,4.47,4.14,4.28,4.67,3.66
2022-11-09,4.50,4.12,4.29,4.61,3.65
2022-11-10,4.24,3.82,4.28,4.34,3.71
2022-11-11,,,,,
2022-11-14,4.28,3.88,4.34,4.40,3.72
2022-11-15,4.20,3.80,4.31,4.37,3.77
2022-11-16,4.03,3.67,4.32,4.35,3.81
2022-11-17,4.10,3.77,4.32,4.43,3.93
2022-11-18,4.13,3.82,4.34,4.51,3.93
2022-11-21,4.14,3.83,4.41,4.48,3.97
2022-11-22,4.05,3.76,4.40,4.47,3.97
2022-11-23,3.97,3.71,4.40,4.46,4.12
2022-11-24,,,,,
2022-11-25,3.97,3.68,4.41,4.42,4.16
2022-11-28,3.97,3.69,4.41,4.46,4.11
2022-11-29,4.02,3.75,4.38,4.48,4.08
2022-11-30,4.00,3.68,4.37,4.38,4.07
2022-12-01,3.85,3.53,4.33,4.25,4.04
2022-12-02,3.79,3.51,4.34,4.28,3.91
2022-12-05,3.84,3.60,4.36,4.41,3.93
2022-12-06,3.77,3.51,4.37,4.34,3.87
2022-12-07,3.66,3.42,4.29,4.26,3.79
2022-12-08,3.71,3.48,4.28,4.31,3.75
2022-12-09,3.82,3.57,4.31,4.33,3.81
2022-12-12,3.84,3.61,4.38,4.39,3.86
2022-12-13,3.74,3.51,4.35,4.22,3.89
2022-12-14,3.74,3.49,4.33,4.23,3.91
2022-12-15,3.69,3.44,4.34,4.23,3.95
2022-12-16,3.73,3.48,4.31,4.17,3.94
2022-12-19,3.82,3.57,4.37,4.25,3.95
2022-12-20,3.94,3.69,4.35,4.25,3.89
2022-12-21,3.93,3.68,4.33,4.21,3.90
2022-12-22,3.91,3.67,4.35,4.24,3.80
2022-12-23,3.99,3.75,4.34,4.31,3.80
2022-12-26,,,,,
2022-12-27,4.10,3.84,4.46,4.32,3.87
2022-12-28,4.13,3.88,4.46,4.31,3.86
2022-12-29,4.09,3.83,4.45,4.34,4.04
2022-12-30,4.14,3.88,4.42,4.41,4.12
2023-01-02,,,,,
2023-01-03,4.06,3.79,4.53,4.40,4.17
2023-01-04,3.97,3.69,4.55,4.36,4.20
2023-01-05,3.96,3.71,4.66,4.45,4.30
2023-01-06,3.84,3.55,4.67,4.24,4.32
2023-01-09,3.83,3.53,4.70,4.19,4.37
2023-01-10,3.91,3.61,4.73,4.24,4.41
2023-01-11,3.84,3.54,4.72,4.20,4.42
2023-01-12,3.73,3.43,4.66,4.12,4.57
2023-01-13,3.79,3.49,4.67,4.22,4.58
2023-01-16,,,,,
2023-01-17,3.81,3.53,4.71,4.18,4.60
2023-01-18,3.65,3.37,4.69,4.06,4.59
2023-01-19,3.69,3.39,4.71,4.09,4.69
2023-01-20,3.77,3.48,4.72,4.14,4.69
2023-01-23,3.80,3.52,4.73,4.21,4.69
2023-01-24,3.73,3.46,4.72,4.12,4.70
2023-01-25,3.74,3.46,4.72,4.11,4.67
2023-01-26,3.75,3.49,4.71,4.17,4.61
2023-01-27,3.77,3.52,4.73,4.19,4.61
2023-01-30,3.79,3.55,4.72,4.25,4.60
2023-01-31,3.78,3.52,4.70,4.21,4.58
2023-02-01,3.67,3.39,4.66,4.09,4.59
2023-02-02,3.67,3.40,4.66,4.09,4.62
2023-02-03,3.77,3.53,4.70,4.30,4.61
2023-02-06,3.82,3.63,4.71,4.44,4.61
2023-02-07,3.87,3.67,4.71,4.47,4.62
2023-02-08,3.86,3.63,4.72,4.45,4.64
2023-02-09,3.90,3.67,4.77,4.48,4.66
2023-02-10,3.96,3.74,4.79,4.50,4.66
2023-02-13,3.92,3.72,4.81,4.52,4.66
2023-02-14,3.94,3.77,4.80,4.60,4.63
2023-02-15,3.97,3.81,4.79,4.62,4.64
2023-02-16,4.05,3.86,4.84,4.62,4.66
2023-02-17,4.01,3.82,4.84,4.60,4.64
2023-02-20,,,,,
2023-02-21,4.12,3.95,4.86,4.67,4.63
2023-02-22,4.09,3.93,4.84,4.66,4.62
2023-02-23,4.04,3.88,4.84,4.66,4.66
2023-02-24,4.11,3.95,4.86,4.78,4.68
2023-02-27,4.11,3.92,4.89,4.78,4.67
2023-02-28,4.10,3.92,4.88,4.81,4.65
2023-03-01,4.17,4.01,4.90,4.89,4.67
2023-03-02,4.24,4.08,4.91,4.89,4.75
2023-03-03,4.12,3.97,4.91,4.86,4.75
2023-03-06,4.14,3.98,4.93,4.89,4.75
2023-03-07,4.11,3.97,5.04,5.00,4.80
2023-03-08,4.11,3.98,5.06,5.05,4.77
2023-03-09,4.09,3.93,5.05,4.90,4.83
2023-03-10,3.90,3.70,5.01,4.60,4.81
2023-03-13,3.85,3.55,4.87,4.03,4.62
2023-03-14,3.91,3.64,4.88,4.20,4.47
2023-03-15,3.82,3.51,4.75,3.93,4.23
2023-03-16,3.87,3.56,4.74,4.14,4.22
2023-03-17,3.76,3.39,4.52,3.81,4.31
2023-03-20,3.83,3.47,4.81,3.92,4.34
2023-03-21,3.90,3.59,4.78,4.17,4.07
2023-03-22,3.83,3.48,4.79,3.96,4.16
2023-03-23,3.78,3.38,4.73,3.76,4.26
2023-03-24,3.77,3.38,4.74,3.76,4.28
2023-03-27,3.90,3.53,4.91,3.94,4.22
2023-03-28,3.90,3.55,4.80,4.02,4.24
2023-03-29,3.91,3.57,4.80,4.08,4.34
2023-03-30,3.88,3.55,4.97,4.10,4.74
2023-03-31,3.81,3.48,4.85,4.06,4.74
2023-04-03,3.78,3.43,4.90,3.97,4.70
2023-04-04,3.72,3.35,4.88,3.84,4.66
2023-04-05,3.67,3.30,4.86,3.79,4.62
2023-04-06,3.66,3.30,4.91,3.82,4.57
2023-04-07,3.73,3.39,4.95,3.97,4.56
2023-04-10,3.74,3.41,5.08,4.00,4.53
2023-04-11,3.75,3.43,5.04,4.03,4.27
2023-04-12,3.75,3.41,5.02,3.95,4.27
2023-04-13,3.80,3.45,5.10,3.96,4.08
2023-04-14,3.85,3.52,5.14,4.08,4.29
2023-04-17,3.92,3.60,5.21,4.18,4.09
2023-04-18,3.91,3.58,5.20,4.19,3.89
2023-04-19,3.90,3.60,5.16,4.24,3.95
2023-04-20,3.87,3.54,5.12,4.14,3.40
2023-04-21,3.90,3.57,5.14,4.17,3.36
2023-04-24,3.85,3.52,5.20,4.12,3.54
2023-04-25,3.77,3.40,5.12,3.86,4.11
2023-04-26,3.81,3.43,5.16,3.90,3.91
2023-04-27,3.88,3.53,5.18,4.07,4.27
2023-04-28,3.80,3.44,5.10,4.04,4.35
2023-05-01,3.95,3.59,5.27,4.14,4.49
2023-05-02,3.82,3.44,5.24,3.97,4.56
2023-05-03,3.79,3.38,5.26,3.89,4.70
2023-05-04,3.80,3.37,5.26,3.75,5.76
2023-05-05,3.85,3.44,5.26,3.92,5.59
2023-05-08,3.92,3.52,5.31,4.00,5.51
2023-05-09,3.94,3.53,5.29,4.01,5.56
2023-05-10,3.88,3.43,5.24,3.90,5.50
2023-05-11,3.82,3.39,5.20,3.89,5.81
2023-05-12,3.87,3.46,5.25,3.98,5.79
2023-05-15,3.92,3.50,5.21,3.99,5.64
2023-05-16,3.96,3.54,5.23,4.06,5.58
2023-05-17,3.96,3.57,5.26,4.12,5.50
2023-05-18,4.02,3.65,5.31,4.24,5.59
2023-05-19,4.07,3.70,5.29,4.28,5.62
2023-05-22,4.09,3.72,5.40,4.29,5.69
2023-05-23,4.08,3.70,5.34,4.26,5.67
2023-05-24,4.10,3.73,5.37,4.31,5.73
2023-05-25,4.16,3.83,5.38,4.50,5.95
2023-05-26,4.13,3.80,5.34,4.54,6.02
2023-05-29,,,,,
2023-05-30,4.06,3.69,5.55,4.46,5.31
2023-05-31,4.01,3.64,5.52,4.40,5.28
2023-06-01,3.98,3.61,5.50,4.33,5.30
2023-06-02,4.03,3.69,5.50,4.50,5.28
2023-06-05,4.03,3.69,5.46,4.46,5.25
2023-06-06,4.02,3.70,5.44,4.51,5.15
2023-06-07,4.12,3.79,5.42,4.56,5.07
2023-06-08,4.05,3.73,5.38,4.52,5.25
2023-06-09,4.05,3.75,5.37,4.59,5.25
2023-06-12,4.04,3.73,5.40,4.55,5.24
2023-06-13,4.12,3.84,5.36,4.67,5.19
2023-06-14,4.09,3.83,5.36,4.74,5.18
2023-06-15,4.02,3.72,5.33,4.62,5.18
2023-06-16,4.05,3.77,5.34,4.70,5.18
2023-06-19,,,,,
2023-06-20,4.01,3.74,5.39,4.68,5.17
2023-06-21,3.99,3.72,5.40,4.68,5.16
2023-06-22,4.06,3.80,5.40,4.77,5.18
2023-06-23,4.01,3.74,5.41,4.71,5.17
2023-06-26,4.01,3.72,5.50,4.65,5.17
2023-06-27,4.03,3.77,5.44,4.74,5.17
2023-06-28,4.00,3.71,5.44,4.71,5.17
2023-06-29,4.11,3.85,5.46,4.87,5.25
2023-06-30,4.06,3.81,5.43,4.87,5.24
2023-07-03,4.08,3.86,5.44,4.94,5.27
2023-07-04,,,,,
2023-07-05,4.17,3.95,5.44,4.94,5.28
2023-07-06,4.23,4.05,5.46,4.99,5.32
2023-07-07,4.27,4.06,5.46,4.94,5.32
2023-07-10,4.24,4.01,5.48,4.85,5.34
2023-07-11,4.22,3.99,5.49,4.88,5.35
2023-07-12,4.14,3.86,5.47,4.72,5.36
2023-07-13,4.07,3.76,5.47,4.59,5.37
2023-07-14,4.11,3.83,5.49,4.74,5.37
2023-07-17,4.10,3.81,5.49,4.74,5.37
2023-07-18,4.08,3.80,5.49,4.74,5.37
2023-07-19,4.01,3.75,5.49,4.74,5.37
2023-07-20,4.10,3.85,5.49,4.80,5.44
2023-07-21,4.10,3.84,5.50,4.82,5.43
2023-07-24,4.11,3.86,5.51,4.81,5.44
2023-07-25,4.14,3.91,5.51,4.85,5.46
2023-07-26,4.12,3.86,5.51,4.82,5.46
2023-07-27,4.26,4.01,5.51,4.91,5.47
2023-07-28,4.22,3.96,5.52,4.87,5.47
2023-07-31,4.22,3.97,5.55,4.88,5.48
2023-08-01,4.30,4.05,5.54,4.92,5.49
2023-08-02,4.35,4.08,5.53,4.88,5.48
2023-08-03,4.49,4.20,5.54,4.90,5.54
2023-08-04,4.36,4.05,5.54,4.78,5.54
2023-08-07,4.42,4.09,5.56,4.76,5.54
2023-08-08,4.35,4.02,5.57,4.74,5.54
2023-08-09,4.33,4.00,5.55,4.79,5.51
2023-08-10,4.41,4.09,5.54,4.82,5.55
2023-08-11,4.45,4.16,5.54,4.89,5.54
2023-08-14,4.46,4.19,5.56,4.96,5.55
2023-08-15,4.49,4.21,5.56,4.92,5.53
2023-08-16,4.55,4.28,5.56,4.97,5.52
2023-08-17,4.58,4.30,5.56,4.94,5.55
2023-08-18,4.55,4.26,5.55,4.92,5.53
2023-08-21,4.64,4.34,5.57,4.97,5.55
2023-08-22,4.61,4.34,5.57,5.02,5.54
2023-08-23,4.46,4.19,5.57,4.95,5.54
2023-08-24,4.49,4.23,5.58,4.98,5.55
2023-08-25,4.50,4.25,5.61,5.03,5.56
2023-08-28,4.48,4.20,5.58,4.98,5.56
2023-08-29,4.42,4.12,5.56,4.87,5.54
2023-08-30,4.42,4.12,5.56,4.90,5.55
2023-08-31,4.39,4.09,5.56,4.85,5.52
2023-09-01,4.48,4.18,5.53,4.87,5.51
2023-09-04,,,,,
2023-09-05,4.56,4.27,5.55,4.94,5.51
2023-09-06,4.56,4.30,5.55,5.01,5.52
2023-09-07,4.55,4.27,5.53,4.94,5.52
2023-09-08,4.52,4.26,5.55,4.98,5.52
2023-09-11,4.56,4.29,5.55,4.97,5.52
2023-09-12,4.54,4.27,5.56,4.98,5.52
2023-09-13,4.52,4.25,5.55,4.96,5.53
2023-09-14,4.57,4.29,5.55,5.00,5.52
2023-09-15,4.59,4.33,5.56,5.02,5.51
2023-09-18,4.57,4.32,5.55,5.05,5.53
2023-09-19,4.60,4.37,5.54,5.08,5.53
2023-09-20,4.57,4.35,5.56,5.12,5.53
2023-09-21,4.74,4.49,5.57,5.12,5.52
2023-09-22,4.70,4.44,5.56,5.10,5.52
2023-09-25,4.84,4.55,5.58,5.09,5.54
2023-09-26,4.86,4.56,5.58,5.04,5.54
2023-09-27,4.91,4.61,5.58,5.10,5.54
2023-09-28,4.90,4.59,5.56,5.04,5.56
2023-09-29,4.92,4.59,5.55,5.03,5.55
2023-10-02,5.00,4.69,5.62,5.12,5.56
2023-10-03,5.13,4.81,5.62,5.15,5.55
2023-10-04,5.05,4.73,5.61,5.05,5.56
2023-10-05,5.06,4.72,5.61,5.03,5.57
2023-10-06,5.13,4.78,5.63,5.08,5.59
2023-10-09,,,,,
2023-10-10,5.03,4.66,5.61,4.96,5.60
2023-10-11,4.92,4.58,5.61,4.99,5.58
2023-10-12,5.05,4.70,5.63,5.06,5.61
2023-10-13,4.97,4.63,5.62,5.04,5.60
2023-10-16,5.06,4.71,5.61,5.09,5.57
2023-10-17,5.14,4.83,5.62,5.19,5.58
2023-10-18,5.20,4.91,5.61,5.19,5.57
2023-10-19,5.30,4.98,5.60,5.14,5.58
2023-10-20,5.27,4.93,5.58,5.07,5.56
2023-10-23,5.19,4.86,5.58,5.05,5.57
2023-10-24,5.15,4.83,5.58,5.02,5.57
2023-10-25,5.27,4.95,5.59,5.08,5.56
2023-10-26,5.19,4.86,5.59,5.02,5.57
2023-10-27,5.19,4.84,5.59,4.99,5.57
2023-10-30,5.21,4.88,5.60,5.03,5.56
2023-10-31,5.21,4.88,5.59,5.07,5.56
2023-11-01,5.13,4.77,5.57,4.95,5.56
2023-11-02,4.99,4.67,5.54,4.98,5.52
2023-11-03,4.93,4.57,5.53,4.83,5.53
2023-11-06,5.00,4.67,5.56,4.93,5.53
2023-11-07,4.91,4.58,5.55,4.91,5.53
2023-11-08,4.82,4.49,5.54,4.93,5.52
2023-11-09,4.97,4.62,5.54,5.03,5.53
2023-11-10,4.93,4.61,5.53,5.04,5.53
2023-11-13,4.95,4.63,5.55,5.02,5.53
2023-11-14,4.80,4.44,5.52,4.80,5.52
2023-11-15,4.87,4.53,5.53,4.90,5.52
2023-11-16,4.82,4.45,5.51,4.83,5.53
2023-11-17,4.80,4.44,5.50,4.88,5.52
2023-11-20,4.74,4.42,5.54,4.89,5.53
2023-11-21,4.75,4.41,5.53,4.86,5.52
2023-11-22,4.73,4.42,5.54,4.89,5.54
2023-11-23,,,,,
2023-11-24,4.79,4.47,5.54,4.92,5.55
2023-11-27,4.72,4.39,5.49,4.84,5.54
2023-11-28,4.70,4.34,5.47,4.73,5.53
2023-11-29,4.62,4.27,5.45,4.64,5.53
2023-11-30,4.72,4.37,5.45,4.73,5.56
2023-12-01,4.58,4.22,5.43,4.56,5.55
2023-12-04,4.61,4.28,5.46,4.64,5.55
2023-12-05,4.48,4.18,5.45,4.57,5.54
2023-12-06,4.40,4.12,5.45,4.60,5.54
2023-12-07,4.42,4.14,5.44,4.58,5.53
2023-12-08,4.49,4.23,5.44,4.71,5.54
2023-12-11,4.51,4.23,5.47,4.71,5.55
2023-12-12,4.48,4.20,5.46,4.73,5.53
2023-12-13,4.36,4.04,5.44,4.46,5.52
2023-12-14,4.21,3.92,5.43,4.37,5.54
2023-12-15,4.19,3.91,5.44,4.44,5.54
2023-12-18,4.23,3.95,5.46,4.43,5.52
2023-12-19,4.23,3.93,5.43,4.41,5.51
2023-12-20,4.17,3.86,5.44,4.34,5.50
2023-12-21,4.19,3.89,5.42,4.33,5.54
2023-12-22,4.21,3.90,5.44,4.31,5.54
2023-12-25,,,,,
2023-12-26,4.20,3.89,5.45,4.26,5.53
2023-12-27,4.10,3.79,5.44,4.20,5.55
2023-12-28,4.14,3.84,5.45,4.26,5.57
2023-12-29,4.20,3.88,5.40,4.23,5.60
2024-01-01,,,,,
2024-01-02,4.25,3.95,5.46,4.33,5.55
2024-01-03,4.21,3.91,5.48,4.33,5.54
2024-01-04,4.30,3.99,5.48,4.38,5.56
2024-01-05,4.37,4.05,5.47,4.40,5.54
2024-01-08,4.33,4.01,5.49,4.36,5.54
2024-01-09,4.33,4.02,5.47,4.36,5.53
2024-01-10,4.35,4.04,5.46,4.37,5.53
2024-01-11,4.32,3.98,5.46,4.26,5.54
2024-01-12,4.32,3.96,5.45,4.14,5.55
2024-01-15,,,,,
2024-01-16,4.43,4.07,5.45,4.22,5.54
2024-01-17,4.42,4.10,5.47,4.34,5.54
2024-01-18,4.48,4.14,5.45,4.34,5.53
2024-01-19,4.47,4.15,5.45,4.39,5.54
2024-01-22,4.44,4.11,5.46,4.37,5.53
2024-01-23,4.48,4.14,5.45,4.31,5.53
2024-01-24,4.52,4.18,5.44,4.34,5.52
2024-01-25,4.49,4.14,5.44,4.28,5.54
2024-01-26,4.49,4.15,5.44,4.34,5.54
2024-01-29,4.42,4.08,5.42,4.29,5.53
2024-01-30,4.40,4.06,5.42,4.36,5.53
2024-01-31,4.34,3.99,5.42,4.27,5.53
2024-02-01,4.21,3.87,5.42,4.20,5.49
2024-02-02,4.33,4.03,5.43,4.36,5.49
2024-02-05,4.46,4.17,5.42,4.46,5.49
2024-02-06,4.39,4.09,5.44,4.39,5.48
2024-02-07,4.41,4.09,5.43,4.41,5.47
2024-02-08,4.47,4.15,5.44,4.46,5.49
2024-02-09,4.48,4.17,5.44,4.48,5.49
2024-02-12,4.48,4.17,5.43,4.46,5.49
2024-02-13,4.59,4.31,5.45,4.64,5.48
2024-02-14,4.57,4.27,5.43,4.56,5.48
2024-02-15,4.54,4.24,5.43,4.56,5.49
2024-02-16,4.58,4.30,5.44,4.64,5.48
2024-02-19,,,,,
2024-02-20,4.56,4.27,5.44,4.59,5.49
2024-02-21,4.59,4.32,5.44,4.64,5.50
2024-02-22,4.58,4.33,5.45,4.69,5.49
2024-02-23,4.51,4.26,5.46,4.67,5.49
2024-02-26,4.53,4.28,5.47,4.69,5.50
2024-02-27,4.57,4.31,5.45,4.70,5.50
2024-02-28,4.53,4.27,5.45,4.64,5.50
2024-02-29,4.51,4.25,5.45,4.64,5.53
2024-03-01,4.46,4.19,5.42,4.54,5.54
2024-03-04,4.48,4.22,5.48,4.61,5.51
2024-03-05,4.39,4.13,5.47,4.54,5.50
2024-03-06,4.36,4.11,5.47,4.55,5.50
2024-03-07,4.35,4.09,5.47,4.50,5.51
2024-03-08,4.36,4.09,5.46,4.48,5.51
2024-03-11,4.36,4.10,5.48,4.51,5.50
2024-03-12,4.42,4.16,5.48,4.58,5.52
2024-03-13,4.45,4.19,5.48,4.61,5.52
2024-03-14,4.54,4.29,5.48,4.68,5.52
2024-03-15,4.55,4.31,5.48,4.72,5.52
2024-03-18,4.57,4.34,5.48,4.73,5.52
2024-03-19,4.54,4.30,5.48,4.68,5.52
2024-03-20,4.53,4.27,5.47,4.59,5.50
2024-03-21,4.53,4.27,5.48,4.62,5.51
2024-03-22,4.47,4.22,5.46,4.59,5.51
2024-03-25,4.51,4.25,5.46,4.54,5.51
2024-03-26,4.49,4.24,5.46,4.56,5.50
2024-03-27,4.45,4.20,5.45,4.54,5.50
2024-03-28,4.45,4.20,5.46,4.59,5.49
2024-03-29,,,,,
2024-04-01,4.58,4.33,5.44,4.72,5.49
2024-04-02,4.61,4.36,5.42,4.70,5.49
2024-04-03,4.61,4.36,5.42,4.68,5.47
2024-04-04,4.57,4.31,5.41,4.65,5.47
2024-04-05,4.65,4.39,5.43,4.73,5.47
2024-04-08,4.65,4.42,5.43,4.78,5.48
2024-04-09,4.60,4.36,5.43,4.74,5.48
2024-04-10,4.76,4.55,5.45,4.97,5.49
2024-04-11,4.77,4.56,5.45,4.93,5.48
2024-04-12,4.73,4.50,5.45,4.88,5.48
2024-04-15,4.85,4.63,5.45,4.93,5.49
2024-04-16,4.88,4.67,5.45,4.97,5.49
2024-04-17,4.81,4.59,5.45,4.93,5.49
2024-04-18,4.85,4.64,5.46,4.98,5.49
2024-04-19,4.83,4.62,5.45,4.97,5.49
2024-04-22,4.84,4.62,5.42,4.97,5.49
2024-04-23,4.84,4.61,5.45,4.86,5.49
2024-04-24,4.88,4.65,5.46,4.89,5.49
2024-04-25,4.93,4.70,5.47,4.96,5.48
2024-04-26,4.89,4.67,5.46,4.96,5.48
2024-04-29,4.86,4.63,5.45,4.97,5.48
2024-04-30,4.90,4.69,5.46,5.04,5.48
2024-05-01,4.85,4.63,5.46,4.96,5.47
2024-05-02,4.82,4.58,5.46,4.87,5.51
2024-05-03,4.75,4.50,5.45,4.81,5.51
2024-05-06,4.73,4.49,5.45,4.82,5.51
2024-05-07,4.70,4.47,5.45,4.82,5.51
2024-05-08,4.73,4.48,5.45,4.84,5.51
2024-05-09,4.70,4.45,5.46,4.80,5.51
2024-05-10,4.74,4.50,5.47,4.87,5.51
2024-05-13,4.72,4.48,5.45,4.85,5.50
2024-05-14,4.69,4.45,5.44,4.81,5.50
2024-05-15,4.61,4.36,5.45,4.73,5.49
2024-05-16,4.62,4.38,5.45,4.78,5.51
2024-05-17,4.66,4.42,5.46,4.83,5.50
2024-05-20,4.68,4.44,5.45,4.82,5.50
2024-05-21,4.65,4.41,5.45,4.82,5.50
2024-05-22,4.63,4.43,5.45,4.86,5.49
2024-05-23,4.67,4.47,5.46,4.91,5.51
2024-05-24,4.65,4.46,5.46,4.93,5.56
2024-05-27,,,,,
2024-05-28,4.74,4.54,5.46,4.94,5.50
2024-05-29,4.82,4.61,5.46,4.96,5.50
2024-05-30,4.76,4.55,5.46,4.92,5.48
2024-05-31,4.73,4.51,5.46,4.89,5.48
2024-06-03,4.63,4.41,5.52,4.82,5.49
2024-06-04,4.56,4.33,5.52,4.77,5.48
2024-06-05,4.52,4.29,5.51,4.72,5.48
2024-06-06,4.51,4.28,5.51,4.72,5.48
2024-06-07,4.64,4.43,5.52,4.87,5.47
2024-06-10,4.68,4.47,5.52,4.87,5.47
2024-06-11,4.62,4.39,5.52,4.81,5.46
2024-06-12,4.56,4.31,5.51,4.75,5.47
2024-06-13,4.50,4.24,5.51,4.68,5.47
2024-06-14,4.46,4.20,5.51,4.67,5.47
2024-06-17,4.52,4.28,5.52,4.75,5.45
2024-06-18,4.47,4.22,5.50,4.69,5.40
2024-06-19,,,,,
2024-06-20,4.49,4.25,5.50,4.70,5.42
2024-06-21,4.49,4.25,5.49,4.70,5.42
2024-06-24,4.48,4.25,5.50,4.71,5.42
2024-06-25,4.46,4.23,5.49,4.65,5.43
2024-06-26,4.55,4.32,5.50,4.71,5.44
2024-06-27,4.53,4.29,5.49,4.70,5.48
2024-06-28,4.61,4.36,5.48,4.71,5.47
2024-07-01,4.76,4.48,5.47,4.77,5.48
2024-07-02,4.71,4.43,5.47,4.74,5.48
2024-07-03,4.64,4.36,5.47,4.71,5.49
2024-07-04,,,,,
2024-07-05,4.57,4.28,5.46,4.60,5.48
2024-07-08,4.57,4.28,5.46,4.62,5.48
2024-07-09,4.59,4.30,5.46,4.62,5.45
2024-07-10,4.58,4.28,5.46,4.62,5.46
2024-07-11,4.51,4.20,5.44,4.50,5.48
2024-07-12,4.50,4.18,5.43,4.45,5.47
2024-07-15,4.56,4.23,5.43,4.44,5.48
2024-07-16,4.48,4.17,5.43,4.43,5.48
2024-07-17,4.46,4.16,5.43,4.42,5.47
2024-07-18,4.51,4.20,5.43,4.46,5.48
2024-07-19,4.55,4.25,5.43,4.49,5.48
2024-07-22,4.57,4.26,5.43,4.50,5.49
2024-07-23,4.56,4.25,5.41,4.40,5.49
2024-07-24,4.62,4.28,5.40,4.37,5.50
2024-07-25,4.59,4.27,5.39,4.41,5.49
2024-07-26,4.53,4.20,5.38,4.36,5.49
2024-07-29,4.51,4.17,5.41,4.36,5.50
2024-07-30,4.50,4.15,5.40,4.35,5.50
2024-07-31,4.44,4.09,5.41,4.29,5.49
2024-08-01,4.35,3.99,5.37,4.16,5.55
2024-08-02,4.19,3.80,5.29,3.88,5.54
2024-08-05,4.16,3.78,5.35,3.89,5.52
2024-08-06,4.28,3.90,5.34,3.99,5.50
2024-08-07,4.35,3.96,5.34,4.00,5.50
2024-08-08,4.38,3.99,5.34,4.04,5.55
2024-08-09,4.33,3.94,5.33,4.05,5.54
2024-08-12,4.30,3.90,5.33,4.01,5.53
2024-08-13,4.25,3.85,5.32,3.93,5.48
2024-08-14,4.22,3.83,5.32,3.94,5.49
2024-08-15,4.28,3.92,5.34,4.08,5.53
2024-08-16,4.26,3.89,5.33,4.06,5.53
2024-08-19,4.23,3.86,5.31,4.06,5.51
2024-08-20,4.19,3.82,5.29,3.99,5.48
2024-08-21,4.15,3.79,5.26,3.92,5.45
2024-08-22,4.21,3.86,5.28,3.99,5.51
2024-08-23,4.18,3.81,5.25,3.90,5.51
2024-08-26,4.19,3.82,5.24,3.91,5.49
2024-08-27,4.21,3.83,5.23,3.83,5.49
2024-08-28,4.22,3.84,5.21,3.83,5.47
2024-08-29,4.24,3.87,5.22,3.87,5.40
2024-08-30,4.28,3.91,5.21,3.91,5.41
2024-09-02,,,,,
2024-09-03,4.21,3.84,5.19,3.88,5.38
2024-09-04,4.14,3.77,5.18,3.76,5.33
2024-09-05,4.11,3.73,5.15,3.75,5.30
2024-09-06,4.10,3.72,5.13,3.66,5.28
2024-09-09,4.08,3.70,5.11,3.68,5.25
2024-09-10,4.04,3.65,5.06,3.59,5.18
2024-09-11,4.03,3.65,5.10,3.62,5.21
2024-09-12,4.07,3.68,5.06,3.64,5.18
2024-09-13,4.05,3.66,4.97,3.57,5.15
2024-09-16,4.01,3.63,4.96,3.56,5.11
2024-09-17,4.02,3.65,4.95,3.59,5.05
2024-09-18,4.08,3.70,4.84,3.61,4.91
2024-09-19,4.11,3.73,4.80,3.59,4.89
2024-09-20,4.10,3.73,4.75,3.55,4.87
2024-09-23,4.12,3.75,4.72,3.57,4.85
2024-09-24,4.13,3.74,4.69,3.49,4.78
2024-09-25,4.18,3.79,4.69,3.53,4.79
2024-09-26,4.17,3.79,4.68,3.60,4.90
2024-09-27,4.15,3.75,4.68,3.55,4.90
2024-09-30,4.19,3.81,4.73,3.66,4.93
2024-10-01,4.14,3.74,4.71,3.61,4.96
2024-10-02,4.19,3.79,4.69,3.63,4.92
2024-10-03,4.24,3.85,4.68,3.70,4.99
2024-10-04,4.33,3.98,4.73,3.93,5.01
2024-10-07,4.37,4.03,4.77,3.99,5.00
2024-10-08,4.38,4.04,4.75,3.98,4.96
2024-10-09,4.41,4.06,4.75,3.99,4.93
2024-10-10,4.44,4.09,4.75,3.98,4.98
2024-10-11,4.44,4.08,4.73,3.95,4.97
2024-10-14,,,,,
2024-10-15,4.37,4.03,4.73,3.95,4.93
2024-10-16,4.36,4.02,4.72,3.93,4.91
2024-10-17,4.44,4.09,4.74,3.96,4.93
2024-10-18,4.44,4.08,4.73,3.95,4.92
2024-10-21,4.54,4.19,4.73,4.02,4.92
2024-10-22,4.55,4.20,4.72,4.03,4.89
2024-10-23,4.58,4.24,4.73,4.07,4.88
2024-10-24,4.54,4.21,4.70,4.07,4.87
2024-10-25,4.58,4.25,4.73,4.11,4.89
2024-10-28,4.61,4.28,4.70,4.12,4.88
2024-10-29,4.61,4.28,4.70,4.11,4.88
2024-10-30,4.60,4.29,4.67,4.15,4.87
2024-10-31,4.58,4.28,4.64,4.16,4.76
2024-11-01,4.68,4.37,4.61,4.21,4.75
2024-11-04,4.60,4.31,4.65,4.17,4.75
2024-11-05,4.55,4.26,4.64,4.19,4.72
2024-11-06,4.71,4.42,4.64,4.27,4.68
2024-11-07,4.62,4.31,4.63,4.21,4.69
2024-11-08,4.58,4.30,4.63,4.26,4.70
2024-11-11,,,,,
2024-11-12,4.70,4.43,4.63,4.34,4.70
2024-11-13,4.73,4.44,4.60,4.27,4.69
2024-11-14,4.69,4.43,4.61,4.34,4.70
2024-11-15,4.70,4.43,4.60,4.31,4.70
2024-11-18,4.70,4.42,4.63,4.29,4.70
2024-11-19,4.66,4.39,4.62,4.27,4.67
2024-11-20,4.66,4.41,4.62,4.31,4.68
2024-11-21,4.68,4.43,4.63,4.34,4.72
2024-11-22,4.67,4.41,4.63,4.37,4.72
2024-11-25,4.53,4.27,4.62,4.21,4.74
2024-11-26,4.56,4.30,4.61,4.21,4.74
2024-11-27,4.52,4.25,4.60,4.19,4.76
2024-11-28,,,,,
2024-11-29,4.45,4.18,4.58,4.13,4.76
2024-12-02,4.46,4.19,4.51,4.17,4.75
2024-12-03,4.50,4.23,4.49,4.17,4.66
2024-12-04,4.45,4.19,4.47,4.13,4.65
2024-12-05,4.43,4.17,4.46,4.15,4.59
2024-12-06,4.42,4.15,4.42,4.10,4.57
2024-12-09,4.47,4.20,4.42,4.13,4.56
2024-12-10,4.49,4.22,4.41,4.15,4.53
2024-12-11,4.55,4.26,4.38,4.15,4.49
2024-12-12,4.62,4.32,4.35,4.18,4.43
2024-12-13,4.69,4.40,4.34,4.25,4.43
2024-12-16,4.68,4.39,4.37,4.25,4.43
2024-12-17,4.68,4.40,4.38,4.25,4.46
2024-12-18,4.74,4.50,4.36,4.35,4.44
2024-12-19,4.82,4.57,4.35,4.32,4.42
2024-12-20,4.79,4.52,4.34,4.30,4.43
2024-12-23,4.85,4.59,4.36,4.30,4.44
2024-12-24,4.84,4.59,4.40,4.29,4.44
2024-12-25,,,,,
2024-12-26,4.83,4.58,4.35,4.30,4.45
2024-12-27,4.89,4.62,4.31,4.31,4.44
2024-12-30,4.84,4.55,4.37,4.24,4.43
2024-12-31,4.86,4.58,4.37,4.25,4.40
2025-01-01,,,,,
2025-01-02,4.86,4.57,4.36,4.25,4.45
2025-01-03,4.88,4.60,4.34,4.28,4.44
2025-01-06,4.91,4.62,4.35,4.28,4.43
2025-01-07,4.97,4.67,4.35,4.30,4.42
2025-01-08,4.97,4.67,4.35,4.28,4.41
2025-01-09,4.98,4.68,4.35,4.27,4.44
2025-01-10,5.04,4.77,4.36,4.40,4.42
2025-01-13,5.05,4.79,4.37,4.40,4.42
2025-01-14,5.06,4.78,4.36,4.37,4.42
2025-01-15,4.95,4.66,4.35,4.27,4.40
2025-01-16,4.91,4.61,4.34,4.23,4.43
2025-01-17,4.91,4.61,4.34,4.27,4.43
2025-01-20,,,,,
2025-01-21,4.87,4.57,4.36,4.29,4.42
2025-01-22,4.89,4.60,4.36,4.29,4.42
2025-01-23,4.92,4.65,4.36,4.29,4.45
2025-01-24,4.91,4.63,4.35,4.27,4.45
2025-01-27,4.82,4.53,4.32,4.17,4.44
2025-01-28,4.84,4.55,4.31,4.19,4.44
2025-01-29,4.85,4.55,4.31,4.21,4.43
2025-01-30,4.81,4.52,4.30,4.18,4.37
2025-01-31,4.88,4.58,4.31,4.22,4.37
2025-02-03,4.82,4.54,4.34,4.26,4.37
2025-02-04,4.81,4.52,4.33,4.21,4.36
2025-02-05,4.69,4.43,4.33,4.17,4.35
2025-02-06,4.70,4.45,4.34,4.21,4.37
2025-02-07,4.75,4.49,4.35,4.29,4.37
2025-02-10,4.76,4.51,4.35,4.28,4.38
2025-02-11,4.80,4.54,4.35,4.29,4.38
2025-02-12,4.90,4.62,4.35,4.36,4.38
2025-02-13,4.79,4.52,4.34,4.31,4.37
2025-02-14,4.75,4.47,4.34,4.26,4.37
2025-02-17,,,,,
2025-02-18,4.83,4.55,4.34,4.29,4.38
2025-02-19,4.79,4.53,4.34,4.28,4.38
2025-02-20,4.77,4.50,4.33,4.28,4.37
2025-02-21,4.69,4.42,4.32,4.19,4.36
2025-02-24,4.69,4.40,4.31,4.13,4.36
2025-02-25,4.59,4.30,4.30,4.07,4.34
2025-02-26,4.55,4.25,4.31,4.05,4.35
2025-02-27,4.59,4.29,4.32,4.07,4.38
2025-02-28,4.55,4.24,4.32,3.99,4.38
2025-03-03,4.49,4.16,4.35,3.96,4.38
2025-03-04,4.56,4.22,4.34,3.96,4.39
2025-03-05,4.61,4.28,4.35,3.99,4.38
2025-03-06,4.63,4.29,4.34,3.96,4.38
2025-03-07,4.66,4.32,4.34,3.99,4.38
2025-03-10,4.58,4.22,4.33,3.89,4.37
2025-03-11,4.63,4.28,4.34,3.94,4.37
2025-03-12,4.67,4.32,4.35,4.01,4.36
2025-03-13,4.63,4.27,4.34,3.94,4.37
2025-03-14,4.65,4.31,4.33,4.02,4.37
2025-03-17,4.64,4.31,4.34,4.06,4.37
2025-03-18,4.61,4.29,4.34,4.04,4.37
2025-03-19,4.58,4.25,4.33,3.99,4.37
2025-03-20,4.57,4.24,4.33,3.95,4.36
2025-03-21,4.60,4.25,4.33,3.94,4.36
2025-03-24,4.68,4.34,4.33,4.04,4.35
2025-03-25,4.67,4.31,4.33,3.96,4.36
2025-03-26,4.71,4.35,4.33,3.98,4.36
2025-03-27,4.75,4.38,4.33,3.97,4.37
2025-03-28,4.65,4.27,4.33,3.89,4.38
2025-03-31,4.62,4.23,4.32,3.89,4.38
2025-04-01,4.56,4.17,4.32,3.87,4.38
2025-04-02,4.58,4.20,4.32,3.91,4.38
2025-04-03,4.51,4.06,4.31,3.71,4.36
2025-04-04,4.44,4.01,4.28,3.68,4.36
2025-04-07,4.61,4.15,4.29,3.73,4.36
2025-04-08,4.76,4.26,4.31,3.71,4.36
2025-04-09,4.78,4.34,4.35,3.91,4.36
2025-04-10,4.90,4.40,4.34,3.84,4.36
2025-04-11,4.91,4.48,4.34,3.96,4.37
2025-04-14,4.84,4.38,4.33,3.84,4.34
2025-04-15,4.82,4.35,4.33,3.84,4.35
2025-04-16,4.77,4.29,4.33,3.77,4.35
2025-04-17,4.82,4.34,4.34,3.81,4.36
2025-04-18,,,,,
2025-04-21,4.94,4.42,4.34,3.75,4.35
2025-04-22,4.90,4.41,4.33,3.76,4.33
2025-04-23,4.86,4.40,4.33,3.81,4.33
2025-04-24,4.79,4.32,4.32,3.77,4.34
2025-04-25,4.75,4.29,4.32,3.74,4.34
2025-04-28,4.71,4.23,4.32,3.67,4.35
2025-04-29,4.66,4.19,4.31,3.65,4.35
2025-04-30,4.68,4.17,4.31,3.60,4.35
2025-05-01,4.75,4.25,4.31,3.70,4.38
2025-05-02,4.81,4.33,4.33,3.83,4.38
2025-05-05,4.84,4.36,4.33,3.83,4.38
2025-05-06,4.82,4.30,4.33,3.78,4.37
2025-05-07,4.78,4.26,4.34,3.78,4.37
2025-05-08,4.86,4.37,4.34,3.90,4.37
2025-05-09,4.86,4.37,4.34,3.88,4.37
2025-05-12,4.92,4.45,4.42,3.98,4.38
2025-05-13,4.97,4.49,4.41,4.02,4.39
2025-05-14,5.00,4.53,4.41,4.05,4.39
2025-05-15,4.93,4.45,4.38,3.96,4.37
2025-05-16,4.92,4.43,4.37,3.98,4.37
2025-05-19,4.95,4.46,4.39,3.97,4.37
2025-05-20,4.99,4.48,4.38,3.97,4.36
2025-05-21,5.08,4.58,4.36,4.00,4.35
2025-05-22,5.05,4.54,4.37,4.00,4.37
2025-05-23,5.03,4.51,4.36,4.00,4.36
2025-05-26,,,,,
2025-05-27,4.95,4.43,4.35,3.92,4.35
2025-05-28,4.99,4.47,4.35,3.96,4.35
2025-05-29,4.94,4.43,4.36,3.92,4.34
2025-05-30,4.93,4.41,4.36,3.89,4.33
2025-06-02,5.00,4.46,4.44,3.94,4.33
2025-06-03,5.00,4.46,4.43,3.96,4.33
2025-06-04,4.90,4.37,4.44,3.87,4.32
2025-06-05,4.90,4.40,4.44,3.92,4.26
2025-06-06,4.99,4.51,4.43,4.04,4.28
2025-06-09,4.98,4.49,4.44,4.01,4.29
2025-06-10,4.96,4.47,4.45,4.01,4.29
2025-06-11,4.93,4.41,4.45,3.94,4.30
2025-06-12,4.86,4.36,4.46,3.90,4.18
2025-06-13,4.93,4.41,4.45,3.96,4.23
2025-06-16,4.97,4.46,4.43,3.97,4.24
2025-06-17,4.89,4.39,4.42,3.94,4.23
2025-06-18,4.89,4.38,4.42,3.94,4.20
2025-06-19,,,,,
2025-06-20,4.90,4.38,4.39,3.90,4.20
2025-06-23,4.87,4.34,4.38,3.84,4.20
2025-06-24,4.83,4.30,4.38,3.75,4.21
2025-06-25,4.83,4.29,4.38,3.74,4.21
2025-06-26,4.81,4.26,4.39,3.70,4.11
2025-06-27,4.85,4.29,4.39,3.73,4.19
2025-06-30,4.79,4.24,4.41,3.72,4.28
2025-07-01,4.79,4.26,4.40,3.78,4.32
2025-07-02,4.84,4.30,4.41,3.78,4.33
2025-07-03,4.87,4.35,4.42,3.88,4.35
2025-07-04,,,,,
2025-07-07,4.93,4.40,4.42,3.90,4.37
2025-07-08,4.95,4.42,4.42,3.90,4.36
2025-07-09,4.87,4.34,4.42,3.86,4.36
2025-07-10,4.87,4.35,4.42,3.86,4.36
2025-07-11,4.96,4.43,4.41,3.90,4.37
2025-07-14,4.97,4.43,4.42,3.90,4.37
2025-07-15,5.02,4.50,4.42,3.95,4.36
2025-07-16,5.01,4.46,4.41,3.88,4.36
2025-07-17,5.01,4.47,4.41,3.91,4.36
2025-07-18,4.99,4.44,4.40,3.88,4.35
2025-07-21,4.93,4.38,4.41,3.85,4.35
2025-07-22,4.90,4.35,4.41,3.83,4.37
2025-07-23,4.93,4.40,4.41,3.88,4.37
2025-07-24,4.95,4.43,4.42,3.91,4.37
2025-07-25,4.92,4.40,4.42,3.91,4.37
2025-07-28,4.95,4.42,4.40,3.91,4.40
2025-07-29,4.86,4.34,4.40,3.86,4.40
2025-07-30,4.90,4.38,4.41,3.94,4.41
2025-07-31,4.89,4.37,4.41,3.94,4.49
2025-08-01,4.79,4.23,4.35,3.69,4.49
2025-08-04,4.78,4.22,4.35,3.69,4.48
2025-08-05,4.77,4.22,4.34,3.72,4.49
2025-08-06,4.80,4.22,4.32,3.69,4.48
2025-08-07,4.81,4.23,4.32,3.72,4.49
2025-08-08,4.84,4.27,4.32,3.76,4.48
2025-08-11,4.83,4.27,4.34,3.76,4.46
2025-08-12,4.87,4.29,4.33,3.72,4.44
2025-08-13,4.81,4.24,4.29,3.67,4.44
2025-08-14,4.86,4.29,4.30,3.74,4.48
2025-08-15,4.91,4.33,4.30,3.75,4.48
2025-08-18,4.92,4.34,4.33,3.77,4.47
2025-08-19,4.89,4.30,4.30,3.75,4.46
2025-08-20,4.86,4.29,4.30,3.74,4.45
2025-08-21,4.89,4.33,4.32,3.79,4.49
2025-08-22,4.84,4.26,4.27,3.68,4.47
2025-08-25,4.86,4.28,4.29,3.73,4.45
2025-08-26,4.86,4.26,4.28,3.61,4.42
2025-08-27,4.87,4.24,4.26,3.59,4.42
2025-08-28,4.83,4.22,4.26,3.62,4.42
2025-08-29,4.86,4.23,4.23,3.59,4.41
2025-09-01,,,,,
2025-09-02,4.92,4.28,4.20,3.66,4.40
2025-09-03,4.85,4.22,4.18,3.61,4.35
2025-09-04,4.81,4.17,4.16,3.59,4.33
2025-09-05,4.72,4.10,4.07,3.51,4.29
2025-09-08,4.65,4.05,4.10,3.49,4.26
2025-09-09,4.68,4.08,4.10,3.54,4.25
2025-09-10,4.65,4.04,4.09,3.54,4.23
2025-09-11,4.61,4.01,4.08,3.52,4.22
2025-09-12,4.65,4.06,4.08,3.56,4.24
2025-09-15,4.63,4.05,4.06,3.54,4.22
2025-09-16,4.61,4.04,4.04,3.51,4.20
2025-09-17,4.62,4.06,4.02,3.52,4.17
2025-09-18,4.68,4.11,4.03,3.57,4.20
2025-09-19,4.71,4.14,4.03,3.57,4.19
2025-09-22,4.73,4.15,4.00,3.61,4.17
2025-09-23,4.70,4.12,4.00,3.53,4.16
2025-09-24,4.73,4.16,4.02,3.57,4.18
2025-09-25,4.73,4.18,4.04,3.64,4.24
2025-09-26,4.74,4.20,4.02,3.63,4.22
2025-09-29,4.69,4.15,4.04,3.63,4.22
2025-09-30,4.71,4.16,4.02,3.60,4.20
2025-10-01,4.69,4.12,4.01,3.55,4.17
2025-10-02,4.66,4.10,4.02,3.55,4.23
2025-10-03,4.69,4.13,4.03,3.58,4.24
2025-10-06,4.73,4.18,4.02,3.60,4.22
2025-10-07,4.70,4.14,4.01,3.57,4.20
2025-10-08,4.69,4.13,4.01,3.58,4.20
2025-10-09,4.70,4.14,4.03,3.60,4.20
2025-10-10,4.60,4.05,4.02,3.52,4.19
2025-10-13,,,,,
2025-10-14,4.59,4.03,4.02,3.48,4.19
2025-10-15,4.61,4.05,4.03,3.50,4.20
2025-10-16,4.56,3.99,4.02,3.41,4.20
2025-10-17,4.58,4.02,4.00,3.46,4.18
2025-10-20,4.56,4.00,3.97,3.46,4.15
2025-10-21,4.53,3.98,3.96,3.45,4.12
2025-10-22,4.52,3.97,3.96,3.45,4.11
2025-10-23,4.55,4.01,3.95,3.48,4.12
2025-10-24,4.56,4.02,3.93,3.48,4.11
2025-10-27,4.55,4.01,3.89,3.48,4.09
2025-10-28,4.53,3.99,3.89,3.47,4.07
2025-10-29,4.59,4.08,3.93,3.59,4.03
2025-10-30,4.64,4.11,3.92,3.61,4.05
2025-10-31,4.65,4.11,3.89,3.60,4.06
2025-11-03,4.67,4.13,3.98,3.60,4.06
2025-11-04,4.65,4.10,3.96,3.58,4.02
2025-11-05,4.72,4.17,3.96,3.63,4.00
2025-11-06,4.67,4.11,3.93,3.57,4.02
2025-11-07,4.68,4.11,3.92,3.55,4.01
2025-11-10,4.69,4.13,3.95,3.58,4.04
2025-11-11,,,,,
2025-11-12,4.65,4.08,3.95,3.56,4.03
2025-11-13,4.69,4.11,3.96,3.58,4.05
2025-11-14,4.73,4.14,3.95,3.62,4.04
2025-11-17,4.71,4.13,3.97,3.60,4.04
2025-11-18,4.72,4.12,3.94,3.58,4.02
2025-11-19,4.71,4.13,3.95,3.58,4.01
2025-11-20,4.68,4.10,3.94,3.55,4.04
2025-11-21,4.67,4.06,3.90,3.51,4.03
2025-11-24,4.64,4.04,3.91,3.46,4.03
2025-11-25,4.62,4.01,3.90,3.43,4.04
2025-11-26,4.60,4.00,3.92,3.45,4.06
2025-11-27,,,,,
2025-11-28,4.62,4.02,3.88,3.47,4.05
2025-12-01,4.71,4.09,3.81,3.54,3.98
2025-12-02,4.70,4.09,3.77,3.51,3.90
2025-12-03,4.68,4.06,3.72,3.49,3.83
2025-12-04,4.72,4.11,3.71,3.52,3.83
2025-12-05,4.75,4.14,3.71,3.56,3.82
2025-12-08,4.78,4.17,3.73,3.57,3.82
2025-12-09,4.77,4.18,3.73,3.61,3.81
2025-12-10,4.74,4.13,3.69,3.54,3.79
2025-12-11,4.75,4.14,3.66,3.52,3.77
2025-12-12,4.82,4.19,3.63,3.52,3.76
2025-12-15,4.80,4.18,3.65,3.51,3.77
2025-12-16,4.77,4.15,3.64,3.48,3.76
2025-12-17,4.78,4.16,3.64,3.49,3.73
2025-12-18,4.74,4.12,3.62,3.46,3.71
2025-12-19,4.77,4.16,3.62,3.48,3.71
2025-12-22,4.78,4.17,3.64,3.44,3.72
2025-12-23,4.78,4.18,3.65,3.48,3.71
2025-12-24,4.75,4.15,3.69,3.47,3.72
2025-12-25,,,,,
2025-12-26,4.76,4.14,3.64,3.46,3.70
2025-12-29,4.75,4.12,3.68,3.45,3.69
2025-12-30,4.76,4.14,3.65,3.45,3.65
2025-12-31,4.79,4.18,3.67,3.47,3.74
2026-01-01,,,,,
2026-01-02,4.81,4.19,3.65,3.47,3.72
2026-01-05,4.79,4.17,3.64,3.46,3.71
2026-01-06,4.80,4.18,3.63,3.47,3.70
2026-01-07,4.76,4.15,3.62,3.47,3.70
2026-01-08,4.79,4.19,3.62,3.49,3.70
2026-01-09,4.76,4.18,3.62,3.54,3.70
2026-01-12,4.78,4.19,3.67,3.54,3.71
2026-01-13,4.77,4.18,3.67,3.53,3.72
2026-01-14,4.73,4.15,3.67,3.51,3.72
2026-01-15,4.74,4.17,3.68,3.56,3.75
2026-01-16,4.79,4.24,3.67,3.59,3.75
2026-01-19,,,,,
2026-01-20,4.87,4.30,3.70,3.60,3.75
2026-01-21,4.82,4.26,3.70,3.60,3.75
2026-01-22,4.79,4.26,3.71,3.61,3.79
2026-01-23,4.78,4.24,3.70,3.60,3.78
2026-01-26,4.75,4.22,3.67,3.56,3.77
2026-01-27,4.79,4.24,3.67,3.53,3.77
2026-01-28,4.81,4.26,3.68,3.56,3.76
2026-01-29,4.80,4.24,3.67,3.53,3.72
2026-01-30,4.82,4.26,3.67,3.52,3.72
2026-02-02,4.85,4.29,3.69,3.57,3.72
2026-02-03,4.85,4.28,3.69,3.57,3.72
2026-02-04,4.86,4.29,3.69,3.57,3.72
2026-02-05,4.79,4.21,3.67,3.47,3.72
2026-02-06,4.80,4.22,3.68,3.50,3.72
2026-02-09,4.79,4.22,3.69,3.48,3.72
2026-02-10,4.73,4.16,3.69,3.45,3.72
2026-02-11,4.76,4.18,3.70,3.52,3.71
2026-02-12,4.68,4.09,3.70,3.47,3.72
2026-02-13,4.64,4.04,3.68,3.40,3.72
2026-02-16,,,,,
2026-02-17,4.63,4.05,3.69,3.43,3.72
2026-02-18,4.65,4.09,3.70,3.47,3.71
2026-02-19,4.64,4.08,3.69,3.47,3.72
2026-02-20,4.66,4.08,3.69,3.48,3.72
2026-02-23,4.63,4.03,3.69,3.43,3.72
2026-02-24,4.63,4.04,3.69,3.43,3.72
2026-02-25,4.63,4.05,3.69,3.45,3.71
2026-02-26,4.60,4.02,3.68,3.42,3.74
2026-02-27,4.57,3.97,3.67,3.38,3.74
2026-03-02,4.64,4.05,3.72,3.47,3.74
2026-03-03,4.65,4.06,3.71,3.51,3.75
2026-03-04,4.67,4.09,3.71,3.54,3.75
2026-03-05,4.71,4.13,3.70,3.57,3.75
2026-03-06,4.74,4.15,3.69,3.56,3.75
2026-03-09,4.70,4.12,3.71,3.56,3.75
2026-03-10,4.74,4.15,3.71,3.57,3.75
2026-03-11,4.82,4.21,3.71,3.64,3.75
2026-03-12,4.86,4.27,3.72,3.76,3.76
2026-03-13,4.89,4.28,3.72,3.73,3.75
2026-03-16,4.83,4.23,3.72,3.68,3.75
2026-03-17,4.81,4.20,3.72,3.68,3.74
2026-03-18,4.84,4.26,3.73,3.76,3.73
2026-03-19,4.82,4.25,3.73,3.79,3.73
2026-03-20,4.97,4.39,3.74,3.88,3.73
2026-03-23,4.93,4.34,3.74,3.83,3.73
2026-03-24,4.95,4.39,3.74,3.90,3.74
2026-03-25,4.90,4.33,3.73,3.84,3.73
2026-03-26,4.96,4.42,3.73,3.96,3.74
2026-03-27,4.99,4.44,3.73,3.88,3.74
2026-03-30,4.92,4.35,3.71,3.82,3.74
2026-03-31,4.88,4.30,3.70,3.79,3.74
2026-04-01,4.91,4.33,3.70,3.81,3.74
2026-04-02,4.88,4.31,3.70,3.79,3.72
2026-04-03,4.91,4.35,3.71,3.84,3.71
2026-04-06,4.89,4.34,3.72,3.84,3.72
2026-04-07,4.90,4.33,3.71,3.81,3.68
2026-04-08,4.87,4.29,3.69,3.79,3.67
2026-04-09,4.88,4.29,3.68,3.78,3.66
2026-04-10,4.89,4.31,3.69,3.81,3.67
2026-04-13,4.88,4.30,3.71,3.78,3.69
2026-04-14,4.84,4.26,3.71,3.76,3.71
2026-04-15,4.87,4.29,3.71,3.76,3.72
2026-04-16,4.90,4.32,3.70,3.78,3.69
2026-04-17,4.85,4.26,3.70,3.71,3.69
2026-04-20,4.85,4.26,3.71,3.72,3.69
2026-04-21,4.87,4.30,3.69,3.78,3.67
2026-04-22,4.87,4.30,3.69,3.79,3.68
2026-04-23,4.90,4.34,3.69,3.83,3.69
2026-04-24,4.88,4.31,3.69,3.78,3.69
2026-04-27,4.92,4.35,3.68,3.78,3.70
2026-04-28,4.92,4.36,3.68,3.84,3.68
2026-04-29,4.97,4.42,3.68,3.92,3.68
2026-04-30,4.97,4.40,3.68,3.88,3.72
2026-05-01,4.96,4.39,3.68,3.88,3.71
2026-05-04,5.01,4.45,3.70,3.95,3.71
2026-05-05,4.98,4.43,3.69,3.93,3.70
2026-05-06,4.92,4.36,3.69,3.87,3.70
2026-05-07,4.96,4.41,3.69,3.92,3.72
2026-05-08,4.93,4.38,3.69,3.90,3.71
2026-05-11,4.97,4.42,3.70,3.95,3.71
2026-05-12,5.02,4.46,3.70,4.00,3.71
2026-05-13,5.03,4.46,3.69,3.98,3.71
2026-05-14,5.01,4.47,3.69,4.00,3.72
2026-05-15,5.14,4.59,3.69,4.09,3.71
2026-05-18,5.14,4.61,3.68,4.07,3.69
2026-05-19,5.19,4.67,3.67,4.13,3.66
2026-05-20,5.10,4.57,3.65,4.04,3.65
2026-05-21,5.09,4.57,3.68,4.08,3.72
2026-05-22,5.06,4.56,3.68,4.13,3.72
2026-05-25,,,,,
2026-05-26,5.03,4.50,3.68,4.01,3.72
2026-05-27,5.01,4.48,3.68,4.00,3.72
2026-05-28,4.98,4.45,3.69,3.99,3.72
2026-05-29,4.98,4.45,3.69,3.98,3.72
2026-06-01,4.99,4.47,3.78,4.05,3.72
2026-06-02,4.97,4.46,3.77,4.05,3.72
2026-06-03,5.00,4.49,3.78,4.08,3.71
2026-06-04,4.98,4.47,3.78,4.05,3.71
2026-06-05,5.03,4.55,3.78,4.17,3.71
2026-06-08,5.05,4.56,3.80,4.15,3.70
2026-06-09,5.02,4.53,3.79,4.13,3.69
2026-06-10,5.04,4.55,3.79,4.13,3.69
2026-06-11,4.96,4.45,3.78,4.05,3.69
2026-06-12,4.98,4.48,3.78,4.09,3.69
2026-06-15,4.97,4.47,3.79,4.07,3.69
2026-06-16,4.92,4.43,3.79,4.05,3.67
2026-06-17,4.95,4.49,3.83,4.20,3.68
2026-06-18,4.91,4.46,3.83,4.19,3.69
2026-06-19,,,,,
2026-06-22,4.97,4.51,3.85,4.24,3.66
2026-06-23,4.96,4.50,3.85,4.16,3.65
2026-06-24,4.87,4.41,3.85,4.11,3.66
2026-06-25,4.87,4.40,3.84,4.09,3.70
2026-06-26,4.87,4.38,3.83,4.07,3.70
2026-06-29,4.86,4.38,3.87,4.10,3.71
2026-06-30,4.93,4.44,3.87,4.14,3.70
2026-07-01,4.97,4.48,3.85,4.17,3.67
2026-07-02,4.99,4.49,3.82,4.14,3.70
2026-07-03,,,,,
2026-07-06,4.99,4.48,3.87,4.13,3.69
2026-07-07,5.05,4.55,3.86,4.19,3.69
2026-07-08,5.07,4.56,3.87,4.21,3.67
2026-07-09,5.06,4.54,3.83,4.16,3.72
2026-07-10,5.08,4.56,3.85,4.21,3.71
2026-07-13,5.11,4.62,3.89,4.26,3.73
2026-07-14,5.09,4.58,3.84,4.18,3.73
2026-07-15,5.07,4.55,3.83,4.13,3.73
2026-07-16,5.09,4.57,3.84,4.16,3.76
2026-07-17,5.07,4.55,3.85,4.18,3.73
2026-07-20,5.12,4.60,3.86,4.21,3.72
2026-07-21,5.14,4.63,3.87,4.26,3.75
2026-07-22,5.17,4.67,3.89,4.31,3.76
2026-07-23,5.20,4.71,3.95,4.37,3.82
2026-07-24,5.18,4.69,3.96,4.33,3.80
2026-07-27,5.15,4.65,3.96,4.31,3.80
2026-07-28,5.11,4.61,3.90,4.26,3.76
2026-07-29,5.21,4.67,3.83,4.22,3.73
2026-07-30,5.22,4.68,3.82,4.23,3.79
2026-07-31,5.28,4.75,3.83,4.28,3.78
2026-08-03,5.23,4.70,3.91,4.25,3.79
2026-08-04,5.18,4.63,3.89,4.20,3.78
2026-08-05,5.18,4.63,3.89,4.18,3.77
2026-08-06,5.22,4.69,3.90,4.25,3.80
2026-08-07,5.20,4.65,3.87,4.19,3.79
2026-08-10,5.25,4.72,3.89,4.25,3.79
2026-08-11,5.25,4.70,3.89,4.22,3.79
2026-08-12,5.24,4.68,3.87,4.20,3.78
2026-08-13,5.20,4.63,3.87,4.15,3.79
2026-08-14,5.25,4.68,3.86,4.17,3.79
2026-08-17,5.30,4.72,3.87,4.19,3.79
2026-08-18,5.28,4.71,3.86,4.19,3.78
2026-08-19,5.17,4.65,3.86,4.19,3.77
2026-08-20,5.20,4.69,3.87,4.19,3.80
2026-08-21,5.25,4.74,3.88,4.24,3.80
2026-08-24,5.21,4.70,3.87,4.24,3.79
2026-08-25,5.16,4.64,3.86,4.17,3.79
2026-08-26,5.17,4.66,3.85,4.19,3.80
2026-08-27,5.18,4.67,3.84,4.20,3.81
2026-08-28,5.21,4.73,3.90,4.34,3.84
2026-08-31,5.24,4.75,3.91,4.34,3.85
2026-09-01,5.27,4.79,3.92,4.39,3.85
2026-09-02,5.27,4.79,3.92,4.39,3.83
2026-09-03,5.25,4.77,3.89,4.34,3.83
2026-09-04,5.25,4.78,3.91,4.37,3.79
2026-09-07,,,,,
2026-09-08,5.26,4.80,3.94,4.39,3.81
2026-09-09,5.28,4.83,3.95,4.43,3.81
2026-09-10,5.39,4.95,4.00,4.56,3.91
2026-09-11,5.38,4.96,4.07,4.63,3.93
2026-09-14,5.37,4.97,4.11,4.65,3.94
2026-09-15,5.40,5.00,4.11,4.67,3.93
2026-09-16,5.39,5.01,4.14,4.74,3.96
2026-09-17,5.32,4.94,4.12,4.67,3.97
2026-09-18,5.38,5.01,4.14,4.76,3.97
2026-09-21,5.33,4.96,4.17,4.76,3.96
2026-09-22,5.33,4.96,4.16,4.71,3.97
